form	lemma	xpostag	freq	corpus_size	lemma_freq	lfpm10	llfpm10	form_length	form_syl_count	lemma_length	lemma_syl_count	hunspell	freqQ	suffix
acsarkodok	acsarkodik	[/V][Prs.NDef.1Sg]	24	8570080167	2934	-1.552773642746352	0.5344752250493061	10	4	10	4	TRUE	6	Vdik
adakozok	adakozik	[/V][Prs.NDef.1Sg]	180	8570080167	17936	-0.6777123793546518	1.32074071079294	8	4	8	4	TRUE	9	zik
adaptálódok	adaptálódik	[/V][Prs.NDef.1Sg]	10	8570080167	4014	-1.9329848844579576	0.670592483693509	11	5	11	5	TRUE	4	stem
adódok	adódik	[/V][Prs.NDef.1Sg]	24	8570080167	313753	-1.552773642746352	2.563603002627844	6	3	6	3	TRUE	6	stem
adósodok	adósodik	[/V][Prs.NDef.1Sg]	2	8570080167	5682	-2.6319548887939765	0.8215163449289592	8	4	8	4	TRUE	2	Vdik
adózok	adózik	[/V][Prs.NDef.1Sg]	884	8570080167	58255	0.01346738055511526	1.8323483221365555	6	3	6	3	TRUE	10	zik
agarászok	agarászik	[/V][Prs.NDef.1Sg]	6	8570080167	63	-2.1548336340743144	-1.133644335004376	9	4	9	4	TRUE	4	szik
aggodalmaskodok	aggodalmaskodik	[/V][Prs.NDef.1Sg]	60	8570080167	9029	-1.1548336340743142	1.022654768565294	15	6	15	6	TRUE	7	Vdik
aggályoskodok	aggályoskodik	[/V][Prs.NDef.1Sg]	4	8570080167	683	-2.3309248931299953	-0.09856418077642524	13	5	13	5	TRUE	3	Vdik
aggódok	aggódik	[/V][Prs.NDef.1Sg]	4074	8570080167	341034	0.6770361402061875	2.599812794465033	7	3	7	3	TRUE	10	stem
ajánlkozok	ajánlkozik	[/V][Prs.NDef.1Sg]	7	8570080167	4605	-2.087886844443701	0.7302447500749099	10	4	10	4	TRUE	4	zik
akadozok	akadozik	[/V][Prs.NDef.1Sg]	19	8570080167	26700	-1.654231283505129	1.4935263769066174	8	4	8	4	TRUE	6	zik
akadékoskodok	akadékoskodik	[/V][Prs.NDef.1Sg]	102	8570080167	3726	-0.9243847126960404	0.6382579661022659	13	6	13	6	TRUE	8	Vdik
akaratoskodok	akaratoskodik	[/V][Prs.NDef.1Sg]	1	8570080167	199	-2.932984884457958	-0.6341318080482512	13	6	13	6	TRUE	1	Vdik
akaródzok	akarózik	[/V][Prs.NDef.1Sg]	14	8570080167	9063	-1.7868568487797198	1.024287095534985	9	4	8	4	TRUE	5	zik
akaszkodok	akaszkodik	[/V][Prs.NDef.1Sg]	11	8570080167	2721	-1.8915921992997329	0.5017436573217998	10	4	10	4	TRUE	5	Vdik
akok	akik	[/V][Prs.NDef.1Sg]	7	8570080167	1454	-2.087886844443701	0.2295795220650612	4	2	4	2	TRUE	4	stem
akklimatizálódok	akklimatizálódik	[/V][Prs.NDef.1Sg]	6	8570080167	2558	-2.1548336340743144	0.4749156556846773	16	7	16	7	TRUE	4	stem
aktiválódok	aktiválódik	[/V][Prs.NDef.1Sg]	4	8570080167	26386	-2.3309248931299953	1.488388673644048	11	5	11	5	TRUE	3	stem
alacsonyodok	alacsonyodik	[/V][Prs.NDef.1Sg]	52	8570080167	1870	-1.2169815408231586	0.3388567220785411	12	5	12	5	TRUE	7	Vdik
alakoskodok	alakoskodik	[/V][Prs.NDef.1Sg]	17	8570080167	1461	-1.702535963079684	0.23166533147633891	11	5	11	5	TRUE	5	Vdik
alapszok	alapszik	[/V][Prs.NDef.1Sg]	2	8570080167	60602	-2.6319548887939765	1.849502072623031	8	3	8	3	TRUE	2	szik
alapvizsgázok	alapvizsgázik	[/V][Prs.NDef.1Sg]	1	8570080167	20	-2.932984884457958	-1.6319548887939763	13	5	13	5	TRUE	1	zik
alibizek	alibizik	[/V][Prs.NDef.1Sg]	15	8570080167	1099	-1.756893625402277	0.10801280796553274	8	4	8	4	TRUE	5	zik
aljaskodok	aljaskodik	[/V][Prs.NDef.1Sg]	4	8570080167	150	-2.3309248931299953	-0.7568936254022766	10	4	10	4	TRUE	3	Vdik
aljasodok	aljasodik	[/V][Prs.NDef.1Sg]	5	8570080167	367	-2.234014880121939	-0.3683188202058685	9	4	9	4	TRUE	3	Vdik
alkalmatlankodok	alkalmatlankodik	[/V][Prs.NDef.1Sg]	8	8570080167	918	-2.0298948974660145	0.029857796743284572	16	6	16	6	TRUE	4	Vdik
alkalmazkodok	alkalmazkodik	[/V][Prs.NDef.1Sg]	406	8570080167	223170	-0.3244588508807637	2.4156509289700865	13	5	13	5	TRUE	10	Vdik
alkotmányozok	alkotmányozik	[/V][Prs.NDef.1Sg]	10	8570080167	206	-1.9329848844579576	-0.6191176640888044	13	5	13	5	TRUE	4	zik
alkudok	alkudik	[/V][Prs.NDef.1Sg]	28	8570080167	17918	-1.4858268531157386	1.320304647796844	7	3	7	3	TRUE	6	stem
alkudozok	alkudozik	[/V][Prs.NDef.1Sg]	131	8570080167	14494	-0.8157135888021936	1.2282033725243016	9	4	9	4	TRUE	8	zik
alszok	alszik	[/V][Prs.NDef.1Sg]	4196	8570080167	668614	0.6898505950635624	2.8921905815154494	6	2	6	2	TRUE	10	szik
alázkodok	alázkodik	[/V][Prs.NDef.1Sg]	24	8570080167	1842	-1.552773642746352	0.33230474140287225	9	4	9	4	TRUE	6	Vdik
amerikanizálódok	amerikanizálódik	[/V][Prs.NDef.1Sg]	1	8570080167	270	-2.932984884457958	-0.5016211202989705	16	8	16	8	TRUE	1	stem
amortizálódok	amortizálódik	[/V][Prs.NDef.1Sg]	2	8570080167	3122	-2.6319548887939765	0.5614480142684409	13	6	13	6	TRUE	2	stem
andalodok	andalodik	[/V][Prs.NDef.1Sg]	8	8570080167	304	-2.0298948974660145	-0.4501113008492041	9	4	9	4	TRUE	4	Vdik
anyagozok	anyagozik	[/V][Prs.NDef.1Sg]	12	8570080167	294	-1.853803638410333	-0.4646375540458006	9	4	9	4	TRUE	5	zik
anyáskodok	anyáskodik	[/V][Prs.NDef.1Sg]	7	8570080167	1025	-2.087886844443701	0.0777389809338153	10	4	10	4	TRUE	4	Vdik
apostolkodok	apostolkodik	[/V][Prs.NDef.1Sg]	2	8570080167	686	-2.6319548887939765	-0.09666076875120616	12	5	12	5	TRUE	2	Vdik
aránylok	aránylik	[/V][Prs.NDef.1Sg]	1	8570080167	4146	-2.932984884457958	0.6846444132998842	8	3	8	3	TRUE	1	lik
asszimilálódok	asszimilálódik	[/V][Prs.NDef.1Sg]	12	8570080167	5757	-1.853803638410333	0.8272113449971762	14	6	14	6	TRUE	5	stem
asszociálódok	asszociálódik	[/V][Prs.NDef.1Sg]	2	8570080167	600	-2.6319548887939765	-0.1548336340743142	13	6	13	6	TRUE	2	stem
aszalódok	aszalódik	[/V][Prs.NDef.1Sg]	26	8570080167	2207	-1.5180115364871398	0.4108174487036972	9	4	9	4	TRUE	6	stem
aszok	aszik	[/V][Prs.NDef.1Sg]	147	8570080167	5633	-0.7656675497097818	0.817754866777393	5	2	5	2	TRUE	9	szik
asztaliteniszezek	asztaliteniszezik	[/V][Prs.NDef.1Sg]	6	8570080167	940	-2.1548336340743144	0.04014296914174083	17	7	17	7	TRUE	4	zik
autókázok	autókázik	[/V][Prs.NDef.1Sg]	29	8570080167	2943	-1.4705868865590015	0.5358053776416531	9	5	9	5	TRUE	6	zik
autózok	autózik	[/V][Prs.NDef.1Sg]	544	8570080167	53397	-0.1973859847597779	1.794531973318821	7	4	7	4	TRUE	10	zik
avatkozok	avatkozik	[/V][Prs.NDef.1Sg]	139	8570080167	45734	-0.7899700842038627	1.7272543029703211	9	4	9	4	TRUE	9	zik
babázok	babázik	[/V][Prs.NDef.1Sg]	121	8570080167	5288	-0.8501995141415077	0.790306562019626	7	3	7	3	TRUE	8	zik
bajlódok	bajlódik	[/V][Prs.NDef.1Sg]	373	8570080167	39724	-0.36127605264927026	1.6660680887607102	8	3	8	3	TRUE	9	stem
bajoskodok	bajoskodik	[/V][Prs.NDef.1Sg]	1	8570080167	101	-2.932984884457958	-0.9286635106753152	10	4	10	4	TRUE	1	Vdik
bakizok	bakizik	[/V][Prs.NDef.1Sg]	24	8570080167	1995	-1.552773642746352	0.3669580155648092	7	3	7	3	TRUE	6	zik
balettozok	balettozik	[/V][Prs.NDef.1Sg]	31	8570080167	1326	-1.4416231906236852	0.1895586396107965	10	4	10	4	TRUE	6	zik
barátkozok	barátkozik	[/V][Prs.NDef.1Sg]	287	8570080167	50745	-0.47510298772396553	1.772408372385704	10	4	10	4	TRUE	9	zik
baszakodok	baszakodik	[/V][Prs.NDef.1Sg]	41	8570080167	1540	-1.3202010277382223	0.2545358363785052	10	4	10	4	TRUE	7	Vdik
baszok	baszik	[/V][Prs.NDef.1Sg]	531	8570080167	37569	-0.2078903633764888	1.6418447508433345	6	2	6	2	TRUE	10	szik
basáskodok	basáskodik	[/V][Prs.NDef.1Sg]	3	8570080167	547	-2.455863629738295	-0.19499755812452704	10	4	10	4	TRUE	2	Vdik
bedilizek	bedilizik	[/V][Prs.NDef.1Sg]	79	8570080167	638	-1.0353577931675164	-0.12816420573679552	9	4	9	4	TRUE	8	zik
behajlok	behajlik	[/V][Prs.NDef.1Sg]	9	8570080167	1189	-1.978742375018633	0.1421969701607338	8	3	8	3	TRUE	4	lik
beigazolódok	beigazolódik	[/V][Prs.NDef.1Sg]	3	8570080167	26520	-2.455863629738295	1.4905886352747777	12	6	12	6	TRUE	2	stem
belehajlok	belehajlik	[/V][Prs.NDef.1Sg]	1	8570080167	98	-2.932984884457958	-0.9417588087654628	10	4	10	4	TRUE	1	lik
beleszerelmesedek	beleszerelmesedik	[/V][Prs.NDef.1Sg]	28	8570080167	2629	-1.4858268531157386	0.4868057016484049	17	7	17	7	TRUE	6	Vdik
berzenkedek	berzenkedik	[/V][Prs.NDef.1Sg]	77	8570080167	3632	-1.046494159285476	0.6271609553910896	11	4	11	4	TRUE	8	Vdik
beszekundázok	beszekundázik	[/V][Prs.NDef.1Sg]	1	8570080167	9	-2.932984884457958	-1.978742375018633	13	5	13	5	TRUE	1	zik
betaknyosodok	betaknyosodik	[/V][Prs.NDef.1Sg]	1	8570080167	83	-2.932984884457958	-1.0139067920818838	13	5	13	5	TRUE	1	Vdik
betegedek	betegedik	[/V][Prs.NDef.1Sg]	13	8570080167	13663	-1.819041532151121	1.202561183877121	9	4	9	4	TRUE	5	Vdik
betegeskedek	betegeskedik	[/V][Prs.NDef.1Sg]	66	8570080167	9158	-1.1134409489160892	1.0288157547337209	12	5	12	5	TRUE	8	Vdik
betegszek	betegszik	[/V][Prs.NDef.1Sg]	15	8570080167	9223	-1.756893625402277	1.0318873241798174	9	3	9	3	TRUE	5	szik
betlizek	betlizik	[/V][Prs.NDef.1Sg]	23	8570080167	1535	-1.571257048440365	0.2531234953552474	8	3	8	3	TRUE	6	zik
betyárkodok	betyárkodik	[/V][Prs.NDef.1Sg]	7	8570080167	246	-2.087886844443701	-0.5420497773545787	11	4	11	4	TRUE	4	Vdik
bicajozok	bicajozik	[/V][Prs.NDef.1Sg]	192	8570080167	3866	-0.6496836557544082	0.6542769652345763	9	4	9	4	TRUE	9	zik
biciklizek	biciklizik	[/V][Prs.NDef.1Sg]	1443	8570080167	32166	0.22628144663553637	1.5744121731509924	10	4	10	4	TRUE	10	zik
bicsaklok	bicsaklik	[/V][Prs.NDef.1Sg]	2	8570080167	1642	-2.6319548887939765	0.28238826832546415	9	3	9	3	TRUE	2	lik
biliárdozok	biliárdozik	[/V][Prs.NDef.1Sg]	10	8570080167	2246	-1.9329848844579576	0.4184248674674811	11	5	11	5	TRUE	4	zik
birkózok	birkózik	[/V][Prs.NDef.1Sg]	329	8570080167	38668	-0.4157889865079835	1.6543668254628927	8	3	8	3	TRUE	9	zik
bizakodok	bizakodik	[/V][Prs.NDef.1Sg]	448	8570080167	30323	-0.2817068704598138	1.548787281466218	9	4	9	4	TRUE	10	Vdik
bizalmaskodok	bizalmaskodik	[/V][Prs.NDef.1Sg]	2	8570080167	700	-2.6319548887939765	-0.08788684444370101	13	5	13	5	TRUE	2	Vdik
bizalmatlankodok	bizalmatlankodik	[/V][Prs.NDef.1Sg]	3	8570080167	284	-2.455863629738295	-0.4796665444109201	16	6	16	6	TRUE	2	Vdik
bizonykodok	bizonykodik	[/V][Prs.NDef.1Sg]	1	8570080167	518	-2.932984884457958	-0.2186551247127248	11	4	11	4	TRUE	1	Vdik
bizonyosodok	bizonyosodik	[/V][Prs.NDef.1Sg]	39	8570080167	29527	-1.3419202774314587	1.5372344395937714	12	5	12	5	TRUE	7	Vdik
bizonytalankodok	bizonytalankodik	[/V][Prs.NDef.1Sg]	48	8570080167	4183	-1.2517436470823706	0.6885029801226724	16	6	16	6	TRUE	7	Vdik
bocsátkozok	bocsátkozik	[/V][Prs.NDef.1Sg]	71	8570080167	24331	-1.0817265357388826	1.4531750742696985	11	4	11	4	TRUE	8	zik
bodorodok	bodorodik	[/V][Prs.NDef.1Sg]	2	8570080167	181	-2.6319548887939765	-0.6753063095887734	9	4	9	4	TRUE	2	Vdik
bogarászok	bogarászik	[/V][Prs.NDef.1Sg]	178	8570080167	7314	-0.6825648821490639	0.9311700715440676	10	4	10	4	TRUE	9	szik
bohóckodok	bohóckodik	[/V][Prs.NDef.1Sg]	164	8570080167	10687	-0.71814103641026	1.0958709249324865	10	4	10	4	TRUE	9	Vdik
bomlok	bomlik	[/V][Prs.NDef.1Sg]	62	8570080167	48249	-1.140593194959704	1.7505034322066737	6	2	6	2	TRUE	8	lik
bontakozok	bontakozik	[/V][Prs.NDef.1Sg]	26	8570080167	76347	-1.5180115364871398	1.9498070919830308	10	4	10	4	TRUE	6	zik
bonyolódok	bonyolódik	[/V][Prs.NDef.1Sg]	161	8570080167	34776	-0.7261590084261081	1.6082947427248229	10	4	10	4	TRUE	9	stem
borotválkozok	borotválkozik	[/V][Prs.NDef.1Sg]	56	8570080167	7593	-1.1847968574517571	0.9474285154199588	13	5	13	5	TRUE	7	zik
borsódzok	borsódzik	[/V][Prs.NDef.1Sg]	1	8570080167	1850	-2.932984884457958	0.334186843945056	9	3	9	3	TRUE	1	zik
bosszankodok	bosszankodik	[/V][Prs.NDef.1Sg]	459	8570080167	28274	-0.2711721989206966	1.5184023692045423	12	4	12	4	TRUE	10	Vdik
botladozok	botladozik	[/V][Prs.NDef.1Sg]	128	8570080167	8796	-0.8257749148100895	1.011300336230795	10	4	10	4	TRUE	8	zik
botlok	botlik	[/V][Prs.NDef.1Sg]	1692	8570080167	41912	0.29541547424504694	1.689353500981932	6	2	6	2	TRUE	10	lik
botránkozok	botránkozik	[/V][Prs.NDef.1Sg]	24	8570080167	3482	-1.552773642746352	0.6088438823233545	11	4	11	4	TRUE	6	zik
bratyizok	bratyizik	[/V][Prs.NDef.1Sg]	26	8570080167	792	-1.5180115364871398	-0.03425970286846432	9	3	9	3	TRUE	6	zik
bridzsezek	bridzsezik	[/V][Prs.NDef.1Sg]	5	8570080167	680	-2.234014880121939	-0.10047597175172152	10	3	10	3	TRUE	3	zik
brillírozok	brillírozik	[/V][Prs.NDef.1Sg]	36	8570080167	8089	-1.3766823836906703	0.9749099509583252	11	4	11	4	TRUE	7	zik
bringázok	bringázik	[/V][Prs.NDef.1Sg]	651	8570080167	17885	-0.11940389588976592	1.3195040600270305	9	3	9	3	TRUE	10	zik
bucskázok	bucskázik	[/V][Prs.NDef.1Sg]	4	8570080167	706	-2.3309248931299953	-0.08418018340615406	9	3	9	3	TRUE	3	zik
bujdosok	bujdosik	[/V][Prs.NDef.1Sg]	49	8570080167	4942	-1.2427888044294442	0.7609178566081027	8	3	8	3	TRUE	7	stem
bukok	bukik	[/V][Prs.NDef.1Sg]	1559	8570080167	178435	0.25986123073088385	2.3184951607390976	5	2	5	2	TRUE	10	stem
bumlizok	bumlizik	[/V][Prs.NDef.1Sg]	18	8570080167	381	-1.6777123793546518	-0.35205990878233856	8	3	8	3	TRUE	6	zik
bundázok	bundázik	[/V][Prs.NDef.1Sg]	4	8570080167	601	-2.3309248931299953	-0.15411041245521828	8	3	8	3	TRUE	3	zik
burkolózok	burkolózik	[/V][Prs.NDef.1Sg]	16	8570080167	13652	-1.728864901802033	1.2022113951486435	10	4	10	4	TRUE	5	zik
buszozok	buszozik	[/V][Prs.NDef.1Sg]	199	8570080167	4958	-0.6341318080482512	0.7623216379738448	8	3	8	3	TRUE	9	zik
butáskodok	butáskodik	[/V][Prs.NDef.1Sg]	1	8570080167	585	-2.932984884457958	-0.16582901837577738	10	4	10	4	TRUE	1	Vdik
buzgólkodok	buzgólkodik	[/V][Prs.NDef.1Sg]	1	8570080167	2888	-2.932984884457958	0.5276123044396437	11	4	11	4	TRUE	1	Vdik
bábáskodok	bábáskodik	[/V][Prs.NDef.1Sg]	12	8570080167	5536	-1.853803638410333	0.8102111969907436	10	4	10	4	TRUE	5	Vdik
bálozok	bálozik	[/V][Prs.NDef.1Sg]	16	8570080167	951	-1.728864901802033	0.04519563247945606	7	3	7	3	TRUE	5	zik
bámészkodok	bámészkodik	[/V][Prs.NDef.1Sg]	110	8570080167	6070	-0.8915921992997328	0.8502038066172998	11	4	11	4	TRUE	8	Vdik
bánkódok	bánkódik	[/V][Prs.NDef.1Sg]	143	8570080167	14891	-0.777648846992896	1.2399389791705868	8	3	8	3	TRUE	9	stem
bántódok	bántódik	[/V][Prs.NDef.1Sg]	10	8570080167	1216	-1.9329848844579576	0.15194869047875828	8	3	8	3	TRUE	4	stem
bányászok	bányászik	[/V][Prs.NDef.1Sg]	31	8570080167	16534	-1.4416231906236852	1.285393048833795	9	3	9	3	TRUE	6	szik
bátorkodok	bátorkodik	[/V][Prs.NDef.1Sg]	131	8570080167	9746	-0.8157135888021936	1.055841522587318	10	4	10	4	TRUE	8	Vdik
bátorodok	bátorodik	[/V][Prs.NDef.1Sg]	5	8570080167	1398	-2.234014880121939	0.21252228695170475	9	4	9	4	TRUE	3	Vdik
bátortalanodok	bátortalanodik	[/V][Prs.NDef.1Sg]	11	8570080167	479	-1.8915921992997329	-0.25264937104339463	14	6	14	6	TRUE	5	Vdik
békétlenkedek	békétlenkedik	[/V][Prs.NDef.1Sg]	4	8570080167	301	-2.3309248931299953	-0.4544183888641145	13	5	13	5	TRUE	3	Vdik
bénázok	bénázik	[/V][Prs.NDef.1Sg]	905	8570080167	8505	0.02366369474724546	0.99668943349063	7	3	7	3	TRUE	10	zik
bérmálkozok	bérmálkozik	[/V][Prs.NDef.1Sg]	5	8570080167	3946	-2.234014880121939	0.6631721964582146	11	4	11	4	TRUE	3	zik
bíbelődök	bíbelődik	[/V][Prs.NDef.1Sg]	199	8570080167	14337	-0.6341318080482512	1.2234734007824986	9	4	9	4	TRUE	9	stem
bíráskodok	bíráskodik	[/V][Prs.NDef.1Sg]	8	8570080167	3616	-2.0298948974660145	0.6252435373453679	10	4	10	4	TRUE	4	Vdik
bóklászok	bóklászik	[/V][Prs.NDef.1Sg]	207	8570080167	13080	-0.6170145390010401	1.183622859530291	9	3	9	3	TRUE	9	szik
bölcselkedek	bölcselkedik	[/V][Prs.NDef.1Sg]	15	8570080167	1698	-1.756893625402277	0.29695280144997604	12	4	12	4	TRUE	5	Vdik
búcsúzok	búcsúzik	[/V][Prs.NDef.1Sg]	402	8570080167	154036	-0.32875883137348777	2.2546373478993647	8	3	8	3	TRUE	9	zik
búcsúzkodok	búcsúzkodik	[/V][Prs.NDef.1Sg]	15	8570080167	3282	-1.756893625402277	0.5831536922591165	11	4	11	4	TRUE	5	Vdik
bújok	bújik	[/V][Prs.NDef.1Sg]	2792	8570080167	143158	0.5129305294931656	2.2228307379574725	5	2	5	2	TRUE	10	stem
búslakodok	búslakodik	[/V][Prs.NDef.1Sg]	31	8570080167	8087	-1.4416231906236852	0.9748025586526584	10	4	10	4	TRUE	6	Vdik
búvok	búvik	[/V][Prs.NDef.1Sg]	102	8570080167	2269	-0.9243847126960404	0.42284961142697813	5	2	5	2	TRUE	8	stem
búvárkodok	búvárkodik	[/V][Prs.NDef.1Sg]	51	8570080167	10030	-1.2254147083600215	1.0683160485624603	10	4	10	4	TRUE	7	Vdik
büdösödök	büdösödik	[/V][Prs.NDef.1Sg]	4	8570080167	1381	-2.3309248931299953	0.20720879412067347	9	4	9	4	TRUE	3	Vdik
büfizek	büfizik	[/V][Prs.NDef.1Sg]	12	8570080167	1700	-1.853803638410333	0.2974640369203161	7	3	7	3	TRUE	5	zik
büszkélkedek	büszkélkedik	[/V][Prs.NDef.1Sg]	66	8570080167	84413	-1.1134409489160892	1.9934244507162795	12	4	12	4	TRUE	8	Vdik
bőgőzök	bőgőzik	[/V][Prs.NDef.1Sg]	11	8570080167	1398	-1.8915921992997329	0.21252228695170475	7	3	7	3	TRUE	5	zik
bővelkedek	bővelkedik	[/V][Prs.NDef.1Sg]	41	8570080167	38446	-1.3202010277382223	1.6518662771490826	10	4	10	4	TRUE	7	Vdik
bűnhődök	bűnhődik	[/V][Prs.NDef.1Sg]	32	8570080167	9071	-1.427834906138052	1.0246702824855334	8	3	8	3	TRUE	6	stem
bűnözök	bűnözik	[/V][Prs.NDef.1Sg]	1251	8570080167	5915	0.16427242523546212	0.8389698645059913	7	3	7	3	TRUE	10	zik
bűvészkedek	bűvészkedik	[/V][Prs.NDef.1Sg]	49	8570080167	3597	-1.2427888044294442	0.6229555533605533	11	4	11	4	TRUE	7	Vdik
bűzlök	bűzlik	[/V][Prs.NDef.1Sg]	128	8570080167	12877	-0.8257749148100895	1.1768298112364417	6	2	6	2	TRUE	8	lik
cangázok	cangázik	[/V][Prs.NDef.1Sg]	26	8570080167	163	-1.5180115364871398	-0.720797280054	8	3	8	3	TRUE	6	zik
cicizek	cicizik	[/V][Prs.NDef.1Sg]	5	8570080167	988	-2.234014880121939	0.06177206012967028	7	3	7	3	TRUE	3	zik
cidrizek	cidrizik	[/V][Prs.NDef.1Sg]	42	8570080167	413	-1.3097355940600577	-0.3170348328015568	8	3	8	3	TRUE	7	zik
cigarettázok	cigarettázik	[/V][Prs.NDef.1Sg]	54	8570080167	7767	-1.2005911246349894	0.9572684206965768	12	5	12	5	TRUE	7	zik
cigizek	cigizik	[/V][Prs.NDef.1Sg]	890	8570080167	11452	0.01640512218695493	1.1258964548916033	7	3	7	3	TRUE	10	zik
cigánykodok	cigánykodik	[/V][Prs.NDef.1Sg]	5	8570080167	325	-2.234014880121939	-0.4211015234790835	11	4	11	4	TRUE	3	Vdik
cihelődök	cihelődik	[/V][Prs.NDef.1Sg]	5	8570080167	461	-2.234014880121939	-0.26928395906830965	9	4	9	4	TRUE	3	stem
cikázok	cikázik	[/V][Prs.NDef.1Sg]	87	8570080167	17022	-0.9934656318393392	1.298025701721538	7	3	7	3	TRUE	8	zik
cimbalmozok	cimbalmozik	[/V][Prs.NDef.1Sg]	2	8570080167	191	-2.6319548887939765	-0.6519515172102303	11	4	11	4	TRUE	2	zik
cipekedek	cipekedik	[/V][Prs.NDef.1Sg]	109	8570080167	4233	-0.8955583865173342	0.6936633840160524	9	4	9	4	TRUE	8	Vdik
citerázok	citerázik	[/V][Prs.NDef.1Sg]	12	8570080167	1464	-1.853803638410333	0.2325561922644152	9	4	9	4	TRUE	5	zik
civakodok	civakodik	[/V][Prs.NDef.1Sg]	4	8570080167	2972	-2.3309248931299953	0.5400639206305798	9	4	9	4	TRUE	3	Vdik
civódok	civódik	[/V][Prs.NDef.1Sg]	4	8570080167	735	-2.3309248931299953	-0.06669754537376292	7	3	7	3	TRUE	3	stem
csajozok	csajozik	[/V][Prs.NDef.1Sg]	139	8570080167	8156	-0.7899700842038627	0.9784923326481446	8	3	8	3	TRUE	9	zik
csalatkozok	csalatkozik	[/V][Prs.NDef.1Sg]	7	8570080167	4769	-2.087886844443701	0.7454424379759093	11	4	11	4	TRUE	4	zik
csalinkázok	csalinkázik	[/V][Prs.NDef.1Sg]	16	8570080167	473	-1.728864901802033	-0.2581237437201463	11	4	11	4	TRUE	5	zik
csalizok	csalizik	[/V][Prs.NDef.1Sg]	71	8570080167	1630	-1.0817265357388826	0.279202719946	8	3	8	3	TRUE	8	zik
csalódok	csalódik	[/V][Prs.NDef.1Sg]	1342	8570080167	170163	0.19476763137501543	2.2978802491830748	8	3	8	3	TRUE	10	stem
csapódok	csapódik	[/V][Prs.NDef.1Sg]	141	8570080167	59286	-0.783765771802578	1.8399672652202896	8	3	8	3	TRUE	9	stem
csatlakozok	csatlakozik	[/V][Prs.NDef.1Sg]	1779	8570080167	869608	0.3171910636259673	3.0063386419513223	11	4	11	4	TRUE	10	zik
csavarodok	csavarodik	[/V][Prs.NDef.1Sg]	33	8570080167	9265	-1.4144709445800705	1.0338605391969586	10	4	10	4	TRUE	6	Vdik
cselekszek	cselekszik	[/V][Prs.NDef.1Sg]	301	8570080167	280658	-0.4544183888641145	2.5151925415965306	10	3	10	3	TRUE	9	szik
cselgáncsozok	cselgáncsozik	[/V][Prs.NDef.1Sg]	2	8570080167	437	-2.6319548887939765	-0.292503447487536	13	4	13	4	TRUE	2	zik
cselédkedek	cselédkedik	[/V][Prs.NDef.1Sg]	1	8570080167	109	-2.932984884457958	-0.8955583865173342	11	4	11	4	TRUE	1	Vdik
csendesedek	csendesedik	[/V][Prs.NDef.1Sg]	12	8570080167	6494	-1.853803638410333	0.8795273998320249	11	4	11	4	TRUE	5	Vdik
cseperedek	cseperedik	[/V][Prs.NDef.1Sg]	6	8570080167	13071	-2.1548336340743144	1.1833239301974583	10	4	10	4	TRUE	4	Vdik
csetlek	csetlik	[/V][Prs.NDef.1Sg]	45	8570080167	386	-1.279772370682614	-0.3463975797862029	7	2	7	2	TRUE	7	lik
csibészkedek	csibészkedik	[/V][Prs.NDef.1Sg]	3	8570080167	324	-2.455863629738295	-0.4224398742513457	12	4	12	4	TRUE	2	Vdik
csillapodok	csillapszik	[/V][Prs.NDef.1Sg]	11	8570080167	15905	-1.8915921992997329	1.2685487889854243	11	4	11	3	TRUE	5	szik
csimpaszkodok	csimpaszkodik	[/V][Prs.NDef.1Sg]	23	8570080167	4352	-1.571257048440365	0.7057040022321657	13	4	13	4	TRUE	6	Vdik
csinosodok	csinosodik	[/V][Prs.NDef.1Sg]	3	8570080167	521	-2.455863629738295	-0.21614716115843335	10	4	10	4	TRUE	2	Vdik
csintalankodok	csintalankodik	[/V][Prs.NDef.1Sg]	4	8570080167	492	-2.3309248931299953	-0.2410197816905975	14	5	14	5	TRUE	3	Vdik
csipkelődök	csipkelődik	[/V][Prs.NDef.1Sg]	19	8570080167	1403	-1.654231283505129	0.21407278657040207	11	4	11	4	TRUE	6	stem
csiszolódok	csiszolódik	[/V][Prs.NDef.1Sg]	8	8570080167	6459	-2.0298948974660145	0.8771804000851918	11	4	11	4	TRUE	4	stem
csodálkozok	csodálkozik	[/V][Prs.NDef.1Sg]	1955	8570080167	200735	0.35816187727392773	2.369638217883203	11	4	11	4	TRUE	10	zik
csokizok	csokizik	[/V][Prs.NDef.1Sg]	14	8570080167	328	-1.7868568487797198	-0.4171110407462787	8	3	8	3	TRUE	5	zik
csuklok	csuklik	[/V][Prs.NDef.1Sg]	107	8570080167	6520	-0.9036011067727482	0.8812627112739624	7	2	7	2	TRUE	8	lik
csírázok	csírázik	[/V][Prs.NDef.1Sg]	1	8570080167	6977	-2.932984884457958	0.910683838521186	8	3	8	3	TRUE	1	zik
csókolózok	csókolózik	[/V][Prs.NDef.1Sg]	40	8570080167	18284	-1.3309248931299955	1.3290863281593353	10	4	10	4	TRUE	7	zik
csónakázok	csónakázik	[/V][Prs.NDef.1Sg]	13	8570080167	6485	-1.819041532151121	0.8789250959621411	10	4	10	4	TRUE	5	zik
csökönyösödök	csökönyösödik	[/V][Prs.NDef.1Sg]	1	8570080167	4	-2.932984884457958	-2.3309248931299953	13	5	13	5	TRUE	1	Vdik
csömörlök	csömörlik	[/V][Prs.NDef.1Sg]	10	8570080167	539	-1.9329848844579576	-0.20139611927121912	9	3	9	3	TRUE	4	lik
csöndesedek	csöndesedik	[/V][Prs.NDef.1Sg]	2	8570080167	409	-2.6319548887939765	-0.32126157645061604	11	4	11	4	TRUE	2	Vdik
csörgedezek	csörgedezik	[/V][Prs.NDef.1Sg]	1	8570080167	5422	-2.932984884457958	0.8011746287865089	11	4	11	4	TRUE	1	zik
csúfolódok	csúfolódik	[/V][Prs.NDef.1Sg]	43	8570080167	2254	-1.2995164288783714	0.4199690272521299	10	4	10	4	TRUE	7	stem
csúszok	csúszik	[/V][Prs.NDef.1Sg]	1288	8570080167	191096	0.17693097856583548	2.3482667120888987	7	2	7	2	TRUE	10	szik
csőszködök	csőszködik	[/V][Prs.NDef.1Sg]	3	8570080167	91	-2.455863629738295	-0.9739434921368644	10	3	10	3	TRUE	2	Vdik
cuclizok	cuclizik	[/V][Prs.NDef.1Sg]	1	8570080167	42	-2.932984884457958	-1.3097355940600577	8	3	8	3	TRUE	1	zik
cumizok	cumizik	[/V][Prs.NDef.1Sg]	21	8570080167	1472	-1.6107655897240385	0.23492292554352223	7	3	7	3	TRUE	6	zik
dacoskodok	dacoskodik	[/V][Prs.NDef.1Sg]	5	8570080167	237	-2.234014880121939	-0.558236538447854	10	4	10	4	TRUE	3	Vdik
danolászok	danolászik	[/V][Prs.NDef.1Sg]	5	8570080167	407	-2.234014880121939	-0.3233904752327378	10	4	10	4	TRUE	3	szik
danászok	danászik	[/V][Prs.NDef.1Sg]	11	8570080167	181	-1.8915921992997329	-0.6753063095887734	8	3	8	3	TRUE	5	szik
darálódok	darálódik	[/V][Prs.NDef.1Sg]	1	8570080167	106	-2.932984884457958	-0.9076790191931876	9	4	9	4	TRUE	1	stem
deformálódok	deformálódik	[/V][Prs.NDef.1Sg]	2	8570080167	11452	-2.6319548887939765	1.1258964548916033	12	5	12	5	TRUE	2	stem
degenerálódok	degenerálódik	[/V][Prs.NDef.1Sg]	1	8570080167	1219	-2.932984884457958	0.15301882116042406	13	6	13	6	TRUE	1	stem
degradálódok	degradálódik	[/V][Prs.NDef.1Sg]	1	8570080167	3616	-2.932984884457958	0.6252435373453679	12	5	12	5	TRUE	1	stem
deresedek	deresedik	[/V][Prs.NDef.1Sg]	1	8570080167	388	-2.932984884457958	-0.3441531588637506	9	4	9	4	TRUE	1	Vdik
diadalmaskodok	diadalmaskodik	[/V][Prs.NDef.1Sg]	1	8570080167	35682	-2.932984884457958	1.6194643044249633	14	6	14	6	TRUE	1	Vdik
dicsekszek	dicsekszik	[/V][Prs.NDef.1Sg]	41	8570080167	46395	-1.3202010277382223	1.7334862946009024	10	3	10	3	TRUE	7	szik
dilizek	dilizik	[/V][Prs.NDef.1Sg]	10	8570080167	269	-1.9329848844579576	-0.5032326044555498	7	3	7	3	TRUE	5	zik
divatozok	divatozik	[/V][Prs.NDef.1Sg]	11	8570080167	1234	-1.8915921992997329	0.15833027523926502	9	4	9	4	TRUE	5	zik
dobálódok	dobálódik	[/V][Prs.NDef.1Sg]	1	8570080167	163	-2.932984884457958	-0.720797280054	9	4	9	4	TRUE	1	stem
dobálózok	dobálózik	[/V][Prs.NDef.1Sg]	140	8570080167	12200	-0.7868568487797198	1.1533749462167904	9	4	9	4	TRUE	9	zik
dohányzok	dohányzik	[/V][Prs.NDef.1Sg]	1261	8570080167	67978	0.1677302021151238	1.8993834984760325	9	3	9	3	TRUE	10	zik
dolgozok	dolgozik	[/V][Prs.NDef.1Sg]	24294	8570080167	3627092	1.4525141426940993	3.6265736869994014	8	3	8	3	TRUE	10	zik
domborodok	domborodik	[/V][Prs.NDef.1Sg]	4	8570080167	6046	-2.3309248931299953	0.8484832583838405	10	4	10	4	TRUE	3	Vdik
dudorodok	dudorodik	[/V][Prs.NDef.1Sg]	2	8570080167	1869	-2.6319548887939765	0.3386244169208742	9	4	9	4	TRUE	2	Vdik
dudorászok	dudorászik	[/V][Prs.NDef.1Sg]	54	8570080167	3096	-1.2005911246349894	0.5578160675528971	10	4	10	4	TRUE	7	szik
duhajkodok	duhajkodik	[/V][Prs.NDef.1Sg]	4	8570080167	777	-2.3309248931299953	-0.04256386565704357	10	4	10	4	TRUE	3	Vdik
dulakodok	dulakodik	[/V][Prs.NDef.1Sg]	2	8570080167	3982	-2.6319548887939765	0.6671163712334329	9	4	9	4	TRUE	2	Vdik
dumcsizok	dumcsizik	[/V][Prs.NDef.1Sg]	38	8570080167	2150	-1.3532012878411477	0.3994535754576475	9	3	9	3	TRUE	7	zik
durcáskodok	durcáskodik	[/V][Prs.NDef.1Sg]	2	8570080167	505	-2.6319548887939765	-0.22969350633929644	11	4	11	4	TRUE	2	Vdik
dévánkozok	dévánkozik	[/V][Prs.NDef.1Sg]	1	8570080167	18	-2.932984884457958	-1.6777123793546518	10	4	10	4	TRUE	1	zik
díszlek	díszlik	[/V][Prs.NDef.1Sg]	3	8570080167	4946	-2.455863629738295	0.7612692275673206	7	2	7	2	TRUE	2	lik
döglök	döglik	[/V][Prs.NDef.1Sg]	654	8570080167	21538	-0.11740713613369054	1.4002204881673863	6	2	6	2	TRUE	10	lik
döglődök	döglődik	[/V][Prs.NDef.1Sg]	36	8570080167	2107	-1.3766823836906703	0.3906796511501423	8	3	8	3	TRUE	7	stem
dörgölődzök	dörgölőzik	[/V][Prs.NDef.1Sg]	1	8570080167	2068	-2.932984884457958	0.38256564996394704	11	4	10	4	TRUE	1	zik
dúskálkodok	dúskálkodik	[/V][Prs.NDef.1Sg]	1	8570080167	54	-2.932984884457958	-1.2005911246349894	11	4	11	4	TRUE	1	Vdik
dühödök	dühödik	[/V][Prs.NDef.1Sg]	15	8570080167	804	-1.756893625402277	-0.02772883570950659	7	3	7	3	TRUE	5	Vdik
dühösködök	dühösködik	[/V][Prs.NDef.1Sg]	7	8570080167	411	-2.087886844443701	-0.3191430625818886	10	4	10	4	TRUE	4	Vdik
düledezek	düledezik	[/V][Prs.NDef.1Sg]	2	8570080167	758	-2.6319548887939765	-0.05331567882590429	9	4	9	4	TRUE	2	zik
edződök	edződik	[/V][Prs.NDef.1Sg]	12	8570080167	7138	-1.853803638410333	0.9205916591616836	7	3	7	3	TRUE	5	stem
egyenesedek	egyenesedik	[/V][Prs.NDef.1Sg]	32	8570080167	3332	-1.427834906138052	0.5897201082767921	11	5	11	5	TRUE	6	Vdik
egyezek	egyezik	[/V][Prs.NDef.1Sg]	371	8570080167	230655	-0.363610974842912	2.4299779889622584	7	3	7	3	TRUE	9	zik
egyezkedek	egyezkedik	[/V][Prs.NDef.1Sg]	60	8570080167	9405	-1.1548336340743142	1.0403739154284397	10	4	10	4	TRUE	7	Vdik
egyszerűsödök	egyszerűsödik	[/V][Prs.NDef.1Sg]	5	8570080167	13942	-2.234014880121939	1.2113401939425306	13	5	13	5	TRUE	3	Vdik
elandalodok	elandalodik	[/V][Prs.NDef.1Sg]	1	8570080167	522	-2.932984884457958	-0.2153143814556957	11	5	11	5	TRUE	1	Vdik
elbizonytalanodok	elbizonytalanodik	[/V][Prs.NDef.1Sg]	383	8570080167	29628	-0.3497861104893351	1.5387174515215991	17	7	17	7	TRUE	9	Vdik
eldumcsizok	eldumcsizik	[/V][Prs.NDef.1Sg]	2	8570080167	74	-2.6319548887939765	-1.0637531647269816	11	4	11	4	TRUE	2	zik
elegyedek	elegyedik	[/V][Prs.NDef.1Sg]	366	8570080167	21613	-0.3695037990635472	1.4017301690064	9	4	9	4	TRUE	9	Vdik
elevenedek	elevenedik	[/V][Prs.NDef.1Sg]	17	8570080167	32455	-1.702535963079684	1.5782967290091847	10	5	10	5	TRUE	5	Vdik
elfecserészek	elfecserészik	[/V][Prs.NDef.1Sg]	1	8570080167	22	-2.932984884457958	-1.5905622036357516	13	5	13	5	TRUE	1	szik
elfelejtődök	elfelejtődik	[/V][Prs.NDef.1Sg]	3	8570080167	6065	-2.455863629738295	0.8498459207446339	12	5	12	5	TRUE	2	stem
elfintorodok	elfintorodik	[/V][Prs.NDef.1Sg]	25	8570080167	1329	-1.5350448757859203	0.19054009648477416	12	5	12	5	TRUE	6	Vdik
elhajlok	elhajlik	[/V][Prs.NDef.1Sg]	46	8570080167	5678	-1.2702270527763837	0.8212105037318805	8	3	8	3	TRUE	7	lik
elhatárolódok	elhatárolódik	[/V][Prs.NDef.1Sg]	168	8570080167	19819	-0.707675602732095	1.3640968532070283	13	6	13	6	TRUE	9	stem
elkeskenyedek	elkeskenyedik	[/V][Prs.NDef.1Sg]	1	8570080167	1326	-2.932984884457958	0.1895586396107965	13	5	13	5	TRUE	1	Vdik
elkényelmesedek	elkényelmesedik	[/V][Prs.NDef.1Sg]	12	8570080167	5281	-1.853803638410333	0.789731283030537	15	6	15	6	TRUE	5	Vdik
elkérezkedek	elkérezkedik	[/V][Prs.NDef.1Sg]	3	8570080167	90	-2.455863629738295	-0.9787423750186328	12	5	12	5	TRUE	2	Vdik
ellenkezek	ellenkezik	[/V][Prs.NDef.1Sg]	238	8570080167	35786	-0.5564079274014458	1.620728273138221	10	4	10	4	TRUE	9	zik
ellenségeskedek	ellenségeskedik	[/V][Prs.NDef.1Sg]	11	8570080167	839	-1.8915921992997329	-0.00922292362925756	15	6	15	6	TRUE	5	Vdik
ellenzékieskedek	ellenzékieskedik	[/V][Prs.NDef.1Sg]	2	8570080167	63	-2.6319548887939765	-1.133644335004376	16	7	16	7	TRUE	2	Vdik
ellek	ellik	[/V][Prs.NDef.1Sg]	38	8570080167	172853	-1.3532012878411477	2.3046920370087776	5	2	5	2	TRUE	7	stem
elmélkedek	elmélkedik	[/V][Prs.NDef.1Sg]	637	8570080167	48134	-0.12884545212260742	1.7494670691733734	10	4	10	4	TRUE	10	Vdik
elporzok	elporzik	[/V][Prs.NDef.1Sg]	3	8570080167	369	-2.455863629738295	-0.3659585182988975	8	3	8	3	TRUE	2	zik
elspurizok	elspurizik	[/V][Prs.NDef.1Sg]	3	8570080167	46	-2.455863629738295	-1.2702270527763837	10	4	10	4	TRUE	2	zik
elszörnyülködök	elszörnyülködik	[/V][Prs.NDef.1Sg]	42	8570080167	1423	-1.3097355940600577	0.22022001562632648	15	5	15	5	TRUE	7	Vdik
eltájolódok	eltájolódik	[/V][Prs.NDef.1Sg]	1	8570080167	80	-2.932984884457958	-1.0298948974660145	11	5	11	5	TRUE	1	stem
elégedetlenkedek	elégedetlenkedik	[/V][Prs.NDef.1Sg]	117	8570080167	6274	-0.8647990227117962	0.8645596299037683	16	7	16	7	TRUE	8	Vdik
elégszek	elégszik	[/V][Prs.NDef.1Sg]	43	8570080167	184225	-1.2995164288783714	2.332363680736871	8	3	8	3	TRUE	7	szik
elérzékenyedek	elérzékenyedik	[/V][Prs.NDef.1Sg]	4	8570080167	368	-2.3309248931299953	-0.36713706578444016	14	6	14	6	TRUE	3	Vdik
eléugrok	eléugrik	[/V][Prs.NDef.1Sg]	2	8570080167	170	-2.6319548887939765	-0.7025359630796839	8	4	8	4	TRUE	2	stem
előrehajlok	előrehajlik	[/V][Prs.NDef.1Sg]	11	8570080167	471	-1.8915921992997329	-0.2599639773290616	11	5	11	5	TRUE	5	lik
emberesedek	emberesedik	[/V][Prs.NDef.1Sg]	1	8570080167	88	-2.932984884457958	-0.9885022123077892	11	5	11	5	TRUE	1	Vdik
emelkedek	emelkedik	[/V][Prs.NDef.1Sg]	313	8570080167	747438	-0.43744054691150935	2.9405902892948785	9	4	9	4	TRUE	9	Vdik
emlékezek	emlékezik	[/V][Prs.NDef.1Sg]	981	8570080167	607896	0.05868412292199065	2.850844401246531	9	4	9	4	TRUE	10	zik
emlékszek	emlékszik	[/V][Prs.NDef.1Sg]	5189	8570080167	582875	0.7820987862369694	2.832590544004591	9	3	9	3	TRUE	10	szik
engedelmeskedek	engedelmeskedik	[/V][Prs.NDef.1Sg]	585	8570080167	75413	-0.16582901837577738	1.944461333316476	15	6	15	6	TRUE	10	Vdik
engesztelődök	engesztelődik	[/V][Prs.NDef.1Sg]	1	8570080167	982	-2.932984884457958	0.05912660332899187	13	5	13	5	TRUE	1	stem
enyészek	enyészik	[/V][Prs.NDef.1Sg]	22	8570080167	3553	-1.5905622036357516	0.6176103230313701	8	3	8	3	TRUE	6	szik
epekedek	epekedik	[/V][Prs.NDef.1Sg]	82	8570080167	5130	-1.019171032074241	0.7771324806538584	8	4	8	4	TRUE	8	Vdik
ereszkedek	ereszkedik	[/V][Prs.NDef.1Sg]	402	8570080167	50960	-0.32875883137348777	1.774244534869336	10	4	10	4	TRUE	9	Vdik
erőlködök	erőlködik	[/V][Prs.NDef.1Sg]	405	8570080167	26402	-0.3255298612432893	1.4886519422627964	9	4	9	4	TRUE	10	Vdik
erősködök	erősködik	[/V][Prs.NDef.1Sg]	56	8570080167	7991	-1.1847968574517571	0.9696162462085736	9	4	9	4	TRUE	7	Vdik
erőszakoskodok	erőszakoskodik	[/V][Prs.NDef.1Sg]	36	8570080167	6921	-1.3766823836906703	0.907183964782798	14	6	14	6	TRUE	7	Vdik
erősödök	erősödik	[/V][Prs.NDef.1Sg]	155	8570080167	216852	-0.7426531862876663	2.4031785474912377	8	4	8	4	TRUE	9	Vdik
erőtlenedek	erőtlenedik	[/V][Prs.NDef.1Sg]	4	8570080167	223	-2.3309248931299953	-0.5846800214097971	11	5	11	5	TRUE	3	Vdik
esedezek	esedezik	[/V][Prs.NDef.1Sg]	44	8570080167	9804	-1.2895322079717704	1.0584184181220824	8	4	8	4	TRUE	7	zik
esek	esik	[/V][Prs.NDef.1Sg]	9463	8570080167	1885634	1.043043955633168	3.3424725159234243	4	2	4	2	TRUE	10	stem
esküdözök	esküdözik	[/V][Prs.NDef.1Sg]	6	8570080167	2908	-2.1548336340743144	0.5306095177290424	9	4	9	4	TRUE	4	zik
esküszök	esküszik	[/V][Prs.NDef.1Sg]	145	8570080167	82803	-0.771616882222983	1.9850611873491848	8	3	8	3	TRUE	9	szik
fagyizok	fagyizik	[/V][Prs.NDef.1Sg]	57	8570080167	6324	-1.1771100287854663	0.8680069768022136	8	3	8	3	TRUE	7	zik
fagylaltozok	fagylaltozik	[/V][Prs.NDef.1Sg]	4	8570080167	907	-2.3309248931299953	0.02462240260213743	12	4	12	4	TRUE	3	zik
fagyoskodok	fagyoskodik	[/V][Prs.NDef.1Sg]	26	8570080167	5038	-1.5180115364871398	0.7692732787041364	11	4	11	4	TRUE	6	Vdik
fajtalankodok	fajtalankodik	[/V][Prs.NDef.1Sg]	4	8570080167	1945	-2.3309248931299953	0.3559347212037687	13	5	13	5	TRUE	3	Vdik
fajzok	fajzik	[/V][Prs.NDef.1Sg]	1	8570080167	170	-2.932984884457958	-0.7025359630796839	6	2	6	2	TRUE	1	zik
falatozok	falatozik	[/V][Prs.NDef.1Sg]	99	8570080167	15786	-0.937349689860408	1.2652872140113889	9	4	9	4	TRUE	8	zik
fanyalodok	fanyalodik	[/V][Prs.NDef.1Sg]	45	8570080167	2114	-1.279772370682614	0.3921200985134496	10	4	10	4	TRUE	7	Vdik
fasizálódok	fasizálódik	[/V][Prs.NDef.1Sg]	1	8570080167	175	-2.932984884457958	-0.6899468357716634	11	5	11	5	TRUE	1	stem
fecserészek	fecserészik	[/V][Prs.NDef.1Sg]	13	8570080167	386	-1.819041532151121	-0.3463975797862029	11	4	11	4	TRUE	5	szik
fegyverkezek	fegyverkezik	[/V][Prs.NDef.1Sg]	7	8570080167	3563	-2.087886844443701	0.6188309378930578	12	4	12	4	TRUE	4	zik
fehéredek	fehéredik	[/V][Prs.NDef.1Sg]	8	8570080167	3331	-2.0298948974660145	0.589589748233219	9	4	9	4	TRUE	4	Vdik
fehérlek	fehérlik	[/V][Prs.NDef.1Sg]	4	8570080167	3574	-2.3309248931299953	0.6201696637116676	8	3	8	3	TRUE	3	lik
fejeződök	fejeződik	[/V][Prs.NDef.1Sg]	5	8570080167	91178	-2.234014880121939	2.026905177212657	9	4	9	4	TRUE	3	stem
fejlek	fejlik	[/V][Prs.NDef.1Sg]	1	8570080167	2183	-2.932984884457958	0.4060688512511813	6	2	6	2	TRUE	1	lik
fejlődök	fejlődik	[/V][Prs.NDef.1Sg]	2319	8570080167	554541	0.4323158641800295	2.810948776785554	8	3	8	3	TRUE	10	stem
feketézek	feketézik	[/V][Prs.NDef.1Sg]	14	8570080167	660	-1.7868568487797198	-0.1134409489160892	9	4	9	4	TRUE	5	zik
fekszek	fekszik	[/V][Prs.NDef.1Sg]	1941	8570080167	604506	0.35504065093040504	2.8484157313326453	7	2	7	2	TRUE	10	szik
feldobódok	feldobódik	[/V][Prs.NDef.1Sg]	28	8570080167	1260	-1.4858268531157386	0.16738566065960508	10	4	10	4	TRUE	6	stem
feledkezek	feledkezik	[/V][Prs.NDef.1Sg]	245	8570080167	122115	-0.5438188000934253	2.1537841293404285	10	4	10	4	TRUE	9	zik
felejtkezek	felejtkezik	[/V][Prs.NDef.1Sg]	32	8570080167	9049	-1.427834906138052	1.0236157037552187	11	4	11	4	TRUE	6	zik
felingerlődök	felingerlődik	[/V][Prs.NDef.1Sg]	2	8570080167	21	-2.6319548887939765	-1.6107655897240385	13	5	13	5	TRUE	2	stem
fellengzősködök	fellengzősködik	[/V][Prs.NDef.1Sg]	1	8570080167	56	-2.932984884457958	-1.1847968574517571	15	5	15	5	TRUE	1	Vdik
felpaprikázódok	felpaprikázódik	[/V][Prs.NDef.1Sg]	1	8570080167	197	-2.932984884457958	-0.6385186582963649	15	6	15	6	TRUE	1	stem
feltűnősködök	feltűnősködik	[/V][Prs.NDef.1Sg]	2	8570080167	597	-2.6319548887939765	-0.1570105533285887	13	5	13	5	TRUE	2	Vdik
fenekedek	fenekedik	[/V][Prs.NDef.1Sg]	1	8570080167	876	-2.932984884457958	0.00951922171012292	9	4	9	4	TRUE	1	Vdik
fenyegetőzök	fenyegetőzik	[/V][Prs.NDef.1Sg]	51	8570080167	26787	-1.2254147083600215	1.4949391932263631	12	5	12	5	TRUE	7	zik
fertőződök	fertőződik	[/V][Prs.NDef.1Sg]	3	8570080167	16236	-2.455863629738295	1.2774941581872898	10	4	10	4	TRUE	2	stem
feslek	feslik	[/V][Prs.NDef.1Sg]	1	8570080167	1427	-2.932984884457958	0.22143908865668913	6	2	6	2	TRUE	1	lik
fiatalodok	fiatalodik	[/V][Prs.NDef.1Sg]	57	8570080167	6846	-1.1771100287854663	0.9024520103439004	10	5	10	5	TRUE	7	Vdik
fickándozok	fickándozik	[/V][Prs.NDef.1Sg]	8	8570080167	1768	-2.0298948974660145	0.31449737621909646	11	4	11	4	TRUE	4	zik
finnyáskodok	finnyáskodik	[/V][Prs.NDef.1Sg]	11	8570080167	1162	-1.8915921992997329	0.1322212435963541	12	4	12	4	TRUE	5	Vdik
finomkodok	finomkodik	[/V][Prs.NDef.1Sg]	88	8570080167	5135	-0.9885022123077892	0.7775555634753392	10	4	10	4	TRUE	8	Vdik
finomodok	finomodik	[/V][Prs.NDef.1Sg]	2	8570080167	7558	-2.6319548887939765	0.945422003123038	9	4	9	4	TRUE	2	Vdik
focizok	focizik	[/V][Prs.NDef.1Sg]	963	8570080167	50977	0.05064140266657667	1.77438938916681	7	3	7	3	TRUE	10	zik
fodrozódok	fodrozódik	[/V][Prs.NDef.1Sg]	1	8570080167	1727	-2.932984884457958	0.3043074531095009	10	4	10	4	TRUE	1	stem
fogadkozok	fogadkozik	[/V][Prs.NDef.1Sg]	42	8570080167	8046	-1.3097355940600577	0.9725951437772848	10	4	10	4	TRUE	7	zik
fogalmazódok	fogalmazódik	[/V][Prs.NDef.1Sg]	2	8570080167	53804	-2.6319548887939765	1.7978296795606936	12	5	12	5	TRUE	2	stem
foglalatoskodok	foglalatoskodik	[/V][Prs.NDef.1Sg]	53	8570080167	11387	-1.2087090148571689	1.12342443619196	15	6	15	6	TRUE	7	Vdik
foglalkozok	foglalkozik	[/V][Prs.NDef.1Sg]	8547	8570080167	1809823	0.9988288195011816	3.3246512186531554	11	4	11	4	TRUE	10	zik
foglaltatok	foglaltatik	[/V][Prs.NDef.1Sg]	107	8570080167	16039	-0.9036011067727482	1.2721924029303162	11	4	11	4	TRUE	8	stem
fogyatkozok	fogyatkozik	[/V][Prs.NDef.1Sg]	2	8570080167	8930	-2.6319548887939765	1.0178665744305886	11	4	11	4	TRUE	2	zik
fogzok	fogzik	[/V][Prs.NDef.1Sg]	2	8570080167	1239	-2.6319548887939765	0.1600864219181056	6	2	6	2	TRUE	2	zik
fogócskázok	fogócskázik	[/V][Prs.NDef.1Sg]	15	8570080167	3014	-1.756893625402277	0.5461583635206552	11	4	11	4	TRUE	5	zik
fogódok	fogódik	[/V][Prs.NDef.1Sg]	1	8570080167	93	-2.932984884457958	-0.9645019359040228	7	3	7	3	TRUE	1	stem
fogódzkodok	fogódzkodik	[/V][Prs.NDef.1Sg]	3	8570080167	685	-2.455863629738295	-0.09729431296553229	11	4	11	4	TRUE	2	Vdik
fogódzok	fogózik	[/V][Prs.NDef.1Sg]	9	8570080167	1173	-1.978742375018633	0.1363131276575714	8	3	7	3	TRUE	4	zik
fohászkodok	fohászkodik	[/V][Prs.NDef.1Sg]	98	8570080167	16804	-0.9417588087654628	1.2924277884079964	11	4	11	4	TRUE	8	Vdik
fokozódok	fokozódik	[/V][Prs.NDef.1Sg]	2	8570080167	95082	-2.6319548887939765	2.0451134238509043	9	4	9	4	TRUE	2	stem
foltosodok	foltosodik	[/V][Prs.NDef.1Sg]	4	8570080167	1089	-2.3309248931299953	0.10404299529781712	10	4	10	4	TRUE	3	Vdik
folyamodok	folyamodik	[/V][Prs.NDef.1Sg]	291	8570080167	49090	-0.46909189547205055	1.7580081476419116	10	4	10	4	TRUE	9	Vdik
folyok	folyik	[/V][Prs.NDef.1Sg]	838	8570080167	743029	-0.00974086582768134	2.9380208799004546	6	2	6	2	TRUE	10	stem
folytatódok	folytatódik	[/V][Prs.NDef.1Sg]	27	8570080167	572068	-1.5016211202989704	2.824462770680361	11	4	11	4	TRUE	6	stem
fontoskodok	fontoskodik	[/V][Prs.NDef.1Sg]	10	8570080167	2612	-1.9329848844579576	0.4839882881450785	11	4	11	4	TRUE	5	Vdik
fonódok	fonódik	[/V][Prs.NDef.1Sg]	8	8570080167	18743	-2.0298948974660145	1.339854220726168	7	3	7	3	TRUE	4	stem
fordítódok	fordítódik	[/V][Prs.NDef.1Sg]	1	8570080167	5050	-2.932984884457958	0.7703064936607036	10	4	10	4	TRUE	1	stem
forgolódok	forgolódik	[/V][Prs.NDef.1Sg]	483	8570080167	18063	-0.2490377537064457	1.3238049974688526	10	4	10	4	TRUE	10	stem
formálódok	formálódik	[/V][Prs.NDef.1Sg]	58	8570080167	36394	-1.169556890895021	1.6280449062879103	10	4	10	4	TRUE	7	stem
formásodok	formásodik	[/V][Prs.NDef.1Sg]	3	8570080167	664	-2.455863629738295	-0.11081680508994032	10	4	10	4	TRUE	2	Vdik
forrósodok	forrósodik	[/V][Prs.NDef.1Sg]	4	8570080167	4210	-2.3309248931299953	0.6912972113777105	10	4	10	4	TRUE	3	Vdik
foszladozok	foszladozik	[/V][Prs.NDef.1Sg]	2	8570080167	768	-2.6319548887939765	-0.04762366442644582	11	4	11	4	TRUE	2	zik
foszlok	foszlik	[/V][Prs.NDef.1Sg]	8	8570080167	9690	-2.0298948974660145	1.0533388925928076	7	2	7	2	TRUE	4	lik
fotózok	fotózik	[/V][Prs.NDef.1Sg]	6397	8570080167	141775	0.8729914662596048	2.2186147715000786	7	3	7	3	TRUE	10	zik
fukarkodok	fukarkodik	[/V][Prs.NDef.1Sg]	16	8570080167	8454	-1.728864901802033	0.9940773590350422	10	4	10	4	TRUE	5	Vdik
fuldoklok	fuldoklik	[/V][Prs.NDef.1Sg]	156	8570080167	7240	-0.7398602861034962	0.926753681739189	9	3	9	3	TRUE	9	lik
fulladozok	fulladozik	[/V][Prs.NDef.1Sg]	75	8570080167	4240	-1.0579236210662577	0.6943809721347748	10	4	10	4	TRUE	8	zik
furakodok	furakszik	[/V][Prs.NDef.1Sg]	27	8570080167	4959	-1.5016211202989704	0.762409223833152	9	4	9	3	TRUE	6	szik
furikázok	furikázik	[/V][Prs.NDef.1Sg]	58	8570080167	5701	-1.169556890895021	0.8229661565461741	9	4	9	4	TRUE	7	zik
fusizok	fusizik	[/V][Prs.NDef.1Sg]	8	8570080167	242	-2.0298948974660145	-0.5491695184775266	7	3	7	3	TRUE	4	zik
futamodok	futamodik	[/V][Prs.NDef.1Sg]	84	8570080167	3227	-1.0087055983960762	0.5758140809459471	9	4	9	4	TRUE	8	Vdik
futballozok	futballozik	[/V][Prs.NDef.1Sg]	97	8570080167	36728	-0.946213150191713	1.6320123953000063	11	4	11	4	TRUE	8	zik
futkorászok	futkorászik	[/V][Prs.NDef.1Sg]	58	8570080167	1585	-1.169556890895021	0.26704438209581244	11	4	11	4	TRUE	7	szik
futkározok	futkározik	[/V][Prs.NDef.1Sg]	122	8570080167	9294	-0.8466250537832096	1.0352177836848917	10	4	10	4	TRUE	8	zik
fáradozok	fáradozik	[/V][Prs.NDef.1Sg]	195	8570080167	40305	-0.6429502730954398	1.6723740410308918	9	4	9	4	TRUE	9	zik
fázok	fázik	[/V][Prs.NDef.1Sg]	1255	8570080167	77143	0.16565884135909914	1.9543116395990496	5	2	5	2	TRUE	10	zik
félrehajlok	félrehajlik	[/V][Prs.NDef.1Sg]	2	8570080167	35	-2.6319548887939765	-1.388916840107682	11	4	11	4	TRUE	2	lik
féltékenykedek	féltékenykedik	[/V][Prs.NDef.1Sg]	398	8570080167	3256	-0.33310181238427	0.5796995117592058	14	5	14	5	TRUE	9	Vdik
fényesedek	fényesedik	[/V][Prs.NDef.1Sg]	9	8570080167	2301	-1.978742375018633	0.4289317342106856	10	4	10	4	TRUE	4	Vdik
fénylek	fénylik	[/V][Prs.NDef.1Sg]	94	8570080167	21630	-0.9598570308582592	1.4020716349811335	7	2	7	2	TRUE	8	lik
férkőzök	férkőzik	[/V][Prs.NDef.1Sg]	5	8570080167	18255	-2.234014880121939	1.3283969528277884	8	3	8	3	TRUE	3	zik
fészkelődök	fészkelődik	[/V][Prs.NDef.1Sg]	66	8570080167	5381	-1.1134409489160892	0.7978781075885361	11	4	11	4	TRUE	8	stem
fésülködök	fésülködik	[/V][Prs.NDef.1Sg]	55	8570080167	2935	-1.192622194963714	0.5346232211256754	10	4	10	4	TRUE	7	Vdik
föléhajlok	föléhajlik	[/V][Prs.NDef.1Sg]	2	8570080167	6	-2.6319548887939765	-2.1548336340743144	10	4	10	4	TRUE	2	lik
fölényeskedek	fölényeskedik	[/V][Prs.NDef.1Sg]	13	8570080167	1263	-1.819041532151121	0.16841846609737293	13	5	13	5	TRUE	5	Vdik
fújódok	fújódik	[/V][Prs.NDef.1Sg]	5	8570080167	1344	-2.234014880121939	0.1954143842598486	7	3	7	3	TRUE	3	stem
fúródok	fúródik	[/V][Prs.NDef.1Sg]	7	8570080167	8002	-2.087886844443701	0.9702136625850204	7	3	7	3	TRUE	4	stem
fúvódok	fúvódik	[/V][Prs.NDef.1Sg]	2	8570080167	746	-2.6319548887939765	-0.06024605698528906	7	3	7	3	TRUE	2	stem
függeszkedek	függeszkedik	[/V][Prs.NDef.1Sg]	9	8570080167	1411	-1.978742375018633	0.21654212929638997	12	4	12	4	TRUE	4	Vdik
függetlenedek	függetlenedik	[/V][Prs.NDef.1Sg]	1	8570080167	5837	-2.932984884457958	0.8332048088522022	13	5	13	5	TRUE	1	Vdik
fürdök	fürdik	[/V][Prs.NDef.1Sg]	1725	8570080167	88169	0.3038042149513351	2.0123310306572755	6	2	6	2	TRUE	10	stem
füvészkedek	füvészkedik	[/V][Prs.NDef.1Sg]	1	8570080167	27	-2.932984884457958	-1.5016211202989704	11	4	11	4	TRUE	1	Vdik
fűződök	fűződik	[/V][Prs.NDef.1Sg]	10	8570080167	121731	-1.9329848844579576	2.152416305230892	7	3	7	3	TRUE	5	stem
gabalyodok	gabalyodik	[/V][Prs.NDef.1Sg]	43	8570080167	5752	-1.2995164288783714	0.8268339929168683	10	4	10	4	TRUE	7	Vdik
galambászok	galambászik	[/V][Prs.NDef.1Sg]	28	8570080167	240	-1.4858268531157386	-0.5527736427463518	11	4	11	4	TRUE	6	szik
galoppozok	galoppozik	[/V][Prs.NDef.1Sg]	16	8570080167	721	-1.728864901802033	-0.07504961973852878	10	4	10	4	TRUE	5	zik
garasoskodok	garasoskodik	[/V][Prs.NDef.1Sg]	4	8570080167	493	-2.3309248931299953	-0.24013796518072783	12	5	12	5	TRUE	3	Vdik
garázdálkodok	garázdálkodik	[/V][Prs.NDef.1Sg]	59	8570080167	10887	-1.1621328728158136	1.103923338462261	13	5	13	5	TRUE	7	Vdik
gazdagodok	gazdagodik	[/V][Prs.NDef.1Sg]	112	8570080167	134939	-0.8837668617877762	2.1971526029228183	10	4	10	4	TRUE	8	Vdik
gazdálkodok	gazdálkodik	[/V][Prs.NDef.1Sg]	180	8570080167	93581	-0.6777123793546518	2.0382027972633616	11	4	11	4	TRUE	9	Vdik
gazosodok	gazosodik	[/V][Prs.NDef.1Sg]	1	8570080167	253	-2.932984884457958	-0.5298643632821399	9	4	9	4	TRUE	1	Vdik
gecizek	gecizik	[/V][Prs.NDef.1Sg]	8	8570080167	466	-2.0298948974660145	-0.26459896776795766	7	3	7	3	TRUE	4	zik
gokartozok	gokartozik	[/V][Prs.NDef.1Sg]	15	8570080167	1768	-1.756893625402277	0.31449737621909646	10	4	10	4	TRUE	5	zik
golfozok	golfozik	[/V][Prs.NDef.1Sg]	34	8570080167	1249	-1.4015059674157029	0.16357755391617765	8	3	8	3	TRUE	7	zik
golyózok	golyózik	[/V][Prs.NDef.1Sg]	12	8570080167	1279	-1.853803638410333	0.17388566002069608	8	3	8	3	TRUE	5	zik
gombfocizok	gombfocizik	[/V][Prs.NDef.1Sg]	2	8570080167	253	-2.6319548887939765	-0.5298643632821399	11	4	11	4	TRUE	2	zik
gombolyodok	gombolyodik	[/V][Prs.NDef.1Sg]	1	8570080167	213	-2.932984884457958	-0.6046052810192202	11	4	11	4	TRUE	1	Vdik
gombozok	gombozik	[/V][Prs.NDef.1Sg]	1	8570080167	70	-2.932984884457958	-1.087886844443701	8	3	8	3	TRUE	1	zik
gombázok	gombázik	[/V][Prs.NDef.1Sg]	6	8570080167	554	-2.1548336340743144	-0.18947511972952813	8	3	8	3	TRUE	4	zik
gondolkodok	gondolkodik	[/V][Prs.NDef.1Sg]	5733	8570080167	706718	0.8253970573167174	2.916261268412051	11	4	11	4	TRUE	10	Vdik
gondolkozok	gondolkozik	[/V][Prs.NDef.1Sg]	3704	8570080167	253771	0.6356860935519388	2.4714571065884496	11	4	11	4	TRUE	10	zik
gondoskodok	gondoskodik	[/V][Prs.NDef.1Sg]	426	8570080167	785316	-0.3035752853552389	2.9620595613846916	11	4	11	4	TRUE	10	Vdik
gonoszkodok	gonoszkodik	[/V][Prs.NDef.1Sg]	48	8570080167	2552	-1.2517436470823706	0.4738957855911669	11	4	11	4	TRUE	7	Vdik
gorombáskodok	gorombáskodik	[/V][Prs.NDef.1Sg]	2	8570080167	819	-2.6319548887939765	-0.01970098269753937	13	5	13	5	TRUE	2	Vdik
gubancolódok	gubancolódik	[/V][Prs.NDef.1Sg]	4	8570080167	1547	-2.3309248931299953	0.2565054292414097	12	5	12	5	TRUE	3	stem
gyakorlatozok	gyakorlatozik	[/V][Prs.NDef.1Sg]	17	8570080167	5524	-1.702535963079684	0.8092687854486359	13	5	13	5	TRUE	5	zik
gyakornokoskodok	gyakornokoskodik	[/V][Prs.NDef.1Sg]	3	8570080167	1364	-2.455863629738295	0.2018294858625023	16	6	16	6	TRUE	2	Vdik
gyalázkodok	gyalázkodik	[/V][Prs.NDef.1Sg]	10	8570080167	1614	-1.9329848844579576	0.2749186459280938	11	4	11	4	TRUE	5	Vdik
gyanakszok	gyanakszik	[/V][Prs.NDef.1Sg]	226	8570080167	68227	-0.5788764453105569	1.900971390939056	10	3	10	3	TRUE	9	szik
gyarapodok	gyarapszik	[/V][Prs.NDef.1Sg]	67	8570080167	86849	-1.1069100817571311	2.005779937784202	10	4	10	3	TRUE	8	szik
gyengélkedek	gyengélkedik	[/V][Prs.NDef.1Sg]	9	8570080167	6911	-1.978742375018633	0.906556008511011	12	4	12	4	TRUE	4	Vdik
gyeplabdázok	gyeplabdázik	[/V][Prs.NDef.1Sg]	2	8570080167	33	-2.6319548887939765	-1.4144709445800705	12	4	12	4	TRUE	2	zik
gyerekeskedek	gyerekeskedik	[/V][Prs.NDef.1Sg]	7	8570080167	1144	-2.087886844443701	0.12544113999904755	13	5	13	5	TRUE	4	Vdik
gyulladozok	gyulladozik	[/V][Prs.NDef.1Sg]	1	8570080167	64	-2.932984884457958	-1.1268049104740707	11	4	11	4	TRUE	1	zik
gyámkodok	gyámkodik	[/V][Prs.NDef.1Sg]	1	8570080167	461	-2.932984884457958	-0.26928395906830965	9	3	9	3	TRUE	1	Vdik
gyökeredzek	gyökeredzik	[/V][Prs.NDef.1Sg]	1	8570080167	3833	-2.932984884457958	0.6505539347963942	11	4	11	4	TRUE	1	zik
gyökeresedek	gyökeresedik	[/V][Prs.NDef.1Sg]	2	8570080167	1771	-2.6319548887939765	0.31523367673211694	12	5	12	5	TRUE	2	Vdik
gyökerezek	gyökerezik	[/V][Prs.NDef.1Sg]	18	8570080167	34269	-1.6777123793546518	1.6019165470562864	10	4	10	4	TRUE	6	zik
gyöngyözök	gyöngyözik	[/V][Prs.NDef.1Sg]	34	8570080167	7379	-1.4015059674157029	0.9350126258869934	10	3	10	3	TRUE	7	zik
gyönyörködök	gyönyörködik	[/V][Prs.NDef.1Sg]	338	8570080167	112176	-0.4040681841803031	2.1169150653098563	12	4	12	4	TRUE	9	Vdik
gyötrődök	gyötrődik	[/V][Prs.NDef.1Sg]	59	8570080167	7873	-1.1621328728158136	0.9631553669840618	9	3	9	3	TRUE	7	stem
gyúródok	gyúródik	[/V][Prs.NDef.1Sg]	2	8570080167	339	-2.6319548887939765	-0.4027851862548757	8	3	8	3	TRUE	2	stem
gyülekezek	gyülekezik	[/V][Prs.NDef.1Sg]	13	8570080167	44039	-1.819041532151121	1.710852564365538	10	4	10	4	TRUE	5	zik
gyülemlek	gyülemlik	[/V][Prs.NDef.1Sg]	2	8570080167	2336	-2.6319548887939765	0.435487953982404	9	3	9	3	TRUE	2	lik
gyümölcsözök	gyümölcsözik	[/V][Prs.NDef.1Sg]	2	8570080167	1724	-2.6319548887939765	0.3035523770307361	12	4	12	4	TRUE	2	zik
gyürkőzök	gyürkőzik	[/V][Prs.NDef.1Sg]	10	8570080167	975	-1.9329848844579576	0.056019731240579	9	3	9	3	TRUE	5	zik
győzedelmeskedek	győzedelmeskedik	[/V][Prs.NDef.1Sg]	10	8570080167	24170	-1.9329848844579576	1.4502917659496926	16	6	16	6	TRUE	5	Vdik
győzködök	győzködik	[/V][Prs.NDef.1Sg]	1	8570080167	210	-2.932984884457958	-0.6107655897240386	9	3	9	3	TRUE	1	Vdik
győződök	győződik	[/V][Prs.NDef.1Sg]	52	8570080167	138711	-1.2169815408231586	2.209126018215	8	3	8	3	TRUE	7	stem
gyűlök	gyűlik	[/V][Prs.NDef.1Sg]	11	8570080167	173964	-1.8915921992997329	2.3074745004973765	6	2	6	2	TRUE	5	lik
gyűlölködök	gyűlölködik	[/V][Prs.NDef.1Sg]	71	8570080167	6178	-1.0817265357388826	0.857863019507474	11	4	11	4	TRUE	8	Vdik
gyűrődök	gyűrődik	[/V][Prs.NDef.1Sg]	4	8570080167	5974	-2.3309248931299953	0.8432803338101517	8	3	8	3	TRUE	3	stem
gyűrűsödök	gyűrűsödik	[/V][Prs.NDef.1Sg]	1	8570080167	2	-2.932984884457958	-2.6319548887939765	10	4	10	4	TRUE	1	Vdik
gáncsoskodok	gáncsoskodik	[/V][Prs.NDef.1Sg]	4	8570080167	430	-2.3309248931299953	-0.2995164288783713	12	4	12	4	TRUE	3	Vdik
gémberedek	gémberedik	[/V][Prs.NDef.1Sg]	4	8570080167	379	-2.3309248931299953	-0.35434567448988546	10	4	10	4	TRUE	3	Vdik
gógyizok	gógyizik	[/V][Prs.NDef.1Sg]	1	8570080167	23	-2.932984884457958	-1.571257048440365	8	3	8	3	TRUE	1	zik
gömbölyödök	gömbölyödik	[/V][Prs.NDef.1Sg]	36	8570080167	3513	-1.3766823836906703	0.6126932653340678	11	4	11	4	TRUE	7	Vdik
görnyedezek	görnyedezik	[/V][Prs.NDef.1Sg]	9	8570080167	804	-1.978742375018633	-0.02772883570950659	11	4	11	4	TRUE	4	zik
gúnyolódok	gúnyolódik	[/V][Prs.NDef.1Sg]	196	8570080167	12545	-0.6407288131014818	1.1654857811926715	10	4	10	4	TRUE	9	stem
gürizek	gürizik	[/V][Prs.NDef.1Sg]	173	8570080167	2101	-0.6949387813291624	0.3894411679479947	7	3	7	3	TRUE	9	zik
gőgösködök	gőgösködik	[/V][Prs.NDef.1Sg]	1	8570080167	206	-2.932984884457958	-0.6191176640888044	10	4	10	4	TRUE	1	Vdik
habarodok	habarodik	[/V][Prs.NDef.1Sg]	6	8570080167	1327	-2.1548336340743144	0.1898860384064777	9	4	9	4	TRUE	4	Vdik
habozok	habozik	[/V][Prs.NDef.1Sg]	402	8570080167	56137	-0.32875883137348777	1.816264315463929	7	3	7	3	TRUE	9	zik
habzok	habzik	[/V][Prs.NDef.1Sg]	4	8570080167	11630	-2.3309248931299953	1.132594830270491	6	2	6	2	TRUE	3	zik
hadakozok	hadakozik	[/V][Prs.NDef.1Sg]	99	8570080167	14604	-0.937349689860408	1.231486939819732	9	4	9	4	TRUE	8	zik
hadonászok	hadonászik	[/V][Prs.NDef.1Sg]	161	8570080167	10296	-0.7261590084261081	1.0796836494383724	10	4	10	4	TRUE	9	szik
hagyakozok	hagyakozik	[/V][Prs.NDef.1Sg]	1	8570080167	116	-2.932984884457958	-0.8685268952310394	10	4	10	4	TRUE	1	zik
hagyatkozok	hagyatkozik	[/V][Prs.NDef.1Sg]	221	8570080167	65502	-0.5885926107728471	1.8832696762315837	11	4	11	4	TRUE	9	zik
hahotázok	hahotázik	[/V][Prs.NDef.1Sg]	60	8570080167	3528	-1.1548336340743142	0.6145436920018242	9	4	9	4	TRUE	7	zik
hajcsizok	hajcsizik	[/V][Prs.NDef.1Sg]	1	8570080167	6	-2.932984884457958	-2.1548336340743144	9	3	9	3	TRUE	1	zik
hajlok	hajlik	[/V][Prs.NDef.1Sg]	7684	8570080167	62306	0.9526024717316982	1.8615449863010691	6	2	6	2	TRUE	10	lik
hajnalodok	hajnalodik	[/V][Prs.NDef.1Sg]	1	8570080167	3624	-2.932984884457958	0.6262033045468177	10	4	10	4	TRUE	1	Vdik
hajókázok	hajókázik	[/V][Prs.NDef.1Sg]	15	8570080167	4918	-1.756893625402277	0.7588036399447405	9	4	9	4	TRUE	5	zik
hajózok	hajózik	[/V][Prs.NDef.1Sg]	386	8570080167	33540	-0.3463975797862029	1.592578173812109	7	3	7	3	TRUE	9	zik
haknizok	haknizik	[/V][Prs.NDef.1Sg]	12	8570080167	1370	-1.853803638410333	0.2037356826984489	8	3	8	3	TRUE	5	zik
haldoklok	haldoklik	[/V][Prs.NDef.1Sg]	102	8570080167	21831	-0.9243847126960404	1.4060887451831563	9	3	9	3	TRUE	8	lik
hallatszok	hallatszik	[/V][Prs.NDef.1Sg]	3	8570080167	66547	-2.455863629738295	1.8901435973991243	10	3	10	3	TRUE	3	szik
hallgatózok	hallgatózik	[/V][Prs.NDef.1Sg]	125	8570080167	8614	-0.8360748714499014	1.0022199829686234	11	4	11	4	TRUE	8	zik
halmozódok	halmozódik	[/V][Prs.NDef.1Sg]	1	8570080167	31519	-2.932984884457958	1.5655875457627566	10	4	10	4	TRUE	1	stem
halványodok	halványodik	[/V][Prs.NDef.1Sg]	2	8570080167	5957	-2.6319548887939765	0.8420427156408868	11	4	11	4	TRUE	2	Vdik
halálozok	halálozik	[/V][Prs.NDef.1Sg]	9	8570080167	868	-1.978742375018633	0.00553484071853401	9	4	9	4	TRUE	4	zik
halódok	halódik	[/V][Prs.NDef.1Sg]	7	8570080167	1397	-2.087886844443701	0.2122115216562241	7	3	7	3	TRUE	4	stem
hamarkodok	hamarkodik	[/V][Prs.NDef.1Sg]	4	8570080167	1217	-2.3309248931299953	0.15230569377210718	10	4	10	4	TRUE	3	Vdik
hamizok	hamizik	[/V][Prs.NDef.1Sg]	2	8570080167	60	-2.6319548887939765	-1.1548336340743142	7	3	7	3	TRUE	2	zik
hancúrozok	hancúrozik	[/V][Prs.NDef.1Sg]	10	8570080167	4623	-1.9329848844579576	0.7319390089801239	10	4	10	4	TRUE	5	zik
handabandázok	handabandázik	[/V][Prs.NDef.1Sg]	6	8570080167	577	-2.1548336340743144	-0.1718090713022264	13	5	13	5	TRUE	4	zik
hangolódok	hangolódik	[/V][Prs.NDef.1Sg]	174	8570080167	27076	-0.6924356361753581	1.499599620967263	10	4	10	4	TRUE	9	stem
hangoskodok	hangoskodik	[/V][Prs.NDef.1Sg]	54	8570080167	8641	-1.2005911246349894	1.003579120677308	11	4	11	4	TRUE	7	Vdik
hangzok	hangzik	[/V][Prs.NDef.1Sg]	76	8570080167	530652	-1.0521712921771664	2.7918249209443333	7	2	7	2	TRUE	8	zik
hanyatlok	hanyatlik	[/V][Prs.NDef.1Sg]	47	8570080167	15385	-1.2608870265222405	1.2541126161255194	9	3	9	3	TRUE	7	lik
hapcizok	hapcizik	[/V][Prs.NDef.1Sg]	11	8570080167	222	-1.8915921992997329	-0.5866319100073193	8	3	8	3	TRUE	5	zik
haragszok	haragszik	[/V][Prs.NDef.1Sg]	812	8570080167	129179	-0.02342885521678251	2.178207033803339	9	3	9	3	TRUE	10	szik
harangozok	harangozik	[/V][Prs.NDef.1Sg]	62	8570080167	13662	-1.140593194959704	1.2025293965408286	10	4	10	4	TRUE	8	zik
harmonikázok	harmonikázik	[/V][Prs.NDef.1Sg]	20	8570080167	1234	-1.6319548887939763	0.15833027523926502	12	5	12	5	TRUE	6	zik
hasadozok	hasadozik	[/V][Prs.NDef.1Sg]	1	8570080167	443	-2.932984884457958	-0.2865811582348882	9	4	9	4	TRUE	1	zik
hasonlok	hasonlik	[/V][Prs.NDef.1Sg]	1713	8570080167	2084	0.3007724785075527	0.385912830169529	8	3	8	3	TRUE	10	lik
használódok	használódik	[/V][Prs.NDef.1Sg]	8	8570080167	5306	-2.0298948974660145	0.7917823611883525	11	4	11	4	TRUE	4	stem
haszontalankodok	haszontalankodik	[/V][Prs.NDef.1Sg]	2	8570080167	65	-2.6319548887939765	-1.1200715278151023	16	6	16	6	TRUE	2	Vdik
hatalmaskodok	hatalmaskodik	[/V][Prs.NDef.1Sg]	8	8570080167	1696	-2.0298948974660145	0.2964409634627372	13	5	13	5	TRUE	4	Vdik
hatódok	hatódik	[/V][Prs.NDef.1Sg]	85	8570080167	3690	-1.0035659587436652	0.6340414817011025	7	3	7	3	TRUE	8	stem
havazok	havazik	[/V][Prs.NDef.1Sg]	11	8570080167	16393	-1.8915921992997329	1.2816735544219606	7	3	7	3	TRUE	5	zik
haverkodok	haverkodik	[/V][Prs.NDef.1Sg]	149	8570080167	3524	-0.7597986160456838	0.6140510152820525	10	4	10	4	TRUE	9	Vdik
hazakéredzkedek	hazakéredzkedik	[/V][Prs.NDef.1Sg]	1	8570080167	62	-2.932984884457958	-1.140593194959704	15	6	15	6	TRUE	1	Vdik
hazudok	hazudik	[/V][Prs.NDef.1Sg]	6219	8570080167	206336	0.8607356723555655	2.381590122658982	7	3	7	3	TRUE	10	stem
hazudozok	hazudozik	[/V][Prs.NDef.1Sg]	225	8570080167	13233	-0.5808023663465953	1.188673428040112	9	4	9	4	TRUE	9	zik
heccelődök	heccelődik	[/V][Prs.NDef.1Sg]	2	8570080167	187	-2.6319548887939765	-0.6611432779214589	10	4	10	4	TRUE	2	stem
helyezkedek	helyezkedik	[/V][Prs.NDef.1Sg]	465	8570080167	435311	-0.2655319315680039	2.7058147571514084	11	4	11	4	TRUE	10	Vdik
hempergőzök	hempergőzik	[/V][Prs.NDef.1Sg]	4	8570080167	284	-2.3309248931299953	-0.4796665444109201	11	4	11	4	TRUE	3	zik
hengeredek	hengeredik	[/V][Prs.NDef.1Sg]	6	8570080167	413	-2.1548336340743144	-0.3170348328015568	10	4	10	4	TRUE	4	Vdik
henteredek	henteredik	[/V][Prs.NDef.1Sg]	1	8570080167	35	-2.932984884457958	-1.388916840107682	10	4	10	4	TRUE	1	Vdik
hepciáskodok	hepciáskodik	[/V][Prs.NDef.1Sg]	12	8570080167	659	-1.853803638410333	-0.11409946986394796	12	5	12	5	TRUE	5	Vdik
hervadozok	hervadozik	[/V][Prs.NDef.1Sg]	3	8570080167	992	-2.455863629738295	0.06352678769622086	10	4	10	4	TRUE	3	zik
hetvenkedek	hetvenkedik	[/V][Prs.NDef.1Sg]	18	8570080167	756	-1.6777123793546518	-0.05446308895675132	11	4	11	4	TRUE	6	Vdik
heveredek	heveredik	[/V][Prs.NDef.1Sg]	34	8570080167	2283	-1.4015059674157029	0.4255210270322774	9	4	9	4	TRUE	7	Vdik
heverészek	heverészik	[/V][Prs.NDef.1Sg]	233	8570080167	9293	-0.5656289634319388	1.0351710526920126	10	4	10	4	TRUE	9	szik
heveskedek	heveskedik	[/V][Prs.NDef.1Sg]	3	8570080167	472	-2.455863629738295	-0.25904288582387003	10	4	10	4	TRUE	3	Vdik
hibádzok	hibádzik	[/V][Prs.NDef.1Sg]	1	8570080167	5785	-2.932984884457958	0.8293184788298106	8	3	8	3	TRUE	1	zik
hibásodok	hibásodik	[/V][Prs.NDef.1Sg]	1	8570080167	6561	-2.932984884457958	0.8839851532993417	9	4	9	4	TRUE	1	Vdik
hibázok	hibázik	[/V][Prs.NDef.1Sg]	1776	8570080167	154009	0.31645807698462436	2.254561216483231	7	3	7	3	TRUE	10	zik
himbálódzok	himbálózik	[/V][Prs.NDef.1Sg]	1	8570080167	3641	-2.932984884457958	0.6282357944759859	11	4	10	4	TRUE	1	zik
hintázok	hintázik	[/V][Prs.NDef.1Sg]	72	8570080167	9317	-1.0756523880266893	1.036291211030974	8	3	8	3	TRUE	8	zik
hisztizek	hisztizik	[/V][Prs.NDef.1Sg]	739	8570080167	19664	-0.06434044606313209	1.360686981084421	9	3	9	3	TRUE	10	zik
hitetlenkedek	hitetlenkedik	[/V][Prs.NDef.1Sg]	124	8570080167	11667	-0.8395631992957228	1.1339743134091644	13	5	13	5	TRUE	8	Vdik
hivalkodok	hivalkodik	[/V][Prs.NDef.1Sg]	11	8570080167	3478	-1.8915921992997329	0.6083446932087359	10	4	10	4	TRUE	5	Vdik
hivatkozok	hivatkozik	[/V][Prs.NDef.1Sg]	973	8570080167	508241	0.05512795581039407	2.7730848123751004	10	4	10	4	TRUE	10	zik
hiányozok	hiányozik	[/V][Prs.NDef.1Sg]	1	8570080167	58910	-2.932984884457958	1.8372041382780355	9	4	9	4	TRUE	1	zik
hiányzok	hiányzik	[/V][Prs.NDef.1Sg]	625	8570080167	686890	-0.1371048671138826	2.903902309343964	8	3	8	3	TRUE	10	zik
hokizok	hokizik	[/V][Prs.NDef.1Sg]	68	8570080167	1800	-1.1004759717517214	0.3222876206453482	7	3	7	3	TRUE	8	zik
homokozok	homokozik	[/V][Prs.NDef.1Sg]	20	8570080167	2536	-1.6319548887939763	0.4711643647517373	9	4	9	4	TRUE	6	zik
homálylok	homálylik	[/V][Prs.NDef.1Sg]	1	8570080167	112	-2.932984884457958	-0.8837668617877762	9	3	9	3	TRUE	1	lik
homályosodok	homályosodik	[/V][Prs.NDef.1Sg]	1	8570080167	1033	-2.932984884457958	0.08111543706166276	12	5	12	5	TRUE	1	Vdik
hozakodok	hozakodik	[/V][Prs.NDef.1Sg]	125	8570080167	6156	-0.8360748714499014	0.8563137267014833	9	4	9	4	TRUE	8	Vdik
hugyozok	hugyozik	[/V][Prs.NDef.1Sg]	155	8570080167	3653	-0.7426531862876663	0.6296647877539588	8	3	8	3	TRUE	9	zik
huligánkodok	huligánkodik	[/V][Prs.NDef.1Sg]	2	8570080167	137	-2.6319548887939765	-0.796264317301551	12	5	12	5	TRUE	2	Vdik
hullámzok	hullámzik	[/V][Prs.NDef.1Sg]	55	8570080167	19472	-1.192622194963714	1.356425676428032	9	3	9	3	TRUE	7	zik
huncutkodok	huncutkodik	[/V][Prs.NDef.1Sg]	15	8570080167	1518	-1.756893625402277	0.24828688710150373	11	4	11	4	TRUE	5	Vdik
hunyászkodok	hunyászkodik	[/V][Prs.NDef.1Sg]	5	8570080167	685	-2.234014880121939	-0.09729431296553229	12	4	12	4	TRUE	3	Vdik
hurcolkodok	hurcolkodik	[/V][Prs.NDef.1Sg]	6	8570080167	745	-2.1548336340743144	-0.06082861170966497	11	4	11	4	TRUE	4	Vdik
huzakodok	huzakodik	[/V][Prs.NDef.1Sg]	13	8570080167	1262	-1.819041532151121	0.16807447045015764	9	4	9	4	TRUE	5	Vdik
háborodok	háborodik	[/V][Prs.NDef.1Sg]	172	8570080167	17472	-0.6974564375504089	1.3093577365666853	9	4	9	4	TRUE	9	Vdik
háborúzok	háborúzik	[/V][Prs.NDef.1Sg]	56	8570080167	11765	-1.1847968574517571	1.1376070470540822	9	4	9	4	TRUE	7	zik
hájasodok	hájasodik	[/V][Prs.NDef.1Sg]	3	8570080167	91	-2.455863629738295	-0.9739434921368644	9	4	9	4	TRUE	3	Vdik
hálálkodok	hálálkodik	[/V][Prs.NDef.1Sg]	22	8570080167	5921	-1.5905622036357516	0.8394101766240424	10	4	10	4	TRUE	6	Vdik
hámlok	hámlik	[/V][Prs.NDef.1Sg]	27	8570080167	4793	-1.5016211202989704	0.74762254453383	6	2	6	2	TRUE	6	lik
hánykolódok	hánykolódik	[/V][Prs.NDef.1Sg]	42	8570080167	5657	-1.3097355940600577	0.8196012942824514	11	4	11	4	TRUE	7	stem
hánykódok	hánykódik	[/V][Prs.NDef.1Sg]	6	8570080167	1146	-2.1548336340743144	0.12619973317341338	9	3	9	3	TRUE	4	stem
hányódok	hányódik	[/V][Prs.NDef.1Sg]	4	8570080167	3101	-2.3309248931299953	0.5585168817793685	8	3	8	3	TRUE	3	stem
hátrahajlok	hátrahajlik	[/V][Prs.NDef.1Sg]	6	8570080167	383	-2.1548336340743144	-0.3497861104893351	11	4	11	4	TRUE	4	lik
házasodok	házasodik	[/V][Prs.NDef.1Sg]	78	8570080167	48749	-1.0408902817674774	1.7549808268804692	9	4	9	4	TRUE	8	Vdik
hírlek	hírlik	[/V][Prs.NDef.1Sg]	2	8570080167	8945	-2.6319548887939765	1.018595460445434	6	2	6	2	TRUE	2	lik
hízelkedek	hízelkedik	[/V][Prs.NDef.1Sg]	2	8570080167	687	-2.6319548887939765	-0.09602814739840738	10	4	10	4	TRUE	2	Vdik
hízok	hízik	[/V][Prs.NDef.1Sg]	1529	8570080167	63813	0.2514226009543623	1.8719242778547551	5	2	5	2	TRUE	10	zik
hólabdázok	hólabdázik	[/V][Prs.NDef.1Sg]	1	8570080167	22	-2.932984884457958	-1.5905622036357516	10	4	10	4	TRUE	1	zik
hólyagosodok	hólyagosodik	[/V][Prs.NDef.1Sg]	1	8570080167	1171	-2.932984884457958	0.13557201061440527	12	5	12	5	TRUE	1	Vdik
húzódok	húzódik	[/V][Prs.NDef.1Sg]	406	8570080167	188010	-0.3244588508807637	2.3411960649616756	7	3	7	3	TRUE	10	stem
húzódozok	húzódozik	[/V][Prs.NDef.1Sg]	19	8570080167	2929	-1.654231283505129	0.5337344872236408	9	4	9	4	TRUE	6	zik
húzódzkodok	húzódzkodik	[/V][Prs.NDef.1Sg]	101	8570080167	1709	-0.9286635106753152	0.299757178262779	11	4	11	4	TRUE	8	Vdik
hüledezek	hüledezik	[/V][Prs.NDef.1Sg]	147	8570080167	4646	-0.7656675497097818	0.7340943210062588	9	4	9	4	TRUE	9	zik
hülyéskedek	hülyéskedik	[/V][Prs.NDef.1Sg]	518	8570080167	8587	-0.2186551247127248	1.0008565784407637	11	4	11	4	TRUE	10	Vdik
hősködök	hősködik	[/V][Prs.NDef.1Sg]	18	8570080167	1727	-1.6777123793546518	0.3043074531095009	8	3	8	3	TRUE	6	Vdik
hűtlenkedek	hűtlenkedik	[/V][Prs.NDef.1Sg]	6	8570080167	605	-2.1548336340743144	-0.15122950980548894	11	4	11	4	TRUE	4	Vdik
idegenedek	idegenedik	[/V][Prs.NDef.1Sg]	7	8570080167	768	-2.087886844443701	-0.04762366442644582	10	5	10	5	TRUE	4	Vdik
idegenkedek	idegenkedik	[/V][Prs.NDef.1Sg]	433	8570080167	24833	-0.29649698810459235	1.4620443040754154	11	5	11	5	TRUE	10	Vdik
idegeskedek	idegeskedik	[/V][Prs.NDef.1Sg]	685	8570080167	17271	-0.09729431296553229	1.304332599716839	11	5	11	5	TRUE	10	Vdik
idétlenkedek	idétlenkedik	[/V][Prs.NDef.1Sg]	24	8570080167	901	-1.552773642746352	0.02173990652110518	12	5	12	5	TRUE	6	Vdik
idősödök	idősödik	[/V][Prs.NDef.1Sg]	41	8570080167	4870	-1.3202010277382223	0.7545440767566765	8	4	8	4	TRUE	7	Vdik
időzök	időzik	[/V][Prs.NDef.1Sg]	487	8570080167	35735	-0.24545592324332355	1.620108901979228	6	3	6	3	TRUE	10	zik
igazodok	igazodik	[/V][Prs.NDef.1Sg]	451	8570080167	195863	-0.2788083425799973	2.3589675177771934	8	4	8	4	TRUE	10	Vdik
igazolódok	igazolódik	[/V][Prs.NDef.1Sg]	1	8570080167	20486	-2.932984884457958	1.3784722839230727	10	5	10	5	TRUE	1	stem
igyekszek	igyekszik	[/V][Prs.NDef.1Sg]	4306	8570080167	1372052	0.7010891410295106	3.2043856867415696	9	3	9	3	TRUE	10	szik
igázok	igázik	[/V][Prs.NDef.1Sg]	7	8570080167	522	-2.087886844443701	-0.2153143814556957	6	3	6	3	TRUE	4	zik
ijedezek	ijedezik	[/V][Prs.NDef.1Sg]	17	8570080167	1072	-1.702535963079684	0.09720990089879336	8	4	8	4	TRUE	6	zik
illeszkedek	illeszkedik	[/V][Prs.NDef.1Sg]	61	8570080167	221161	-1.1476550494471909	2.411723660516012	11	4	11	4	TRUE	8	Vdik
illetlenkedek	illetlenkedik	[/V][Prs.NDef.1Sg]	3	8570080167	141	-2.455863629738295	-0.783765771802578	13	5	13	5	TRUE	3	Vdik
illetődök	illetődik	[/V][Prs.NDef.1Sg]	2	8570080167	1961	-2.6319548887939765	0.35949270920982623	9	4	9	4	TRUE	2	stem
illek	illik	[/V][Prs.NDef.1Sg]	730	8570080167	433674	-0.06966202433750192	2.7041785012716058	5	2	5	2	TRUE	10	stem
imádkozok	imádkozik	[/V][Prs.NDef.1Sg]	995	8570080167	319092	0.06483819628776764	2.570931031614563	9	4	9	4	TRUE	10	zik
incselkedek	incselkedik	[/V][Prs.NDef.1Sg]	29	8570080167	3134	-1.4705868865590015	0.5631141076746135	11	4	11	4	TRUE	6	Vdik
indulatoskodok	indulatoskodik	[/V][Prs.NDef.1Sg]	1	8570080167	171	-2.932984884457958	-0.6999887740658041	14	6	14	6	TRUE	1	Vdik
informálódok	informálódik	[/V][Prs.NDef.1Sg]	162	8570080167	20387	-0.7234698699153269	1.376368438460822	12	5	12	5	TRUE	9	stem
ingadozok	ingadozik	[/V][Prs.NDef.1Sg]	103	8570080167	33254	-0.9201476597527856	1.588859007991514	9	4	9	4	TRUE	8	zik
ingerkedek	ingerkedik	[/V][Prs.NDef.1Sg]	1	8570080167	578	-2.932984884457958	-0.17105704603742883	10	4	10	4	TRUE	1	Vdik
ingázok	ingázik	[/V][Prs.NDef.1Sg]	426	8570080167	17703	-0.3035752853552389	1.3150619849007037	7	3	7	3	TRUE	10	zik
integrálódok	integrálódik	[/V][Prs.NDef.1Sg]	7	8570080167	20468	-2.087886844443701	1.3780905238421215	12	5	12	5	TRUE	4	stem
internetezek	internetezik	[/V][Prs.NDef.1Sg]	527	8570080167	18384	-0.21117426924541124	1.3314551268862522	12	5	12	5	TRUE	10	zik
intézkedek	intézkedik	[/V][Prs.NDef.1Sg]	376	8570080167	119410	-0.3577970395302968	2.144055813884503	10	4	10	4	TRUE	9	Vdik
iparkodok	iparkodik	[/V][Prs.NDef.1Sg]	99	8570080167	13706	-0.937349689860408	1.203925843023418	9	4	9	4	TRUE	8	Vdik
iparosodok	iparosodik	[/V][Prs.NDef.1Sg]	2	8570080167	186	-2.6319548887939765	-0.6634719402400415	10	5	10	5	TRUE	2	Vdik
iramlok	iramlik	[/V][Prs.NDef.1Sg]	9	8570080167	847	-1.978742375018633	-0.00510147412725094	7	3	7	3	TRUE	4	lik
iramodok	iramodik	[/V][Prs.NDef.1Sg]	54	8570080167	4404	-1.2005911246349894	0.7108624258417564	8	4	8	4	TRUE	7	Vdik
iratkozok	iratkozik	[/V][Prs.NDef.1Sg]	95	8570080167	135875	-0.95526127916911	2.200154672636393	9	4	9	4	TRUE	8	zik
irigykedek	irigykedik	[/V][Prs.NDef.1Sg]	684	8570080167	28990	-0.09792878273784164	1.5292633308970396	10	4	10	4	TRUE	10	Vdik
irtózok	irtózik	[/V][Prs.NDef.1Sg]	242	8570080167	15667	-0.5491695184775266	1.262000958967923	7	3	7	3	TRUE	9	zik
ismerkedek	ismerkedik	[/V][Prs.NDef.1Sg]	3586	8570080167	344220	0.6216254007682062	2.6038512158081266	10	4	10	4	TRUE	10	Vdik
ismerszek	ismerszik	[/V][Prs.NDef.1Sg]	3	8570080167	7941	-2.455863629738295	0.9668903115630528	9	3	9	3	TRUE	3	szik
ismétlődek	ismétlődik	[/V][Prs.NDef.1Sg]	3	8570080167	40309	-2.455863629738295	1.6724171396968566	10	4	10	4	TRUE	3	stem
istenkedek	istenkedik	[/V][Prs.NDef.1Sg]	2	8570080167	212	-2.6319548887939765	-0.6066490235292064	10	4	10	4	TRUE	2	Vdik
iszok	iszik	[/V][Prs.NDef.1Sg]	9429	8570080167	651299	1.0414807512792847	2.8807955269038796	5	2	5	2	TRUE	10	szik
iszonyodok	iszonyodik	[/V][Prs.NDef.1Sg]	35	8570080167	3335	-1.388916840107682	0.5901109537946099	10	4	10	4	TRUE	7	Vdik
italozok	italozik	[/V][Prs.NDef.1Sg]	14	8570080167	3410	-1.7868568487797198	0.5997694945345399	8	4	8	4	TRUE	5	zik
itatódok	itatódik	[/V][Prs.NDef.1Sg]	1	8570080167	587	-2.932984884457958	-0.16434678321034332	8	4	8	4	TRUE	1	stem
izgágáskodok	izgágáskodik	[/V][Prs.NDef.1Sg]	4	8570080167	102	-2.3309248931299953	-0.9243847126960404	12	5	12	5	TRUE	3	Vdik
izmosodok	izmosodik	[/V][Prs.NDef.1Sg]	43	8570080167	4740	-1.2995164288783714	0.7427934572161272	9	4	9	4	TRUE	7	Vdik
izolálódok	izolálódik	[/V][Prs.NDef.1Sg]	2	8570080167	876	-2.6319548887939765	0.00951922171012292	10	5	10	5	TRUE	2	stem
izzok	izzik	[/V][Prs.NDef.1Sg]	295	8570080167	23399	-0.4631628684797948	1.4362124129623577	5	2	5	2	TRUE	9	zik
jelentkezek	jelentkezik	[/V][Prs.NDef.1Sg]	3113	8570080167	1317571	0.5601942362245574	3.1867891429009334	11	4	11	4	TRUE	10	zik
jeleskedek	jeleskedik	[/V][Prs.NDef.1Sg]	109	8570080167	26740	-0.8955583865173342	1.4941765184680078	10	4	10	4	TRUE	8	Vdik
jogászkodok	jogászkodik	[/V][Prs.NDef.1Sg]	5	8570080167	881	-2.234014880121939	0.01199102395409011	11	4	11	4	TRUE	3	Vdik
juhászkodok	juhászkodik	[/V][Prs.NDef.1Sg]	1	8570080167	105	-2.932984884457958	-0.9117955853880196	11	4	11	4	TRUE	1	Vdik
játszadozok	játszadozik	[/V][Prs.NDef.1Sg]	92	8570080167	20243	-0.9691970571124026	1.373289990651389	11	4	11	4	TRUE	8	zik
játszok	játszik	[/V][Prs.NDef.1Sg]	13656	8570080167	2672605	1.2023386236487197	3.4939498921075405	7	2	7	2	TRUE	10	szik
játszódok	játszódik	[/V][Prs.NDef.1Sg]	16	8570080167	142955	-1.728864901802033	2.222214465403481	9	3	9	3	TRUE	5	stem
jégkorongozok	jégkorongozik	[/V][Prs.NDef.1Sg]	14	8570080167	1416	-1.7868568487797198	0.21807836889579235	13	5	13	5	TRUE	5	zik
jódlizok	jódlizik	[/V][Prs.NDef.1Sg]	2	8570080167	287	-2.6319548887939765	-0.47510298772396553	8	3	8	3	TRUE	2	zik
jógázok	jógázik	[/V][Prs.NDef.1Sg]	319	8570080167	7512	-0.4291942014007767	0.9427706948000968	7	3	7	3	TRUE	9	zik
jólesek	jólesik	[/V][Prs.NDef.1Sg]	4	8570080167	54288	-2.3309248931299953	1.8017189578430848	7	3	7	3	TRUE	3	stem
jóllakok	jóllakik	[/V][Prs.NDef.1Sg]	119	8570080167	27189	-0.8574379230654271	1.5014083502546476	8	3	8	3	TRUE	8	stem
jótékonykodok	jótékonykodik	[/V][Prs.NDef.1Sg]	33	8570080167	7517	-1.4144709445800705	0.9430596657881372	13	5	13	5	TRUE	7	Vdik
józanodok	józanodik	[/V][Prs.NDef.1Sg]	24	8570080167	1799	-1.552773642746352	0.3220462788875935	9	4	9	4	TRUE	6	Vdik
kacarászok	kacarászik	[/V][Prs.NDef.1Sg]	44	8570080167	1946	-1.2895322079717704	0.3561579514743753	10	4	10	4	TRUE	7	szik
kacérkodok	kacérkodik	[/V][Prs.NDef.1Sg]	298	8570080167	13978	-0.4587686203817026	1.212460151679848	10	4	10	4	TRUE	9	Vdik
kajakozok	kajakozik	[/V][Prs.NDef.1Sg]	51	8570080167	4622	-1.2254147083600215	0.7318450566851327	9	4	9	4	TRUE	7	zik
kajánkodok	kajánkodik	[/V][Prs.NDef.1Sg]	17	8570080167	917	-1.702535963079684	0.02938445121206326	10	4	10	4	TRUE	6	Vdik
kakaskodok	kakaskodik	[/V][Prs.NDef.1Sg]	4	8570080167	935	-2.3309248931299953	0.03782672641455994	10	4	10	4	TRUE	3	Vdik
kallódok	kallódik	[/V][Prs.NDef.1Sg]	8	8570080167	5181	-2.0298948974660145	0.7814287078291634	8	3	8	3	TRUE	4	stem
kalózkodok	kalózkodik	[/V][Prs.NDef.1Sg]	12	8570080167	1080	-1.853803638410333	0.10043887102899184	10	4	10	4	TRUE	5	Vdik
kamaszodok	kamaszodik	[/V][Prs.NDef.1Sg]	6	8570080167	1964	-2.1548336340743144	0.3601565989929731	10	4	10	4	TRUE	4	Vdik
kamatozok	kamatozik	[/V][Prs.NDef.1Sg]	2	8570080167	32078	-2.6319548887939765	1.5732223985942977	9	4	9	4	TRUE	2	zik
kamerázok	kamerázik	[/V][Prs.NDef.1Sg]	50	8570080167	3140	-1.234014880121939	0.563944763615257	9	4	9	4	TRUE	7	zik
kanyarodok	kanyarodik	[/V][Prs.NDef.1Sg]	928	8570080167	54424	0.0345630917609042	1.8028055734945532	10	4	10	4	TRUE	10	Vdik
kanászodok	kanászodik	[/V][Prs.NDef.1Sg]	1	8570080167	117	-2.932984884457958	-0.8647990227117962	10	4	10	4	TRUE	1	Vdik
kaparászok	kaparászik	[/V][Prs.NDef.1Sg]	27	8570080167	2081	-1.5016211202989704	0.3852871957536691	10	4	10	4	TRUE	6	szik
kapaszkodok	kapaszkodik	[/V][Prs.NDef.1Sg]	947	8570080167	113682	0.0433650945453156	2.1227068210431166	11	4	11	4	TRUE	10	Vdik
kapcsolódok	kapcsolódik	[/V][Prs.NDef.1Sg]	659	8570080167	635457	-0.11409946986394796	2.870101283658592	11	4	11	4	TRUE	10	stem
kapálózok	kapálózik	[/V][Prs.NDef.1Sg]	128	8570080167	6110	-0.8257749148100895	0.8530563257845964	9	4	9	4	TRUE	8	zik
karambolozok	karambolozik	[/V][Prs.NDef.1Sg]	36	8570080167	6946	-1.3766823836906703	0.9087498945167856	12	5	12	5	TRUE	7	zik
karatézok	karatézik	[/V][Prs.NDef.1Sg]	40	8570080167	2810	-1.3309248931299955	0.515721435447122	9	4	9	4	TRUE	7	zik
karcsúsodok	karcsúsodik	[/V][Prs.NDef.1Sg]	4	8570080167	1804	-2.3309248931299953	0.3232516487479651	11	4	11	4	TRUE	3	Vdik
kardoskodok	kardoskodik	[/V][Prs.NDef.1Sg]	103	8570080167	6275	-0.9201476597527856	0.8646288456951179	11	4	11	4	TRUE	8	Vdik
katonáskodok	katonáskodik	[/V][Prs.NDef.1Sg]	1	8570080167	2521	-2.932984884457958	0.46858796121848806	12	5	12	5	TRUE	1	Vdik
kavarodok	kavarodik	[/V][Prs.NDef.1Sg]	25	8570080167	2978	-1.5350448757859203	0.5409398089581995	9	4	9	4	TRUE	6	Vdik
kedveskedek	kedveskedik	[/V][Prs.NDef.1Sg]	496	8570080167	70883	-0.2375032079677603	1.917557205570503	11	4	11	4	TRUE	10	Vdik
kedvetlenedek	kedvetlenedik	[/V][Prs.NDef.1Sg]	9	8570080167	491	-1.978742375018633	-0.24190339233498936	13	5	13	5	TRUE	4	Vdik
kedélyeskedek	kedélyeskedik	[/V][Prs.NDef.1Sg]	1	8570080167	364	-2.932984884457958	-0.3718835008089018	13	5	13	5	TRUE	1	Vdik
kegyeskedek	kegyeskedik	[/V][Prs.NDef.1Sg]	18	8570080167	2677	-1.6777123793546518	0.4946634867289748	11	4	11	4	TRUE	6	Vdik
kegyetlenkedek	kegyetlenkedik	[/V][Prs.NDef.1Sg]	3	8570080167	1899	-2.455863629738295	0.3455400802790597	14	5	14	5	TRUE	3	Vdik
kekeckedek	kekeckedik	[/V][Prs.NDef.1Sg]	109	8570080167	3302	-0.8955583865173342	0.585792184468817	10	4	10	4	TRUE	8	Vdik
keletkezek	keletkezik	[/V][Prs.NDef.1Sg]	43	8570080167	429200	-1.2995164288783714	2.699674828835956	10	4	10	4	TRUE	7	zik
kellemetlenkedek	kellemetlenkedik	[/V][Prs.NDef.1Sg]	14	8570080167	1776	-1.7868568487797198	0.31645807698462436	16	6	16	6	TRUE	5	Vdik
kelletlenkedek	kelletlenkedik	[/V][Prs.NDef.1Sg]	2	8570080167	105	-2.6319548887939765	-0.9117955853880196	14	5	14	5	TRUE	2	Vdik
keményedek	keményedik	[/V][Prs.NDef.1Sg]	60	8570080167	8028	-1.1548336340743142	0.97162247935749	10	4	10	4	TRUE	7	Vdik
kenekedek	kenekedik	[/V][Prs.NDef.1Sg]	6	8570080167	141	-2.1548336340743144	-0.783765771802578	9	4	9	4	TRUE	4	Vdik
kenődök	kenődik	[/V][Prs.NDef.1Sg]	12	8570080167	4832	-1.853803638410333	0.7511420411551176	7	3	7	3	TRUE	5	stem
kerekedek	kerekedik	[/V][Prs.NDef.1Sg]	69	8570080167	69864	-1.0941357937207026	1.911268562692459	9	4	9	4	TRUE	8	Vdik
kerekezek	kerekezik	[/V][Prs.NDef.1Sg]	165	8570080167	7868	-0.7155009402440515	0.9628794667893412	9	4	9	4	TRUE	9	zik
kereskedek	kereskedik	[/V][Prs.NDef.1Sg]	635	8570080167	48423	-0.13021115916598214	1.7520668077746755	10	4	10	4	TRUE	10	Vdik
keresztelkedek	keresztelkedik	[/V][Prs.NDef.1Sg]	4	8570080167	5156	-2.3309248931299953	0.7793280242234075	14	5	14	5	TRUE	3	Vdik
kergetőzök	kergetőzik	[/V][Prs.NDef.1Sg]	10	8570080167	5058	-1.9329848844579576	0.7709939405504281	10	4	10	4	TRUE	5	zik
keringőzök	keringőzik	[/V][Prs.NDef.1Sg]	17	8570080167	2256	-1.702535963079684	0.4203542108533469	10	4	10	4	TRUE	6	zik
kertészkedek	kertészkedik	[/V][Prs.NDef.1Sg]	814	8570080167	14951	-0.02236047956875661	1.241685357029089	12	4	12	4	TRUE	10	Vdik
keseredek	keseredik	[/V][Prs.NDef.1Sg]	136	8570080167	22200	-0.7994459760877403	1.4133680899926808	9	4	9	4	TRUE	9	Vdik
keskenyedek	keskenyedik	[/V][Prs.NDef.1Sg]	2	8570080167	1980	-2.6319548887939765	0.3636803058035733	11	4	11	4	TRUE	2	Vdik
kettőződök	kettőződik	[/V][Prs.NDef.1Sg]	1	8570080167	235	-2.932984884457958	-0.5619170221862215	10	4	10	4	TRUE	1	stem
keveredek	keveredik	[/V][Prs.NDef.1Sg]	1059	8570080167	181236	0.09191107564952716	2.3252595839846473	9	4	9	4	TRUE	10	Vdik
kezdődök	kezdődik	[/V][Prs.NDef.1Sg]	169	8570080167	1314350	-0.7050981798442842	3.1857261450187115	8	3	8	3	TRUE	9	stem
kezeskedek	kezeskedik	[/V][Prs.NDef.1Sg]	40	8570080167	3469	-1.3309248931299955	0.607219415384102	10	4	10	4	TRUE	7	Vdik
kicombosodok	kicombosodik	[/V][Prs.NDef.1Sg]	2	8570080167	84	-2.6319548887939765	-1.0087055983960762	12	5	12	5	TRUE	2	Vdik
kicsinyeskedek	kicsinyeskedik	[/V][Prs.NDef.1Sg]	5	8570080167	254	-2.234014880121939	-0.5281511678380197	14	5	14	5	TRUE	3	Vdik
kifizetődök	kifizetődik	[/V][Prs.NDef.1Sg]	2	8570080167	4792	-2.6319548887939765	0.7475319249232971	11	5	11	5	TRUE	2	stem
kihajlok	kihajlik	[/V][Prs.NDef.1Sg]	16	8570080167	720	-1.728864901802033	-0.07565238802668936	8	3	8	3	TRUE	5	lik
kimagaslok	kimagaslik	[/V][Prs.NDef.1Sg]	4	8570080167	5924	-2.3309248931299953	0.839630165391213	10	4	10	4	TRUE	3	lik
kisebbedek	kisebbedik	[/V][Prs.NDef.1Sg]	3	8570080167	1371	-2.455863629738295	0.20405257033155488	10	4	10	4	TRUE	3	Vdik
kitárulkozok	kitárulkozik	[/V][Prs.NDef.1Sg]	9	8570080167	4038	-1.978742375018633	0.6731814301496627	12	5	12	5	TRUE	4	zik
kiéleződök	kiéleződik	[/V][Prs.NDef.1Sg]	1	8570080167	6075	-2.932984884457958	0.8505613978123919	10	5	10	5	TRUE	1	stem
klarinétozok	klarinétozik	[/V][Prs.NDef.1Sg]	13	8570080167	674	-1.819041532151121	-0.10432498792263804	12	5	12	5	TRUE	5	zik
kockázok	kockázik	[/V][Prs.NDef.1Sg]	99	8570080167	31690	-0.937349689860408	1.5679373547323427	8	3	8	3	TRUE	8	zik
kocsikázok	kocsikázik	[/V][Prs.NDef.1Sg]	86	8570080167	5753	-0.99848643321439	0.8269094895675414	10	4	10	4	TRUE	8	zik
kocsizok	kocsizik	[/V][Prs.NDef.1Sg]	18	8570080167	647	-1.6777123793546518	-0.12208060378925746	8	3	8	3	TRUE	6	zik
kofálkodok	kofálkodik	[/V][Prs.NDef.1Sg]	1	8570080167	15	-2.932984884457958	-1.756893625402277	10	4	10	4	TRUE	1	Vdik
komolykodok	komolykodik	[/V][Prs.NDef.1Sg]	1	8570080167	809	-2.932984884457958	-0.02503636284568554	11	4	11	4	TRUE	1	Vdik
komolyodok	komolyodik	[/V][Prs.NDef.1Sg]	6	8570080167	3885	-2.1548336340743144	0.6564061386789752	10	4	10	4	TRUE	4	Vdik
komolytalankodok	komolytalankodik	[/V][Prs.NDef.1Sg]	20	8570080167	492	-1.6319548887939763	-0.2410197816905975	16	6	16	6	TRUE	6	Vdik
komorodok	komorodik	[/V][Prs.NDef.1Sg]	5	8570080167	605	-2.234014880121939	-0.15122950980548894	9	4	9	4	TRUE	3	Vdik
koncentrálódok	koncentrálódik	[/V][Prs.NDef.1Sg]	3	8570080167	27148	-2.455863629738295	1.5007529560614712	14	5	14	5	TRUE	3	stem
koncertezek	koncertezik	[/V][Prs.NDef.1Sg]	152	8570080167	42382	-0.7511412965131853	1.6941965626895692	11	4	11	4	TRUE	9	zik
kondizok	kondizik	[/V][Prs.NDef.1Sg]	279	8570080167	1116	-0.48738068118436023	0.11467931014360214	8	3	8	3	TRUE	9	zik
konszolidálódok	konszolidálódik	[/V][Prs.NDef.1Sg]	2	8570080167	3601	-2.6319548887939765	0.6234382369133276	15	6	15	6	TRUE	2	stem
kontárkodok	kontárkodik	[/V][Prs.NDef.1Sg]	45	8570080167	1129	-1.279772370682614	0.11970905746701004	11	4	11	4	TRUE	7	Vdik
kopaszodok	kopaszodik	[/V][Prs.NDef.1Sg]	42	8570080167	3051	-1.3097355940600577	0.5514573231844492	10	4	10	4	TRUE	7	Vdik
kopok	kopik	[/V][Prs.NDef.1Sg]	122	8570080167	45804	-0.8466250537832096	1.7279185215387658	5	2	5	2	TRUE	8	stem
korizok	korizik	[/V][Prs.NDef.1Sg]	169	8570080167	2844	-0.7050981798442842	0.5209447075997709	7	3	7	3	TRUE	9	zik
korlátozódok	korlátozódik	[/V][Prs.NDef.1Sg]	9	8570080167	62047	-1.978742375018633	1.859735903553379	12	5	12	5	TRUE	4	stem
kornyadozok	kornyadozik	[/V][Prs.NDef.1Sg]	19	8570080167	644	-1.654231283505129	-0.12409901709814572	11	4	11	4	TRUE	6	zik
korongozok	korongozik	[/V][Prs.NDef.1Sg]	11	8570080167	721	-1.8915921992997329	-0.07504961973852878	10	4	10	4	TRUE	5	zik
korosodok	korosodik	[/V][Prs.NDef.1Sg]	7	8570080167	1301	-2.087886844443701	0.18129241210362845	9	4	9	4	TRUE	4	Vdik
korteskedek	korteskedik	[/V][Prs.NDef.1Sg]	13	8570080167	844	-1.819041532151121	-0.00664243783230278	11	4	11	4	TRUE	5	Vdik
kosarazok	kosarazik	[/V][Prs.NDef.1Sg]	110	8570080167	7721	-0.8915921992997328	0.9546886679964895	9	4	9	4	TRUE	8	zik
koszolódok	koszolódik	[/V][Prs.NDef.1Sg]	1	8570080167	3595	-2.932984884457958	0.6227140102609435	10	4	10	4	TRUE	1	stem
koszosodok	koszosodik	[/V][Prs.NDef.1Sg]	1	8570080167	205	-2.932984884457958	-0.6212310234022035	10	4	10	4	TRUE	1	Vdik
kosárlabdázok	kosárlabdázik	[/V][Prs.NDef.1Sg]	54	8570080167	5674	-1.2005911246349894	0.8209044470018757	13	5	13	5	TRUE	7	zik
kotlok	kotlik	[/V][Prs.NDef.1Sg]	89	8570080167	3286	-0.983594877813045	0.583682674641085	6	2	6	2	TRUE	8	lik
kotnyeleskedek	kotnyeleskedik	[/V][Prs.NDef.1Sg]	20	8570080167	479	-1.6319548887939763	-0.25264937104339463	14	5	14	5	TRUE	6	Vdik
kotorászok	kotorászik	[/V][Prs.NDef.1Sg]	228	8570080167	6224	-0.575050037457504	0.8610846995236747	10	4	10	4	TRUE	9	szik
kotródok	kotródik	[/V][Prs.NDef.1Sg]	14	8570080167	1221	-1.7868568487797198	0.15373077948692462	8	3	8	3	TRUE	5	stem
krikettezek	krikettezik	[/V][Prs.NDef.1Sg]	1	8570080167	296	-2.932984884457958	-0.4616931733990192	11	4	11	4	TRUE	1	zik
kristályosodok	kristályosodik	[/V][Prs.NDef.1Sg]	2	8570080167	8901	-2.6319548887939765	1.0164539165785464	14	5	14	5	TRUE	2	Vdik
krosszozok	krosszozik	[/V][Prs.NDef.1Sg]	6	8570080167	56	-2.1548336340743144	-1.1847968574517571	10	3	10	3	TRUE	4	zik
kucorodok	kucorodik	[/V][Prs.NDef.1Sg]	25	8570080167	1517	-1.5350448757859203	0.24800069632877264	9	4	9	4	TRUE	6	Vdik
kufárkodok	kufárkodik	[/V][Prs.NDef.1Sg]	3	8570080167	698	-2.455863629738295	-0.08912946183479677	10	4	10	4	TRUE	3	Vdik
kuglizok	kuglizik	[/V][Prs.NDef.1Sg]	5	8570080167	312	-2.234014880121939	-0.43883029043951505	8	3	8	3	TRUE	3	zik
kukacoskodok	kukacoskodik	[/V][Prs.NDef.1Sg]	63	8570080167	1681	-1.133644335004376	0.29258282898151317	12	5	12	5	TRUE	8	Vdik
kuksizok	kuksizik	[/V][Prs.NDef.1Sg]	9	8570080167	48	-1.978742375018633	-1.2517436470823706	8	3	8	3	TRUE	4	zik
kuktálkodok	kuktálkodik	[/V][Prs.NDef.1Sg]	3	8570080167	35	-2.455863629738295	-1.388916840107682	11	4	11	4	TRUE	3	Vdik
kuktáskodok	kuktáskodik	[/V][Prs.NDef.1Sg]	1	8570080167	445	-2.932984884457958	-0.28462487347702625	11	4	11	4	TRUE	1	Vdik
kulizok	kulizik	[/V][Prs.NDef.1Sg]	3	8570080167	75	-2.455863629738295	-1.0579236210662577	7	3	7	3	TRUE	3	zik
kulturálódok	kulturálódik	[/V][Prs.NDef.1Sg]	1	8570080167	779	-2.932984884457958	-0.04144742678539336	12	5	12	5	TRUE	1	stem
kunkorodok	kunkorodik	[/V][Prs.NDef.1Sg]	8	8570080167	2038	-2.0298948974660145	0.37621929521244973	10	4	10	4	TRUE	4	Vdik
kunyizok	kunyizik	[/V][Prs.NDef.1Sg]	18	8570080167	393	-1.6777123793546518	-0.33859233408253114	8	3	8	3	TRUE	6	zik
kupeckedek	kupeckedik	[/V][Prs.NDef.1Sg]	2	8570080167	93	-2.6319548887939765	-0.9645019359040228	10	4	10	4	TRUE	2	Vdik
kuporodok	kuporodik	[/V][Prs.NDef.1Sg]	38	8570080167	3941	-1.3532012878411477	0.6626215504076453	9	4	9	4	TRUE	7	Vdik
kupálódok	kupálódik	[/V][Prs.NDef.1Sg]	7	8570080167	393	-2.087886844443701	-0.33859233408253114	9	4	9	4	TRUE	4	stem
kurválkodok	kurválkodik	[/V][Prs.NDef.1Sg]	5	8570080167	978	-2.234014880121939	0.0573539703296436	11	4	11	4	TRUE	3	Vdik
kutakodok	kutakodik	[/V][Prs.NDef.1Sg]	516	8570080167	25692	-0.22033518283074652	1.4768130288841053	9	4	9	4	TRUE	10	Vdik
kvaterkázok	kvaterkázik	[/V][Prs.NDef.1Sg]	9	8570080167	902	-1.978742375018633	0.0222216530839839	11	4	11	4	TRUE	4	zik
kámpicsorodok	kámpicsorodik	[/V][Prs.NDef.1Sg]	1	8570080167	202	-2.932984884457958	-0.627633515011334	13	5	13	5	TRUE	1	Vdik
kántorkodok	kántorkodik	[/V][Prs.NDef.1Sg]	6	8570080167	254	-2.1548336340743144	-0.5281511678380197	11	4	11	4	TRUE	4	Vdik
káplánkodok	káplánkodik	[/V][Prs.NDef.1Sg]	1	8570080167	201	-2.932984884457958	-0.629788827037469	11	4	11	4	TRUE	1	Vdik
káprázok	káprázik	[/V][Prs.NDef.1Sg]	9	8570080167	7191	-1.978742375018633	0.9238044042953584	8	3	8	3	TRUE	4	zik
kárhozok	kárhozik	[/V][Prs.NDef.1Sg]	9	8570080167	4546	-1.978742375018633	0.7246445469309941	8	3	8	3	TRUE	4	zik
káromkodok	káromkodik	[/V][Prs.NDef.1Sg]	551	8570080167	23314	-0.1918332856061728	1.4346319076767178	10	4	10	4	TRUE	10	Vdik
kártyázok	kártyázik	[/V][Prs.NDef.1Sg]	128	8570080167	10854	-0.8257749148100895	1.1026049327854996	9	3	9	3	TRUE	8	zik
kárörvendezek	kárörvendezik	[/V][Prs.NDef.1Sg]	3	8570080167	137	-2.455863629738295	-0.796264317301551	13	5	13	5	TRUE	3	zik
kászálódok	kászálódik	[/V][Prs.NDef.1Sg]	85	8570080167	2552	-1.0035659587436652	0.4738957855911669	10	4	10	4	TRUE	8	stem
kávézok	kávézik	[/V][Prs.NDef.1Sg]	558	8570080167	24144	-0.18635068552037903	1.4498243379735567	7	3	7	3	TRUE	10	zik
kéklek	kéklik	[/V][Prs.NDef.1Sg]	2	8570080167	1449	-2.6319548887939765	0.22808350101321673	6	2	6	2	TRUE	2	lik
kémkedek	kémkedik	[/V][Prs.NDef.1Sg]	69	8570080167	9300	-1.0941357937207026	1.0354980640959772	8	3	8	3	TRUE	8	Vdik
kényelmeskedek	kényelmeskedik	[/V][Prs.NDef.1Sg]	2	8570080167	168	-2.6319548887939765	-0.707675602732095	14	5	14	5	TRUE	2	Vdik
kényeskedek	kényeskedik	[/V][Prs.NDef.1Sg]	17	8570080167	949	-1.702535963079684	0.04428132796933487	11	4	11	4	TRUE	6	Vdik
kényszeredek	kényszeredik	[/V][Prs.NDef.1Sg]	3	8570080167	769	-2.455863629738295	-0.04705854465652678	12	4	12	4	TRUE	3	Vdik
képzelődök	képzelődik	[/V][Prs.NDef.1Sg]	259	8570080167	5210	-0.519685120376706	0.7838528388415666	10	4	10	4	TRUE	9	stem
képződök	képződik	[/V][Prs.NDef.1Sg]	10	8570080167	75875	-1.9329848844579576	1.947113819625356	8	3	8	3	TRUE	5	stem
kérdezősködök	kérdezősködik	[/V][Prs.NDef.1Sg]	210	8570080167	15795	-0.6107655897240386	1.26553474578321	13	5	13	5	TRUE	9	Vdik
kéredzek	kéredzik	[/V][Prs.NDef.1Sg]	2	8570080167	152	-2.6319548887939765	-0.7511412965131853	8	3	8	3	TRUE	2	zik
kéredzkedek	kéredzkedik	[/V][Prs.NDef.1Sg]	18	8570080167	2470	-1.6777123793546518	0.4597120688017079	11	4	11	4	TRUE	6	Vdik
kérkedek	kérkedik	[/V][Prs.NDef.1Sg]	99	8570080167	10714	-0.937349689860408	1.0969667575788826	8	3	8	3	TRUE	8	Vdik
kérődzök	kérődzik	[/V][Prs.NDef.1Sg]	29	8570080167	1448	-1.4705868865590015	0.22778367740317024	8	3	8	3	TRUE	6	zik
késlekedek	késlekedik	[/V][Prs.NDef.1Sg]	65	8570080167	18894	-1.1200715278151023	1.3433390265622298	10	4	10	4	TRUE	8	Vdik
készülődök	készülődik	[/V][Prs.NDef.1Sg]	584	8570080167	53599	-0.16657203734555837	1.7961718026502371	10	4	10	4	TRUE	10	stem
kételkedek	kételkedik	[/V][Prs.NDef.1Sg]	1219	8570080167	68084	0.15301882116042406	1.9000601785835587	10	4	10	4	TRUE	10	Vdik
kétkedek	kétkedik	[/V][Prs.NDef.1Sg]	60	8570080167	9459	-1.1548336340743142	1.0428603410096091	8	3	8	3	TRUE	7	Vdik
kétszínűsködök	kétszínűsködik	[/V][Prs.NDef.1Sg]	4	8570080167	49	-2.3309248931299953	-1.2427888044294442	14	5	14	5	TRUE	3	Vdik
kétségbeesek	kétségbeesik	[/V][Prs.NDef.1Sg]	136	8570080167	19352	-0.7994459760877403	1.3537409708958654	12	5	12	5	TRUE	9	stem
kézilabdázok	kézilabdázik	[/V][Prs.NDef.1Sg]	97	8570080167	8370	-0.946213150191713	0.989740573535302	12	5	12	5	TRUE	8	zik
kígyózok	kígyózik	[/V][Prs.NDef.1Sg]	6	8570080167	9592	-2.1548336340743144	1.0489242856328345	8	3	8	3	TRUE	4	zik
kínlódok	kínlódik	[/V][Prs.NDef.1Sg]	1203	8570080167	23589	0.14728074288188692	1.4397246459279676	8	3	8	3	TRUE	10	stem
kínálkozok	kínálkozik	[/V][Prs.NDef.1Sg]	9	8570080167	36868	-1.978742375018633	1.6336646943599078	10	4	10	4	TRUE	4	zik
kísérletezek	kísérletezik	[/V][Prs.NDef.1Sg]	2606	8570080167	111329	0.4829895269186081	2.1136234236275326	12	5	12	5	TRUE	10	zik
kíváncsiskodok	kíváncsiskodik	[/V][Prs.NDef.1Sg]	69	8570080167	4599	-1.0941357937207026	0.7296785251160798	14	5	14	5	TRUE	8	Vdik
kívánkozok	kívánkozik	[/V][Prs.NDef.1Sg]	86	8570080167	19880	-0.99848643321439	1.3654314956033369	10	4	10	4	TRUE	8	zik
kívántatok	kívántatik	[/V][Prs.NDef.1Sg]	87	8570080167	1400	-0.9934656318393392	0.2131431512202802	10	4	10	4	TRUE	8	stem
kókadozok	kókadozik	[/V][Prs.NDef.1Sg]	9	8570080167	1303	-1.978742375018633	0.18195953125462688	9	4	9	4	TRUE	4	zik
kóklerkedek	kóklerkedik	[/V][Prs.NDef.1Sg]	1	8570080167	68	-2.932984884457958	-1.1004759717517214	11	4	11	4	TRUE	1	Vdik
köcsögösködök	köcsögösködik	[/V][Prs.NDef.1Sg]	13	8570080167	179	-1.819041532151121	-0.6801318534780646	13	5	13	5	TRUE	5	Vdik
költekezek	költekezik	[/V][Prs.NDef.1Sg]	41	8570080167	6117	-1.3202010277382223	0.8535535960398446	10	4	10	4	TRUE	7	zik
költözök	költözik	[/V][Prs.NDef.1Sg]	1141	8570080167	393996	0.12430075996025684	2.6625069282642007	8	3	8	3	TRUE	10	zik
költözködök	költözködik	[/V][Prs.NDef.1Sg]	41	8570080167	3358	-1.3202010277382223	0.5930958073440721	11	4	11	4	TRUE	7	Vdik
könnyebbedek	könnyebbedik	[/V][Prs.NDef.1Sg]	1	8570080167	337	-2.932984884457958	-0.40535498358661926	12	4	12	4	TRUE	1	Vdik
körvonalazódok	körvonalazódik	[/V][Prs.NDef.1Sg]	3	8570080167	34236	-2.455863629738295	1.6014981332467433	14	6	14	6	TRUE	3	stem
körülményeskedek	körülményeskedik	[/V][Prs.NDef.1Sg]	12	8570080167	254	-1.853803638410333	-0.5281511678380197	16	6	16	6	TRUE	5	Vdik
kötözködök	kötözködik	[/V][Prs.NDef.1Sg]	236	8570080167	6981	-0.5600728814878512	0.9109327535484344	10	4	10	4	TRUE	9	Vdik
kötődök	kötődik	[/V][Prs.NDef.1Sg]	498	8570080167	196259	-0.2357555416982403	2.359844697192274	7	3	7	3	TRUE	10	stem
kövesedek	kövesedik	[/V][Prs.NDef.1Sg]	1	8570080167	641	-2.932984884457958	-0.12612685493914044	9	4	9	4	TRUE	1	Vdik
követelődzök	követelőzik	[/V][Prs.NDef.1Sg]	3	8570080167	2086	-2.455863629738295	0.38632941963255424	12	5	11	5	TRUE	3	zik
következek	következik	[/V][Prs.NDef.1Sg]	193	8570080167	1151088	-0.647427575450184	3.128123641998508	10	4	10	4	TRUE	9	zik
közeledek	közeledik	[/V][Prs.NDef.1Sg]	1658	8570080167	245136	0.28659964175629693	2.4564222107731695	9	4	9	4	TRUE	10	Vdik
közlekedek	közlekedik	[/V][Prs.NDef.1Sg]	1741	8570080167	287338	0.30781388665937337	2.5254081800964805	10	4	10	4	TRUE	10	Vdik
közösködök	közösködik	[/V][Prs.NDef.1Sg]	9	8570080167	2915	-1.978742375018633	0.531653674637075	10	4	10	4	TRUE	4	Vdik
kúszok	kúszik	[/V][Prs.NDef.1Sg]	225	8570080167	40879	-0.5808023663465953	1.6785153788968343	6	2	6	2	TRUE	9	szik
különbözök	különbözik	[/V][Prs.NDef.1Sg]	404	8570080167	364143	-0.3266035193473528	2.628287081375396	10	4	10	4	TRUE	10	zik
különcködök	különcködik	[/V][Prs.NDef.1Sg]	14	8570080167	660	-1.7868568487797198	-0.1134409489160892	11	4	11	4	TRUE	5	Vdik
különválok	különválik	[/V][Prs.NDef.1Sg]	13	8570080167	10059	-1.819041532151121	1.0695699236905247	10	4	10	4	TRUE	5	lik
küszködök	küszködik	[/V][Prs.NDef.1Sg]	2497	8570080167	65981	0.46443365789339	1.8864340089155205	9	3	9	3	TRUE	10	Vdik
labdázok	labdázik	[/V][Prs.NDef.1Sg]	55	8570080167	7296	-1.192622194963714	0.930099940862402	8	3	8	3	TRUE	7	zik
lacafacázok	lacafacázik	[/V][Prs.NDef.1Sg]	18	8570080167	1277	-1.6777123793546518	0.17320601280545742	11	5	11	5	TRUE	6	zik
ladok	ladik	[/V][Prs.NDef.1Sg]	8	8570080167	10803	-2.0298948974660145	1.10055949163299	5	2	5	2	TRUE	4	stem
lakmározok	lakmározik	[/V][Prs.NDef.1Sg]	10	8570080167	5103	-1.9329848844579576	0.7748406838742736	10	4	10	4	TRUE	5	zik
lakozok	lakozik	[/V][Prs.NDef.1Sg]	11	8570080167	39428	-1.8915921992997329	1.6628198634244669	7	3	7	3	TRUE	5	zik
langyosodok	langyosodik	[/V][Prs.NDef.1Sg]	1	8570080167	348	-2.932984884457958	-0.3914056405113769	11	4	11	4	TRUE	1	Vdik
lecsillapodok	lecsillapszik	[/V][Prs.NDef.1Sg]	19	8570080167	7189	-1.654231283505129	0.9236835991535772	13	5	13	4	TRUE	6	szik
legatyásodok	legatyásodik	[/V][Prs.NDef.1Sg]	3	8570080167	529	-2.455863629738295	-0.2095292124227721	12	5	12	5	TRUE	3	Vdik
legyeskedek	legyeskedik	[/V][Prs.NDef.1Sg]	20	8570080167	1730	-1.6319548887939763	0.3050612186708376	11	4	11	4	TRUE	6	Vdik
legénykedek	legénykedik	[/V][Prs.NDef.1Sg]	6	8570080167	363	-2.1548336340743144	-0.3730782594218453	11	4	11	4	TRUE	4	Vdik
lehajlok	lehajlik	[/V][Prs.NDef.1Sg]	112	8570080167	1587	-0.8837668617877762	0.2675920422968904	8	3	8	3	TRUE	8	lik
leledzek	leledzik	[/V][Prs.NDef.1Sg]	88	8570080167	8370	-0.9885022123077892	0.989740573535302	8	3	8	3	TRUE	8	zik
lelkesedek	lelkesedik	[/V][Prs.NDef.1Sg]	306	8570080167	33550	-0.44726345797637784	1.592707640047053	10	4	10	4	TRUE	9	Vdik
lelkizek	lelkizik	[/V][Prs.NDef.1Sg]	63	8570080167	1747	-1.133644335004376	0.3093080205249731	8	3	8	3	TRUE	8	zik
lelombozódok	lelombozódik	[/V][Prs.NDef.1Sg]	13	8570080167	646	-1.819041532151121	-0.12275236646287375	12	5	12	5	TRUE	5	stem
lepkészek	lepkészik	[/V][Prs.NDef.1Sg]	5	8570080167	59	-2.234014880121939	-1.1621328728158136	9	3	9	3	TRUE	3	szik
lepleződök	lepleződik	[/V][Prs.NDef.1Sg]	1	8570080167	2867	-2.932984884457958	0.5244428084885266	10	4	10	4	TRUE	1	stem
lepődök	lepődik	[/V][Prs.NDef.1Sg]	2603	8570080167	85788	0.4824892836512779	2.0004416586557854	7	3	7	3	TRUE	10	stem
leselkedek	leselkedik	[/V][Prs.NDef.1Sg]	44	8570080167	19027	-1.2895322079717704	1.3463854337211505	10	4	10	4	TRUE	7	Vdik
leskelődök	leskelődik	[/V][Prs.NDef.1Sg]	78	8570080167	4977	-1.0408902817674774	0.7639827562860653	10	4	10	4	TRUE	8	stem
levedzek	levedzik	[/V][Prs.NDef.1Sg]	2	8570080167	191	-2.6319548887939765	-0.6519515172102303	8	3	8	3	TRUE	2	zik
levegőzök	levegőzik	[/V][Prs.NDef.1Sg]	30	8570080167	5286	-1.4558636297382954	0.7901422743377337	9	4	9	4	TRUE	6	zik
leveledzek	leveledzik	[/V][Prs.NDef.1Sg]	1	8570080167	60	-2.932984884457958	-1.1548336340743142	10	4	10	4	TRUE	1	zik
lobbizok	lobbizik	[/V][Prs.NDef.1Sg]	181	8570080167	17334	-0.6753063095887734	1.3059139077698827	8	3	8	3	TRUE	9	zik
locsolkodok	locsolkodik	[/V][Prs.NDef.1Sg]	82	8570080167	2356	-1.019171032074241	0.4391904016571062	11	4	11	4	TRUE	8	Vdik
lopódzok	lopódzik	[/V][Prs.NDef.1Sg]	8	8570080167	2068	-2.0298948974660145	0.38256564996394704	8	3	8	3	TRUE	4	zik
lopózok	lopózik	[/V][Prs.NDef.1Sg]	12	8570080167	2918	-1.853803638410333	0.5321004030994749	7	3	7	3	TRUE	5	zik
lottózok	lottózik	[/V][Prs.NDef.1Sg]	70	8570080167	2828	-1.087886844443701	0.5184945206669039	8	3	8	3	TRUE	8	zik
lustálkodok	lustálkodik	[/V][Prs.NDef.1Sg]	58	8570080167	6541	-1.169556890895021	0.8826592646740075	11	4	11	4	TRUE	7	Vdik
lábadozok	lábadozik	[/V][Prs.NDef.1Sg]	134	8570080167	7640	-0.8058800860931502	0.950108474117732	9	4	9	4	TRUE	9	zik
lábatlankodok	lábatlankodik	[/V][Prs.NDef.1Sg]	27	8570080167	1479	-1.5016211202989704	0.2369832895389346	13	5	13	5	TRUE	6	Vdik
lármázok	lármázik	[/V][Prs.NDef.1Sg]	18	8570080167	2298	-1.6777123793546518	0.4283651398943086	8	3	8	3	TRUE	6	zik
látszok	látszik	[/V][Prs.NDef.1Sg]	195	8570080167	1217735	-0.6429502730954398	3.1525679042006716	7	2	7	2	TRUE	9	szik
lázadozok	lázadozik	[/V][Prs.NDef.1Sg]	37	8570080167	5616	-1.3647831603909628	0.8164422146637911	9	4	9	4	TRUE	7	zik
lázasodok	lázasodik	[/V][Prs.NDef.1Sg]	18	8570080167	964	-1.6777123793546518	0.0510921494448729	9	4	9	4	TRUE	6	Vdik
lélegzek	lélegzik	[/V][Prs.NDef.1Sg]	483	8570080167	82329	-0.2490377537064457	1.9825679558761975	8	3	8	3	TRUE	10	zik
létezek	létezik	[/V][Prs.NDef.1Sg]	598	8570080167	1297361	-0.156283700469547	3.180075953995684	7	3	7	3	TRUE	10	zik
lökdösődök	lökdösődik	[/V][Prs.NDef.1Sg]	8	8570080167	3007	-2.0298948974660145	0.5451485436425597	10	4	10	4	TRUE	4	stem
lökődök	lökődik	[/V][Prs.NDef.1Sg]	1	8570080167	1503	-2.932984884457958	0.24397409612895032	7	3	7	3	TRUE	1	stem
lúdbőrzök	lúdbőrzik	[/V][Prs.NDef.1Sg]	34	8570080167	416	-1.4015059674157029	-0.3138915538312151	9	3	9	3	TRUE	7	zik
magasodok	magasodik	[/V][Prs.NDef.1Sg]	17	8570080167	22549	-1.702535963079684	1.4201424021501778	9	4	9	4	TRUE	6	Vdik
magozok	magozik	[/V][Prs.NDef.1Sg]	36	8570080167	1857	-1.3766823836906703	0.33582701928182257	7	3	7	3	TRUE	7	zik
magyarosodok	magyarosodik	[/V][Prs.NDef.1Sg]	2	8570080167	659	-2.6319548887939765	-0.11409946986394796	12	5	12	5	TRUE	2	Vdik
magyarázkodok	magyarázkodik	[/V][Prs.NDef.1Sg]	290	8570080167	23077	-0.47058688655900177	1.4301944656007282	13	5	13	5	TRUE	9	Vdik
magázódok	magázódik	[/V][Prs.NDef.1Sg]	11	8570080167	1546	-1.8915921992997329	0.2562246051243483	9	4	9	4	TRUE	5	stem
mailezek	mailezik	[/V][Prs.NDef.1Sg]	15	8570080167	95	-1.756893625402277	-0.95526127916911	8	4	8	4	TRUE	5	zik
majomkodok	majomkodik	[/V][Prs.NDef.1Sg]	17	8570080167	559	-1.702535963079684	-0.18557307657153457	10	4	10	4	TRUE	6	Vdik
makacskodok	makacskodik	[/V][Prs.NDef.1Sg]	18	8570080167	2104	-1.6777123793546518	0.3900608510237436	11	4	11	4	TRUE	6	Vdik
malackodok	malackodik	[/V][Prs.NDef.1Sg]	2	8570080167	293	-2.6319548887939765	-0.4661172641038483	10	4	10	4	TRUE	2	Vdik
malmozok	malmozik	[/V][Prs.NDef.1Sg]	41	8570080167	969	-1.3202010277382223	0.05333889259280745	8	3	8	3	TRUE	7	zik
manifesztálódok	manifesztálódik	[/V][Prs.NDef.1Sg]	1	8570080167	10142	-2.932984884457958	1.0731387217538966	15	6	15	6	TRUE	1	stem
maradozok	maradozik	[/V][Prs.NDef.1Sg]	4	8570080167	687	-2.3309248931299953	-0.09602814739840738	9	4	9	4	TRUE	3	zik
marakodok	marakodik	[/V][Prs.NDef.1Sg]	11	8570080167	3621	-1.8915921992997329	0.6258436403590538	9	4	9	4	TRUE	5	Vdik
marháskodok	marháskodik	[/V][Prs.NDef.1Sg]	13	8570080167	635	-1.819041532151121	-0.13021115916598214	11	4	11	4	TRUE	5	Vdik
markolászok	markolászik	[/V][Prs.NDef.1Sg]	8	8570080167	3773	-2.0298948974660145	0.6437019207430378	11	4	11	4	TRUE	4	szik
materializálódok	materializálódik	[/V][Prs.NDef.1Sg]	1	8570080167	2188	-2.932984884457958	0.4070624332034353	16	8	16	8	TRUE	1	stem
meakulpázok	meakulpázik	[/V][Prs.NDef.1Sg]	8	8570080167	217	-2.0298948974660145	-0.5965251506094283	11	5	11	5	TRUE	4	zik
megellek	megellik	[/V][Prs.NDef.1Sg]	1	8570080167	723	-2.932984884457958	-0.07384658716342703	8	3	8	3	TRUE	1	stem
megemlítődök	megemlítődik	[/V][Prs.NDef.1Sg]	1	8570080167	333	-2.932984884457958	-0.410540650951638	12	5	12	5	TRUE	1	stem
megfeneklek	megfeneklik	[/V][Prs.NDef.1Sg]	17	8570080167	3977	-1.702535963079684	0.6665707065280225	11	4	11	4	TRUE	6	lik
meghajlok	meghajlik	[/V][Prs.NDef.1Sg]	1244	8570080167	7178	0.16183549589684204	0.9230185695392632	9	3	9	3	TRUE	10	lik
megmacskásodok	megmacskásodik	[/V][Prs.NDef.1Sg]	1	8570080167	104	-2.932984884457958	-0.9159515451591774	14	5	14	5	TRUE	1	Vdik
megmártózok	megmártózik	[/V][Prs.NDef.1Sg]	10	8570080167	10881	-1.9329848844579576	1.103683925842139	11	4	11	4	TRUE	5	zik
megtaknyosodok	megtaknyosodik	[/V][Prs.NDef.1Sg]	1	8570080167	28	-2.932984884457958	-1.4858268531157386	14	5	14	5	TRUE	1	Vdik
melegedek	melegedik	[/V][Prs.NDef.1Sg]	37	8570080167	35425	-1.3647831603909628	1.6163249744615402	9	4	9	4	TRUE	7	Vdik
melegszek	melegszik	[/V][Prs.NDef.1Sg]	22	8570080167	43511	-1.5905622036357516	1.705614180206656	9	3	9	3	TRUE	6	szik
mentegetődzök	mentegetőzik	[/V][Prs.NDef.1Sg]	3	8570080167	2003	-2.455863629738295	0.3686960648356184	13	5	12	5	TRUE	3	zik
merevedek	merevedik	[/V][Prs.NDef.1Sg]	44	8570080167	5585	-1.2895322079717704	0.81403829299367	9	4	9	4	TRUE	7	Vdik
merészkedek	merészkedik	[/V][Prs.NDef.1Sg]	376	8570080167	32469	-0.3577970395302968	1.5784840287085529	11	4	11	4	TRUE	9	Vdik
mesterkedek	mesterkedik	[/V][Prs.NDef.1Sg]	41	8570080167	5352	-1.3202010277382223	0.7955312203018088	11	4	11	4	TRUE	7	Vdik
meszesedek	meszesedik	[/V][Prs.NDef.1Sg]	6	8570080167	792	-2.1548336340743144	-0.03425970286846432	10	4	10	4	TRUE	4	Vdik
meztelenkedek	meztelenkedik	[/V][Prs.NDef.1Sg]	6	8570080167	2915	-2.1548336340743144	0.531653674637075	13	5	13	5	TRUE	4	Vdik
mindenikök	mindenik	[/V][Prs.NDef.1Sg]	5	8570080167	14581	-2.234014880121939	1.2308024255040448	10	4	8	3	TRUE	3	stem
mocskolódok	mocskolódik	[/V][Prs.NDef.1Sg]	23	8570080167	2235	-1.571257048440365	0.41629264300999747	11	4	11	4	TRUE	6	stem
morajlok	morajlik	[/V][Prs.NDef.1Sg]	23	8570080167	2232	-1.571257048440365	0.4157093058075833	8	3	8	3	TRUE	6	lik
morgolódok	morgolódik	[/V][Prs.NDef.1Sg]	209	8570080167	4429	-0.6128385983469038	0.7133207958268009	10	4	10	4	TRUE	9	stem
morzsolódok	morzsolódik	[/V][Prs.NDef.1Sg]	3	8570080167	3703	-2.455863629738295	0.6355688275914847	11	4	11	4	TRUE	3	stem
morzsálódok	morzsálódik	[/V][Prs.NDef.1Sg]	1	8570080167	1836	-2.932984884457958	0.3308877924072658	11	4	11	4	TRUE	1	stem
mosakodok	mosakszik	[/V][Prs.NDef.1Sg]	289	8570080167	11483	-0.47208704170141	1.127070480366887	9	4	9	3	TRUE	9	szik
mosdok	mosdik	[/V][Prs.NDef.1Sg]	122	8570080167	3663	-0.8466250537832096	0.6308520342065871	6	2	6	2	TRUE	8	stem
mosolyodok	mosolyodik	[/V][Prs.NDef.1Sg]	204	8570080167	11411	-0.623354717032059	1.1243388209113263	10	4	10	4	TRUE	9	Vdik
mosódok	mosódik	[/V][Prs.NDef.1Sg]	1	8570080167	5652	-2.932984884457958	0.8192172687185632	7	3	7	3	TRUE	1	stem
motorozok	motorozik	[/V][Prs.NDef.1Sg]	805	8570080167	29136	-0.02718900409008932	1.531445043992887	9	4	9	4	TRUE	10	zik
motyorászok	motyorászik	[/V][Prs.NDef.1Sg]	2	8570080167	67	-2.6319548887939765	-1.1069100817571311	11	4	11	4	TRUE	2	szik
mozgolódok	mozgolódik	[/V][Prs.NDef.1Sg]	67	8570080167	6963	-1.1069100817571311	0.9098115107176222	10	4	10	4	TRUE	8	stem
mozizok	mozizik	[/V][Prs.NDef.1Sg]	133	8570080167	2159	-0.809133243490872	0.401267757876273	7	3	7	3	TRUE	8	zik
mulatozok	mulatozik	[/V][Prs.NDef.1Sg]	10	8570080167	3429	-1.9329848844579576	0.6021826006569863	9	4	9	4	TRUE	5	zik
mumifikálódok	mumifikálódik	[/V][Prs.NDef.1Sg]	3	8570080167	1018	-2.455863629738295	0.07476289354278212	13	6	13	6	TRUE	3	stem
munkálkodok	munkálkodik	[/V][Prs.NDef.1Sg]	153	8570080167	66126	-0.748293453640359	1.8873873683160676	11	4	11	4	TRUE	9	Vdik
mutatkozok	mutatkozik	[/V][Prs.NDef.1Sg]	101	8570080167	386251	-0.9286635106753152	2.6538847323604857	10	4	10	4	TRUE	8	zik
mutyizok	mutyizik	[/V][Prs.NDef.1Sg]	17	8570080167	1087	-1.702535963079684	0.10324465962833668	8	3	8	3	TRUE	6	zik
mállok	mállik	[/V][Prs.NDef.1Sg]	4	8570080167	3720	-2.3309248931299953	0.6375580554239396	6	2	6	2	TRUE	3	stem
mászok	mászik	[/V][Prs.NDef.1Sg]	2766	8570080167	135247	0.5088672913153339	2.198142756064489	6	2	6	2	TRUE	10	szik
méhészkedek	méhészkedik	[/V][Prs.NDef.1Sg]	71	8570080167	1838	-1.0817265357388826	0.33136062259213467	11	4	11	4	TRUE	8	Vdik
méltatlankodok	méltatlankodik	[/V][Prs.NDef.1Sg]	36	8570080167	9608	-1.3766823836906703	1.0496481099368915	14	5	14	5	TRUE	7	Vdik
méltóztatok	méltóztatik	[/V][Prs.NDef.1Sg]	55	8570080167	9550	-1.192622194963714	1.0470184871257886	11	4	11	4	TRUE	7	stem
mélázok	mélázik	[/V][Prs.NDef.1Sg]	202	8570080167	4413	-0.627633515011334	0.7117490429892347	7	3	7	3	TRUE	9	zik
méredzkedek	méredzkedik	[/V][Prs.NDef.1Sg]	5	8570080167	167	-2.234014880121939	-0.7102684133103745	11	4	11	4	TRUE	4	Vdik
mérgelődök	mérgelődik	[/V][Prs.NDef.1Sg]	233	8570080167	8595	-0.5656289634319388	1.0012609965651134	10	4	10	4	TRUE	9	stem
mérgesedek	mérgesedik	[/V][Prs.NDef.1Sg]	6	8570080167	1700	-2.1548336340743144	0.2974640369203161	10	4	10	4	TRUE	4	Vdik
mérgeskedek	mérgeskedik	[/V][Prs.NDef.1Sg]	8	8570080167	217	-2.0298948974660145	-0.5965251506094283	11	4	11	4	TRUE	4	Vdik
mérkőzök	mérkőzik	[/V][Prs.NDef.1Sg]	4	8570080167	32614	-2.3309248931299953	1.5804191824066829	8	3	8	3	TRUE	3	zik
mérséklődek	mérséklődik	[/V][Prs.NDef.1Sg]	1	8570080167	54025	-2.932984884457958	1.799609891097321	11	4	11	4	TRUE	1	stem
mókázok	mókázik	[/V][Prs.NDef.1Sg]	42	8570080167	4444	-1.3097355940600577	0.7147891658108722	7	3	7	3	TRUE	7	zik
múlok	múlik	[/V][Prs.NDef.1Sg]	149	8570080167	558108	-0.7597986160456838	2.8137333633426196	5	2	5	2	TRUE	9	lik
működök	működik	[/V][Prs.NDef.1Sg]	1169	8570080167	2488856	0.1348296267038823	3.463014885507594	7	3	7	3	TRUE	10	Vdik
művelődök	művelődik	[/V][Prs.NDef.1Sg]	34	8570080167	4170	-1.4015059674157029	0.6871511705157997	9	4	9	4	TRUE	7	stem
művészkedek	művészkedik	[/V][Prs.NDef.1Sg]	27	8570080167	1335	-1.5016211202989704	0.19249638124263616	11	4	11	4	TRUE	6	Vdik
nagydolgozok	nagydolgozik	[/V][Prs.NDef.1Sg]	1	8570080167	88	-2.932984884457958	-0.9885022123077892	12	4	12	4	TRUE	1	zik
nagyképűsködök	nagyképűsködik	[/V][Prs.NDef.1Sg]	21	8570080167	859	-1.6107655897240385	0.00100827937328447	14	5	14	5	TRUE	6	Vdik
napozok	napozik	[/V][Prs.NDef.1Sg]	375	8570080167	24323	-0.35895361673023896	1.4530322553488888	7	3	7	3	TRUE	9	zik
nedvedzek	nedvedzik	[/V][Prs.NDef.1Sg]	6	8570080167	381	-2.1548336340743144	-0.35205990878233856	9	3	9	3	TRUE	4	zik
nedvesedek	nedvesedik	[/V][Prs.NDef.1Sg]	105	8570080167	3755	-0.9117955853880196	0.6416250568822294	10	4	10	4	TRUE	8	Vdik
nehezedek	nehezedik	[/V][Prs.NDef.1Sg]	39	8570080167	38547	-1.3419202774314587	1.6530056993779365	9	4	9	4	TRUE	7	Vdik
nehézkedek	nehézkedik	[/V][Prs.NDef.1Sg]	3	8570080167	243	-2.455863629738295	-0.5473786108596456	10	4	10	4	TRUE	3	Vdik
nekiveselkedek	nekiveselkedik	[/V][Prs.NDef.1Sg]	328	8570080167	6567	-0.4171110407462787	0.8843821318296363	14	6	14	6	TRUE	9	Vdik
nemesedek	nemesedik	[/V][Prs.NDef.1Sg]	1	8570080167	3366	-2.932984884457958	0.5941292271818472	9	4	9	4	TRUE	1	Vdik
nevelkedek	nevelkedik	[/V][Prs.NDef.1Sg]	8	8570080167	46282	-2.0298948974660145	1.7324272335442308	10	4	10	4	TRUE	4	Vdik
nevelődök	nevelődik	[/V][Prs.NDef.1Sg]	1	8570080167	4747	-2.932984884457958	0.7434343472604021	9	4	9	4	TRUE	1	stem
normalizálódok	normalizálódik	[/V][Prs.NDef.1Sg]	2	8570080167	10836	-2.6319548887939765	1.1018841119031728	14	6	14	6	TRUE	2	stem
nyaklok	nyaklik	[/V][Prs.NDef.1Sg]	2	8570080167	310	-2.6319548887939765	-0.4416231906236851	7	2	7	2	TRUE	2	lik
nyalakodok	nyalakodik	[/V][Prs.NDef.1Sg]	12	8570080167	1148	-1.853803638410333	0.1269570036039969	10	4	10	4	TRUE	5	Vdik
nyalizok	nyalizik	[/V][Prs.NDef.1Sg]	31	8570080167	625	-1.4416231906236852	-0.1371048671138826	8	3	8	3	TRUE	6	zik
nyargalászok	nyargalászik	[/V][Prs.NDef.1Sg]	11	8570080167	1013	-1.8915921992997329	0.0726245609023226	12	4	12	4	TRUE	5	szik
nyavalyáskodok	nyavalyáskodik	[/V][Prs.NDef.1Sg]	1	8570080167	21	-2.932984884457958	-1.6107655897240385	14	5	14	5	TRUE	1	Vdik
nyegléskedek	nyegléskedik	[/V][Prs.NDef.1Sg]	1	8570080167	48	-2.932984884457958	-1.2517436470823706	12	4	12	4	TRUE	1	Vdik
nyelvészkedek	nyelvészkedik	[/V][Prs.NDef.1Sg]	6	8570080167	669	-2.1548336340743144	-0.10755876669013475	13	4	13	4	TRUE	4	Vdik
nyerészkedek	nyerészkedik	[/V][Prs.NDef.1Sg]	16	8570080167	3169	-1.728864901802033	0.5679373547323427	12	4	12	4	TRUE	5	Vdik
nyiladozok	nyiladozik	[/V][Prs.NDef.1Sg]	1	8570080167	1250	-2.932984884457958	0.1639251285500986	10	4	10	4	TRUE	1	zik
nyilatkozok	nyilatkozik	[/V][Prs.NDef.1Sg]	1079	8570080167	726058	0.10003656022495284	2.927986430558704	11	4	11	4	TRUE	10	zik
nyiratkozok	nyiratkozik	[/V][Prs.NDef.1Sg]	1	8570080167	356	-2.932984884457958	-0.38153488648508266	11	4	11	4	TRUE	1	zik
nyitódok	nyitódik	[/V][Prs.NDef.1Sg]	1	8570080167	642	-2.932984884457958	-0.12544985638910458	8	3	8	3	TRUE	1	stem
nyomakodok	nyomakodik	[/V][Prs.NDef.1Sg]	15	8570080167	1539	-1.756893625402277	0.25425373537352086	10	4	10	4	TRUE	5	Vdik
nyomorodok	nyomorodik	[/V][Prs.NDef.1Sg]	2	8570080167	743	-2.6319548887939765	-0.06199607069738255	10	4	10	4	TRUE	2	Vdik
nyomódok	nyomódik	[/V][Prs.NDef.1Sg]	4	8570080167	5776	-2.3309248931299953	0.8286423001036248	8	3	8	3	TRUE	3	stem
nyughatatlankodok	nyughatatlankodik	[/V][Prs.NDef.1Sg]	1	8570080167	81	-2.932984884457958	-1.024499865579308	17	6	17	6	TRUE	1	Vdik
nyugszok	nyugszik	[/V][Prs.NDef.1Sg]	120	8570080167	200200	-0.853803638410333	2.368479188685342	8	2	8	2	TRUE	8	szik
nyugtalankodok	nyugtalankodik	[/V][Prs.NDef.1Sg]	12	8570080167	6592	-1.853803638410333	0.8860323142311015	14	5	14	5	TRUE	5	Vdik
nyulászok	nyulászik	[/V][Prs.NDef.1Sg]	85	8570080167	200	-1.0035659587436652	-0.6319548887939767	9	3	9	3	TRUE	8	szik
nyájaskodok	nyájaskodik	[/V][Prs.NDef.1Sg]	2	8570080167	319	-2.6319548887939765	-0.4291942014007767	11	4	11	4	TRUE	2	Vdik
nyáladzok	nyáladzik	[/V][Prs.NDef.1Sg]	51	8570080167	2158	-1.2254147083600215	0.401066555888934	9	3	9	3	TRUE	7	zik
nyílok	nyílik	[/V][Prs.NDef.1Sg]	608	8570080167	769981	-0.14908130518522292	2.953495124224961	6	2	6	2	TRUE	10	lik
nyújtózok	nyújtózik	[/V][Prs.NDef.1Sg]	68	8570080167	10262	-1.1004759717517214	1.078247125861408	9	3	9	3	TRUE	8	zik
nyújtózkodok	nyújtózkodik	[/V][Prs.NDef.1Sg]	58	8570080167	14864	-1.169556890895021	1.2391508121916088	12	4	12	4	TRUE	7	Vdik
nyűglődök	nyűglődik	[/V][Prs.NDef.1Sg]	197	8570080167	2514	-0.6385186582963649	0.4673803888919811	9	3	9	3	TRUE	9	stem
nyűgösködök	nyűgösködik	[/V][Prs.NDef.1Sg]	4	8570080167	919	-2.3309248931299953	0.03033062692815346	11	4	11	4	TRUE	3	Vdik
náthásodok	náthásodik	[/V][Prs.NDef.1Sg]	1	8570080167	65	-2.932984884457958	-1.1200715278151023	10	4	10	4	TRUE	1	Vdik
nézelődök	nézelődik	[/V][Prs.NDef.1Sg]	1914	8570080167	56891	0.34895704898286695	1.82205868317631	9	4	9	4	TRUE	10	stem
növekedek	növekszik	[/V][Prs.NDef.1Sg]	51	8570080167	520866	-1.2254147083600215	2.78374112493422	9	4	9	3	TRUE	7	szik
nőiesedek	nőiesedik	[/V][Prs.NDef.1Sg]	4	8570080167	477	-2.3309248931299953	-0.2544665054178439	9	5	9	5	TRUE	3	Vdik
nőszök	nőszik	[/V][Prs.NDef.1Sg]	2	8570080167	77	-2.6319548887939765	-1.046494159285476	6	2	6	2	TRUE	2	szik
ocsúdok	ocsúdik	[/V][Prs.NDef.1Sg]	116	8570080167	4854	-0.8685268952310394	0.7531148875379581	7	3	7	3	TRUE	8	stem
okoskodok	okoskodik	[/V][Prs.NDef.1Sg]	700	8570080167	23651	-0.08788684444370101	1.4408646236306912	9	4	9	4	TRUE	10	Vdik
okosodok	okosodik	[/V][Prs.NDef.1Sg]	61	8570080167	6651	-1.1476550494471909	0.8899020633761928	8	4	8	4	TRUE	8	Vdik
okvetetlenkedek	okvetetlenkedik	[/V][Prs.NDef.1Sg]	24	8570080167	531	-1.552773642746352	-0.2078903633764888	15	6	15	6	TRUE	6	Vdik
oldódok	oldódik	[/V][Prs.NDef.1Sg]	232	8570080167	72937	-0.5674968995670582	1.929963011752598	7	3	7	3	TRUE	9	stem
olvadozok	olvadozik	[/V][Prs.NDef.1Sg]	76	8570080167	3573	-1.0521712921771664	0.6200481317444821	9	4	9	4	TRUE	8	zik
omlok	omlik	[/V][Prs.NDef.1Sg]	222	8570080167	44757	-0.5866319100073193	1.717876084213592	5	2	5	2	TRUE	9	lik
ordítozok	ordítozik	[/V][Prs.NDef.1Sg]	95	8570080167	7808	-0.95526127916911	0.9595549202006776	9	4	9	4	TRUE	8	zik
orientálódok	orientálódik	[/V][Prs.NDef.1Sg]	45	8570080167	6365	-1.279772370682614	0.8708135235317164	12	6	12	6	TRUE	7	stem
orvhalászok	orvhalászik	[/V][Prs.NDef.1Sg]	25	8570080167	47	-1.5350448757859203	-1.2608870265222405	11	4	11	4	TRUE	6	szik
oszladozok	oszladozik	[/V][Prs.NDef.1Sg]	1	8570080167	984	-2.932984884457958	0.06001021397338365	10	4	10	4	TRUE	1	zik
oszlok	oszlik	[/V][Prs.NDef.1Sg]	20	8570080167	77631	-1.6319548887939763	1.957050296085012	6	2	6	2	TRUE	6	lik
osztozok	osztozik	[/V][Prs.NDef.1Sg]	99	8570080167	212384	-0.937349689860408	2.394136911503991	8	3	8	3	TRUE	8	zik
osztozkodok	osztozkodik	[/V][Prs.NDef.1Sg]	12	8570080167	6441	-1.853803638410333	0.8759684146979533	11	4	11	4	TRUE	5	Vdik
osztódok	osztódik	[/V][Prs.NDef.1Sg]	4	8570080167	9844	-2.3309248931299953	1.060186720572807	8	3	8	3	TRUE	3	stem
pajzánkodok	pajzánkodik	[/V][Prs.NDef.1Sg]	1	8570080167	203	-2.932984884457958	-0.6254888465447449	11	4	11	4	TRUE	1	Vdik
pakolászok	pakolászik	[/V][Prs.NDef.1Sg]	227	8570080167	4806	-0.5769590272648352	0.7487988820099235	10	4	10	4	TRUE	9	szik
palizok	palizik	[/V][Prs.NDef.1Sg]	1	8570080167	236	-2.932984884457958	-0.5600728814878512	7	3	7	3	TRUE	1	zik
panaszkodok	panaszkodik	[/V][Prs.NDef.1Sg]	1192	8570080167	194071	0.14329137094625982	2.354975759220315	11	4	11	4	TRUE	10	Vdik
partizánkodok	partizánkodik	[/V][Prs.NDef.1Sg]	2	8570080167	302	-2.6319548887939765	-0.4529779415008072	13	5	13	5	TRUE	2	Vdik
parádézok	parádézik	[/V][Prs.NDef.1Sg]	35	8570080167	8833	-1.388916840107682	1.0131233459789482	9	4	9	4	TRUE	7	zik
paráználkodok	paráználkodik	[/V][Prs.NDef.1Sg]	13	8570080167	4716	-1.819041532151121	0.7405889119650937	13	5	13	5	TRUE	5	Vdik
parázslok	parázslik	[/V][Prs.NDef.1Sg]	14	8570080167	2744	-1.7868568487797198	0.5053992225767563	9	3	9	3	TRUE	5	lik
pasziánszozok	pasziánszozik	[/V][Prs.NDef.1Sg]	11	8570080167	202	-1.8915921992997329	-0.627633515011334	13	5	13	5	TRUE	5	zik
pattogzok	pattogzik	[/V][Prs.NDef.1Sg]	7	8570080167	1049	-2.087886844443701	0.08779060373560002	9	3	9	3	TRUE	4	zik
patvarkodok	patvarkodik	[/V][Prs.NDef.1Sg]	2	8570080167	68	-2.6319548887939765	-1.1004759717517214	11	4	11	4	TRUE	2	Vdik
pecázok	pecázik	[/V][Prs.NDef.1Sg]	117	8570080167	5981	-0.8647990227117962	0.8437889179541492	7	3	7	3	TRUE	8	zik
pedálozok	pedálozik	[/V][Prs.NDef.1Sg]	80	8570080167	2131	-1.0298948974660145	0.39559856525624415	9	4	9	4	TRUE	8	zik
penderedek	penderedik	[/V][Prs.NDef.1Sg]	3	8570080167	84	-2.455863629738295	-1.0087055983960762	10	4	10	4	TRUE	3	Vdik
pendlizek	pendlizik	[/V][Prs.NDef.1Sg]	11	8570080167	241	-1.8915921992997329	-0.5509678418830894	9	3	9	3	TRUE	5	zik
penészedek	penészedik	[/V][Prs.NDef.1Sg]	8	8570080167	4601	-2.0298948974660145	0.7298673488068383	10	4	10	4	TRUE	4	Vdik
pereskedek	pereskedik	[/V][Prs.NDef.1Sg]	40	8570080167	7520	-1.3309248931299955	0.9432329561336844	10	4	10	4	TRUE	7	Vdik
perlekedek	perlekedik	[/V][Prs.NDef.1Sg]	39	8570080167	1989	-1.3419202774314587	0.36564989866647774	10	4	10	4	TRUE	7	Vdik
perzselődök	perzselődik	[/V][Prs.NDef.1Sg]	3	8570080167	852	-2.455863629738295	-0.00254528969125773	11	4	11	4	TRUE	3	stem
petyhüdök	petyhüdik	[/V][Prs.NDef.1Sg]	2	8570080167	119	-2.6319548887939765	-0.8574379230654271	9	3	9	3	TRUE	2	stem
pezsgőzök	pezsgőzik	[/V][Prs.NDef.1Sg]	3	8570080167	655	-2.455863629738295	-0.1167435844661748	9	3	9	3	TRUE	3	zik
piacozok	piacozik	[/V][Prs.NDef.1Sg]	29	8570080167	609	-1.4705868865590015	-0.14836759182508247	8	4	8	4	TRUE	6	zik
pihizek	pihizik	[/V][Prs.NDef.1Sg]	146	8570080167	994	-0.7686320286735208	0.06440149993935544	7	3	7	3	TRUE	9	zik
pimaszkodok	pimaszkodik	[/V][Prs.NDef.1Sg]	11	8570080167	588	-1.8915921992997329	-0.16360755838181937	11	4	11	4	TRUE	5	Vdik
pingpongozok	pingpongozik	[/V][Prs.NDef.1Sg]	44	8570080167	3522	-1.2895322079717704	0.6138044671733003	12	4	12	4	TRUE	7	zik
pipiskedek	pipiskedik	[/V][Prs.NDef.1Sg]	16	8570080167	1067	-1.728864901802033	0.09517953496651203	10	4	10	4	TRUE	5	Vdik
pipázok	pipázik	[/V][Prs.NDef.1Sg]	101	8570080167	3608	-0.9286635106753152	0.6242816444119463	7	3	7	3	TRUE	8	zik
pironkodok	pironkodik	[/V][Prs.NDef.1Sg]	34	8570080167	4029	-1.4015059674157029	0.67221238293042	10	4	10	4	TRUE	7	Vdik
piroslok	piroslik	[/V][Prs.NDef.1Sg]	11	8570080167	2621	-1.8915921992997329	0.48548213648864263	8	3	8	3	TRUE	5	lik
pirosodok	pirosodik	[/V][Prs.NDef.1Sg]	12	8570080167	2743	-1.853803638410333	0.5052409231465715	9	4	9	4	TRUE	5	Vdik
piszkoskodok	piszkoskodik	[/V][Prs.NDef.1Sg]	3	8570080167	173	-2.455863629738295	-0.6949387813291624	12	4	12	4	TRUE	3	Vdik
piszkálódok	piszkálódik	[/V][Prs.NDef.1Sg]	28	8570080167	1002	-1.4858268531157386	0.06788283707326911	11	4	11	4	TRUE	6	stem
pitizek	pitizik	[/V][Prs.NDef.1Sg]	24	8570080167	757	-1.552773642746352	-0.05388900495788509	7	3	7	3	TRUE	6	zik
pityeredek	pityeredik	[/V][Prs.NDef.1Sg]	11	8570080167	469	-1.8915921992997329	-0.2618120417428746	10	4	10	4	TRUE	5	Vdik
pletykálkodok	pletykálkodik	[/V][Prs.NDef.1Sg]	2	8570080167	1366	-2.6319548887939765	0.2024658148875559	13	4	13	4	TRUE	2	Vdik
pocakosodok	pocakosodik	[/V][Prs.NDef.1Sg]	3	8570080167	159	-2.455863629738295	-0.7315877601375064	11	5	11	5	TRUE	3	Vdik
pofozkodok	pofozkodik	[/V][Prs.NDef.1Sg]	4	8570080167	1126	-2.3309248931299953	0.1185535060573696	10	4	10	4	TRUE	3	Vdik
pofátlankodok	pofátlankodik	[/V][Prs.NDef.1Sg]	30	8570080167	705	-1.4558636297382954	-0.08479576746655913	13	5	13	5	TRUE	6	Vdik
pompázok	pompázik	[/V][Prs.NDef.1Sg]	34	8570080167	35198	-1.4015059674157029	1.6135331024962936	8	3	8	3	TRUE	7	zik
porlok	porlik	[/V][Prs.NDef.1Sg]	4	8570080167	1648	-2.3309248931299953	0.2839723229031391	6	2	6	2	TRUE	3	lik
porosodok	porosodik	[/V][Prs.NDef.1Sg]	3	8570080167	15132	-2.455863629738295	1.2469114481627486	9	4	9	4	TRUE	3	Vdik
porzok	porzik	[/V][Prs.NDef.1Sg]	11	8570080167	4213	-1.8915921992997329	0.69160657466889	6	2	6	2	TRUE	5	zik
poénkodok	poénkodik	[/V][Prs.NDef.1Sg]	149	8570080167	7916	-0.7597986160456838	0.9655209010764008	9	4	9	4	TRUE	9	Vdik
problémázok	problémázik	[/V][Prs.NDef.1Sg]	264	8570080167	4720	-0.5113809575881267	0.74095711417613	11	4	11	4	TRUE	9	zik
préselődök	préselődik	[/V][Prs.NDef.1Sg]	5	8570080167	3193	-2.234014880121939	0.5712140340814871	10	4	10	4	TRUE	4	stem
próbálkozok	próbálkozik	[/V][Prs.NDef.1Sg]	3219	8570080167	323025	0.5747360922276556	2.5762512506963424	11	4	11	4	TRUE	10	zik
puhatolódzok	puhatolózik	[/V][Prs.NDef.1Sg]	1	8570080167	1377	-2.932984884457958	0.20594905579896583	12	5	11	5	TRUE	1	zik
pukedlizek	pukedlizik	[/V][Prs.NDef.1Sg]	6	8570080167	342	-2.1548336340743144	-0.3989587784018228	10	4	10	4	TRUE	4	zik
pukizok	pukizik	[/V][Prs.NDef.1Sg]	20	8570080167	966	-1.6319548887939763	0.05199224195753548	7	3	7	3	TRUE	6	zik
pukkadozok	pukkadozik	[/V][Prs.NDef.1Sg]	6	8570080167	544	-2.1548336340743144	-0.1973859847597779	10	4	10	4	TRUE	4	zik
puskázok	puskázik	[/V][Prs.NDef.1Sg]	136	8570080167	4497	-0.7994459760877403	0.719938003109984	8	3	8	3	TRUE	9	zik
puszilkodok	puszilkodik	[/V][Prs.NDef.1Sg]	2	8570080167	426	-2.6319548887939765	-0.3035752853552389	11	4	11	4	TRUE	2	Vdik
pácolódok	pácolódik	[/V][Prs.NDef.1Sg]	1	8570080167	1769	-2.932984884457958	0.3147429484517653	9	4	9	4	TRUE	1	stem
pákosztoskodok	pákosztoskodik	[/V][Prs.NDef.1Sg]	1	8570080167	11	-2.932984884457958	-1.8915921992997329	14	5	14	5	TRUE	1	Vdik
pályázok	pályázik	[/V][Prs.NDef.1Sg]	1077	8570080167	247923	0.09923081884002372	2.4613319339989985	8	3	8	3	TRUE	10	zik
párbajozok	párbajozik	[/V][Prs.NDef.1Sg]	19	8570080167	3357	-1.654231283505129	0.5929664567900547	10	4	10	4	TRUE	6	zik
párosodok	párosodik	[/V][Prs.NDef.1Sg]	3	8570080167	4817	-2.455863629738295	0.7497917618564762	9	4	9	4	TRUE	3	Vdik
pártoskodok	pártoskodik	[/V][Prs.NDef.1Sg]	6	8570080167	478	-2.1548336340743144	-0.25355698784583897	11	4	11	4	TRUE	4	Vdik
párzok	párzik	[/V][Prs.NDef.1Sg]	9	8570080167	2316	-1.978742375018633	0.43175367059744074	6	2	6	2	TRUE	4	zik
párásodok	párásodik	[/V][Prs.NDef.1Sg]	5	8570080167	2554	-2.234014880121939	0.47423600846943864	9	4	9	4	TRUE	4	Vdik
páváskodok	páváskodik	[/V][Prs.NDef.1Sg]	4	8570080167	1096	-2.3309248931299953	0.10682566969039252	10	4	10	4	TRUE	3	Vdik
példálózok	példálózik	[/V][Prs.NDef.1Sg]	173	8570080167	8093	-0.6949387813291624	0.9751246559345944	10	4	10	4	TRUE	9	zik
pöffeszkedek	pöffeszkedik	[/V][Prs.NDef.1Sg]	21	8570080167	2267	-1.6107655897240385	0.4224666356685596	12	4	12	4	TRUE	6	Vdik
pöndörödök	pöndörödik	[/V][Prs.NDef.1Sg]	1	8570080167	871	-2.932984884457958	0.00703327054970539	10	4	10	4	TRUE	1	Vdik
pörkölődök	pörkölődik	[/V][Prs.NDef.1Sg]	2	8570080167	806	-2.6319548887939765	-0.02664984265286718	10	4	10	4	TRUE	2	stem
pörlekedek	pörlekedik	[/V][Prs.NDef.1Sg]	2	8570080167	427	-2.6319548887939765	-0.30255700943293395	10	4	10	4	TRUE	2	Vdik
raboskodok	raboskodik	[/V][Prs.NDef.1Sg]	3	8570080167	8171	-2.455863629738295	0.9792903260408544	10	4	10	4	TRUE	3	Vdik
ragaszkodok	ragaszkodik	[/V][Prs.NDef.1Sg]	1224	8570080167	266576	0.15479653335158453	2.492836162582564	11	4	11	4	TRUE	10	Vdik
rajzolódok	rajzolódik	[/V][Prs.NDef.1Sg]	2	8570080167	30853	-2.6319548887939765	1.5563125147087271	10	4	10	4	TRUE	2	stem
rakodok	rakodik	[/V][Prs.NDef.1Sg]	71	8570080167	7911	-1.0817265357388826	0.965246500055139	7	3	7	3	TRUE	8	Vdik
rakoncátlankodok	rakoncátlankodik	[/V][Prs.NDef.1Sg]	1	8570080167	2200	-2.932984884457958	0.4094377963642484	16	6	16	6	TRUE	1	Vdik
rakódok	rakódik	[/V][Prs.NDef.1Sg]	2	8570080167	18327	-2.6319548887939765	1.330106495393714	7	3	7	3	TRUE	2	stem
randevúzok	randevúzik	[/V][Prs.NDef.1Sg]	26	8570080167	5799	-1.5180115364871398	0.8303682242902576	10	4	10	4	TRUE	6	zik
randizok	randizik	[/V][Prs.NDef.1Sg]	282	8570080167	20259	-0.4827357761385967	1.373633119981887	8	3	8	3	TRUE	9	zik
raplizok	raplizik	[/V][Prs.NDef.1Sg]	4	8570080167	87	-2.3309248931299953	-0.9934656318393392	8	3	8	3	TRUE	3	zik
ravaszkodok	ravaszkodik	[/V][Prs.NDef.1Sg]	10	8570080167	972	-1.9329848844579576	0.05468138046831677	11	4	11	4	TRUE	5	Vdik
realizálódok	realizálódik	[/V][Prs.NDef.1Sg]	1	8570080167	20943	-2.932984884457958	1.388054008268097	12	6	12	6	TRUE	1	stem
regenerálódok	regenerálódik	[/V][Prs.NDef.1Sg]	210	8570080167	25980	-0.6107655897240386	1.4816542622790512	13	6	13	6	TRUE	9	stem
reggeledek	reggeledik	[/V][Prs.NDef.1Sg]	1	8570080167	165	-2.932984884457958	-0.7155009402440515	10	4	10	4	TRUE	1	Vdik
reggelizek	reggelizik	[/V][Prs.NDef.1Sg]	793	8570080167	37598	-0.03371169714035401	1.6421798590849852	10	4	10	4	TRUE	10	zik
reinkarnálódok	reinkarnálódik	[/V][Prs.NDef.1Sg]	16	8570080167	2162	-1.728864901802033	0.4018708051593337	14	6	14	6	TRUE	5	stem
rejlek	rejlik	[/V][Prs.NDef.1Sg]	39	8570080167	197559	-1.3419202774314587	2.3627119347344228	6	2	6	2	TRUE	7	lik
rejtezek	rejtezik	[/V][Prs.NDef.1Sg]	3	8570080167	4572	-2.455863629738295	0.7271213372652863	8	3	8	3	TRUE	3	zik
rejtőzök	rejtőzik	[/V][Prs.NDef.1Sg]	29	8570080167	58213	-1.4705868865590015	1.8320350967178891	8	3	8	3	TRUE	6	zik
rejtőzködök	rejtőzködik	[/V][Prs.NDef.1Sg]	16	8570080167	13531	-1.728864901802033	1.198345009584852	11	4	11	4	TRUE	5	Vdik
remetéskedek	remetéskedik	[/V][Prs.NDef.1Sg]	1	8570080167	1151	-2.932984884457958	0.12809043917183394	12	5	12	5	TRUE	1	Vdik
reménykedek	reménykedik	[/V][Prs.NDef.1Sg]	5421	8570080167	167707	0.8010945228226365	2.2915663057445927	11	4	11	4	TRUE	10	Vdik
rendelkezek	rendelkezik	[/V][Prs.NDef.1Sg]	2067	8570080167	2695227	0.3823555921693304	3.497610464172674	11	4	11	4	TRUE	10	zik
rendetlenkedek	rendetlenkedik	[/V][Prs.NDef.1Sg]	11	8570080167	2865	-1.8915921992997329	0.5241397418454509	14	5	14	5	TRUE	5	Vdik
rendezkedek	rendezkedik	[/V][Prs.NDef.1Sg]	101	8570080167	17362	-0.9286635106753152	1.3066148674270843	11	4	11	4	TRUE	8	Vdik
rendeződök	rendeződik	[/V][Prs.NDef.1Sg]	12	8570080167	54166	-1.853803638410333	1.8007418809415252	10	4	10	4	TRUE	5	stem
renitenskedek	renitenskedik	[/V][Prs.NDef.1Sg]	2	8570080167	274	-2.6319548887939765	-0.49523432163756986	13	5	13	5	TRUE	2	Vdik
restelkedek	restelkedik	[/V][Prs.NDef.1Sg]	2	8570080167	967	-2.6319548887939765	0.05244158962504387	11	4	11	4	TRUE	2	Vdik
riadozok	riadozik	[/V][Prs.NDef.1Sg]	5	8570080167	733	-2.234014880121939	-0.0678809098168299	8	4	8	4	TRUE	4	zik
ricsajozok	ricsajozik	[/V][Prs.NDef.1Sg]	1	8570080167	209	-2.932984884457958	-0.6128385983469038	10	4	10	4	TRUE	1	zik
rimánkodok	rimánkodik	[/V][Prs.NDef.1Sg]	49	8570080167	4130	-1.2427888044294442	0.6829651671984431	10	4	10	4	TRUE	7	Vdik
ringatózok	ringatózik	[/V][Prs.NDef.1Sg]	24	8570080167	8674	-1.552773642746352	1.0052345333547852	10	4	10	4	TRUE	6	zik
ripacskodok	ripacskodik	[/V][Prs.NDef.1Sg]	3	8570080167	871	-2.455863629738295	0.00703327054970539	11	4	11	4	TRUE	3	Vdik
ripakodok	ripakodik	[/V][Prs.NDef.1Sg]	23	8570080167	1271	-1.571257048440365	0.17116066609605035	9	4	9	4	TRUE	6	Vdik
riposztozok	riposztozik	[/V][Prs.NDef.1Sg]	3	8570080167	401	-2.455863629738295	-0.3298405118377755	11	4	11	4	TRUE	3	zik
rogyadozok	rogyadozik	[/V][Prs.NDef.1Sg]	3	8570080167	1367	-2.455863629738295	0.20278363010986444	10	4	10	4	TRUE	3	zik
rohangászok	rohangászik	[/V][Prs.NDef.1Sg]	105	8570080167	3976	-0.9117955853880196	0.6664614912673178	11	4	11	4	TRUE	8	szik
romlok	romlik	[/V][Prs.NDef.1Sg]	43	8570080167	195968	-1.2995164288783714	2.3592002758881714	6	2	6	2	TRUE	7	lik
rongyolódok	rongyolódik	[/V][Prs.NDef.1Sg]	1	8570080167	434	-2.932984884457958	-0.2954951549454472	11	4	11	4	TRUE	1	stem
roskadozok	roskadozik	[/V][Prs.NDef.1Sg]	23	8570080167	11094	-1.571257048440365	1.112103277084859	10	4	10	4	TRUE	6	zik
rosszabbodok	rosszabbodik	[/V][Prs.NDef.1Sg]	6	8570080167	14933	-2.1548336340743144	1.2411621806390725	12	4	12	4	TRUE	4	Vdik
rosszalkodok	rosszalkodik	[/V][Prs.NDef.1Sg]	33	8570080167	6227	-1.4144709445800705	0.8612939812634421	12	4	12	4	TRUE	7	Vdik
rozsdásodok	rozsdásodik	[/V][Prs.NDef.1Sg]	31	8570080167	7072	-1.4416231906236852	0.9165573675470589	11	4	11	4	TRUE	6	Vdik
rugaszkodok	rugaszkodik	[/V][Prs.NDef.1Sg]	36	8570080167	7279	-1.3766823836906703	0.9290868349220364	11	4	11	4	TRUE	7	Vdik
rugdalózok	rugdalózik	[/V][Prs.NDef.1Sg]	13	8570080167	1324	-1.819041532151121	0.1889031006457233	10	4	10	4	TRUE	5	zik
rugdosódok	rugdosódik	[/V][Prs.NDef.1Sg]	2	8570080167	369	-2.6319548887939765	-0.3659585182988975	10	4	10	4	TRUE	2	stem
ruházkodok	ruházkodik	[/V][Prs.NDef.1Sg]	3	8570080167	1397	-2.455863629738295	0.2122115216562241	10	4	10	4	TRUE	3	Vdik
rádiózok	rádiózik	[/V][Prs.NDef.1Sg]	139	8570080167	5003	-0.7899700842038627	0.7662456184254514	8	4	8	4	TRUE	9	zik
rágódok	rágódik	[/V][Prs.NDef.1Sg]	516	8570080167	21316	-0.22033518283074652	1.3957208271109165	7	3	7	3	TRUE	10	stem
ráhajlok	ráhajlik	[/V][Prs.NDef.1Sg]	8	8570080167	361	-2.0298948974660145	-0.3754776825523	8	3	8	3	TRUE	4	lik
rákászok	rákászik	[/V][Prs.NDef.1Sg]	7	8570080167	134	-2.087886844443701	-0.8058800860931502	8	3	8	3	TRUE	4	szik
ráncosodok	ráncosodik	[/V][Prs.NDef.1Sg]	3	8570080167	3780	-2.455863629738295	0.6445069153792675	10	4	10	4	TRUE	3	Vdik
rángatózok	rángatózik	[/V][Prs.NDef.1Sg]	22	8570080167	5548	-1.5905622036357516	0.8111515679432895	10	4	10	4	TRUE	6	zik
rázkódok	rázkódik	[/V][Prs.NDef.1Sg]	17	8570080167	6310	-1.702535963079684	0.8670444747861765	8	3	8	3	TRUE	6	stem
rázódok	rázódik	[/V][Prs.NDef.1Sg]	50	8570080167	3960	-1.234014880121939	0.6647103014675545	7	3	7	3	TRUE	7	stem
rémlek	rémlik	[/V][Prs.NDef.1Sg]	5	8570080167	33703	-2.234014880121939	1.5946836759224996	6	2	6	2	TRUE	4	lik
rémüldözök	rémüldözik	[/V][Prs.NDef.1Sg]	15	8570080167	1401	-1.756893625402277	0.21345325082781672	10	4	10	4	TRUE	5	zik
részegedek	részegedik	[/V][Prs.NDef.1Sg]	8	8570080167	1562	-2.0298948974660145	0.26069614508332367	10	4	10	4	TRUE	4	Vdik
részegeskedek	részegeskedik	[/V][Prs.NDef.1Sg]	5	8570080167	709	-2.234014880121939	-0.0823386492748913	13	5	13	5	TRUE	4	Vdik
részesedek	részesedik	[/V][Prs.NDef.1Sg]	35	8570080167	24890	-1.388916840107682	1.4630400121506355	10	4	10	4	TRUE	7	Vdik
ródlizok	ródlizik	[/V][Prs.NDef.1Sg]	1	8570080167	61	-2.932984884457958	-1.1476550494471909	8	3	8	3	TRUE	1	zik
rögbizek	rögbizik	[/V][Prs.NDef.1Sg]	6	8570080167	471	-2.1548336340743144	-0.2599639773290616	8	3	8	3	TRUE	4	zik
rökönyödök	rökönyödik	[/V][Prs.NDef.1Sg]	20	8570080167	1054	-1.6319548887939763	0.08985572641856995	10	4	10	4	TRUE	6	Vdik
römizek	römizik	[/V][Prs.NDef.1Sg]	8	8570080167	132	-2.0298948974660145	-0.812410953252108	7	3	7	3	TRUE	4	zik
röplabdázok	röplabdázik	[/V][Prs.NDef.1Sg]	30	8570080167	3986	-1.4558636297382954	0.667552409906511	11	4	11	4	TRUE	6	zik
röstelkedek	röstelkedik	[/V][Prs.NDef.1Sg]	3	8570080167	803	-2.455863629738295	-0.02826933917927687	11	4	11	4	TRUE	3	Vdik
sajnálkozok	sajnálkozik	[/V][Prs.NDef.1Sg]	53	8570080167	14151	-1.2087090148571689	1.2178022465074063	11	4	11	4	TRUE	7	zik
sakkozok	sakkozik	[/V][Prs.NDef.1Sg]	166	8570080167	14004	-0.7128767964179027	1.2132672176350372	8	3	8	3	TRUE	9	zik
savanyodok	savanyodik	[/V][Prs.NDef.1Sg]	4	8570080167	1282	-2.3309248931299953	0.17490314072484076	10	4	10	4	TRUE	3	Vdik
sebesedek	sebesedik	[/V][Prs.NDef.1Sg]	1	8570080167	680	-2.932984884457958	-0.10047597175172152	9	4	9	4	TRUE	1	Vdik
segédkezek	segédkezik	[/V][Prs.NDef.1Sg]	121	8570080167	34011	-0.8501995141415077	1.5986345168983815	10	4	10	4	TRUE	8	zik
sejlek	sejlik	[/V][Prs.NDef.1Sg]	4	8570080167	8848	-2.3309248931299953	1.0138602295026653	6	2	6	2	TRUE	3	lik
serénykedek	serénykedik	[/V][Prs.NDef.1Sg]	11	8570080167	3658	-1.8915921992997329	0.6302588166824402	11	4	11	4	TRUE	5	Vdik
settenkedek	settenkedik	[/V][Prs.NDef.1Sg]	31	8570080167	3595	-1.4416231906236852	0.6227140102609435	11	4	11	4	TRUE	6	Vdik
sikeredek	sikeredik	[/V][Prs.NDef.1Sg]	4	8570080167	71942	-2.3309248931299953	1.923997622653812	9	4	9	4	TRUE	3	Vdik
siklok	siklik	[/V][Prs.NDef.1Sg]	277	8570080167	27173	-0.4905051153935094	1.5011527043287765	6	2	6	2	TRUE	9	lik
sikoltozok	sikoltozik	[/V][Prs.NDef.1Sg]	38	8570080167	8245	-1.3532012878411477	0.9832057755225796	10	4	10	4	TRUE	7	zik
sikítozok	sikítozik	[/V][Prs.NDef.1Sg]	100	8570080167	3535	-0.9329848844579578	0.6154045336749603	9	4	9	4	TRUE	8	zik
simlizek	simlizik	[/V][Prs.NDef.1Sg]	2	8570080167	107	-2.6319548887939765	-0.9036011067727482	8	3	8	3	TRUE	2	zik
sipítozok	sipítozik	[/V][Prs.NDef.1Sg]	7	8570080167	625	-2.087886844443701	-0.1371048671138826	9	4	9	4	TRUE	4	zik
siránkozok	siránkozik	[/V][Prs.NDef.1Sg]	174	8570080167	14018	-0.6924356361753581	1.2137011711895676	10	4	10	4	TRUE	9	zik
sivalkodok	sivalkodik	[/V][Prs.NDef.1Sg]	7	8570080167	1974	-2.087886844443701	0.3623622638756601	10	4	10	4	TRUE	4	Vdik
smacizok	smacizik	[/V][Prs.NDef.1Sg]	4	8570080167	168	-2.3309248931299953	-0.707675602732095	8	3	8	3	TRUE	3	zik
sodródok	sodródik	[/V][Prs.NDef.1Sg]	290	8570080167	50915	-0.47058688655900177	1.7738608636456463	8	3	8	3	TRUE	9	stem
sopánkodok	sopánkodik	[/V][Prs.NDef.1Sg]	64	8570080167	6686	-1.1268049104740707	0.8921814877985919	10	4	10	4	TRUE	8	Vdik
sorakozok	sorakozik	[/V][Prs.NDef.1Sg]	12	8570080167	94911	-1.853803638410333	2.0443316647707457	9	4	9	4	TRUE	5	zik
soványodok	soványodik	[/V][Prs.NDef.1Sg]	4	8570080167	1420	-2.3309248931299953	0.21930345992509864	10	4	10	4	TRUE	3	Vdik
spanglizok	spanglizik	[/V][Prs.NDef.1Sg]	3	8570080167	61	-2.455863629738295	-1.1476550494471909	10	3	10	3	TRUE	3	zik
specializálódok	specializálódik	[/V][Prs.NDef.1Sg]	15	8570080167	12027	-1.756893625402277	1.1471724265122265	15	7	15	7	TRUE	5	stem
spicliskedek	spicliskedik	[/V][Prs.NDef.1Sg]	1	8570080167	111	-2.932984884457958	-0.8876619056713004	12	4	12	4	TRUE	1	Vdik
spurizok	spurizik	[/V][Prs.NDef.1Sg]	30	8570080167	304	-1.4558636297382954	-0.4501113008492041	8	3	8	3	TRUE	6	zik
stencilezek	stencilezik	[/V][Prs.NDef.1Sg]	12	8570080167	206	-1.853803638410333	-0.6191176640888044	11	4	11	4	TRUE	5	zik
stréberkedek	stréberkedik	[/V][Prs.NDef.1Sg]	2	8570080167	87	-2.6319548887939765	-0.9934656318393392	12	4	12	4	TRUE	2	Vdik
sugdolózok	sugdolózik	[/V][Prs.NDef.1Sg]	2	8570080167	1645	-2.6319548887939765	0.2831810178280353	10	4	10	4	TRUE	2	zik
sugárzok	sugárzik	[/V][Prs.NDef.1Sg]	388	8570080167	39114	-0.3441531588637506	1.6593473469658728	8	3	8	3	TRUE	9	zik
szabadkozok	szabadkozik	[/V][Prs.NDef.1Sg]	29	8570080167	8713	-1.4705868865590015	1.0071828295761172	11	4	11	4	TRUE	6	zik
szabálytalankodok	szabálytalankodik	[/V][Prs.NDef.1Sg]	31	8570080167	6970	-1.4416231906236852	0.9102478936400517	17	6	17	6	TRUE	6	Vdik
szabódok	szabódik	[/V][Prs.NDef.1Sg]	6	8570080167	925	-2.1548336340743144	0.03315684828107476	8	3	8	3	TRUE	4	stem
szaglok	szaglik	[/V][Prs.NDef.1Sg]	36	8570080167	1207	-1.3766823836906703	0.1487223856393914	7	2	7	2	TRUE	7	lik
szaglálódok	szaglálódik	[/V][Prs.NDef.1Sg]	1	8570080167	77	-2.932984884457958	-1.046494159285476	11	4	11	4	TRUE	1	stem
szakadozok	szakadozik	[/V][Prs.NDef.1Sg]	5	8570080167	6941	-2.234014880121939	0.9084371599444014	10	4	10	4	TRUE	4	zik
szakácskodok	szakácskodik	[/V][Prs.NDef.1Sg]	4	8570080167	506	-2.3309248931299953	-0.22883436761815876	12	4	12	4	TRUE	3	Vdik
szaladozok	szaladozik	[/V][Prs.NDef.1Sg]	8	8570080167	540	-2.0298948974660145	-0.20059112463498935	10	4	10	4	TRUE	4	zik
szaporodok	szaporodik	[/V][Prs.NDef.1Sg]	25	8570080167	87868	-1.5350448757859203	2.010845856898932	10	4	10	4	TRUE	6	Vdik
szarakodok	szarakodik	[/V][Prs.NDef.1Sg]	160	8570080167	5699	-0.728864901802033	0.8228137725158727	10	4	10	4	TRUE	9	Vdik
szedelődzködök	szedelődzködik	[/V][Prs.NDef.1Sg]	4	8570080167	599	-2.3309248931299953	-0.15555806206864647	14	5	14	5	TRUE	3	Vdik
szedelőzködök	szedelőzködik	[/V][Prs.NDef.1Sg]	38	8570080167	1934	-1.3532012878411477	0.35347158528902506	13	5	13	5	TRUE	7	Vdik
szegeződök	szegeződik	[/V][Prs.NDef.1Sg]	1	8570080167	7210	-2.932984884457958	0.92495038026147125	10	4	10	4	TRUE	1	stem
szegényedek	szegényedik	[/V][Prs.NDef.1Sg]	5	8570080167	3561	-2.234014880121939	0.6185870892162959	11	4	11	4	TRUE	4	Vdik
szegődök	szegődik	[/V][Prs.NDef.1Sg]	78	8570080167	26862	-1.0408902817674774	1.4961534603091309	8	3	8	3	TRUE	8	stem
szellemeskedek	szellemeskedik	[/V][Prs.NDef.1Sg]	5	8570080167	583	-2.234014880121939	-0.16731632969894378	14	5	14	5	TRUE	4	Vdik
szellőzök	szellőzik	[/V][Prs.NDef.1Sg]	49	8570080167	22012	-1.2427888044294442	1.4096746196811611	9	3	9	3	TRUE	7	zik
szellőzködök	szellőzködik	[/V][Prs.NDef.1Sg]	1	8570080167	86	-2.932984884457958	-0.99848643321439	12	4	12	4	TRUE	1	Vdik
szemlélődök	szemlélődik	[/V][Prs.NDef.1Sg]	301	8570080167	7906	-0.4544183888641145	0.964971925548994	11	4	11	4	TRUE	9	stem
szemtelenedek	szemtelenedik	[/V][Prs.NDef.1Sg]	2	8570080167	170	-2.6319548887939765	-0.7025359630796839	13	5	13	5	TRUE	2	Vdik
szemtelenkedek	szemtelenkedik	[/V][Prs.NDef.1Sg]	15	8570080167	1357	-1.756893625402277	0.19959496320177925	14	5	14	5	TRUE	5	Vdik
személyeskedek	személyeskedik	[/V][Prs.NDef.1Sg]	226	8570080167	6741	-0.5788764453105569	0.8957394426808335	14	5	14	5	TRUE	9	Vdik
szemérmeskedek	szemérmeskedik	[/V][Prs.NDef.1Sg]	2	8570080167	360	-2.6319548887939765	-0.3766823836906706	14	5	14	5	TRUE	2	Vdik
szenderedek	szenderedik	[/V][Prs.NDef.1Sg]	19	8570080167	880	-1.654231283505129	0.01149778769221076	11	4	11	4	TRUE	6	Vdik
szennyeződök	szennyeződik	[/V][Prs.NDef.1Sg]	1	8570080167	8575	-2.932984884457958	1.0002492442568502	12	4	12	4	TRUE	1	stem
szenteskedek	szenteskedik	[/V][Prs.NDef.1Sg]	3	8570080167	208	-2.455863629738295	-0.6149215494951963	12	4	12	4	TRUE	3	Vdik
szerelmeskedek	szerelmeskedik	[/V][Prs.NDef.1Sg]	14	8570080167	3264	-1.7868568487797198	0.5807652656238657	14	5	14	5	TRUE	5	Vdik
szerencsétlenkedek	szerencsétlenkedik	[/V][Prs.NDef.1Sg]	236	8570080167	4615	-0.5600728814878512	0.731186820903973	18	6	18	6	TRUE	9	Vdik
szeretkezek	szeretkezik	[/V][Prs.NDef.1Sg]	376	8570080167	27905	-0.3577970395302968	1.5126971423947213	11	4	11	4	TRUE	9	zik
szervezkedek	szervezkedik	[/V][Prs.NDef.1Sg]	91	8570080167	10558	-0.9739434921368644	1.090596773206982	12	4	12	4	TRUE	8	Vdik
szerveződök	szerveződik	[/V][Prs.NDef.1Sg]	3	8570080167	59340	-2.455863629738295	1.840362657522865	11	4	11	4	TRUE	3	stem
szerződök	szerződik	[/V][Prs.NDef.1Sg]	240	8570080167	51630	-0.5527736427463518	1.779917240589265	9	3	9	3	TRUE	9	stem
szerénykedek	szerénykedik	[/V][Prs.NDef.1Sg]	25	8570080167	4231	-1.5350448757859203	0.6934581408733368	12	4	12	4	TRUE	6	Vdik
szeszélyeskedek	szeszélyeskedik	[/V][Prs.NDef.1Sg]	5	8570080167	83	-2.234014880121939	-1.0139067920818838	15	5	15	5	TRUE	4	Vdik
sziesztázok	sziesztázik	[/V][Prs.NDef.1Sg]	26	8570080167	2144	-1.5180115364871398	0.3982398965627746	11	4	11	4	TRUE	6	zik
szigetelődök	szigetelődik	[/V][Prs.NDef.1Sg]	2	8570080167	1035	-2.6319548887939765	0.08195546533497876	12	5	12	5	TRUE	2	stem
szigorlatozok	szigorlatozik	[/V][Prs.NDef.1Sg]	5	8570080167	593	-2.234014880121939	-0.15993019109369525	13	5	13	5	TRUE	4	zik
szikrázok	szikrázik	[/V][Prs.NDef.1Sg]	12	8570080167	11894	-1.853803638410333	1.1423430497053009	9	3	9	3	TRUE	5	zik
sziporkázok	sziporkázik	[/V][Prs.NDef.1Sg]	32	8570080167	4822	-1.427834906138052	0.750242321583477	11	4	11	4	TRUE	6	zik
szitkozódok	szitkozódik	[/V][Prs.NDef.1Sg]	84	8570080167	6590	-1.0087055983960762	0.885900530136052	11	4	11	4	TRUE	8	stem
szlalomozok	szlalomozik	[/V][Prs.NDef.1Sg]	106	8570080167	1225	-0.9076790191931876	0.15515120424259346	11	4	11	4	TRUE	8	zik
szobrozok	szobrozik	[/V][Prs.NDef.1Sg]	43	8570080167	1224	-1.2995164288783714	0.15479653335158453	9	3	9	3	TRUE	7	zik
szobrászkodok	szobrászkodik	[/V][Prs.NDef.1Sg]	6	8570080167	1076	-2.1548336340743144	0.09882738687241256	13	4	13	4	TRUE	4	Vdik
szocializálódok	szocializálódik	[/V][Prs.NDef.1Sg]	21	8570080167	15320	-1.6107655897240385	1.2522738808386271	15	7	15	7	TRUE	6	stem
szokok	szokik	[/V][Prs.NDef.1Sg]	444	8570080167	1306902	-0.28560191434333804	3.183258138122639	6	2	6	2	TRUE	10	stem
szolizok	szolizik	[/V][Prs.NDef.1Sg]	38	8570080167	696	-1.3532012878411477	-0.09037564484739571	8	3	8	3	TRUE	7	zik
szomjúhozok	szomjúhozik	[/V][Prs.NDef.1Sg]	15	8570080167	2852	-1.756893625402277	0.5221646367218701	11	4	11	4	TRUE	5	zik
szomorkodok	szomorkodik	[/V][Prs.NDef.1Sg]	176	8570080167	22613	-0.687472216643808	1.4213732982773637	11	4	11	4	TRUE	9	Vdik
szomorodok	szomorodik	[/V][Prs.NDef.1Sg]	24	8570080167	2368	-1.552773642746352	0.4413968135929244	10	4	10	4	TRUE	6	Vdik
szontyolodok	szontyolodik	[/V][Prs.NDef.1Sg]	4	8570080167	566	-2.3309248931299953	-0.1801684532696864	12	4	12	4	TRUE	3	Vdik
szopok	szopik	[/V][Prs.NDef.1Sg]	835	8570080167	56825	-0.01129840897435574	1.8215545599390504	6	2	6	2	TRUE	10	stem
szorgoskodok	szorgoskodik	[/V][Prs.NDef.1Sg]	14	8570080167	8106	-1.7868568487797198	0.9758217149477164	12	4	12	4	TRUE	5	Vdik
szorítkozok	szorítkozik	[/V][Prs.NDef.1Sg]	67	8570080167	21720	-1.1069100817571311	1.4038749364588514	11	4	11	4	TRUE	8	zik
sztorizok	sztorizik	[/V][Prs.NDef.1Sg]	70	8570080167	1497	-1.087886844443701	0.2422369158850945	9	3	9	3	TRUE	8	zik
szundizok	szundizik	[/V][Prs.NDef.1Sg]	29	8570080167	399	-1.4705868865590015	-0.3320119887712096	9	3	9	3	TRUE	6	zik
szurkálódok	szurkálódik	[/V][Prs.NDef.1Sg]	9	8570080167	310	-1.978742375018633	-0.4416231906236851	11	4	11	4	TRUE	4	stem
száguldozok	száguldozik	[/V][Prs.NDef.1Sg]	192	8570080167	16139	-0.6496836557544082	1.2748917371340145	11	4	11	4	TRUE	9	zik
szájhősködök	szájhősködik	[/V][Prs.NDef.1Sg]	1	8570080167	144	-2.932984884457958	-0.7746223923627081	12	4	12	4	TRUE	1	Vdik
szállingózok	szállingózik	[/V][Prs.NDef.1Sg]	9	8570080167	8178	-1.978742375018633	0.9796622217603592	12	4	12	4	TRUE	4	zik
számítódok	számítódik	[/V][Prs.NDef.1Sg]	3	8570080167	2554	-2.455863629738295	0.47423600846943864	10	4	10	4	TRUE	3	stem
szánakozok	szánakozik	[/V][Prs.NDef.1Sg]	14	8570080167	3014	-1.7868568487797198	0.5461583635206552	10	4	10	4	TRUE	5	zik
szándékozok	szándékozik	[/V][Prs.NDef.1Sg]	1252	8570080167	57854	0.164619444416453	1.8293485067964896	11	4	11	4	TRUE	10	zik
szánkózok	szánkózik	[/V][Prs.NDef.1Sg]	20	8570080167	5609	-1.6319548887939763	0.8159005555515588	9	3	9	3	TRUE	6	zik
származok	származik	[/V][Prs.NDef.1Sg]	225	8570080167	596330	-0.5808023663465953	2.842501773800621	9	3	9	3	TRUE	9	zik
szárítkozok	szárítkozik	[/V][Prs.NDef.1Sg]	1	8570080167	936	-2.932984884457958	0.03829096428014736	11	4	11	4	TRUE	1	zik
szégyenkedek	szégyenkedik	[/V][Prs.NDef.1Sg]	1	8570080167	53	-2.932984884457958	-1.2087090148571689	12	4	12	4	TRUE	1	Vdik
szégyenkezek	szégyenkezik	[/V][Prs.NDef.1Sg]	67	8570080167	31859	-1.1069100817571311	1.5702472554535545	12	4	12	4	TRUE	8	zik
szégyenlősködök	szégyenlősködik	[/V][Prs.NDef.1Sg]	4	8570080167	810	-2.3309248931299953	-0.02449986557930809	15	5	15	5	TRUE	3	Vdik
szélesedek	szélesedik	[/V][Prs.NDef.1Sg]	1	8570080167	14264	-2.932984884457958	1.2212564457093402	10	4	10	4	TRUE	1	Vdik
szélhámoskodok	szélhámoskodik	[/V][Prs.NDef.1Sg]	5	8570080167	428	-2.234014880121939	-0.30154111544478585	14	5	14	5	TRUE	4	Vdik
szépítkezek	szépítkezik	[/V][Prs.NDef.1Sg]	3	8570080167	1096	-2.455863629738295	0.10682566969039252	11	4	11	4	TRUE	3	zik
színesedek	színesedik	[/V][Prs.NDef.1Sg]	3	8570080167	5561	-2.455863629738295	0.8121680106189425	10	4	10	4	TRUE	3	Vdik
színeződök	színeződik	[/V][Prs.NDef.1Sg]	1	8570080167	7341	-2.932984884457958	0.9327703396134938	10	4	10	4	TRUE	1	stem
színészkedek	színészkedik	[/V][Prs.NDef.1Sg]	58	8570080167	7379	-1.169556890895021	0.9350126258869934	12	4	12	4	TRUE	7	Vdik
szíveskedek	szíveskedik	[/V][Prs.NDef.1Sg]	17	8570080167	81883	-1.702535963079684	1.9802088613495368	11	4	11	4	TRUE	6	Vdik
szívódok	szívódik	[/V][Prs.NDef.1Sg]	9	8570080167	38838	-1.978742375018633	1.6562719729436162	8	3	8	3	TRUE	4	stem
szóbelizek	szóbelizik	[/V][Prs.NDef.1Sg]	25	8570080167	942	-1.5350448757859203	0.04106601833491955	10	4	10	4	TRUE	6	zik
szólamlok	szólamlik	[/V][Prs.NDef.1Sg]	5	8570080167	143	-2.234014880121939	-0.777648846992896	9	3	9	3	TRUE	4	lik
szórakozok	szórakozik	[/V][Prs.NDef.1Sg]	1356	8570080167	197402	0.19927480507308673	2.362366664000096	10	4	10	4	TRUE	10	zik
szóródok	szóródik	[/V][Prs.NDef.1Sg]	2	8570080167	15400	-2.6319548887939765	1.2545358363785053	8	3	8	3	TRUE	2	stem
szökök	szökik	[/V][Prs.NDef.1Sg]	79	8570080167	64890	-1.0353577931675164	1.879192889700796	6	2	6	2	TRUE	8	stem
szörnyülködök	szörnyülködik	[/V][Prs.NDef.1Sg]	103	8570080167	7983	-0.9201476597527856	0.9691812448130934	13	4	13	4	TRUE	8	Vdik
szövetkezek	szövetkezik	[/V][Prs.NDef.1Sg]	24	8570080167	21303	-1.552773642746352	1.3954558829104498	11	4	11	4	TRUE	6	zik
születek	születik	[/V][Prs.NDef.1Sg]	1200	8570080167	1768256	0.146196361589667	3.3145602559357017	8	3	8	3	TRUE	10	stem
szőrösödök	szőrösödik	[/V][Prs.NDef.1Sg]	33	8570080167	950	-1.4144709445800705	0.04473872083088993	10	4	10	4	TRUE	7	Vdik
szűkölködök	szűkölködik	[/V][Prs.NDef.1Sg]	14	8570080167	10233	-1.7868568487797198	1.0770180896691015	11	4	11	4	TRUE	5	Vdik
szűnök	szűnik	[/V][Prs.NDef.1Sg]	421	8570080167	168796	-0.30870278862228956	2.2943772663713076	6	2	6	2	TRUE	10	stem
szűrődök	szűrődik	[/V][Prs.NDef.1Sg]	3	8570080167	11887	-2.455863629738295	1.1420873782481609	8	3	8	3	TRUE	3	stem
sáfárkodok	sáfárkodik	[/V][Prs.NDef.1Sg]	25	8570080167	4988	-1.5350448757859203	0.7649415603485471	10	4	10	4	TRUE	6	Vdik
sápadozok	sápadozik	[/V][Prs.NDef.1Sg]	3	8570080167	355	-2.455863629738295	-0.38275653140286375	9	4	9	4	TRUE	3	zik
sápítozok	sápítozik	[/V][Prs.NDef.1Sg]	14	8570080167	1286	-1.7868568487797198	0.17625608413024543	9	4	9	4	TRUE	5	zik
sértődök	sértődik	[/V][Prs.NDef.1Sg]	372	8570080167	14545	-0.3624419445760603	1.2297288411251202	8	3	8	3	TRUE	9	stem
sínylődök	sínylődik	[/V][Prs.NDef.1Sg]	38	8570080167	4915	-1.3532012878411477	0.7585386377101966	9	3	9	3	TRUE	7	stem
sóhajtozok	sóhajtozik	[/V][Prs.NDef.1Sg]	190	8570080167	11449	-0.6542312835051288	1.1257826709124614	10	4	10	4	TRUE	9	zik
sörözök	sörözik	[/V][Prs.NDef.1Sg]	298	8570080167	16041	-0.4587686203817026	1.2722465543620451	7	3	7	3	TRUE	9	zik
sötétedek	sötétedik	[/V][Prs.NDef.1Sg]	1	8570080167	18489	-2.932984884457958	1.33392853799238	9	4	9	4	TRUE	1	Vdik
súrlódok	súrlódik	[/V][Prs.NDef.1Sg]	2	8570080167	2226	-2.6319548887939765	0.4145402755407317	8	3	8	3	TRUE	2	stem
süllyedezek	süllyedezik	[/V][Prs.NDef.1Sg]	1	8570080167	42	-2.932984884457958	-1.3097355940600577	11	4	11	4	TRUE	1	zik
sürgölődök	sürgölődik	[/V][Prs.NDef.1Sg]	13	8570080167	2392	-1.819041532151121	0.44577629085841536	10	4	10	4	TRUE	5	stem
sütkérezek	sütkérezik	[/V][Prs.NDef.1Sg]	68	8570080167	7654	-1.1004759717517214	0.9509035734305228	10	4	10	4	TRUE	8	zik
tagozódok	tagozódik	[/V][Prs.NDef.1Sg]	1	8570080167	7570	-2.932984884457958	0.9461109950421148	9	4	9	4	TRUE	1	stem
tajtékzok	tajtékzik	[/V][Prs.NDef.1Sg]	10	8570080167	1903	-1.9329848844579576	0.3464539038290626	9	3	9	3	TRUE	5	zik
takarodok	takarodik	[/V][Prs.NDef.1Sg]	64	8570080167	16356	-1.1268049104740707	1.2806922174243405	9	4	9	4	TRUE	8	Vdik
takarékoskodok	takarékoskodik	[/V][Prs.NDef.1Sg]	67	8570080167	21081	-1.1069100817571311	1.3909063237989234	14	6	14	6	TRUE	8	Vdik
taktikázok	taktikázik	[/V][Prs.NDef.1Sg]	54	8570080167	10243	-1.2005911246349894	1.0774422882590915	10	4	10	4	TRUE	7	zik
találkozok	találkozik	[/V][Prs.NDef.1Sg]	6879	8570080167	1857559	0.9045404249916434	3.3359577323044003	10	4	10	4	TRUE	10	zik
tamáskodok	tamáskodik	[/V][Prs.NDef.1Sg]	18	8570080167	788	-1.6777123793546518	-0.0364586669684025	10	4	10	4	TRUE	6	Vdik
tanakodok	tanakodik	[/V][Prs.NDef.1Sg]	93	8570080167	16021	-0.9645019359040228	1.2717047359624023	9	4	9	4	TRUE	8	Vdik
tanyázok	tanyázik	[/V][Prs.NDef.1Sg]	67	8570080167	20309	-1.1069100817571311	1.3747036551372036	8	3	8	3	TRUE	8	zik
tanácskozok	tanácskozik	[/V][Prs.NDef.1Sg]	3	8570080167	21064	-2.455863629738295	1.3905559616400538	11	4	11	4	TRUE	3	zik
tanúskodok	tanúskodik	[/V][Prs.NDef.1Sg]	15	8570080167	82256	-1.756893625402277	1.982182702065001	10	4	10	4	TRUE	5	Vdik
tapogatózok	tapogatózik	[/V][Prs.NDef.1Sg]	221	8570080167	14479	-0.5885926107728471	1.227753683654624	11	5	11	5	TRUE	9	zik
tartozok	tartozik	[/V][Prs.NDef.1Sg]	4060	8570080167	2020739	0.6755411491192364	3.372525338914002	8	3	8	3	TRUE	10	zik
tartózkodok	tartózkodik	[/V][Prs.NDef.1Sg]	473	8570080167	323534	-0.2581237437201463	2.576935042699718	11	4	11	4	TRUE	10	Vdik
tavaszodok	tavaszodik	[/V][Prs.NDef.1Sg]	2	8570080167	2315	-2.6319548887939765	0.43156611089601415	10	4	10	4	TRUE	2	Vdik
taxizok	taxizik	[/V][Prs.NDef.1Sg]	82	8570080167	1888	-1.019171032074241	0.34301710550409237	7	3	7	3	TRUE	8	zik
tegeződök	tegeződik	[/V][Prs.NDef.1Sg]	50	8570080167	6254	-1.234014880121939	0.8631729924489566	9	4	9	4	TRUE	7	stem
tehénkedek	tehénkedik	[/V][Prs.NDef.1Sg]	15	8570080167	320	-1.756893625402277	-0.4278349061380518	10	4	10	4	TRUE	5	Vdik
tekeredek	tekeredik	[/V][Prs.NDef.1Sg]	17	8570080167	8524	-1.702535963079684	0.9976585565842064	9	4	9	4	TRUE	6	Vdik
tekergőzök	tekergőzik	[/V][Prs.NDef.1Sg]	3	8570080167	959	-2.455863629738295	0.04883372271270581	10	4	10	4	TRUE	3	zik
teketóriázok	teketóriázik	[/V][Prs.NDef.1Sg]	30	8570080167	4193	-1.4558636297382954	0.6895399779456104	12	6	12	6	TRUE	6	zik
telcsizek	telcsizik	[/V][Prs.NDef.1Sg]	7	8570080167	69	-2.087886844443701	-1.0941357937207026	9	3	9	3	TRUE	4	zik
telepedek	telepszik	[/V][Prs.NDef.1Sg]	430	8570080167	93057	-0.2995164288783713	2.0357641630467604	9	4	9	3	TRUE	10	szik
teljesedek	teljesedik	[/V][Prs.NDef.1Sg]	38	8570080167	38091	-1.3532012878411477	1.6478374898512191	10	4	10	4	TRUE	7	Vdik
telítődök	telítődik	[/V][Prs.NDef.1Sg]	65	8570080167	13702	-1.1200715278151023	1.2037990787254067	9	4	9	4	TRUE	8	stem
temetkezek	temetkezik	[/V][Prs.NDef.1Sg]	5	8570080167	8649	-2.234014880121939	1.0039810126499125	10	4	10	4	TRUE	4	zik
tempózok	tempózik	[/V][Prs.NDef.1Sg]	69	8570080167	2816	-1.0941357937207026	0.5166477660121167	8	3	8	3	TRUE	8	zik
tengődök	tengődik	[/V][Prs.NDef.1Sg]	81	8570080167	10351	-1.024499865579308	1.081997424127524	8	3	8	3	TRUE	8	stem
teniszezek	teniszezik	[/V][Prs.NDef.1Sg]	817	8570080167	11338	-0.02076282792554232	1.1215515681969934	10	4	10	4	TRUE	10	zik
tenyészek	tenyészik	[/V][Prs.NDef.1Sg]	62	8570080167	8988	-1.140593194959704	1.0206781792891335	9	3	9	3	TRUE	8	szik
terebélyesedek	terebélyesedik	[/V][Prs.NDef.1Sg]	3	8570080167	5751	-2.455863629738295	0.8267584831397672	14	6	14	6	TRUE	3	Vdik
terelődök	terelődik	[/V][Prs.NDef.1Sg]	5	8570080167	17644	-2.234014880121939	1.3136121646484118	9	4	9	4	TRUE	4	stem
terhelődök	terhelődik	[/V][Prs.NDef.1Sg]	1	8570080167	3333	-2.932984884457958	0.5898504292025722	10	4	10	4	TRUE	1	stem
terjeszkedek	terjeszkedik	[/V][Prs.NDef.1Sg]	24	8570080167	34705	-1.552773642746352	1.6074071642804204	12	4	12	4	TRUE	6	Vdik
termelődök	termelődik	[/V][Prs.NDef.1Sg]	1	8570080167	31918	-2.932984884457958	1.5710507859345066	10	4	10	4	TRUE	1	stem
terpeszkedek	terpeszkedik	[/V][Prs.NDef.1Sg]	30	8570080167	6802	-1.4558636297382954	0.8996517431387455	12	4	12	4	TRUE	6	Vdik
testesedek	testesedik	[/V][Prs.NDef.1Sg]	1	8570080167	160	-2.932984884457958	-0.728864901802033	10	4	10	4	TRUE	1	Vdik
tetszek	tetszik	[/V][Prs.NDef.1Sg]	698	8570080167	1498478	-0.08912946183479677	3.242665486748471	7	2	7	2	TRUE	10	szik
tetvesedek	tetvesedik	[/V][Prs.NDef.1Sg]	1	8570080167	144	-2.932984884457958	-0.7746223923627081	10	4	10	4	TRUE	1	Vdik
tetvészkedek	tetvészkedik	[/V][Prs.NDef.1Sg]	9	8570080167	98	-1.978742375018633	-0.9417588087654628	12	4	12	4	TRUE	4	Vdik
tevékenykedek	tevékenykedik	[/V][Prs.NDef.1Sg]	1049	8570080167	159182	0.08779060373560002	2.268909072520072	13	5	13	5	TRUE	10	Vdik
tevődök	tevődik	[/V][Prs.NDef.1Sg]	6	8570080167	46451	-2.1548336340743144	1.7340101834908008	7	3	7	3	TRUE	4	stem
teázok	teázik	[/V][Prs.NDef.1Sg]	112	8570080167	7811	-0.8837668617877762	0.9597217533477076	6	3	6	3	TRUE	8	zik
tiltakozok	tiltakozik	[/V][Prs.NDef.1Sg]	280	8570080167	213776	-0.48582685311573864	2.3969740621929714	10	4	10	4	TRUE	9	zik
tipródok	tipródik	[/V][Prs.NDef.1Sg]	92	8570080167	3039	-0.9691970571124026	0.549745815621985	8	3	8	3	TRUE	8	stem
tisztálkodok	tisztálkodik	[/V][Prs.NDef.1Sg]	24	8570080167	6177	-1.552773642746352	0.8577927168797359	12	4	12	4	TRUE	6	Vdik
tisztázódok	tisztázódik	[/V][Prs.NDef.1Sg]	2	8570080167	11908	-2.6319548887939765	1.1428539415167294	11	4	11	4	TRUE	2	stem
titkolódzok	titkolózik	[/V][Prs.NDef.1Sg]	2	8570080167	2873	-2.6319548887939765	0.5253507415339896	11	4	10	4	TRUE	2	zik
titokzatoskodok	titokzatoskodik	[/V][Prs.NDef.1Sg]	7	8570080167	581	-2.087886844443701	-0.16880875206762708	15	6	15	6	TRUE	4	Vdik
tobzódok	tobzódik	[/V][Prs.NDef.1Sg]	93	8570080167	11742	-0.9645019359040228	1.136757191583687	8	3	8	3	TRUE	8	stem
tojok	tojik	[/V][Prs.NDef.1Sg]	1075	8570080167	20901	0.09842357979366628	1.387182180796274	5	2	5	2	TRUE	10	stem
tokosodok	tokosodik	[/V][Prs.NDef.1Sg]	1	8570080167	156	-2.932984884457958	-0.7398602861034962	9	4	9	4	TRUE	1	Vdik
tolakodok	tolakszik	[/V][Prs.NDef.1Sg]	38	8570080167	10114	-1.3532012878411477	1.071938064838568	9	4	9	3	TRUE	7	szik
tollasodok	tollasodik	[/V][Prs.NDef.1Sg]	2	8570080167	652	-2.6319548887939765	-0.11873728872603764	10	4	10	4	TRUE	2	Vdik
tollasozok	tollasozik	[/V][Prs.NDef.1Sg]	34	8570080167	1732	-1.4015059674157029	0.30556300322337004	10	4	10	4	TRUE	7	zik
tollászkodok	tollászkodik	[/V][Prs.NDef.1Sg]	15	8570080167	1406	-1.756893625402277	0.2150004362258473	12	4	12	4	TRUE	5	Vdik
tolódok	tolódik	[/V][Prs.NDef.1Sg]	12	8570080167	33844	-1.853803638410333	1.596496801920423	7	3	7	3	TRUE	5	stem
torkollok	torkollik	[/V][Prs.NDef.1Sg]	14	8570080167	43300	-1.7868568487797198	1.7035030118954075	9	3	9	3	TRUE	5	stem
torlódok	torlódik	[/V][Prs.NDef.1Sg]	4	8570080167	6519	-2.3309248931299953	0.8811960965822292	8	3	8	3	TRUE	3	stem
tornászok	tornászik	[/V][Prs.NDef.1Sg]	125	8570080167	6772	-0.8360748714499014	0.8977320649789398	9	3	9	3	TRUE	8	szik
tornázok	tornázik	[/V][Prs.NDef.1Sg]	780	8570080167	32996	-0.04089028176747745	1.58547641047388	8	3	8	3	TRUE	10	zik
torzsalkodok	torzsalkodik	[/V][Prs.NDef.1Sg]	3	8570080167	530	-2.455863629738295	-0.20870901485716883	12	4	12	4	TRUE	3	Vdik
toszok	toszik	[/V][Prs.NDef.1Sg]	98	8570080167	1131	-0.9417588087654628	0.1204777204674975	6	2	6	2	TRUE	8	szik
totojázok	totojázik	[/V][Prs.NDef.1Sg]	21	8570080167	825	-1.6107655897240385	-0.01653093590803274	9	4	9	4	TRUE	6	zik
trafok	trafik	[/V][Prs.NDef.1Sg]	3	8570080167	20593	-2.455863629738295	1.380734735037135	6	2	6	2	TRUE	3	stem
trágárkodok	trágárkodik	[/V][Prs.NDef.1Sg]	18	8570080167	726	-1.6777123793546518	-0.07204826375786409	11	4	11	4	TRUE	6	Vdik
tréfálkozok	tréfálkozik	[/V][Prs.NDef.1Sg]	12	8570080167	5571	-1.853803638410333	0.8129482740014851	11	4	11	4	TRUE	5	zik
tudakozok	tudakozik	[/V][Prs.NDef.1Sg]	5	8570080167	468	-2.234014880121939	-0.2627390313838338	9	4	9	4	TRUE	4	zik
tudakozódok	tudakozódik	[/V][Prs.NDef.1Sg]	5	8570080167	4897	-2.234014880121939	0.7569452195602603	11	5	11	5	TRUE	4	stem
tudatosodok	tudatosodik	[/V][Prs.NDef.1Sg]	9	8570080167	7937	-1.978742375018633	0.9666714958476778	11	5	11	5	TRUE	4	Vdik
tudódok	tudódik	[/V][Prs.NDef.1Sg]	38	8570080167	1403	-1.3532012878411477	0.21407278657040207	7	3	7	3	TRUE	7	stem
turistáskodok	turistáskodik	[/V][Prs.NDef.1Sg]	11	8570080167	1689	-1.8915921992997329	0.2946447651130508	13	5	13	5	TRUE	5	Vdik
tusakodok	tusakodik	[/V][Prs.NDef.1Sg]	14	8570080167	2786	-1.7868568487797198	0.5119962276299869	9	4	9	4	TRUE	5	Vdik
táborozok	táborozik	[/V][Prs.NDef.1Sg]	102	8570080167	19944	-0.9243847126960404	1.3668273810377591	9	4	9	4	TRUE	8	zik
tájékozódok	tájékozódik	[/V][Prs.NDef.1Sg]	281	8570080167	282902	-0.48427856455287793	2.5186511332920465	11	5	11	5	TRUE	9	stem
támaszkodok	támaszkodik	[/V][Prs.NDef.1Sg]	335	8570080167	198608	-0.4079400774211126	2.3650118535880114	11	4	11	4	TRUE	9	Vdik
tántorodok	tántorodik	[/V][Prs.NDef.1Sg]	27	8570080167	2273	-1.5016211202989704	0.423614551267013	10	4	10	4	TRUE	6	Vdik
táplálkozok	táplálkozik	[/V][Prs.NDef.1Sg]	173	8570080167	101962	-0.6949387813291624	2.0754534611745505	11	4	11	4	TRUE	9	zik
tápászkodok	tápászkodik	[/V][Prs.NDef.1Sg]	43	8570080167	2018	-1.2995164288783714	0.37193627744293384	11	4	11	4	TRUE	7	Vdik
tárolódok	tárolódik	[/V][Prs.NDef.1Sg]	3	8570080167	33869	-2.455863629738295	1.5968174896034653	9	4	9	4	TRUE	3	stem
társalkodok	társalkodik	[/V][Prs.NDef.1Sg]	3	8570080167	933	-2.455863629738295	0.03689675928854209	11	4	11	4	TRUE	3	Vdik
táviratozok	táviratozik	[/V][Prs.NDef.1Sg]	23	8570080167	1330	-1.571257048440365	0.19086675650912793	11	5	11	5	TRUE	6	zik
távolodok	távolodik	[/V][Prs.NDef.1Sg]	345	8570080167	45390	-0.3951657893846837	1.7239752982848913	9	4	9	4	TRUE	9	Vdik
távozok	távozik	[/V][Prs.NDef.1Sg]	703	8570080167	362436	-0.0860295594381339	2.626246444240104	7	3	7	3	TRUE	10	zik
tébolyodok	tébolyodik	[/V][Prs.NDef.1Sg]	6	8570080167	164	-2.1548336340743144	-0.71814103641026	10	4	10	4	TRUE	4	Vdik
ténykedek	ténykedik	[/V][Prs.NDef.1Sg]	119	8570080167	7581	-0.8574379230654271	0.9467416121816192	9	3	9	3	TRUE	8	Vdik
tépelődök	tépelődik	[/V][Prs.NDef.1Sg]	98	8570080167	5780	-0.9417588087654628	0.8289429539625712	9	4	9	4	TRUE	8	stem
tépődök	tépődik	[/V][Prs.NDef.1Sg]	1	8570080167	410	-2.932984884457958	-0.32020102773822234	7	3	7	3	TRUE	1	stem
tétlenkedek	tétlenkedik	[/V][Prs.NDef.1Sg]	85	8570080167	15046	-1.0035659587436652	1.244436173025211	11	4	11	4	TRUE	8	Vdik
tévelyedek	tévelyedik	[/V][Prs.NDef.1Sg]	8	8570080167	1157	-2.0298948974660145	0.13034847449379172	10	4	10	4	TRUE	4	Vdik
tévézek	tévézik	[/V][Prs.NDef.1Sg]	532	8570080167	14352	-0.20707325216290967	1.223927541242059	7	3	7	3	TRUE	10	zik
tízóraizok	tízóraizik	[/V][Prs.NDef.1Sg]	7	8570080167	619	-2.087886844443701	-0.1412942354378399	10	5	10	5	TRUE	4	zik
töketlenkedek	töketlenkedik	[/V][Prs.NDef.1Sg]	23	8570080167	819	-1.571257048440365	-0.01970098269753937	13	5	13	5	TRUE	6	Vdik
tökéletesedek	tökéletesedik	[/V][Prs.NDef.1Sg]	2	8570080167	3633	-2.6319548887939765	0.6272805134047569	13	6	13	6	TRUE	2	Vdik
tökölődök	tökölődik	[/V][Prs.NDef.1Sg]	13	8570080167	421	-1.819041532151121	-0.30870278862228956	9	4	9	4	TRUE	5	stem
töltekezek	töltekezik	[/V][Prs.NDef.1Sg]	26	8570080167	7443	-1.5180115364871398	0.9387631345339136	10	4	10	4	TRUE	6	zik
töltődök	töltődik	[/V][Prs.NDef.1Sg]	119	8570080167	39903	-0.8574379230654271	1.6680206637217123	8	3	8	3	TRUE	8	stem
töprenkedek	töprenkedik	[/V][Prs.NDef.1Sg]	6	8570080167	623	-2.1548336340743144	-0.1384968377987882	11	4	11	4	TRUE	4	Vdik
töpörödök	töpörödik	[/V][Prs.NDef.1Sg]	3	8570080167	909	-2.455863629738295	0.02557899876400964	9	4	9	4	TRUE	3	Vdik
töredezek	töredezik	[/V][Prs.NDef.1Sg]	1	8570080167	5353	-2.932984884457958	0.7956123589254738	9	4	9	4	TRUE	1	zik
törekszek	törekszik	[/V][Prs.NDef.1Sg]	328	8570080167	642126	-0.4171110407462787	2.8746353706133787	9	3	9	3	TRUE	9	szik
törleszkedek	törleszkedik	[/V][Prs.NDef.1Sg]	3	8570080167	801	-2.455863629738295	-0.02935236837372017	12	4	12	4	TRUE	3	Vdik
törlődök	törlődik	[/V][Prs.NDef.1Sg]	9	8570080167	35110	-1.978742375018633	1.6124459450073934	8	3	8	3	TRUE	4	stem
történek	történik	[/V][Prs.NDef.1Sg]	144	8570080167	4203497	-0.7746223923627081	3.6906258573430626	8	3	8	3	TRUE	9	stem
törvénykezek	törvénykezik	[/V][Prs.NDef.1Sg]	5	8570080167	940	-2.234014880121939	0.04014296914174083	12	4	12	4	TRUE	4	zik
törölközök	törölközik	[/V][Prs.NDef.1Sg]	105	8570080167	1292	-0.9117955853880196	0.17827762920110743	10	4	10	4	TRUE	8	zik
törülközök	törülközik	[/V][Prs.NDef.1Sg]	27	8570080167	745	-1.5016211202989704	-0.06082861170966497	10	4	10	4	TRUE	6	zik
törődök	törődik	[/V][Prs.NDef.1Sg]	1448	8570080167	206232	0.22778367740317024	2.3813711690461252	7	3	7	3	TRUE	10	stem
tötyörészek	tötyörészik	[/V][Prs.NDef.1Sg]	3	8570080167	43	-2.455863629738295	-1.2995164288783714	11	4	11	4	TRUE	3	szik
túlórázok	túlórázik	[/V][Prs.NDef.1Sg]	111	8570080167	9066	-0.8876619056713004	1.0244308302647112	9	4	9	4	TRUE	8	zik
túrázok	túrázik	[/V][Prs.NDef.1Sg]	1261	8570080167	49897	0.1677302021151238	1.765089550491843	7	3	7	3	TRUE	10	zik
tükröződök	tükröződik	[/V][Prs.NDef.1Sg]	1	8570080167	50822	-2.932984884457958	1.7730668673991077	10	4	10	4	TRUE	1	stem
tülekedek	tülekszik	[/V][Prs.NDef.1Sg]	7	8570080167	3917	-2.087886844443701	0.6599686870899081	9	4	9	3	TRUE	4	szik
tündöklök	tündöklik	[/V][Prs.NDef.1Sg]	38	8570080167	3078	-1.3532012878411477	0.5552837310375021	9	3	9	3	TRUE	7	lik
tünedezek	tünedezik	[/V][Prs.NDef.1Sg]	10	8570080167	1133	-1.9329848844579576	0.12124502540543938	9	4	9	4	TRUE	5	zik
türelmetlenkedek	türelmetlenkedik	[/V][Prs.NDef.1Sg]	71	8570080167	3453	-1.0817265357388826	0.6052116938914964	16	6	16	6	TRUE	8	Vdik
tüsténkedek	tüsténkedik	[/V][Prs.NDef.1Sg]	14	8570080167	2685	-1.7868568487797198	0.4959594055776166	11	4	11	4	TRUE	5	Vdik
tüzesedek	tüzesedik	[/V][Prs.NDef.1Sg]	1	8570080167	236	-2.932984884457958	-0.5600728814878512	9	4	9	4	TRUE	1	Vdik
tüzeskedek	tüzeskedik	[/V][Prs.NDef.1Sg]	2	8570080167	242	-2.6319548887939765	-0.5491695184775266	10	4	10	4	TRUE	2	Vdik
tűnök	tűnik	[/V][Prs.NDef.1Sg]	3889	8570080167	2079177	0.656853058689502	3.3849065778659275	5	2	5	2	TRUE	10	stem
tűnődök	tűnődik	[/V][Prs.NDef.1Sg]	315	8570080167	27257	-0.4346743306683573	1.502493169713367	7	3	7	3	TRUE	9	stem
udvariaskodok	udvariaskodik	[/V][Prs.NDef.1Sg]	12	8570080167	1591	-1.853803638410333	0.2686852951886237	13	6	13	6	TRUE	5	Vdik
ugrok	ugrik	[/V][Prs.NDef.1Sg]	4224	8570080167	341439	0.692739025067798	2.6003282413349247	5	2	5	2	TRUE	10	stem
ugrándozok	ugrándozik	[/V][Prs.NDef.1Sg]	52	8570080167	8866	-1.2169815408231586	1.014742842505358	10	4	10	4	TRUE	7	zik
ultizok	ultizik	[/V][Prs.NDef.1Sg]	16	8570080167	1092	-1.728864901802033	0.10523775391076058	7	3	7	3	TRUE	5	zik
unatkozok	unatkozik	[/V][Prs.NDef.1Sg]	685	8570080167	103069	-0.09729431296553229	2.080143177979928	9	4	9	4	TRUE	10	zik
undokoskodok	undokoskodik	[/V][Prs.NDef.1Sg]	1	8570080167	79	-2.932984884457958	-1.0353577931675164	12	5	12	5	TRUE	2	Vdik
undorodok	undorodik	[/V][Prs.NDef.1Sg]	270	8570080167	14293	-0.5016211202989705	1.2221385092527546	9	4	9	4	TRUE	9	Vdik
uralkodok	uralkodik	[/V][Prs.NDef.1Sg]	252	8570080167	204714	-0.5315843436764137	2.378162659791445	9	4	9	4	TRUE	9	Vdik
utazok	utazik	[/V][Prs.NDef.1Sg]	6397	8570080167	732800	0.8729914662596048	2.932000576201836	6	3	6	3	TRUE	10	zik
utálkodok	utálkodik	[/V][Prs.NDef.1Sg]	1	8570080167	9	-2.932984884457958	-1.978742375018633	9	4	9	4	TRUE	2	Vdik
utálkozok	utálkozik	[/V][Prs.NDef.1Sg]	19	8570080167	2391	-1.654231283505129	0.44559469165781695	9	4	9	4	TRUE	6	zik
uzsonnázok	uzsonnázik	[/V][Prs.NDef.1Sg]	17	8570080167	2222	-1.702535963079684	0.413759170146891	10	4	10	4	TRUE	6	zik
vackolódok	vackolódik	[/V][Prs.NDef.1Sg]	1	8570080167	577	-2.932984884457958	-0.1718090713022264	10	4	10	4	TRUE	2	stem
vacsorázok	vacsorázik	[/V][Prs.NDef.1Sg]	258	8570080167	50661	-0.5213651784947277	1.7716888736415692	10	4	10	4	TRUE	9	zik
vagdalkozok	vagdalkozik	[/V][Prs.NDef.1Sg]	33	8570080167	3657	-1.4144709445800705	0.6301400758800865	11	4	11	4	TRUE	7	zik
vagyonosodok	vagyonosodik	[/V][Prs.NDef.1Sg]	1	8570080167	1482	-2.932984884457958	0.2378633191853515	12	5	12	5	TRUE	2	Vdik
vajúdok	vajúdik	[/V][Prs.NDef.1Sg]	209	8570080167	5934	-0.6128385983469038	0.8403626575228652	7	3	7	3	TRUE	9	stem
vakaródzok	vakarózik	[/V][Prs.NDef.1Sg]	13	8570080167	3785	-1.819041532151121	0.6450809993781338	10	4	9	4	TRUE	5	zik
vakoskodok	vakoskodik	[/V][Prs.NDef.1Sg]	1	8570080167	297	-2.932984884457958	-0.4602284351407455	10	4	10	4	TRUE	2	Vdik
vastagodok	vastagodik	[/V][Prs.NDef.1Sg]	6	8570080167	4356	-2.1548336340743144	0.7061029866257795	10	4	10	4	TRUE	4	Vdik
vasutazok	vasutazik	[/V][Prs.NDef.1Sg]	4	8570080167	163	-2.3309248931299953	-0.720797280054	9	4	9	4	TRUE	3	zik
vedlek	vedlik	[/V][Prs.NDef.1Sg]	59	8570080167	5893	-1.1621328728158136	0.8373515566371913	6	2	6	2	TRUE	7	lik
vendégeskedek	vendégeskedik	[/V][Prs.NDef.1Sg]	27	8570080167	21782	-1.5016211202989704	1.4051128692485813	13	5	13	5	TRUE	6	Vdik
verejtékezek	verejtékezik	[/V][Prs.NDef.1Sg]	31	8570080167	3711	-1.4416231906236852	0.6365060698908253	12	5	12	5	TRUE	6	zik
verekedek	verekszik	[/V][Prs.NDef.1Sg]	50	8570080167	32024	-1.234014880121939	1.572490692639091	9	4	9	3	TRUE	7	szik
vergődök	vergődik	[/V][Prs.NDef.1Sg]	403	8570080167	27087	-0.3276798383168484	1.4997760232849566	8	3	8	3	TRUE	9	stem
verítékezek	verítékezik	[/V][Prs.NDef.1Sg]	2	8570080167	612	-2.6319548887939765	-0.14623346231239667	11	5	11	5	TRUE	2	zik
verődök	verődik	[/V][Prs.NDef.1Sg]	17	8570080167	17097	-1.702535963079684	1.2999350272355352	7	3	7	3	TRUE	6	stem
veselkedek	veselkedik	[/V][Prs.NDef.1Sg]	65	8570080167	2295	-1.1200715278151023	0.42779780541532225	10	4	10	4	TRUE	8	Vdik
veszekedek	veszekszik	[/V][Prs.NDef.1Sg]	86	8570080167	39570	-0.99848643321439	1.6643811658080698	10	4	10	3	TRUE	8	szik
veszkődök	veszkődik	[/V][Prs.NDef.1Sg]	3	8570080167	353	-2.455863629738295	-0.3852101790701353	9	3	9	3	TRUE	3	stem
vesződök	vesződik	[/V][Prs.NDef.1Sg]	112	8570080167	11312	-0.8837668617877762	1.1205545119948663	8	3	8	3	TRUE	8	stem
vetekszek	vetekszik	[/V][Prs.NDef.1Sg]	5	8570080167	28843	-2.234014880121939	1.5270555455036503	9	3	9	3	TRUE	4	szik
vetemedek	vetemedik	[/V][Prs.NDef.1Sg]	271	8570080167	15187	-0.5000155935835521	1.248487108488349	9	4	9	4	TRUE	9	Vdik
vetkezek	vetkezik	[/V][Prs.NDef.1Sg]	10	8570080167	11392	-1.9329848844579576	1.123615091834823	8	3	8	3	TRUE	5	zik
vetkőzök	vetkőzik	[/V][Prs.NDef.1Sg]	117	8570080167	24148	-0.8647990227117962	1.4498962827234776	8	3	8	3	TRUE	8	zik
vetélkedek	vetélkedik	[/V][Prs.NDef.1Sg]	14	8570080167	10217	-1.7868568487797198	1.0763385089230555	10	4	10	4	TRUE	5	Vdik
vetődök	vetődik	[/V][Prs.NDef.1Sg]	135	8570080167	46715	-0.8026511159629518	1.7364714687257112	7	3	7	3	TRUE	9	stem
viaskodok	viaskodik	[/V][Prs.NDef.1Sg]	50	8570080167	10940	-1.234014880121939	1.106032437539454	9	4	9	4	TRUE	7	Vdik
viccelődök	viccelődik	[/V][Prs.NDef.1Sg]	223	8570080167	25234	-0.5846800214097971	1.469001214265516	10	4	10	4	TRUE	9	stem
videózok	videózik	[/V][Prs.NDef.1Sg]	276	8570080167	13191	-0.4920758023927401	1.1872928358814108	8	4	8	4	TRUE	9	zik
vidámodok	vidámodik	[/V][Prs.NDef.1Sg]	3	8570080167	151	-2.455863629738295	-0.7540079371647884	9	4	9	4	TRUE	3	Vdik
vigadozok	vigadozik	[/V][Prs.NDef.1Sg]	8	8570080167	1583	-2.0298948974660145	0.26649603040439807	9	4	9	4	TRUE	4	zik
vigasztalódok	vigasztalódik	[/V][Prs.NDef.1Sg]	22	8570080167	7309	-1.5905622036357516	0.9308730774260152	13	5	13	5	TRUE	6	stem
vigyorodok	vigyorodik	[/V][Prs.NDef.1Sg]	46	8570080167	2118	-1.2702270527763837	0.3929410713135083	10	4	10	4	TRUE	7	Vdik
vigéckedek	vigéckedik	[/V][Prs.NDef.1Sg]	7	8570080167	265	-2.087886844443701	-0.50973901052115	10	4	10	4	TRUE	4	Vdik
viharzok	viharzik	[/V][Prs.NDef.1Sg]	43	8570080167	2411	-1.2995164288783714	0.44921232591949584	8	3	8	3	TRUE	7	zik
vihorászok	vihorászik	[/V][Prs.NDef.1Sg]	13	8570080167	831	-1.819041532151121	-0.01338386067384683	10	4	10	4	TRUE	5	szik
villantózok	villantózik	[/V][Prs.NDef.1Sg]	4	8570080167	66	-2.3309248931299953	-1.1134409489160892	11	4	11	4	TRUE	3	zik
villanyozódok	villanyozódik	[/V][Prs.NDef.1Sg]	2	8570080167	154	-2.6319548887939765	-0.7454641636214947	13	5	13	5	TRUE	2	stem
villámlok	villámlik	[/V][Prs.NDef.1Sg]	6	8570080167	4477	-2.1548336340743144	0.7180022099254872	9	3	9	3	TRUE	4	lik
villásreggelizek	villásreggelizik	[/V][Prs.NDef.1Sg]	1	8570080167	143	-2.932984884457958	-0.777648846992896	16	6	16	6	TRUE	2	zik
világosodok	világosodik	[/V][Prs.NDef.1Sg]	24	8570080167	9640	-1.552773642746352	1.051092149444873	11	5	11	5	TRUE	6	Vdik
virgonckodok	virgonckodik	[/V][Prs.NDef.1Sg]	10	8570080167	557	-1.9329848844579576	-0.1871296892842289	12	4	12	4	TRUE	5	Vdik
virtuskodok	virtuskodik	[/V][Prs.NDef.1Sg]	2	8570080167	206	-2.6319548887939765	-0.6191176640888044	11	4	11	4	TRUE	2	Vdik
virágozok	virágozik	[/V][Prs.NDef.1Sg]	1	8570080167	214	-2.932984884457958	-0.602571111108767	9	4	9	4	TRUE	2	zik
virágzok	virágzik	[/V][Prs.NDef.1Sg]	18	8570080167	83044	-1.6777123793546518	1.986323375315324	8	3	8	3	TRUE	6	zik
viselkedek	viselkedik	[/V][Prs.NDef.1Sg]	1559	8570080167	307068	0.25986123073088385	2.5542496758876476	10	4	10	4	TRUE	10	Vdik
visszahajlok	visszahajlik	[/V][Prs.NDef.1Sg]	11	8570080167	864	-1.8915921992997329	0.00352885802093546	12	4	12	4	TRUE	5	lik
visszakozok	visszakozik	[/V][Prs.NDef.1Sg]	50	8570080167	8527	-1.234014880121939	0.9978113785253424	11	4	11	4	TRUE	7	zik
visszhangzok	visszhangzik	[/V][Prs.NDef.1Sg]	11	8570080167	12926	-1.8915921992997329	1.178479267128696	12	3	12	3	TRUE	5	zik
viszonylok	viszonylik	[/V][Prs.NDef.1Sg]	4	8570080167	1087	-2.3309248931299953	0.10324465962833668	10	3	10	3	TRUE	3	lik
viszálykodok	viszálykodik	[/V][Prs.NDef.1Sg]	1	8570080167	672	-2.932984884457958	-0.1056156114041326	12	4	12	4	TRUE	2	Vdik
visítozok	visítozik	[/V][Prs.NDef.1Sg]	19	8570080167	1924	-1.654231283505129	0.35122018324383636	9	4	9	4	TRUE	6	zik
vitatkozok	vitatkozik	[/V][Prs.NDef.1Sg]	862	8570080167	147337	0.00252238136675494	2.2353269382706946	10	4	10	4	TRUE	10	zik
vitorlázok	vitorlázik	[/V][Prs.NDef.1Sg]	423	8570080167	19586	-0.30664451708291546	1.3589608657121075	10	4	10	4	TRUE	10	zik
vitézkedek	vitézkedik	[/V][Prs.NDef.1Sg]	14	8570080167	4493	-1.7868568487797198	0.7195515341350676	10	4	10	4	TRUE	5	Vdik
vizesedek	vizesedik	[/V][Prs.NDef.1Sg]	78	8570080167	3171	-1.0408902817674774	0.5682113575691309	9	4	9	4	TRUE	8	Vdik
vizsgálódok	vizsgálódik	[/V][Prs.NDef.1Sg]	44	8570080167	22746	-1.2895322079717704	1.4239201503521204	11	4	11	4	TRUE	7	stem
vizsgázok	vizsgázik	[/V][Prs.NDef.1Sg]	313	8570080167	61681	-0.43744054691150935	1.857166521618688	9	3	9	3	TRUE	9	zik
vonaglok	vonaglik	[/V][Prs.NDef.1Sg]	77	8570080167	6602	-1.046494159285476	0.8866906355363349	8	3	8	3	TRUE	8	lik
vonakodok	vonakodik	[/V][Prs.NDef.1Sg]	56	8570080167	22619	-1.1847968574517571	1.4214885161278543	9	4	9	4	TRUE	7	Vdik
vonatkozok	vonatkozik	[/V][Prs.NDef.1Sg]	43	8570080167	740326	-1.2995164288783714	2.9364381174681418	10	4	10	4	TRUE	7	zik
vonatozok	vonatozik	[/V][Prs.NDef.1Sg]	205	8570080167	6608	-0.6212310234022035	0.8870851498543679	9	4	9	4	TRUE	9	zik
vonszolódok	vonszolódik	[/V][Prs.NDef.1Sg]	2	8570080167	354	-2.6319548887939765	-0.3839816224321701	11	4	11	4	TRUE	2	stem
vonzódok	vonzódik	[/V][Prs.NDef.1Sg]	305	8570080167	41981	-0.448685045111172	1.690067894936336	8	3	8	3	TRUE	9	stem
vádaskodok	vádaskodik	[/V][Prs.NDef.1Sg]	48	8570080167	5755	-1.2517436470823706	0.8270604435078528	10	4	10	4	TRUE	7	Vdik
vágtázok	vágtázik	[/V][Prs.NDef.1Sg]	49	8570080167	4820	-1.2427888044294442	0.7500621537808918	8	3	8	3	TRUE	7	zik
vágyakozok	vágyakozik	[/V][Prs.NDef.1Sg]	141	8570080167	33026	-0.783765771802578	1.5858710921058756	10	4	10	4	TRUE	9	zik
vágyok	vágyik	[/V][Prs.NDef.1Sg]	7697	8570080167	579400	0.9533366021015218	2.829993606409785	6	2	6	2	TRUE	10	stem
vágyódok	vágyódik	[/V][Prs.NDef.1Sg]	53	8570080167	14271	-1.2087090148571689	1.2214695216816065	8	3	8	3	TRUE	7	stem
vágódok	vágódik	[/V][Prs.NDef.1Sg]	93	8570080167	11694	-0.9645019359040228	1.1349782050433073	7	3	7	3	TRUE	8	stem
váladékozok	váladékozik	[/V][Prs.NDef.1Sg]	2	8570080167	1749	-2.6319548887939765	0.3098049250207187	11	5	11	5	TRUE	2	zik
válok	válik	[/V][Prs.NDef.1Sg]	9863	8570080167	4028540	1.0610241486656553	3.672162795720951	5	2	5	2	TRUE	10	lik
vállalkozok	vállalkozik	[/V][Prs.NDef.1Sg]	632	8570080167	141984	-0.13226780617557282	2.219254522578503	11	4	11	4	TRUE	10	zik
vállasodok	vállasodik	[/V][Prs.NDef.1Sg]	1	8570080167	49	-2.932984884457958	-1.2427888044294442	10	4	10	4	TRUE	2	Vdik
váltakozok	váltakozik	[/V][Prs.NDef.1Sg]	4	8570080167	35732	-2.3309248931299953	1.6200724408588096	10	4	10	4	TRUE	3	zik
változok	változik	[/V][Prs.NDef.1Sg]	851	8570080167	1725689	-0.00305532437336993	3.3039776463454755	8	3	8	3	TRUE	10	zik
várakozok	várakozik	[/V][Prs.NDef.1Sg]	475	8570080167	96850	-0.2562912748330913	2.053114740597172	9	4	9	4	TRUE	10	zik
vások	vásik	[/V][Prs.NDef.1Sg]	54	8570080167	1244	-1.2005911246349894	0.16183549589684204	5	2	5	2	TRUE	7	stem
védekezek	védekezik	[/V][Prs.NDef.1Sg]	452	8570080167	166798	-0.2778464496465757	2.289205954444654	9	4	9	4	TRUE	10	zik
végrendelkezek	végrendelkezik	[/V][Prs.NDef.1Sg]	7	8570080167	4099	-2.087886844443701	0.6796930338585438	14	5	14	5	TRUE	4	zik
végződök	végződik	[/V][Prs.NDef.1Sg]	11	8570080167	106528	-1.8915921992997329	2.0944788890186157	8	3	8	3	TRUE	5	stem
vékonyodok	vékonyodik	[/V][Prs.NDef.1Sg]	2	8570080167	4362	-2.6319548887939765	0.7067007767847236	10	4	10	4	TRUE	2	Vdik
vélekedek	vélekedik	[/V][Prs.NDef.1Sg]	720	8570080167	123148	-0.07565238802668936	2.157442478562337	9	4	9	4	TRUE	10	Vdik
vérengzek	vérengzik	[/V][Prs.NDef.1Sg]	1	8570080167	214	-2.932984884457958	-0.602571111108767	9	3	9	3	TRUE	2	zik
vérzek	vérzik	[/V][Prs.NDef.1Sg]	1320	8570080167	54196	0.187589046747892	1.8009823496443909	6	2	6	2	TRUE	10	zik
vétkezek	vétkezik	[/V][Prs.NDef.1Sg]	85	8570080167	32653	-1.0035659587436652	1.5809382038665365	8	3	8	3	TRUE	8	zik
vívódok	vívódik	[/V][Prs.NDef.1Sg]	189	8570080167	5972	-0.6565230802847137	0.84313491459503	7	3	7	3	TRUE	9	stem
vízilabdázok	vízilabdázik	[/V][Prs.NDef.1Sg]	34	8570080167	2345	-1.4015059674157029	0.4371579625931442	12	5	12	5	TRUE	7	zik
vöröslök	vöröslik	[/V][Prs.NDef.1Sg]	2	8570080167	1594	-2.6319548887939765	0.2695034326021357	8	3	8	3	TRUE	2	lik
vörösödök	vörösödik	[/V][Prs.NDef.1Sg]	38	8570080167	2652	-1.3532012878411477	0.4905886352747777	9	4	9	4	TRUE	7	Vdik
zajlok	zajlik	[/V][Prs.NDef.1Sg]	45	8570080167	746813	-1.279772370682614	2.940226984780418	6	2	6	2	TRUE	7	lik
zavarodok	zavarodik	[/V][Prs.NDef.1Sg]	49	8570080167	11253	-1.2427888044294442	1.1182834344124273	9	4	9	4	TRUE	7	Vdik
zongorázok	zongorázik	[/V][Prs.NDef.1Sg]	211	8570080167	30452	-0.6087024291602652	1.5506309366633162	10	4	10	4	TRUE	9	zik
zsarnokoskodok	zsarnokoskodik	[/V][Prs.NDef.1Sg]	1	8570080167	1288	-2.932984884457958	0.17693097856583548	14	5	14	5	TRUE	2	Vdik
zsebhokizok	zsebhokizik	[/V][Prs.NDef.1Sg]	1	8570080167	18	-2.932984884457958	-1.6777123793546518	11	4	11	4	TRUE	2	zik
zsonglőrködök	zsonglőrködik	[/V][Prs.NDef.1Sg]	15	8570080167	3950	-1.756893625402277	0.6636122111685023	13	4	13	4	TRUE	5	Vdik
zsugorodok	zsugorodik	[/V][Prs.NDef.1Sg]	23	8570080167	28285	-1.571257048440365	1.5185712986184705	10	4	10	4	TRUE	6	Vdik
zsugázok	zsugázik	[/V][Prs.NDef.1Sg]	4	8570080167	173	-2.3309248931299953	-0.6949387813291624	8	3	8	3	TRUE	3	zik
zsémbelődök	zsémbelődik	[/V][Prs.NDef.1Sg]	2	8570080167	82	-2.6319548887939765	-1.019171032074241	11	4	11	4	TRUE	2	stem
zsírosodok	zsírosodik	[/V][Prs.NDef.1Sg]	51	8570080167	5118	-1.2254147083600215	0.7761153970932089	10	4	10	4	TRUE	7	Vdik
zsörtölődök	zsörtölődik	[/V][Prs.NDef.1Sg]	32	8570080167	3330	-1.427834906138052	0.5894593490483621	11	4	11	4	TRUE	6	stem
zsúfolódok	zsúfolódik	[/V][Prs.NDef.1Sg]	2	8570080167	4651	-2.6319548887939765	0.7345614550535586	10	4	10	4	TRUE	2	stem
zsűrizek	zsűrizik	[/V][Prs.NDef.1Sg]	1	8570080167	635	-2.932984884457958	-0.13021115916598214	8	3	8	3	TRUE	2	zik
zuhanyzok	zuhanyozik	[/V][Prs.NDef.1Sg]	162	8570080167	20011	-0.7234698699153269	1.368283907508105	9	3	10	4	TRUE	9	zik
zárkózok	zárkózik	[/V][Prs.NDef.1Sg]	187	8570080167	34767	-0.6611432779214589	1.6081823331261873	8	3	8	3	TRUE	9	zik
záródok	záródik	[/V][Prs.NDef.1Sg]	9	8570080167	24424	-1.978742375018633	1.4548319068326476	7	3	7	3	TRUE	4	stem
zötykölődök	zötykölődik	[/V][Prs.NDef.1Sg]	59	8570080167	3556	-1.1621328728158136	0.6179768678402182	11	4	11	4	TRUE	7	stem
zúgolódok	zúgolódik	[/V][Prs.NDef.1Sg]	20	8570080167	6221	-1.6319548887939763	0.8608753168847117	9	4	9	4	TRUE	6	stem
zúzódok	zúzódik	[/V][Prs.NDef.1Sg]	1	8570080167	1418	-2.932984884457958	0.21869134638908988	7	3	7	3	TRUE	2	stem
züllök	züllik	[/V][Prs.NDef.1Sg]	37	8570080167	1993	-1.3647831603909628	0.3665224142425298	6	2	6	2	TRUE	7	stem
ábrándozok	ábrándozik	[/V][Prs.NDef.1Sg]	284	8570080167	18385	-0.4796665444109201	1.3314787497469234	10	4	10	4	TRUE	9	zik
ágaskodok	ágaskodik	[/V][Prs.NDef.1Sg]	8	8570080167	5740	-2.0298948974660145	0.8259270079400157	9	4	9	4	TRUE	4	Vdik
ágazok	ágazik	[/V][Prs.NDef.1Sg]	7	8570080167	11732	-2.087886844443701	1.1363871698505568	6	3	6	3	TRUE	4	zik
áhítozok	áhítozik	[/V][Prs.NDef.1Sg]	74	8570080167	9214	-1.0637531647269816	1.031463323458703	8	4	8	4	TRUE	8	zik
ájtatoskodok	ájtatoskodik	[/V][Prs.NDef.1Sg]	2	8570080167	525	-2.6319548887939765	-0.21282558105200092	12	5	12	5	TRUE	2	Vdik
ájuldozok	ájuldozik	[/V][Prs.NDef.1Sg]	14	8570080167	1360	-1.7868568487797198	0.20055402391225963	9	4	9	4	TRUE	5	zik
állapodok	állapodik	[/V][Prs.NDef.1Sg]	48	8570080167	73318	-1.2517436470823706	1.932225725121766	9	4	9	4	TRUE	7	Vdik
állomásozok	állomásozik	[/V][Prs.NDef.1Sg]	10	8570080167	17398	-1.9329848844579576	1.3075144420495537	11	5	11	5	TRUE	5	zik
álmodok	álmodik	[/V][Prs.NDef.1Sg]	3404	8570080167	223489	0.5990046669545924	2.416271267811494	7	3	7	3	TRUE	10	Vdik
álmodozok	álmodozik	[/V][Prs.NDef.1Sg]	532	8570080167	59984	-0.20707325216290967	1.8450505386195175	9	4	9	4	TRUE	10	zik
álmosodok	álmosodik	[/V][Prs.NDef.1Sg]	29	8570080167	1357	-1.4705868865590015	0.19959496320177925	9	4	9	4	TRUE	6	Vdik
álmélkodok	álmélkodik	[/V][Prs.NDef.1Sg]	19	8570080167	5761	-1.654231283505129	0.8275129907685688	10	4	10	4	TRUE	6	Vdik
álszenteskedek	álszenteskedik	[/V][Prs.NDef.1Sg]	18	8570080167	511	-1.6777123793546518	-0.22456398432324515	14	5	14	5	TRUE	6	Vdik
ámuldozok	ámuldozik	[/V][Prs.NDef.1Sg]	55	8570080167	3333	-1.192622194963714	0.5898504292025722	9	4	9	4	TRUE	7	zik
áramlok	áramlik	[/V][Prs.NDef.1Sg]	80	8570080167	85538	-1.0298948974660145	1.9991742071593723	7	3	7	3	TRUE	8	lik
ármánykodok	ármánykodik	[/V][Prs.NDef.1Sg]	2	8570080167	992	-2.6319548887939765	0.06352678769622086	11	4	11	4	TRUE	2	Vdik
árulkodok	árulkodik	[/V][Prs.NDef.1Sg]	29	8570080167	62655	-1.4705868865590015	1.8639708498628444	9	4	9	4	TRUE	6	Vdik
áskálódok	áskálódik	[/V][Prs.NDef.1Sg]	13	8570080167	1964	-1.819041532151121	0.3601565989929731	9	4	9	4	TRUE	5	stem
ásítozok	ásítozik	[/V][Prs.NDef.1Sg]	129	8570080167	3555	-0.8223951741587089	0.6178547206078272	8	4	8	4	TRUE	8	zik
átkozódok	átkozódik	[/V][Prs.NDef.1Sg]	13	8570080167	3739	-1.819041532151121	0.6397705806962618	9	4	9	4	TRUE	5	stem
ázok	ázik	[/V][Prs.NDef.1Sg]	362	8570080167	36090	-0.3742763139247921	1.6244019976015494	4	2	4	2	TRUE	9	zik
éhezek	éhezik	[/V][Prs.NDef.1Sg]	443	8570080167	59636	-0.2865811582348882	1.842523621614319	6	3	6	3	TRUE	10	zik
éjjeledek	éjjeledik	[/V][Prs.NDef.1Sg]	1	8570080167	49	-2.932984884457958	-1.2427888044294442	9	4	9	4	TRUE	2	Vdik
éjszakázok	éjszakázik	[/V][Prs.NDef.1Sg]	84	8570080167	12361	-1.0087055983960762	1.1590687219675175	10	4	10	4	TRUE	8	zik
ékeskedek	ékeskedik	[/V][Prs.NDef.1Sg]	55	8570080167	5504	-1.192622194963714	0.8076935407694971	9	4	9	4	TRUE	7	Vdik
éktelenkedek	éktelenkedik	[/V][Prs.NDef.1Sg]	2	8570080167	6966	-2.6319548887939765	0.9099985856642596	12	5	12	5	TRUE	2	Vdik
élcelődök	élcelődik	[/V][Prs.NDef.1Sg]	23	8570080167	4503	-1.571257048440365	0.7205170625049749	9	4	9	4	TRUE	6	stem
éledezek	éledezik	[/V][Prs.NDef.1Sg]	10	8570080167	4011	-1.9329848844579576	0.670267777523689	8	4	8	4	TRUE	5	zik
élesedek	élesedik	[/V][Prs.NDef.1Sg]	1	8570080167	8529	-2.932984884457958	0.9979132299521468	8	4	8	4	TRUE	2	Vdik
élvezkedek	élvezkedik	[/V][Prs.NDef.1Sg]	97	8570080167	4178	-0.946213150191713	0.6879835511863319	10	4	10	4	TRUE	8	Vdik
élősködök	élősködik	[/V][Prs.NDef.1Sg]	274	8570080167	9346	-0.49523432163756986	1.0376408922303366	9	4	9	4	TRUE	9	Vdik
építkezek	építkezik	[/V][Prs.NDef.1Sg]	612	8570080167	78659	-0.14623346231239667	1.9627635364202132	9	4	9	4	TRUE	10	zik
érdeklődök	érdeklődik	[/V][Prs.NDef.1Sg]	7584	8570080167	362506	0.946913439872052	2.6263303147120247	10	4	10	4	TRUE	10	stem
érettségizek	érettségizik	[/V][Prs.NDef.1Sg]	298	8570080167	46998	-0.4587686203817026	1.7390944924682927	12	5	12	5	TRUE	9	zik
érintkezek	érintkezik	[/V][Prs.NDef.1Sg]	93	8570080167	84963	-0.9645019359040228	1.996244954265822	10	4	10	4	TRUE	8	zik
érkezek	érkezik	[/V][Prs.NDef.1Sg]	1840	8570080167	2258874	0.33183293855157864	3.4209071221902216	7	3	7	3	TRUE	10	zik
érlelődök	érlelődik	[/V][Prs.NDef.1Sg]	4	8570080167	17933	-2.3309248931299953	1.3206680640256063	9	4	9	4	TRUE	3	stem
értekezek	értekezik	[/V][Prs.NDef.1Sg]	321	8570080167	31517	-0.42647985205308575	1.5655599872576451	9	4	9	4	TRUE	9	zik
értetlenkedek	értetlenkedik	[/V][Prs.NDef.1Sg]	375	8570080167	11124	-0.35895361673023896	1.113276095734164	13	5	13	5	TRUE	9	Vdik
érzelgősködök	érzelgősködik	[/V][Prs.NDef.1Sg]	7	8570080167	229	-2.087886844443701	-0.5731494021180699	13	5	13	5	TRUE	4	Vdik
érzelmeskedek	érzelmeskedik	[/V][Prs.NDef.1Sg]	2	8570080167	76	-2.6319548887939765	-1.0521712921771664	13	5	13	5	TRUE	2	Vdik
érzékenykedek	érzékenykedik	[/V][Prs.NDef.1Sg]	3	8570080167	372	-2.455863629738295	-0.3624419445760603	13	5	13	5	TRUE	3	Vdik
érződök	érződik	[/V][Prs.NDef.1Sg]	4	8570080167	74697	-2.3309248931299953	1.9403182754617416	7	3	7	3	TRUE	3	stem
étkezek	étkezik	[/V][Prs.NDef.1Sg]	270	8570080167	56160	-0.5016211202989705	1.816442214663791	7	3	7	3	TRUE	9	zik
évődök	évődik	[/V][Prs.NDef.1Sg]	20	8570080167	2007	-1.6319548887939763	0.36956248802952774	6	3	6	3	TRUE	6	stem
ígérkezek	ígérkezik	[/V][Prs.NDef.1Sg]	3	8570080167	66458	-2.455863629738295	1.8895623829386403	9	4	9	4	TRUE	3	zik
ínyenckedek	ínyenckedik	[/V][Prs.NDef.1Sg]	1	8570080167	185	-2.932984884457958	-0.6658131560549441	11	4	11	4	TRUE	2	Vdik
íratok	íratik	[/V][Prs.NDef.1Sg]	789	8570080167	29583	-0.03590788124853755	1.5380573290629915	6	3	6	3	TRUE	10	stem
írnokoskodok	írnokoskodik	[/V][Prs.NDef.1Sg]	1	8570080167	105	-2.932984884457958	-0.9117955853880196	12	5	12	5	TRUE	2	Vdik
írásbelizek	írásbelizik	[/V][Prs.NDef.1Sg]	9	8570080167	183	-1.978742375018633	-0.6705337947275284	11	5	11	5	TRUE	4	zik
íródok	íródik	[/V][Prs.NDef.1Sg]	5	8570080167	102757	-2.234014880121939	2.0788265320543693	6	3	6	3	TRUE	4	stem
ítélkezek	ítélkezik	[/V][Prs.NDef.1Sg]	338	8570080167	42419	-0.4040681841803031	1.6945755416367538	9	4	9	4	TRUE	9	zik
ívok	ívik	[/V][Prs.NDef.1Sg]	3	8570080167	2496	-2.455863629738295	0.46425969655242855	4	2	4	2	TRUE	3	stem
ízetlenkedek	ízetlenkedik	[/V][Prs.NDef.1Sg]	2	8570080167	78	-2.6319548887939765	-1.0408902817674774	12	5	12	5	TRUE	2	Vdik
ízlek	ízlik	[/V][Prs.NDef.1Sg]	6	8570080167	62418	-2.1548336340743144	1.8623249644135007	5	2	5	2	TRUE	4	lik
ízléstelenkedek	ízléstelenkedik	[/V][Prs.NDef.1Sg]	3	8570080167	39	-2.455863629738295	-1.3419202774314587	15	6	15	6	TRUE	3	Vdik
ódzkodok	ódzkodik	[/V][Prs.NDef.1Sg]	218	8570080167	17257	-0.594528390853353	1.3039804146450218	8	3	8	3	TRUE	9	Vdik
óhajtozok	óhajtozik	[/V][Prs.NDef.1Sg]	1	8570080167	144	-2.932984884457958	-0.7746223923627081	9	4	9	4	TRUE	2	zik
ólálkodok	ólálkodik	[/V][Prs.NDef.1Sg]	17	8570080167	6185	-1.702535963079684	0.8583548195071816	9	4	9	4	TRUE	6	Vdik
óvakodok	óvakodik	[/V][Prs.NDef.1Sg]	86	8570080167	18248	-0.99848643321439	1.3282303878106343	8	4	8	4	TRUE	8	Vdik
óvatoskodok	óvatoskodik	[/V][Prs.NDef.1Sg]	71	8570080167	2608	-1.0817265357388826	0.4833227026019247	11	5	11	5	TRUE	8	Vdik
ökrendezek	ökrendezik	[/V][Prs.NDef.1Sg]	2	8570080167	31	-2.6319548887939765	-1.4416231906236852	10	4	10	4	TRUE	2	zik
ökörködök	ökörködik	[/V][Prs.NDef.1Sg]	31	8570080167	1755	-1.4416231906236852	0.3112922363438851	9	4	9	4	TRUE	6	Vdik
ölelkezek	ölelkezik	[/V][Prs.NDef.1Sg]	19	8570080167	6267	-1.654231283505129	0.8640748102420132	9	4	9	4	TRUE	6	zik
öltözök	öltözik	[/V][Prs.NDef.1Sg]	787	8570080167	113660	-0.03701015209889327	2.122622767250754	7	3	7	3	TRUE	10	zik
öltözködök	öltözködik	[/V][Prs.NDef.1Sg]	148	8570080167	29838	-0.7627231690630004	1.5417848251579107	10	4	10	4	TRUE	9	Vdik
ömlök	ömlik	[/V][Prs.NDef.1Sg]	21	8570080167	51237	-1.6107655897240385	1.7765988087929143	5	2	5	2	TRUE	6	lik
önkényeskedek	önkényeskedik	[/V][Prs.NDef.1Sg]	4	8570080167	449	-2.3309248931299953	-0.28073854345463467	13	5	13	5	TRUE	3	Vdik
önállósodok	önállósodik	[/V][Prs.NDef.1Sg]	2	8570080167	4835	-2.6319548887939765	0.7514115939610626	11	5	11	5	TRUE	2	Vdik
öregedek	öregedik	[/V][Prs.NDef.1Sg]	24	8570080167	15686	-1.552773642746352	1.262527326216114	8	4	8	4	TRUE	6	Vdik
öregszek	öregszik	[/V][Prs.NDef.1Sg]	82	8570080167	32240	-1.019171032074241	1.575410148675095	8	3	8	3	TRUE	8	szik
örvénylek	örvénylik	[/V][Prs.NDef.1Sg]	22	8570080167	4181	-1.5905622036357516	0.6882952830924569	9	3	9	3	TRUE	6	lik
öröklődök	öröklődik	[/V][Prs.NDef.1Sg]	1	8570080167	17166	-2.932984884457958	1.3016842237309485	9	4	9	4	TRUE	2	stem
összehaverkodok	összehaverkodik	[/V][Prs.NDef.1Sg]	13	8570080167	2170	-1.819041532151121	0.40347484939057165	15	6	15	6	TRUE	5	Vdik
ötvöződök	ötvöződik	[/V][Prs.NDef.1Sg]	3	8570080167	11295	-2.455863629738295	1.119901350798424	9	4	9	4	TRUE	3	stem
özönlök	özönlik	[/V][Prs.NDef.1Sg]	5	8570080167	18470	-2.234014880121939	1.3334820109822836	7	3	7	3	TRUE	4	lik
úszok	úszik	[/V][Prs.NDef.1Sg]	2060	8570080167	228752	0.3808823359111956	2.426380015374153	5	2	5	2	TRUE	10	szik
ügyesedek	ügyesedik	[/V][Prs.NDef.1Sg]	8	8570080167	2539	-2.0298948974660145	0.4716778164157644	9	4	9	4	TRUE	4	Vdik
ügyeskedek	ügyeskedik	[/V][Prs.NDef.1Sg]	105	8570080167	11033	-0.9117955853880196	1.1097087337206852	10	4	10	4	TRUE	8	Vdik
ügyetlenkedek	ügyetlenkedik	[/V][Prs.NDef.1Sg]	57	8570080167	1969	-1.1771100287854663	0.3612608316801604	13	5	13	5	TRUE	7	Vdik
ügyködök	ügyködik	[/V][Prs.NDef.1Sg]	210	8570080167	11226	-0.6107655897240386	1.1172401534256955	8	3	8	3	TRUE	9	Vdik
ügyvédkedek	ügyvédkedik	[/V][Prs.NDef.1Sg]	5	8570080167	263	-2.234014880121939	-0.5130291359682	11	4	11	4	TRUE	4	Vdik
üledékesedek	üledékesedik	[/V][Prs.NDef.1Sg]	1	8570080167	9	-2.932984884457958	-1.978742375018633	12	6	12	6	TRUE	2	Vdik
ülepedek	ülepszik	[/V][Prs.NDef.1Sg]	3	8570080167	5288	-2.455863629738295	0.790306562019626	8	4	8	3	TRUE	3	szik
ülésezek	ülésezik	[/V][Prs.NDef.1Sg]	3	8570080167	27682	-2.455863629738295	1.5092125798522558	8	4	8	4	TRUE	3	zik
üresedek	üresedik	[/V][Prs.NDef.1Sg]	5	8570080167	2026	-2.234014880121939	0.3736545565663038	8	4	8	4	TRUE	4	Vdik
ütközök	ütközik	[/V][Prs.NDef.1Sg]	709	8570080167	225302	-0.0823386492748913	2.419780162503816	7	3	7	3	TRUE	10	zik
ütődök	ütődik	[/V][Prs.NDef.1Sg]	1	8570080167	5543	-2.932984884457958	0.8107599941345034	6	3	6	3	TRUE	2	stem
üzekedek	üzekedik	[/V][Prs.NDef.1Sg]	1	8570080167	659	-2.932984884457958	-0.11409946986394796	8	4	8	4	TRUE	2	Vdik
üzérkedek	üzérkedik	[/V][Prs.NDef.1Sg]	3	8570080167	667	-2.455863629738295	-0.10885905054140886	9	4	9	4	TRUE	3	Vdik
őrizkedek	őrizkedik	[/V][Prs.NDef.1Sg]	2	8570080167	2033	-2.6319548887939765	0.3751524941800808	9	4	9	4	TRUE	2	Vdik
őrködök	őrködik	[/V][Prs.NDef.1Sg]	49	8570080167	18581	-1.2427888044294442	1.336084198870019	7	3	7	3	TRUE	7	Vdik
őrlődök	őrlődik	[/V][Prs.NDef.1Sg]	160	8570080167	6626	-0.728864901802033	0.8882665470879834	7	3	7	3	TRUE	9	stem
