form	lemma	xpostag	freq	corpus_size	lemma_freq	lfpm10	llfpm10	form_length	form_syl_count	lemma_length	lemma_syl_count	hunspell	ik_form	suffix	overlap
abcúgol	abcúgol	[/V][Prs.NDef.3Sg]	1	8570080167	22	-2.932984884457958	-1.5905622036357516	7	3	7	3	TRUE	abcúgolik	lik	FALSE
ablakoz	ablakoz	[/V][Prs.NDef.3Sg]	51	8570080167	81	-1.2254147083600215	-1.024499865579308	7	3	7	3	TRUE	ablakozik	zik	FALSE
abortál	abortál	[/V][Prs.NDef.3Sg]	104	8570080167	1075	-0.9159515451591774	0.09842357979366628	7	3	7	3	TRUE	abortálik	lik	FALSE
abrakol	abrakol	[/V][Prs.NDef.3Sg]	74	8570080167	536	-1.0637531647269816	-0.20382009476518784	7	3	7	3	TRUE	abrakolik	lik	FALSE
abszolutizál	abszolutizál	[/V][Prs.NDef.3Sg]	37	8570080167	1240	-1.3647831603909628	0.1604368007042773	12	5	12	5	TRUE	abszolutizálik	lik	FALSE
abszolvál	abszolvál	[/V][Prs.NDef.3Sg]	250	8570080167	19023	-0.5350448757859202	1.346294123448666	9	3	9	3	TRUE	abszolválik	lik	FALSE
abszorbeál	abszorbeál	[/V][Prs.NDef.3Sg]	175	8570080167	1304	-0.6899468357716634	0.18229270693794355	10	4	10	4	TRUE	abszorbeálik	lik	FALSE
absztrahál	absztrahál	[/V][Prs.NDef.3Sg]	223	8570080167	1403	-0.5846800214097971	0.21407278657040207	10	3	10	3	TRUE	absztrahálik	lik	FALSE
abál	abál	[/V][Prs.NDef.3Sg]	166	8570080167	1329	-0.7128767964179027	0.19054009648477416	4	2	4	2	TRUE	abálik	lik	FALSE
abárol	abárol	[/V][Prs.NDef.3Sg]	9	8570080167	86	-1.978742375018633	-0.99848643321439	6	3	6	3	TRUE	abárolik	lik	FALSE
acéloz	acéloz	[/V][Prs.NDef.3Sg]	70	8570080167	744	-1.087886844443701	-0.06141194891207912	6	3	6	3	TRUE	acélozik	zik	FALSE
ad	ad	[/V][Prs.NDef.3Sg]	1719562	8570080167	10235182	3.302432954770996	4.077110685148574	2	1	2	1	TRUE	adik	NA	FALSE
adagol	adagol	[/V][Prs.NDef.3Sg]	2246	8570080167	74098	0.4184248674674811	1.9368216015148136	6	3	6	3	TRUE	adagolik	lik	FALSE
adaptál	adaptál	[/V][Prs.NDef.3Sg]	511	8570080167	21365	-0.22456398432324515	1.3967180126952574	7	3	7	3	TRUE	adaptálik	lik	FALSE
adjusztál	adjusztál	[/V][Prs.NDef.3Sg]	8	8570080167	402	-2.0298948974660145	-0.32875883137348777	9	3	9	3	TRUE	adjusztálik	lik	FALSE
adminisztrál	adminisztrál	[/V][Prs.NDef.3Sg]	567	8570080167	5936	-0.17940182556505124	0.8405090078130129	12	4	12	4	TRUE	adminisztrálik	lik	FALSE
adományoz	adományoz	[/V][Prs.NDef.3Sg]	10661	8570080167	128998	1.0948130588923417	2.1775980925413134	9	4	9	4	TRUE	adományozik	zik	FALSE
adomáz	adomáz	[/V][Prs.NDef.3Sg]	3	8570080167	156	-2.455863629738295	-0.7398602861034962	6	3	6	3	TRUE	adomázik	zik	FALSE
adoptál	adoptál	[/V][Prs.NDef.3Sg]	142	8570080167	4444	-0.7806965400749013	0.7147891658108722	7	3	7	3	TRUE	adoptálik	lik	FALSE
adresszál	adresszál	[/V][Prs.NDef.3Sg]	8	8570080167	261	-2.0298948974660145	-0.5163443771196768	9	3	9	3	TRUE	adresszálik	lik	FALSE
adszorbeál	adszorbeál	[/V][Prs.NDef.3Sg]	57	8570080167	678	-1.1771100287854663	-0.10175519059089444	10	4	10	4	TRUE	adszorbeálik	lik	FALSE
aduz	aduz	[/V][Prs.NDef.3Sg]	1	8570080167	10	-2.932984884457958	-1.9329848844579576	4	2	4	2	TRUE	aduzik	zik	FALSE
afelől	afelől	[/V][Prs.NDef.3Sg]	194	8570080167	33196	-0.6451831545277318	1.5881008714573648	6	3	6	3	TRUE	afelőlik	lik	FALSE
affektál	affektál	[/V][Prs.NDef.3Sg]	311	8570080167	1058	-0.4402244954311203	0.09150078324120914	8	3	8	3	TRUE	affektálik	lik	FALSE
agglutinál	agglutinál	[/V][Prs.NDef.3Sg]	7	8570080167	105	-2.087886844443701	-0.9117955853880196	10	4	10	4	TRUE	agglutinálik	lik	FALSE
aggregál	aggregál	[/V][Prs.NDef.3Sg]	84	8570080167	980	-1.0087055983960762	0.05824119123453703	8	3	8	3	TRUE	aggregálik	lik	FALSE
agitál	agitál	[/V][Prs.NDef.3Sg]	764	8570080167	4772	-0.04989152588226789	0.7457155505403464	6	3	6	3	TRUE	agitálik	lik	FALSE
agnoszkál	agnoszkál	[/V][Prs.NDef.3Sg]	1	8570080167	96	-2.932984884457958	-0.9507136514183894	9	3	9	3	TRUE	agnoszkálik	lik	FALSE
agonizál	agonizál	[/V][Prs.NDef.3Sg]	725	8570080167	2109	-0.07264687788696413	0.3910916952815286	8	4	8	4	TRUE	agonizálik	lik	FALSE
agyabugyál	agyabugyál	[/V][Prs.NDef.3Sg]	11	8570080167	163	-1.8915921992997329	-0.720797280054	10	4	10	4	TRUE	agyabugyálik	lik	FALSE
agyal	agyal	[/V][Prs.NDef.3Sg]	2601	8570080167	38482	0.4821554677379149	1.6522727507995043	5	2	5	2	TRUE	agyalik	lik	FALSE
ajnároz	ajnároz	[/V][Prs.NDef.3Sg]	132	8570080167	3669	-0.812410953252108	0.6315628272979901	7	3	7	3	TRUE	ajnározik	zik	FALSE
ajz	ajz	[/V][Prs.NDef.3Sg]	114	8570080167	1220	-0.8760800331214852	0.1533749462167904	3	1	3	1	TRUE	ajzik	zik	FALSE
ajándékoz	ajándékoz	[/V][Prs.NDef.3Sg]	12146	8570080167	159984	1.1514483923285868	2.2710916665781595	9	4	9	4	TRUE	ajándékozik	zik	FALSE
ajánl	ajánl	[/V][Prs.NDef.3Sg]	63723	8570080167	1801275	1.8713113291993244	3.322595137004172	5	2	5	2	TRUE	ajánlik	lik	FALSE
akad	akad	[/V][Prs.NDef.3Sg]	278756	8570080167	716760	2.5122393395403138	2.922388876336739	4	2	4	2	TRUE	akadik	NA	FALSE
akadályoz	akadályoz	[/V][Prs.NDef.3Sg]	11629	8570080167	316952	1.1325574860611805	2.568008612101917	9	4	9	4	TRUE	akadályozik	zik	FALSE
akceptál	akceptál	[/V][Prs.NDef.3Sg]	66	8570080167	2604	-1.1134409489160892	0.4826560954381965	8	3	8	3	TRUE	akceptálik	lik	FALSE
akklimatizál	akklimatizál	[/V][Prs.NDef.3Sg]	6	8570080167	110	-2.1548336340743144	-0.8915921992997328	12	5	12	5	TRUE	akklimatizálik	lik	FALSE
akkomodál	akkomodál	[/V][Prs.NDef.3Sg]	15	8570080167	58	-1.756893625402277	-1.169556890895021	9	4	9	4	TRUE	akkomodálik	lik	FALSE
akkreditál	akkreditál	[/V][Prs.NDef.3Sg]	326	8570080167	9559	-0.4197672843900188	1.0474275771489336	10	4	10	4	TRUE	akkreditálik	lik	FALSE
akkumulál	akkumulál	[/V][Prs.NDef.3Sg]	59	8570080167	668	-1.1621328728158136	-0.10820842198241216	9	4	9	4	TRUE	akkumulálik	lik	FALSE
aknáz	aknáz	[/V][Prs.NDef.3Sg]	205	8570080167	14811	-0.6212310234022035	1.2375994974812357	5	2	5	2	TRUE	aknázik	zik	FALSE
aktivizál	aktivizál	[/V][Prs.NDef.3Sg]	850	8570080167	21335	-0.00356595874366508	1.396107762737373	9	4	9	4	TRUE	aktivizálik	lik	FALSE
aktivál	aktivál	[/V][Prs.NDef.3Sg]	3073	8570080167	108559	0.5545776757984204	2.1026809496734375	7	3	7	3	TRUE	aktiválik	lik	FALSE
aktualizál	aktualizál	[/V][Prs.NDef.3Sg]	581	8570080167	22858	-0.16880875206762708	1.4260533439214258	10	5	10	5	TRUE	aktualizálik	lik	FALSE
aktáz	aktáz	[/V][Prs.NDef.3Sg]	1	8570080167	8	-2.932984884457958	-2.0298948974660145	5	2	5	2	TRUE	aktázik	zik	FALSE
akvirál	akvirál	[/V][Prs.NDef.3Sg]	34	8570080167	515	-1.4015059674157029	-0.2211776554167668	7	3	7	3	TRUE	akvirálik	lik	FALSE
alakul	alakul	[/V][Prs.NDef.3Sg]	460124	8570080167	1569647	2.729890002133785	3.2628171098688497	6	3	6	3	TRUE	alakulik	lik	FALSE
alapoz	alapoz	[/V][Prs.NDef.3Sg]	10533	8570080167	244399	1.0895671997270555	2.4551145401265915	6	3	6	3	TRUE	alapozik	zik	FALSE
alapul	alapul	[/V][Prs.NDef.3Sg]	251840	8570080167	340577	2.468139826221013	2.599230431187534	6	3	6	3	TRUE	alapulik	lik	FALSE
alarmíroz	alarmíroz	[/V][Prs.NDef.3Sg]	4	8570080167	58	-2.3309248931299953	-1.169556890895021	9	4	9	4	TRUE	alarmírozik	zik	FALSE
alimentál	alimentál	[/V][Prs.NDef.3Sg]	76	8570080167	83	-1.0521712921771664	-1.0139067920818838	9	4	9	4	TRUE	alimentálik	lik	FALSE
aljaz	aljaz	[/V][Prs.NDef.3Sg]	141	8570080167	277	-0.783765771802578	-0.4905051153935094	5	2	5	2	TRUE	aljazik	zik	FALSE
alkalmaz	alkalmaz	[/V][Prs.NDef.3Sg]	117022	8570080167	1721628	2.135282631821795	3.302954432810521	8	3	8	3	TRUE	alkalmazik	zik	FALSE
alkoholizál	alkoholizál	[/V][Prs.NDef.3Sg]	419	8570080167	1506	-0.31077086149166255	0.24484008740672392	11	5	11	5	TRUE	alkoholizálik	lik	FALSE
alkonyul	alkonyul	[/V][Prs.NDef.3Sg]	671	8570080167	874	-0.10626236428896577	0.00852654817644521	8	3	8	3	TRUE	alkonyulik	lik	FALSE
alkotmányoz	alkotmányoz	[/V][Prs.NDef.3Sg]	71	8570080167	774	-1.0817265357388826	-0.04424392377506522	11	4	11	4	TRUE	alkotmányozik	zik	TRUE
allegorizál	allegorizál	[/V][Prs.NDef.3Sg]	31	8570080167	263	-1.4416231906236852	-0.5130291359682	11	5	11	5	TRUE	allegorizálik	lik	FALSE
alliterál	alliterál	[/V][Prs.NDef.3Sg]	294	8570080167	487	-0.4646375540458006	-0.24545592324332355	9	4	9	4	TRUE	alliterálik	lik	FALSE
alludál	alludál	[/V][Prs.NDef.3Sg]	52	8570080167	81	-1.2169815408231586	-1.024499865579308	7	3	7	3	TRUE	alludálik	lik	FALSE
almoz	almoz	[/V][Prs.NDef.3Sg]	21	8570080167	441	-1.6107655897240385	-0.2885462949901193	5	2	5	2	TRUE	almozik	zik	FALSE
alternál	alternál	[/V][Prs.NDef.3Sg]	78	8570080167	184	-1.0408902817674774	-0.6681670614484213	8	3	8	3	TRUE	alternálik	lik	FALSE
alterál	alterál	[/V][Prs.NDef.3Sg]	14	8570080167	139	-1.7868568487797198	-0.7899700842038627	7	3	7	3	TRUE	alterálik	lik	FALSE
alukál	alukál	[/V][Prs.NDef.3Sg]	52	8570080167	642	-1.2169815408231586	-0.12544985638910458	6	3	6	3	TRUE	alukálik	lik	FALSE
alulbecsül	alulbecsül	[/V][Prs.NDef.3Sg]	19	8570080167	4041	-1.654231283505129	0.6735039659846902	10	4	10	4	TRUE	alulbecsülik	lik	FALSE
alulmarad	alulmarad	[/V][Prs.NDef.3Sg]	4115	8570080167	23640	0.6813849550903308	1.44066258775126	9	4	9	4	TRUE	alulmaradik	NA	FALSE
alvad	alvad	[/V][Prs.NDef.3Sg]	722	8570080167	1690	-0.07444768688831874	0.2949018201557157	5	2	5	2	TRUE	alvadik	NA	FALSE
alábbszáll	alábbszáll	[/V][Prs.NDef.3Sg]	71	8570080167	241	-1.0817265357388826	-0.5509678418830894	10	3	10	3	TRUE	alábbszállik	NA	FALSE
aláz	aláz	[/V][Prs.NDef.3Sg]	1666	8570080167	25827	0.2886901126128109	1.4790890780795627	4	2	4	2	TRUE	alázik	zik	FALSE
alél	alél	[/V][Prs.NDef.3Sg]	347	8570080167	1312	-0.3926554096670841	0.1849489505816836	4	2	4	2	TRUE	alélik	lik	FALSE
ambicionál	ambicionál	[/V][Prs.NDef.3Sg]	116	8570080167	2084	-0.8685268952310394	0.385912830169529	10	5	10	5	TRUE	ambicionálik	lik	FALSE
amerikanizál	amerikanizál	[/V][Prs.NDef.3Sg]	4	8570080167	307	-2.3309248931299953	-0.4458465089807714	12	6	12	6	TRUE	amerikanizálik	lik	FALSE
amerről	amerről	[/V][Prs.NDef.3Sg]	14	8570080167	4984	-1.7868568487797198	0.7645931491931554	7	3	7	3	TRUE	amerrőlik	lik	FALSE
amortizál	amortizál	[/V][Prs.NDef.3Sg]	91	8570080167	4183	-0.9739434921368644	0.6885029801226724	9	4	9	4	TRUE	amortizálik	lik	FALSE
amputál	amputál	[/V][Prs.NDef.3Sg]	34	8570080167	6409	-1.4015059674157029	0.8738053871261089	7	3	7	3	TRUE	amputálik	lik	FALSE
analizál	analizál	[/V][Prs.NDef.3Sg]	657	8570080167	11893	-0.11541951489817706	1.142306534425345	8	4	8	4	TRUE	analizálik	lik	FALSE
anekdotáz	anekdotáz	[/V][Prs.NDef.3Sg]	7	8570080167	698	-2.087886844443701	-0.08912946183479677	9	4	9	4	TRUE	anekdotázik	zik	FALSE
animál	animál	[/V][Prs.NDef.3Sg]	321	8570080167	5793	-0.42647985205308575	0.8299186440410993	6	3	6	3	TRUE	animálik	lik	FALSE
annektál	annektál	[/V][Prs.NDef.3Sg]	19	8570080167	2087	-1.654231283505129	0.38653756460749616	8	3	8	3	TRUE	annektálik	lik	FALSE
annotál	annotál	[/V][Prs.NDef.3Sg]	5	8570080167	362	-2.234014880121939	-0.3742763139247921	7	3	7	3	TRUE	annotálik	lik	FALSE
annullál	annullál	[/V][Prs.NDef.3Sg]	8	8570080167	484	-2.0298948974660145	-0.24813952281354537	8	3	8	3	TRUE	annullálik	lik	FALSE
antedatál	antedatál	[/V][Prs.NDef.3Sg]	2	8570080167	89	-2.6319548887939765	-0.983594877813045	9	4	9	4	TRUE	antedatálik	lik	FALSE
anticipál	anticipál	[/V][Prs.NDef.3Sg]	29	8570080167	573	-1.4705868865590015	-0.17483026249056782	9	4	9	4	TRUE	anticipálik	lik	FALSE
antikizál	antikizál	[/V][Prs.NDef.3Sg]	5	8570080167	26	-2.234014880121939	-1.5180115364871398	9	4	9	4	TRUE	antikizálik	lik	FALSE
anyakönyvel	anyakönyvel	[/V][Prs.NDef.3Sg]	6	8570080167	37	-2.1548336340743144	-1.3647831603909628	11	4	11	4	TRUE	anyakönyvelik	lik	FALSE
anyakönyvez	anyakönyvez	[/V][Prs.NDef.3Sg]	36	8570080167	6197	-1.3766823836906703	0.859196611691721	11	4	11	4	TRUE	anyakönyvezik	zik	FALSE
anzágol	anzágol	[/V][Prs.NDef.3Sg]	3	8570080167	8	-2.455863629738295	-2.0298948974660145	7	3	7	3	TRUE	anzágolik	lik	FALSE
apad	apad	[/V][Prs.NDef.3Sg]	7202	8570080167	21269	0.9244682325773088	1.394762186794498	4	2	4	2	TRUE	apadik	NA	FALSE
apadoz	apadoz	[/V][Prs.NDef.3Sg]	38	8570080167	89	-1.3532012878411477	-0.983594877813045	6	3	6	3	TRUE	apadozik	zik	FALSE
apellál	apellál	[/V][Prs.NDef.3Sg]	1658	8570080167	6524	0.28659964175629693	0.8815290679102803	7	3	7	3	TRUE	apellálik	lik	FALSE
aposztrofál	aposztrofál	[/V][Prs.NDef.3Sg]	423	8570080167	12810	-0.30664451708291546	1.1745642452867284	11	4	11	4	TRUE	aposztrofálik	lik	FALSE
appercipiál	appercipiál	[/V][Prs.NDef.3Sg]	5	8570080167	126	-2.234014880121939	-0.832614339340395	11	5	11	5	TRUE	appercipiálik	lik	FALSE
applikál	applikál	[/V][Prs.NDef.3Sg]	204	8570080167	4928	-0.623354717032059	0.7596858146984112	8	3	8	3	TRUE	applikálik	lik	FALSE
apportál	apportál	[/V][Prs.NDef.3Sg]	95	8570080167	1515	-0.95526127916911	0.247427748380366	8	3	8	3	TRUE	apportálik	lik	FALSE
apportíroz	apportíroz	[/V][Prs.NDef.3Sg]	98	8570080167	619	-0.9417588087654628	-0.1412942354378399	10	4	10	4	TRUE	apportírozik	zik	FALSE
apprehendál	apprehendál	[/V][Prs.NDef.3Sg]	8	8570080167	50	-2.0298948974660145	-1.234014880121939	11	4	11	4	TRUE	apprehendálik	lik	FALSE
approbál	approbál	[/V][Prs.NDef.3Sg]	3	8570080167	92	-2.455863629738295	-0.9691970571124026	8	3	8	3	TRUE	approbálik	lik	FALSE
aprehendál	aprehendál	[/V][Prs.NDef.3Sg]	7	8570080167	35	-2.087886844443701	-1.388916840107682	10	4	10	4	TRUE	aprehendálik	lik	FALSE
apróz	apróz	[/V][Prs.NDef.3Sg]	64	8570080167	6123	-1.1268049104740707	0.8539793749777751	5	2	5	2	TRUE	aprózik	zik	FALSE
aranyoz	aranyoz	[/V][Prs.NDef.3Sg]	151	8570080167	4113	-0.7540079371647884	0.6811738250512173	7	3	7	3	TRUE	aranyozik	zik	FALSE
araszol	araszol	[/V][Prs.NDef.3Sg]	2354	8570080167	15021	0.4388215740494581	1.2437139616606137	7	3	7	3	TRUE	araszolik	lik	FALSE
archaizál	archaizál	[/V][Prs.NDef.3Sg]	128	8570080167	338	-0.8257749148100895	-0.4040681841803031	9	4	9	4	TRUE	archaizálik	lik	FALSE
archivál	archivál	[/V][Prs.NDef.3Sg]	421	8570080167	12724	-0.30870278862228956	1.171638775977368	8	3	8	3	TRUE	archiválik	lik	FALSE
argumentál	argumentál	[/V][Prs.NDef.3Sg]	72	8570080167	304	-1.0756523880266893	-0.4501113008492041	10	4	10	4	TRUE	argumentálik	lik	FALSE
artikulál	artikulál	[/V][Prs.NDef.3Sg]	661	8570080167	5848	-0.1127834249723176	0.8340224794918463	9	4	9	4	TRUE	artikulálik	lik	FALSE
aspirál	aspirál	[/V][Prs.NDef.3Sg]	622	8570080167	1964	-0.13919449976713916	0.3601565989929731	7	3	7	3	TRUE	aspirálik	lik	FALSE
asszimilál	asszimilál	[/V][Prs.NDef.3Sg]	200	8570080167	3564	-0.6319548887939767	0.6189528109068794	10	4	10	4	TRUE	asszimilálik	lik	FALSE
asszisztál	asszisztál	[/V][Prs.NDef.3Sg]	4993	8570080167	21814	0.7653766815971519	1.4057504243415604	10	3	10	3	TRUE	asszisztálik	lik	FALSE
asszociál	asszociál	[/V][Prs.NDef.3Sg]	3880	8570080167	20360	0.6558468411362495	1.3757928892067632	9	4	9	4	TRUE	asszociálik	lik	FALSE
aszal	aszal	[/V][Prs.NDef.3Sg]	437	8570080167	23741	-0.292503447487536	1.4425141235614265	5	2	5	2	TRUE	aszalik	lik	FALSE
aszfaltoz	aszfaltoz	[/V][Prs.NDef.3Sg]	65	8570080167	1454	-1.1200715278151023	0.2295795220650612	9	3	9	3	TRUE	aszfaltozik	zik	FALSE
asztrál	asztrál	[/V][Prs.NDef.3Sg]	458	8570080167	2983	-0.27211940645408866	0.5416683689041049	7	2	7	2	TRUE	asztrálik	lik	FALSE
atletizál	atletizál	[/V][Prs.NDef.3Sg]	248	8570080167	2118	-0.5385332036317415	0.3929410713135083	9	4	9	4	TRUE	atletizálik	lik	FALSE
atomizál	atomizál	[/V][Prs.NDef.3Sg]	19	8570080167	550	-1.654231283505129	-0.192622194963714	8	4	8	4	TRUE	atomizálik	lik	FALSE
attitűd	attitűd	[/V][Prs.NDef.3Sg]	101	8570080167	110222	-0.9286635106753152	2.1092834026623	7	3	7	3	TRUE	attitűdik	NA	FALSE
automatizál	automatizál	[/V][Prs.NDef.3Sg]	259	8570080167	14642	-0.519685120376706	1.2326155180594536	11	6	11	6	TRUE	automatizálik	lik	FALSE
avanzsál	avanzsál	[/V][Prs.NDef.3Sg]	1730	8570080167	8354	0.3050612186708376	0.9889095864711444	8	3	8	3	TRUE	avanzsálik	lik	FALSE
avizál	avizál	[/V][Prs.NDef.3Sg]	2	8570080167	43	-2.6319548887939765	-1.2995164288783714	6	3	6	3	TRUE	avizálik	lik	FALSE
avul	avul	[/V][Prs.NDef.3Sg]	1296	8570080167	6724	0.1796201170766167	0.8946428203094755	4	2	4	2	TRUE	avulik	lik	FALSE
avégből	avégből	[/V][Prs.NDef.3Sg]	5	8570080167	685	-2.234014880121939	-0.09729431296553229	7	3	7	3	TRUE	avégbőlik	lik	FALSE
axiomatizál	axiomatizál	[/V][Prs.NDef.3Sg]	3	8570080167	42	-2.455863629738295	-1.3097355940600577	11	6	11	6	TRUE	axiomatizálik	lik	FALSE
azonosul	azonosul	[/V][Prs.NDef.3Sg]	11338	8570080167	81320	1.1215515681969934	1.977212485508043	8	4	8	4	TRUE	azonosulik	lik	FALSE
azsúroz	azsúroz	[/V][Prs.NDef.3Sg]	12	8570080167	38	-1.853803638410333	-1.3532012878411477	7	3	7	3	TRUE	azsúrozik	zik	FALSE
babonáz	babonáz	[/V][Prs.NDef.3Sg]	127	8570080167	1540	-0.829181163502001	0.2545358363785052	7	3	7	3	TRUE	babonázik	zik	FALSE
babrál	babrál	[/V][Prs.NDef.3Sg]	1547	8570080167	11890	0.2565054292414097	1.1421969701607335	6	2	6	2	TRUE	babrálik	lik	FALSE
babérfűz	babérfűz	[/V][Prs.NDef.3Sg]	1	8570080167	39	-2.932984884457958	-1.3419202774314587	8	3	8	3	TRUE	babérfűzik	zik	FALSE
bagatellizál	bagatellizál	[/V][Prs.NDef.3Sg]	156	8570080167	5424	-0.7398602861034962	0.8013347964010491	12	5	12	5	TRUE	bagatellizálik	lik	FALSE
balanszíroz	balanszíroz	[/V][Prs.NDef.3Sg]	91	8570080167	860	-0.9739434921368644	0.00151356678560985	11	4	11	4	TRUE	balanszírozik	zik	FALSE
balkéz	balkéz	[/V][Prs.NDef.3Sg]	150	8570080167	4510	-0.7568936254022766	0.7211916574200027	6	2	6	2	TRUE	balkézik	zik	FALSE
balkézről	balkézről	[/V][Prs.NDef.3Sg]	4	8570080167	800	-2.3309248931299953	-0.02989489746601426	9	3	9	3	TRUE	balkézrőlik	lik	FALSE
balzsamoz	balzsamoz	[/V][Prs.NDef.3Sg]	31	8570080167	913	-1.4416231906236852	0.02748589307634108	9	3	9	3	TRUE	balzsamozik	zik	FALSE
bambul	bambul	[/V][Prs.NDef.3Sg]	709	8570080167	5714	-0.0823386492748913	0.8239553515887664	6	2	6	2	TRUE	bambulik	lik	FALSE
bandukol	bandukol	[/V][Prs.NDef.3Sg]	952	8570080167	8669	0.04565206392651653	1.0049841184934951	8	3	8	3	TRUE	bandukolik	lik	FALSE
bankettez	bankettez	[/V][Prs.NDef.3Sg]	1	8570080167	5	-2.932984884457958	-2.234014880121939	9	3	9	3	TRUE	bankettezik	zik	FALSE
barangol	barangol	[/V][Prs.NDef.3Sg]	1550	8570080167	25283	0.25734681371233364	1.4698437202055803	8	3	8	3	TRUE	barangolik	lik	FALSE
barikádoz	barikádoz	[/V][Prs.NDef.3Sg]	2	8570080167	778	-2.6319548887939765	-0.04200528746826889	9	4	9	4	TRUE	barikádozik	zik	FALSE
barkácsol	barkácsol	[/V][Prs.NDef.3Sg]	840	8570080167	13752	-0.00870559839607616	1.2053809792210382	9	3	9	3	TRUE	barkácsolik	lik	FALSE
barmol	barmol	[/V][Prs.NDef.3Sg]	103	8570080167	1508	-0.9201476597527856	0.24541645707579743	6	2	6	2	TRUE	barmolik	lik	FALSE
barnul	barnul	[/V][Prs.NDef.3Sg]	3875	8570080167	16214	0.6552868223843713	1.2769052842233	6	2	6	2	TRUE	barnulik	lik	FALSE
barázdál	barázdál	[/V][Prs.NDef.3Sg]	20	8570080167	622	-1.6319548887939763	-0.13919449976713916	8	3	8	3	TRUE	barázdálik	lik	FALSE
baszkul	baszkul	[/V][Prs.NDef.3Sg]	145	8570080167	145	-0.771616882222983	-0.771616882222983	7	2	7	2	TRUE	baszkulik	lik	FALSE
baszkurál	baszkurál	[/V][Prs.NDef.3Sg]	35	8570080167	504	-1.388916840107682	-0.23055434801243255	9	3	9	3	TRUE	baszkurálik	lik	FALSE
batikol	batikol	[/V][Prs.NDef.3Sg]	11	8570080167	669	-1.8915921992997329	-0.10755876669013475	7	3	7	3	TRUE	batikolik	lik	FALSE
batyuz	batyuz	[/V][Prs.NDef.3Sg]	4	8570080167	33	-2.3309248931299953	-1.4144709445800705	6	2	6	2	TRUE	batyuzik	zik	FALSE
bazíroz	bazíroz	[/V][Prs.NDef.3Sg]	162	8570080167	1390	-0.7234698699153269	0.21002991579613725	7	3	7	3	TRUE	bazírozik	zik	FALSE
bebundáz	bebundáz	[/V][Prs.NDef.3Sg]	1	8570080167	63	-2.932984884457958	-1.133644335004376	8	3	8	3	TRUE	bebundázik	zik	FALSE
becsavaroz	becsavaroz	[/V][Prs.NDef.3Sg]	16	8570080167	442	-1.728864901802033	-0.28756261510886594	10	4	10	4	TRUE	becsavarozik	zik	FALSE
becsempész	becsempész	[/V][Prs.NDef.3Sg]	290	8570080167	14274	-0.47058688655900177	1.221560807962952	10	3	10	3	TRUE	becsempészik	szik	FALSE
becserkész	becserkész	[/V][Prs.NDef.3Sg]	79	8570080167	2468	-1.0353577931675164	0.4593602709032462	10	3	10	3	TRUE	becserkészik	szik	FALSE
becsmérel	becsmérel	[/V][Prs.NDef.3Sg]	325	8570080167	5962	-0.4211015234790835	0.8424070872386541	9	3	9	3	TRUE	becsmérelik	lik	FALSE
becsül	becsül	[/V][Prs.NDef.3Sg]	2870	8570080167	199129	0.5248970122760345	2.3661496283209966	6	2	6	2	TRUE	becsülik	lik	FALSE
becéz	becéz	[/V][Prs.NDef.3Sg]	585	8570080167	19269	-0.16582901837577738	1.3518742922758054	5	2	5	2	TRUE	becézik	zik	FALSE
bedolgoz	bedolgoz	[/V][Prs.NDef.3Sg]	66	8570080167	1873	-1.1134409489160892	0.3395528929172795	8	3	8	3	TRUE	bedolgozik	zik	FALSE
befed	befed	[/V][Prs.NDef.3Sg]	769	8570080167	25233	-0.04705854465652678	1.4689840032372417	5	2	5	2	TRUE	befedik	Vdik	FALSE
befolyásol	befolyásol	[/V][Prs.NDef.3Sg]	15509	8570080167	750788	1.2575989115192208	2.94253243812823	10	4	10	4	TRUE	befolyásolik	lik	FALSE
befuccsol	befuccsol	[/V][Prs.NDef.3Sg]	608	8570080167	3060	-0.14908130518522292	0.5527365420236221	9	3	9	3	TRUE	befuccsolik	lik	FALSE
befírol	befírol	[/V][Prs.NDef.3Sg]	1	8570080167	16	-2.932984884457958	-1.728864901802033	7	3	7	3	TRUE	befírolik	lik	FALSE
behajóz	behajóz	[/V][Prs.NDef.3Sg]	12	8570080167	1348	-1.853803638410333	0.1967050077413431	7	3	7	3	TRUE	behajózik	zik	FALSE
behavaz	behavaz	[/V][Prs.NDef.3Sg]	47	8570080167	584	-1.2608870265222405	-0.16657203734555837	7	3	7	3	TRUE	behavazik	zik	FALSE
beikszel	beikszel	[/V][Prs.NDef.3Sg]	36	8570080167	1725	-1.3766823836906703	0.3038042149513351	8	3	8	3	TRUE	beikszelik	lik	FALSE
beillatoz	beillatoz	[/V][Prs.NDef.3Sg]	2	8570080167	160	-2.6319548887939765	-0.728864901802033	9	4	9	4	TRUE	beillatozik	zik	FALSE
beiskoláz	beiskoláz	[/V][Prs.NDef.3Sg]	46	8570080167	1837	-1.2702270527763837	0.3311242718478505	9	4	9	4	TRUE	beiskolázik	zik	FALSE
bekakil	bekakil	[/V][Prs.NDef.3Sg]	431	8570080167	954	-0.2985076142972262	0.04656349024613732	7	3	7	3	TRUE	bekakilik	lik	FALSE
bekalandoz	bekalandoz	[/V][Prs.NDef.3Sg]	8	8570080167	373	-2.0298948974660145	-0.36127605264927026	10	4	10	4	TRUE	bekalandozik	zik	FALSE
bekasztliz	bekasztliz	[/V][Prs.NDef.3Sg]	1	8570080167	235	-2.932984884457958	-0.5619170221862215	10	3	10	3	TRUE	bekasztlizik	zik	FALSE
bekrepál	bekrepál	[/V][Prs.NDef.3Sg]	341	8570080167	1909	-0.4002305054654602	0.34782104393570895	8	3	8	3	TRUE	bekrepálik	lik	FALSE
bekáfol	bekáfol	[/V][Prs.NDef.3Sg]	2	8570080167	14	-2.6319548887939765	-1.7868568487797198	7	3	7	3	TRUE	bekáfolik	lik	FALSE
bekómál	bekómál	[/V][Prs.NDef.3Sg]	17	8570080167	170	-1.702535963079684	-0.7025359630796839	7	3	7	3	TRUE	bekómálik	lik	FALSE
belecsempész	belecsempész	[/V][Prs.NDef.3Sg]	298	8570080167	8630	-0.4587686203817026	1.0030259112572515	12	4	12	4	TRUE	belecsempészik	szik	FALSE
belehal	belehal	[/V][Prs.NDef.3Sg]	5917	8570080167	42918	0.8391166848190541	1.6996545909701162	7	3	7	3	TRUE	belehalik	lik	FALSE
belepistul	belepistul	[/V][Prs.NDef.3Sg]	26	8570080167	194	-1.5180115364871398	-0.6451831545277318	10	4	10	4	TRUE	belepistulik	lik	FALSE
belez	belez	[/V][Prs.NDef.3Sg]	168	8570080167	1258	-0.707675602732095	0.1666957566512923	5	2	5	2	TRUE	belezik	zik	FALSE
beleél	beleél	[/V][Prs.NDef.3Sg]	34	8570080167	16132	-1.4015059674157029	1.2747033288776233	6	3	6	3	TRUE	beleélik	lik	FALSE
beleöl	beleöl	[/V][Prs.NDef.3Sg]	190	8570080167	5085	-0.6542312835051288	0.7733060728008055	6	3	6	3	TRUE	beleölik	lik	FALSE
belélegez	belélegez	[/V][Prs.NDef.3Sg]	275	8570080167	14175	-0.4936521906276952	1.2185381831069864	9	4	9	4	TRUE	belélegezik	zik	FALSE
belül	belül	[/V][Prs.NDef.3Sg]	304	8570080167	4019709	-0.4501113008492041	3.671209729753715	5	2	5	2	TRUE	belülik	lik	FALSE
belülről	belülről	[/V][Prs.NDef.3Sg]	355	8570080167	2755	-0.38275653140286375	0.507136718729846	8	3	8	3	TRUE	belülrőlik	lik	FALSE
belőled	belőled	[/V][Prs.NDef.3Sg]	91	8570080167	328	-0.9739434921368644	-0.4171110407462787	7	3	7	3	TRUE	belőledik	Vdik	FALSE
bemenetel	bemenetel	[/V][Prs.NDef.3Sg]	25	8570080167	2170	-1.5350448757859203	0.40347484939057165	9	4	9	4	TRUE	bemenetelik	lik	FALSE
bemószerol	bemószerol	[/V][Prs.NDef.3Sg]	23	8570080167	423	-1.571257048440365	-0.30664451708291546	10	4	10	4	TRUE	bemószerolik	lik	FALSE
bentről	bentről	[/V][Prs.NDef.3Sg]	15	8570080167	7739	-1.756893625402277	0.9556999622017412	7	2	7	2	TRUE	bentrőlik	lik	FALSE
beporszívóz	beporszívóz	[/V][Prs.NDef.3Sg]	1	8570080167	37	-2.932984884457958	-1.3647831603909628	11	4	11	4	TRUE	beporszívózik	zik	FALSE
berosál	berosál	[/V][Prs.NDef.3Sg]	50	8570080167	551	-1.234014880121939	-0.1918332856061728	7	3	7	3	TRUE	berosálik	lik	FALSE
beslisszol	beslisszol	[/V][Prs.NDef.3Sg]	393	8570080167	712	-0.33859233408253114	-0.08050489082110143	10	3	10	3	TRUE	beslisszolik	lik	FALSE
bespájzol	bespájzol	[/V][Prs.NDef.3Sg]	81	8570080167	2221	-1.024499865579308	0.41356367409051614	9	3	9	3	TRUE	bespájzolik	lik	FALSE
besuszterol	besuszterol	[/V][Prs.NDef.3Sg]	3	8570080167	44	-2.455863629738295	-1.2895322079717704	11	4	11	4	TRUE	besuszterolik	lik	FALSE
beszipkáz	beszipkáz	[/V][Prs.NDef.3Sg]	7	8570080167	100	-2.087886844443701	-0.9329848844579578	9	3	9	3	TRUE	beszipkázik	zik	FALSE
beszél	beszél	[/V][Prs.NDef.3Sg]	440203	8570080167	3852454	2.710668113502684	3.652752577295786	6	2	6	2	TRUE	beszélik	lik	FALSE
beszögel	beszögel	[/V][Prs.NDef.3Sg]	1	8570080167	123	-2.932984884457958	-0.84307977301856	8	3	8	3	TRUE	beszögelik	lik	FALSE
betlehemez	betlehemez	[/V][Prs.NDef.3Sg]	20	8570080167	258	-1.6319548887939763	-0.5213651784947277	10	4	10	4	TRUE	betlehemezik	zik	FALSE
betonoz	betonoz	[/V][Prs.NDef.3Sg]	109	8570080167	8143	-0.8955583865173342	0.9777995503348792	7	3	7	3	TRUE	betonozik	zik	FALSE
betűrend	betűrend	[/V][Prs.NDef.3Sg]	1	8570080167	7635	-2.932984884457958	0.9498241569344822	8	3	8	3	TRUE	betűrendik	NA	FALSE
betűz	betűz	[/V][Prs.NDef.3Sg]	306	8570080167	3987	-0.44726345797637784	0.6676613512044366	5	2	5	2	TRUE	betűzik	zik	FALSE
beutaz	beutaz	[/V][Prs.NDef.3Sg]	89	8570080167	92	-0.983594877813045	-0.9691970571124026	6	3	6	3	TRUE	beutazik	zik	FALSE
bicsakol	bicsakol	[/V][Prs.NDef.3Sg]	1	8570080167	28	-2.932984884457958	-1.4858268531157386	8	3	8	3	TRUE	bicsakolik	lik	FALSE
bicskáz	bicskáz	[/V][Prs.NDef.3Sg]	3	8570080167	200	-2.455863629738295	-0.6319548887939767	7	2	7	2	TRUE	bicskázik	zik	FALSE
bifláz	bifláz	[/V][Prs.NDef.3Sg]	28	8570080167	653	-1.4858268531157386	-0.1180717031828839	6	2	6	2	TRUE	biflázik	zik	FALSE
bilincsel	bilincsel	[/V][Prs.NDef.3Sg]	360	8570080167	3851	-0.3766823836906706	0.6525886341647733	9	3	9	3	TRUE	bilincselik	lik	FALSE
biliárdoz	biliárdoz	[/V][Prs.NDef.3Sg]	2	8570080167	3	-2.6319548887939765	-2.455863629738295	9	4	9	4	TRUE	biliárdozik	zik	TRUE
billogoz	billogoz	[/V][Prs.NDef.3Sg]	9	8570080167	148	-1.978742375018633	-0.7627231690630004	8	3	8	3	TRUE	billogozik	zik	FALSE
birizgál	birizgál	[/V][Prs.NDef.3Sg]	176	8570080167	3536	-0.687472216643808	0.6155273718830777	8	3	8	3	TRUE	birizgálik	lik	FALSE
birtokol	birtokol	[/V][Prs.NDef.3Sg]	10327	8570080167	99856	1.0809892925629585	2.06638928077885	8	3	8	3	TRUE	birtokolik	lik	FALSE
bitangol	bitangol	[/V][Prs.NDef.3Sg]	426	8570080167	568	-0.3035752853552389	-0.17863654874693893	8	3	8	3	TRUE	bitangolik	lik	FALSE
bitorol	bitorol	[/V][Prs.NDef.3Sg]	203	8570080167	4688	-0.6254888465447449	0.7380027185520764	7	3	7	3	TRUE	bitorolik	lik	FALSE
bizonyul	bizonyul	[/V][Prs.NDef.3Sg]	59772	8570080167	418714	1.8435129033220503	2.688932597620516	8	3	8	3	TRUE	bizonyulik	lik	FALSE
blamál	blamál	[/V][Prs.NDef.3Sg]	14	8570080167	699	-1.7868568487797198	-0.08850770871227644	6	2	6	2	TRUE	blamálik	lik	FALSE
blattol	blattol	[/V][Prs.NDef.3Sg]	25	8570080167	267	-1.5350448757859203	-0.5064736230933826	7	2	7	2	TRUE	blattolik	lik	FALSE
bliccel	bliccel	[/V][Prs.NDef.3Sg]	362	8570080167	2736	-0.3742763139247921	0.5041312085901207	7	2	7	2	TRUE	bliccelik	lik	FALSE
blokkol	blokkol	[/V][Prs.NDef.3Sg]	3050	8570080167	62858	0.551314954888828	1.865375674171075	7	2	7	2	TRUE	blokkolik	lik	FALSE
blöfföl	blöfföl	[/V][Prs.NDef.3Sg]	1281	8570080167	4428	0.17456424528672848	0.7132227277487273	7	2	7	2	TRUE	blöffölik	lik	FALSE
blőd	blőd	[/V][Prs.NDef.3Sg]	7	8570080167	2352	-2.087886844443701	0.438452432946143	4	1	4	1	TRUE	blődik	NA	FALSE
bocsátsz	bocsátsz	[/V][Prs.NDef.3Sg]	4	8570080167	7	-2.3309248931299953	-2.087886844443701	8	2	8	2	TRUE	bocsátszik	szik	FALSE
bodroz	bodroz	[/V][Prs.NDef.3Sg]	1	8570080167	48	-2.932984884457958	-1.2517436470823706	6	2	6	2	TRUE	bodrozik	zik	FALSE
bogarász	bogarász	[/V][Prs.NDef.3Sg]	315	8570080167	1950	-0.4346743306683573	0.3570497269045602	8	3	8	3	TRUE	bogarászik	szik	TRUE
boglyáz	boglyáz	[/V][Prs.NDef.3Sg]	1	8570080167	2	-2.932984884457958	-2.6319548887939765	7	2	7	2	TRUE	boglyázik	zik	FALSE
bogoz	bogoz	[/V][Prs.NDef.3Sg]	233	8570080167	3852	-0.5656289634319388	0.6527013939945391	5	2	5	2	TRUE	bogozik	zik	FALSE
bojkottál	bojkottál	[/V][Prs.NDef.3Sg]	244	8570080167	11334	-0.5455950581192285	1.1213983238475194	9	3	9	3	TRUE	bojkottálik	lik	FALSE
bokszol	bokszol	[/V][Prs.NDef.3Sg]	1385	8570080167	9303	0.20846488894250953	1.035638136499031	7	2	7	2	TRUE	bokszolik	lik	FALSE
boldogul	boldogul	[/V][Prs.NDef.3Sg]	15536	8570080167	80164	1.2583543281059717	1.97099449490586	8	3	8	3	TRUE	boldogulik	lik	FALSE
bolház	bolház	[/V][Prs.NDef.3Sg]	1	8570080167	59	-2.932984884457958	-1.1621328728158136	6	2	6	2	TRUE	bolházik	zik	FALSE
bolondoz	bolondoz	[/V][Prs.NDef.3Sg]	37	8570080167	4280	-1.3647831603909628	0.6984588845552142	8	3	8	3	TRUE	bolondozik	zik	FALSE
bolondul	bolondul	[/V][Prs.NDef.3Sg]	23	8570080167	6530	-1.571257048440365	0.8819282968171162	8	3	8	3	TRUE	bolondulik	lik	FALSE
boltoz	boltoz	[/V][Prs.NDef.3Sg]	30	8570080167	266	-1.4558636297382954	-0.5081032478268909	6	2	6	2	TRUE	boltozik	zik	FALSE
bolydul	bolydul	[/V][Prs.NDef.3Sg]	134	8570080167	519	-0.8058800860931502	-0.21781752660949996	7	2	7	2	TRUE	bolydulik	lik	FALSE
bolyhoz	bolyhoz	[/V][Prs.NDef.3Sg]	5	8570080167	348	-2.234014880121939	-0.3914056405113769	7	2	7	2	TRUE	bolyhozik	zik	FALSE
bombáz	bombáz	[/V][Prs.NDef.3Sg]	2495	8570080167	49021	0.46408566550145086	1.7573972819042905	6	2	6	2	TRUE	bombázik	zik	FALSE
bomol	bomol	[/V][Prs.NDef.3Sg]	69	8570080167	125	-1.0941357937207026	-0.8360748714499014	5	2	5	2	TRUE	bomolik	lik	FALSE
boncol	boncol	[/V][Prs.NDef.3Sg]	567	8570080167	8503	-0.17940182556505124	0.996587294618592	6	2	6	2	TRUE	boncolik	lik	FALSE
bonifikál	bonifikál	[/V][Prs.NDef.3Sg]	1	8570080167	5	-2.932984884457958	-2.234014880121939	9	4	9	4	TRUE	bonifikálik	lik	FALSE
bordáz	bordáz	[/V][Prs.NDef.3Sg]	2	8570080167	98	-2.6319548887939765	-0.9417588087654628	6	2	6	2	TRUE	bordázik	zik	FALSE
boronál	boronál	[/V][Prs.NDef.3Sg]	90	8570080167	1606	-0.9787423750186328	0.2727606564847043	7	3	7	3	TRUE	boronálik	lik	FALSE
borotvál	borotvál	[/V][Prs.NDef.3Sg]	440	8570080167	12367	-0.28953220797177043	1.1592794763303902	8	3	8	3	TRUE	borotválik	lik	FALSE
boroz	boroz	[/V][Prs.NDef.3Sg]	256	8570080167	6597	-0.5247449191461083	0.8863615996224948	5	2	5	2	TRUE	borozik	zik	FALSE
borsoz	borsoz	[/V][Prs.NDef.3Sg]	25	8570080167	33148	-1.5350448757859203	1.5874724457137046	6	2	6	2	TRUE	borsozik	zik	FALSE
borul	borul	[/V][Prs.NDef.3Sg]	28299	8570080167	125964	1.5187862047004266	2.167261558792236	5	2	5	2	TRUE	borulik	lik	FALSE
borzad	borzad	[/V][Prs.NDef.3Sg]	547	8570080167	4096	-0.19499755812452704	0.6793750635098165	6	2	6	2	TRUE	borzadik	NA	FALSE
borzol	borzol	[/V][Prs.NDef.3Sg]	246	8570080167	18786	-0.5420497773545787	1.340849433542601	6	2	6	2	TRUE	borzolik	lik	FALSE
borítékol	borítékol	[/V][Prs.NDef.3Sg]	270	8570080167	7642	-0.5016211202989705	0.950222148894432	9	4	9	4	TRUE	borítékolik	lik	FALSE
bosszul	bosszul	[/V][Prs.NDef.3Sg]	86	8570080167	4483	-0.99848643321439	0.718583854407834	7	2	7	2	TRUE	bosszulik	lik	FALSE
boszorkányoz	boszorkányoz	[/V][Prs.NDef.3Sg]	2	8570080167	29	-2.6319548887939765	-1.4705868865590015	12	4	12	4	TRUE	boszorkányozik	zik	FALSE
botanizál	botanizál	[/V][Prs.NDef.3Sg]	15	8570080167	105	-1.756893625402277	-0.9117955853880196	9	4	9	4	TRUE	botanizálik	lik	FALSE
botol	botol	[/V][Prs.NDef.3Sg]	72	8570080167	2566	-1.0756523880266893	0.47627176758095185	5	2	5	2	TRUE	botolik	lik	FALSE
botorkál	botorkál	[/V][Prs.NDef.3Sg]	1669	8570080167	9154	0.28947145222128884	1.028626023633323	8	3	8	3	TRUE	botorkálik	lik	FALSE
botoz	botoz	[/V][Prs.NDef.3Sg]	37	8570080167	531	-1.3647831603909628	-0.2078903633764888	5	2	5	2	TRUE	botozik	zik	FALSE
bratyiz	bratyiz	[/V][Prs.NDef.3Sg]	13	8570080167	156	-1.819041532151121	-0.7398602861034962	7	2	7	2	TRUE	bratyizik	zik	TRUE
bridzsel	bridzsel	[/V][Prs.NDef.3Sg]	52	8570080167	291	-1.2169815408231586	-0.46909189547205055	8	2	8	2	TRUE	bridzselik	lik	FALSE
brillíroz	brillíroz	[/V][Prs.NDef.3Sg]	278	8570080167	283	-0.4889400885398816	-0.4811984489336676	9	3	9	3	TRUE	brillírozik	zik	TRUE
brusztol	brusztol	[/V][Prs.NDef.3Sg]	72	8570080167	525	-1.0756523880266893	-0.21282558105200092	8	2	8	2	TRUE	brusztolik	lik	FALSE
buborékol	buborékol	[/V][Prs.NDef.3Sg]	176	8570080167	421	-0.687472216643808	-0.30870278862228956	9	4	9	4	TRUE	buborékolik	lik	FALSE
bugyborékol	bugyborékol	[/V][Prs.NDef.3Sg]	710	8570080167	1876	-0.08172653573888254	0.3402479495850878	11	4	11	4	TRUE	bugyborékolik	lik	FALSE
bugyolál	bugyolál	[/V][Prs.NDef.3Sg]	29	8570080167	4403	-1.4705868865590015	0.7107638010015679	8	3	8	3	TRUE	bugyolálik	lik	FALSE
bugáz	bugáz	[/V][Prs.NDef.3Sg]	10	8570080167	116	-1.9329848844579576	-0.8685268952310394	5	2	5	2	TRUE	bugázik	zik	FALSE
buherál	buherál	[/V][Prs.NDef.3Sg]	59	8570080167	2116	-1.1621328728158136	0.39253077890519034	7	3	7	3	TRUE	buherálik	lik	FALSE
bujdokol	bujdokol	[/V][Prs.NDef.3Sg]	320	8570080167	1717	-0.4278349061380518	0.30178541070295867	8	3	8	3	TRUE	bujdokolik	lik	FALSE
bujkál	bujkál	[/V][Prs.NDef.3Sg]	10406	8570080167	29564	1.08429893710206	1.5377783091485413	6	2	6	2	TRUE	bujkálik	lik	FALSE
bukdácsol	bukdácsol	[/V][Prs.NDef.3Sg]	1953	8570080167	8512	0.3577173588298966	0.9970467304930152	9	3	9	3	TRUE	bukdácsolik	lik	FALSE
bundáz	bundáz	[/V][Prs.NDef.3Sg]	2	8570080167	1327	-2.6319548887939765	0.1898860384064777	6	2	6	2	TRUE	bundázik	zik	TRUE
bunkóz	bunkóz	[/V][Prs.NDef.3Sg]	21	8570080167	44	-1.6107655897240385	-1.2895322079717704	6	2	6	2	TRUE	bunkózik	zik	FALSE
burkol	burkol	[/V][Prs.NDef.3Sg]	1189	8570080167	33164	0.1421969701607338	1.5876820220149863	6	2	6	2	TRUE	burkolik	lik	FALSE
burukkol	burukkol	[/V][Prs.NDef.3Sg]	35	8570080167	180	-1.388916840107682	-0.6777123793546518	8	3	8	3	TRUE	burukkolik	lik	FALSE
butul	butul	[/V][Prs.NDef.3Sg]	445	8570080167	1705	-0.28462487347702625	0.29873949887055873	5	2	5	2	TRUE	butulik	lik	FALSE
buzdul	buzdul	[/V][Prs.NDef.3Sg]	114	8570080167	653	-0.8760800331214852	-0.1180717031828839	6	2	6	2	TRUE	buzdulik	lik	FALSE
buzerál	buzerál	[/V][Prs.NDef.3Sg]	55	8570080167	892	-1.192622194963714	0.01737996991816523	7	3	7	3	TRUE	buzerálik	lik	FALSE
bádogdoboz	bádogdoboz	[/V][Prs.NDef.3Sg]	1	8570080167	990	-2.932984884457958	0.0626503101395921	10	4	10	4	TRUE	bádogdobozik	zik	FALSE
bágyad	bágyad	[/V][Prs.NDef.3Sg]	687	8570080167	3497	-0.09602814739840738	0.6107107478512869	6	2	6	2	TRUE	bágyadik	NA	FALSE
bágyadoz	bágyadoz	[/V][Prs.NDef.3Sg]	44	8570080167	52	-1.2895322079717704	-1.2169815408231586	8	3	8	3	TRUE	bágyadozik	zik	FALSE
bájol	bájol	[/V][Prs.NDef.3Sg]	118	8570080167	574	-0.8611028771518324	-0.17407299205998433	5	2	5	2	TRUE	bájolik	lik	FALSE
báloz	báloz	[/V][Prs.NDef.3Sg]	1	8570080167	677	-2.932984884457958	-0.1023962157728135	5	2	5	2	TRUE	bálozik	zik	TRUE
bálványoz	bálványoz	[/V][Prs.NDef.3Sg]	147	8570080167	3669	-0.7656675497097818	0.6315628272979901	9	3	9	3	TRUE	bálványozik	zik	FALSE
báláz	báláz	[/V][Prs.NDef.3Sg]	33	8570080167	869	-1.4144709445800705	0.00603489199070864	5	2	5	2	TRUE	bálázik	zik	FALSE
bámul	bámul	[/V][Prs.NDef.3Sg]	10616	8570080167	131539	1.092976025398421	2.186069651437389	5	2	5	2	TRUE	bámulik	lik	FALSE
bántalmaz	bántalmaz	[/V][Prs.NDef.3Sg]	2360	8570080167	39488	0.4399271185121488	1.663480253559171	9	3	9	3	TRUE	bántalmazik	zik	FALSE
bástyáz	bástyáz	[/V][Prs.NDef.3Sg]	8	8570080167	1101	-2.0298948974660145	0.10880243451379396	7	2	7	2	TRUE	bástyázik	zik	FALSE
béklyóz	béklyóz	[/V][Prs.NDef.3Sg]	116	8570080167	807	-0.8685268952310394	-0.0261113497358874	7	2	7	2	TRUE	béklyózik	zik	FALSE
békél	békél	[/V][Prs.NDef.3Sg]	240	8570080167	3430	-0.5527736427463518	0.6023092355848126	5	2	5	2	TRUE	békélik	lik	FALSE
békül	békül	[/V][Prs.NDef.3Sg]	559	8570080167	10054	-0.18557307657153457	1.0693539964340986	5	2	5	2	TRUE	békülik	lik	FALSE
bélel	bélel	[/V][Prs.NDef.3Sg]	292	8570080167	37612	-0.4676020330095395	1.6423415429785333	5	2	5	2	TRUE	bélelik	lik	FALSE
bélyegez	bélyegez	[/V][Prs.NDef.3Sg]	943	8570080167	24075	0.04152680827937052	1.4485814113386142	8	3	8	3	TRUE	bélyegezik	zik	FALSE
bénul	bénul	[/V][Prs.NDef.3Sg]	477	8570080167	4224	-0.2544665054178439	0.692739025067798	5	2	5	2	TRUE	bénulik	lik	FALSE
bérel	bérel	[/V][Prs.NDef.3Sg]	10821	8570080167	117407	1.1012825125800676	2.1367091065826394	5	2	5	2	TRUE	bérelik	lik	FALSE
bérez	bérez	[/V][Prs.NDef.3Sg]	29	8570080167	305	-1.4705868865590015	-0.448685045111172	5	2	5	2	TRUE	bérezik	zik	FALSE
bérmál	bérmál	[/V][Prs.NDef.3Sg]	111	8570080167	1109	-0.8876619056713004	0.11194666169120224	6	2	6	2	TRUE	bérmálik	lik	FALSE
bírságol	bírságol	[/V][Prs.NDef.3Sg]	870	8570080167	13703	0.00653436816066066	1.203830773268891	8	3	8	3	TRUE	bírságolik	lik	FALSE
bírál	bírál	[/V][Prs.NDef.3Sg]	3851	8570080167	145846	0.6525886341647733	2.230909638120469	5	2	5	2	TRUE	bírálik	lik	FALSE
bóbiskol	bóbiskol	[/V][Prs.NDef.3Sg]	475	8570080167	2993	-0.2562912748330913	0.5431218323822335	8	3	8	3	TRUE	bóbiskolik	lik	FALSE
bóbiskál	bóbiskál	[/V][Prs.NDef.3Sg]	1	8570080167	14	-2.932984884457958	-1.7868568487797198	8	3	8	3	TRUE	bóbiskálik	lik	FALSE
bódul	bódul	[/V][Prs.NDef.3Sg]	84	8570080167	1259	-1.0087055983960762	0.1670408456499047	5	2	5	2	TRUE	bódulik	lik	FALSE
bókol	bókol	[/V][Prs.NDef.3Sg]	1351	8570080167	5643	0.1976704645640728	0.8185251658120835	5	2	5	2	TRUE	bókolik	lik	FALSE
böjtöl	böjtöl	[/V][Prs.NDef.3Sg]	1590	8570080167	19648	0.26841223986249363	1.3603334650031158	6	2	6	2	TRUE	böjtölik	lik	FALSE
bököd	bököd	[/V][Prs.NDef.3Sg]	132	8570080167	2658	-0.812410953252108	0.49157009214875536	5	2	5	2	TRUE	böködik	Vdik	FALSE
bömböl	bömböl	[/V][Prs.NDef.3Sg]	2241	8570080167	9326	0.41745697207710336	1.0367105266605154	6	2	6	2	TRUE	bömbölik	lik	FALSE
böngész	böngész	[/V][Prs.NDef.3Sg]	2528	8570080167	112939	0.4697921851523896	2.1198590535700976	7	2	7	2	TRUE	böngészik	szik	FALSE
börtönöz	börtönöz	[/V][Prs.NDef.3Sg]	73	8570080167	2300	-1.069662024337502	0.42874295155963504	8	3	8	3	TRUE	börtönözik	zik	FALSE
börzéz	börzéz	[/V][Prs.NDef.3Sg]	1	8570080167	106	-2.932984884457958	-0.9076790191931876	6	2	6	2	TRUE	börzézik	zik	FALSE
búbol	búbol	[/V][Prs.NDef.3Sg]	5	8570080167	91	-2.234014880121939	-0.9739434921368644	5	2	5	2	TRUE	búbolik	lik	FALSE
búsul	búsul	[/V][Prs.NDef.3Sg]	1113	8570080167	10782	0.11351027987675044	1.0997144430346597	5	2	5	2	TRUE	búsulik	lik	FALSE
bútoroz	bútoroz	[/V][Prs.NDef.3Sg]	40	8570080167	6575	-1.3309248931299955	0.8849108727038376	7	3	7	3	TRUE	bútorozik	zik	FALSE
búvárol	búvárol	[/V][Prs.NDef.3Sg]	8	8570080167	139	-2.0298948974660145	-0.7899700842038627	7	3	7	3	TRUE	búvárolik	lik	FALSE
bütyköl	bütyköl	[/V][Prs.NDef.3Sg]	316	8570080167	4975	-0.433297801839554	0.7638082006237864	7	2	7	2	TRUE	bütykölik	lik	FALSE
bődül	bődül	[/V][Prs.NDef.3Sg]	147	8570080167	769	-0.7656675497097818	-0.04705854465652678	5	2	5	2	TRUE	bődülik	lik	FALSE
ből	ből	[/V][Prs.NDef.3Sg]	173	8570080167	17149	-0.6949387813291624	1.301253915889109	3	1	3	1	TRUE	bőlik	lik	FALSE
bőrönd	bőrönd	[/V][Prs.NDef.3Sg]	11	8570080167	59897	-1.8915921992997329	1.844420186410932	6	2	6	2	TRUE	bőröndik	NA	FALSE
bőröz	bőröz	[/V][Prs.NDef.3Sg]	11	8570080167	494	-1.8915921992997329	-0.2392579355343109	5	2	5	2	TRUE	bőrözik	zik	FALSE
bősz	bősz	[/V][Prs.NDef.3Sg]	7	8570080167	24652	-2.087886844443701	1.45886727460068	4	1	4	1	TRUE	bőszik	szik	FALSE
bőszül	bőszül	[/V][Prs.NDef.3Sg]	33	8570080167	409	-1.4144709445800705	-0.32126157645061604	6	2	6	2	TRUE	bőszülik	lik	FALSE
bővül	bővül	[/V][Prs.NDef.3Sg]	113855	8570080167	337143	2.1233672231741716	2.5948292625209386	5	2	5	2	TRUE	bővülik	lik	FALSE
bűvész	bűvész	[/V][Prs.NDef.3Sg]	5	8570080167	19147	-2.234014880121939	1.34911585282789	6	2	6	2	TRUE	bűvészik	szik	FALSE
bűvöl	bűvöl	[/V][Prs.NDef.3Sg]	960	8570080167	12060	0.04928634858161059	1.1483624233461749	5	2	5	2	TRUE	bűvölik	lik	FALSE
bűz	bűz	[/V][Prs.NDef.3Sg]	17	8570080167	25855	-1.702535963079684	1.4795596576501306	3	1	3	1	TRUE	bűzik	zik	FALSE
cakkoz	cakkoz	[/V][Prs.NDef.3Sg]	5	8570080167	115	-2.234014880121939	-0.8722870441043462	6	2	6	2	TRUE	cakkozik	zik	FALSE
cefréz	cefréz	[/V][Prs.NDef.3Sg]	3	8570080167	672	-2.455863629738295	-0.1056156114041326	6	2	6	2	TRUE	cefrézik	zik	FALSE
celebrál	celebrál	[/V][Prs.NDef.3Sg]	1343	8570080167	10922	0.1950911282107575	1.105317287741567	8	3	8	3	TRUE	celebrálik	lik	FALSE
cementez	cementez	[/V][Prs.NDef.3Sg]	8	8570080167	169	-2.0298948974660145	-0.7050981798442842	8	3	8	3	TRUE	cementezik	zik	FALSE
cementál	cementál	[/V][Prs.NDef.3Sg]	15	8570080167	274	-1.756893625402277	-0.49523432163756986	8	3	8	3	TRUE	cementálik	lik	FALSE
centerez	centerez	[/V][Prs.NDef.3Sg]	188	8570080167	477	-0.658827035194278	-0.2544665054178439	8	3	8	3	TRUE	centerezik	zik	FALSE
centiz	centiz	[/V][Prs.NDef.3Sg]	21	8570080167	1193	-1.6107655897240385	0.14365555921238404	6	2	6	2	TRUE	centizik	zik	FALSE
centralizál	centralizál	[/V][Prs.NDef.3Sg]	141	8570080167	2638	-0.783765771802578	0.48828990675238865	11	4	11	4	TRUE	centralizálik	lik	FALSE
centrifugál	centrifugál	[/V][Prs.NDef.3Sg]	1704	8570080167	2860	0.2984847059727235	0.5233811486710852	11	4	11	4	TRUE	centrifugálik	lik	FALSE
centrál	centrál	[/V][Prs.NDef.3Sg]	166	8570080167	13303	-0.7128767964179027	1.190964706623869	7	2	7	2	TRUE	centrálik	lik	FALSE
centíroz	centríroz	[/V][Prs.NDef.3Sg]	16	8570080167	810	-1.728864901802033	-0.02449986557930809	8	3	9	3	TRUE	centírozik	zik	FALSE
cenzúráz	cenzúráz	[/V][Prs.NDef.3Sg]	496	8570080167	10563	-0.2375032079677603	1.0908023953318888	8	3	8	3	TRUE	cenzúrázik	zik	FALSE
cibál	cibál	[/V][Prs.NDef.3Sg]	299	8570080167	6161	-0.4573136961335282	0.8566663243354518	5	2	5	2	TRUE	cibálik	lik	FALSE
cicerél	cicerél	[/V][Prs.NDef.3Sg]	10	8570080167	33	-1.9329848844579576	-1.4144709445800705	7	3	7	3	TRUE	cicerélik	lik	FALSE
ciciz	ciciz	[/V][Prs.NDef.3Sg]	3	8570080167	116	-2.455863629738295	-0.8685268952310394	5	2	5	2	TRUE	cicizik	zik	TRUE
cicomáz	cicomáz	[/V][Prs.NDef.3Sg]	19	8570080167	991	-1.654231283505129	0.06308877002731748	7	3	7	3	TRUE	cicomázik	zik	FALSE
cicáz	cicáz	[/V][Prs.NDef.3Sg]	24	8570080167	234	-1.552773642746352	-0.5637690270478151	5	2	5	2	TRUE	cicázik	zik	FALSE
cidriz	cidriz	[/V][Prs.NDef.3Sg]	1	8570080167	234	-2.932984884457958	-0.5637690270478151	6	2	6	2	TRUE	cidrizik	zik	TRUE
cifráz	cifráz	[/V][Prs.NDef.3Sg]	65	8570080167	5560	-1.1200715278151023	0.8120899071240997	6	2	6	2	TRUE	cifrázik	zik	FALSE
cigányoz	cigányoz	[/V][Prs.NDef.3Sg]	33	8570080167	3009	-1.4144709445800705	0.5454373032821227	8	3	8	3	TRUE	cigányozik	zik	FALSE
cikiz	cikiz	[/V][Prs.NDef.3Sg]	189	8570080167	4993	-0.6565230802847137	0.7653766815971519	5	2	5	2	TRUE	cikizik	zik	FALSE
cikkelyez	cikkelyez	[/V][Prs.NDef.3Sg]	5	8570080167	177	-2.234014880121939	-0.6850116180961512	9	3	9	3	TRUE	cikkelyezik	zik	FALSE
ciklizál	ciklizál	[/V][Prs.NDef.3Sg]	18	8570080167	136	-1.6777123793546518	-0.7994459760877403	8	3	8	3	TRUE	ciklizálik	lik	FALSE
cikornyáz	cikornyáz	[/V][Prs.NDef.3Sg]	2	8570080167	17	-2.6319548887939765	-1.702535963079684	9	3	9	3	TRUE	cikornyázik	zik	FALSE
cikákol	cikákol	[/V][Prs.NDef.3Sg]	8	8570080167	34	-2.0298948974660145	-1.4015059674157029	7	3	7	3	TRUE	cikákolik	lik	FALSE
cimbalmoz	cimbalmoz	[/V][Prs.NDef.3Sg]	2	8570080167	452	-2.6319548887939765	-0.2778464496465757	9	3	9	3	TRUE	cimbalmozik	zik	TRUE
cimborál	cimborál	[/V][Prs.NDef.3Sg]	784	8570080167	1924	-0.03866882177351936	0.35122018324383636	8	3	8	3	TRUE	cimborálik	lik	FALSE
cincál	cincál	[/V][Prs.NDef.3Sg]	92	8570080167	2418	-0.9691970571124026	0.4504714120667952	6	2	6	2	TRUE	cincálik	lik	FALSE
cinez	cinez	[/V][Prs.NDef.3Sg]	2	8570080167	43	-2.6319548887939765	-1.2995164288783714	5	2	5	2	TRUE	cinezik	zik	FALSE
cinkel	cinkel	[/V][Prs.NDef.3Sg]	41	8570080167	806	-1.3202010277382223	-0.02664984265286718	6	2	6	2	TRUE	cinkelik	lik	FALSE
cipel	cipel	[/V][Prs.NDef.3Sg]	5932	8570080167	81540	0.8402162578983866	1.97838582265818	5	2	5	2	TRUE	cipelik	lik	FALSE
ciripel	ciripel	[/V][Prs.NDef.3Sg]	596	8570080167	1830	-0.15773862471772138	0.3294662052724716	7	3	7	3	TRUE	ciripelik	lik	FALSE
cirkalmaz	cirkalmaz	[/V][Prs.NDef.3Sg]	7	8570080167	85	-2.087886844443701	-1.0035659587436652	9	3	9	3	TRUE	cirkalmazik	zik	FALSE
cirkulál	cirkulál	[/V][Prs.NDef.3Sg]	934	8570080167	2341	0.03736199177213555	0.4364165292386666	8	3	8	3	TRUE	cirkulálik	lik	FALSE
cirkuszol	cirkuszol	[/V][Prs.NDef.3Sg]	288	8570080167	1344	-0.473592396698727	0.1954143842598486	9	3	9	3	TRUE	cirkuszolik	lik	FALSE
cirkál	cirkál	[/V][Prs.NDef.3Sg]	751	8570080167	4079	-0.05734494745378946	0.6775688208591367	6	2	6	2	TRUE	cirkálik	lik	FALSE
cirpel	cirpel	[/V][Prs.NDef.3Sg]	104	8570080167	247	-0.9159515451591774	-0.5402879311982921	6	2	6	2	TRUE	cirpelik	lik	FALSE
cirókál	cirókál	[/V][Prs.NDef.3Sg]	9	8570080167	57	-1.978742375018633	-1.1771100287854663	7	3	7	3	TRUE	cirókálik	lik	FALSE
citerál	citerál	[/V][Prs.NDef.3Sg]	18	8570080167	33	-1.6777123793546518	-1.4144709445800705	7	3	7	3	TRUE	citerálik	lik	FALSE
citál	citál	[/V][Prs.NDef.3Sg]	668	8570080167	8538	-0.10820842198241216	0.9983712660099702	5	2	5	2	TRUE	citálik	lik	FALSE
civilizál	civilizál	[/V][Prs.NDef.3Sg]	39	8570080167	974	-1.3419202774314587	0.05557407242065766	9	4	9	4	TRUE	civilizálik	lik	FALSE
cizellál	cizellál	[/V][Prs.NDef.3Sg]	36	8570080167	1671	-1.3766823836906703	0.2899915654354335	8	3	8	3	TRUE	cizellálik	lik	FALSE
ciánoz	ciánoz	[/V][Prs.NDef.3Sg]	2	8570080167	98	-2.6319548887939765	-0.9417588087654628	6	3	6	3	TRUE	ciánozik	zik	FALSE
csahol	csahol	[/V][Prs.NDef.3Sg]	911	8570080167	3427	0.02653349251504045	0.6019292199719091	6	2	6	2	TRUE	csaholik	lik	FALSE
csakliz	csakliz	[/V][Prs.NDef.3Sg]	6	8570080167	258	-2.1548336340743144	-0.5213651784947277	7	2	7	2	TRUE	csaklizik	zik	FALSE
csal	csal	[/V][Prs.NDef.3Sg]	51891	8570080167	170277	1.7821071556780408	2.298171105561805	4	1	4	1	TRUE	csalik	lik	FALSE
csapdáz	csapdáz	[/V][Prs.NDef.3Sg]	5	8570080167	327	-2.234014880121939	-0.4184371317976717	7	2	7	2	TRUE	csapdázik	zik	FALSE
csapkod	csapkod	[/V][Prs.NDef.3Sg]	3433	8570080167	26709	0.6026889189677923	1.4936727436378472	7	2	7	2	TRUE	csapkodik	Vdik	FALSE
csapol	csapol	[/V][Prs.NDef.3Sg]	394	8570080167	11317	-0.3374886626323837	1.1207464314296496	6	2	6	2	TRUE	csapolik	lik	FALSE
csapáz	csapáz	[/V][Prs.NDef.3Sg]	2	8570080167	28	-2.6319548887939765	-1.4858268531157386	6	2	6	2	TRUE	csapázik	zik	FALSE
csatangol	csatangol	[/V][Prs.NDef.3Sg]	1055	8570080167	4432	0.0902675751757536	0.7136148672624154	9	3	9	3	TRUE	csatangolik	lik	FALSE
csatol	csatol	[/V][Prs.NDef.3Sg]	3494	8570080167	218986	0.6103380161889543	2.4074314663771523	6	2	6	2	TRUE	csatolik	lik	FALSE
csatornáz	csatornáz	[/V][Prs.NDef.3Sg]	146	8570080167	2781	-0.7686320286735208	0.5112161044062017	9	3	9	3	TRUE	csatornázik	zik	FALSE
csatáz	csatáz	[/V][Prs.NDef.3Sg]	63	8570080167	2456	-1.133644335004376	0.4572434780111722	6	2	6	2	TRUE	csatázik	zik	FALSE
csavaroz	csavaroz	[/V][Prs.NDef.3Sg]	145	8570080167	10756	-0.771616882222983	1.0986659090933062	8	3	8	3	TRUE	csavarozik	zik	FALSE
cselez	cselez	[/V][Prs.NDef.3Sg]	1244	8570080167	6911	0.16183549589684204	0.906556008511011	6	2	6	2	TRUE	cselezik	zik	FALSE
csellóz	csellóz	[/V][Prs.NDef.3Sg]	2	8570080167	863	-2.6319548887939765	0.0030259112572518	7	2	7	2	TRUE	csellózik	zik	FALSE
csemegéz	csemegéz	[/V][Prs.NDef.3Sg]	74	8570080167	11419	-1.0637531647269816	1.1246431884976107	8	3	8	3	TRUE	csemegézik	zik	FALSE
csempész	csempész	[/V][Prs.NDef.3Sg]	4	8570080167	59970	-2.3309248931299953	1.8449491643798217	8	2	8	2	TRUE	csempészik	szik	FALSE
csempéz	csempéz	[/V][Prs.NDef.3Sg]	33	8570080167	2045	-1.4144709445800705	0.3777084278854027	7	2	7	2	TRUE	csempézik	zik	FALSE
csencsel	csencsel	[/V][Prs.NDef.3Sg]	105	8570080167	527	-0.9117955853880196	-0.21117426924541124	8	2	8	2	TRUE	csencselik	lik	FALSE
csendesül	csendesül	[/V][Prs.NDef.3Sg]	571	8570080167	1523	-0.1763487762121098	0.24971501887808475	9	3	9	3	TRUE	csendesülik	lik	FALSE
csendül	csendül	[/V][Prs.NDef.3Sg]	9626	8570080167	29581	1.0504609728833818	1.538027966985913	7	2	7	2	TRUE	csendülik	lik	FALSE
csengettyűz	csengettyűz	[/V][Prs.NDef.3Sg]	10	8570080167	50	-1.9329848844579576	-1.234014880121939	11	3	11	3	TRUE	csengettyűzik	zik	FALSE
csepül	csepül	[/V][Prs.NDef.3Sg]	29	8570080167	446	-1.4705868865590015	-0.283650025745816	6	2	6	2	TRUE	csepülik	lik	FALSE
cserdül	cserdül	[/V][Prs.NDef.3Sg]	10	8570080167	18	-1.9329848844579576	-1.6777123793546518	7	2	7	2	TRUE	cserdülik	lik	FALSE
csereberél	csereberél	[/V][Prs.NDef.3Sg]	102	8570080167	3450	-0.9243847126960404	0.6048342106153163	10	4	10	4	TRUE	csereberélik	lik	FALSE
cserepez	cserepez	[/V][Prs.NDef.3Sg]	3	8570080167	277	-2.455863629738295	-0.4905051153935094	8	3	8	3	TRUE	cserepezik	zik	FALSE
cserez	cserez	[/V][Prs.NDef.3Sg]	14	8570080167	223	-1.7868568487797198	-0.5846800214097971	6	2	6	2	TRUE	cserezik	zik	FALSE
cserfel	cserfel	[/V][Prs.NDef.3Sg]	7	8570080167	28	-2.087886844443701	-1.4858268531157386	7	2	7	2	TRUE	cserfelik	lik	FALSE
csergedez	csergedez	[/V][Prs.NDef.3Sg]	69	8570080167	100	-1.0941357937207026	-0.9329848844579578	9	3	9	3	TRUE	csergedezik	zik	FALSE
cserkel	cserkel	[/V][Prs.NDef.3Sg]	16	8570080167	643	-1.728864901802033	-0.12477391153373577	7	2	7	2	TRUE	cserkelik	lik	FALSE
cserkész	cserkész	[/V][Prs.NDef.3Sg]	272	8570080167	31405	-0.4984159804237591	1.564013913282134	8	2	8	2	TRUE	cserkészik	szik	FALSE
cserél	cserél	[/V][Prs.NDef.3Sg]	16284	8570080167	551913	1.2787762092494042	2.8088857392898063	6	2	6	2	TRUE	cserélik	lik	FALSE
csesz	csesz	[/V][Prs.NDef.3Sg]	261	8570080167	19473	-0.5163443771196768	1.3564479793928284	5	1	5	1	TRUE	cseszik	szik	FALSE
csevetel	csevetel	[/V][Prs.NDef.3Sg]	3	8570080167	13	-2.455863629738295	-1.819041532151121	8	3	8	3	TRUE	csevetelik	lik	FALSE
csibukol	csibukol	[/V][Prs.NDef.3Sg]	2	8570080167	8	-2.6319548887939765	-2.0298948974660145	8	3	8	3	TRUE	csibukolik	lik	FALSE
csicsikál	csicsikál	[/V][Prs.NDef.3Sg]	31	8570080167	255	-1.4416231906236852	-0.5264447040240027	9	3	9	3	TRUE	csicsikálik	lik	FALSE
csicsáz	csicsáz	[/V][Prs.NDef.3Sg]	2	8570080167	360	-2.6319548887939765	-0.3766823836906706	7	2	7	2	TRUE	csicsázik	zik	FALSE
csigáz	csigáz	[/V][Prs.NDef.3Sg]	142	8570080167	4018	-0.7806965400749013	0.6710250479542725	6	2	6	2	TRUE	csigázik	zik	FALSE
csihol	csihol	[/V][Prs.NDef.3Sg]	498	8570080167	4217	-0.2357555416982403	0.6920187165569056	6	2	6	2	TRUE	csiholik	lik	FALSE
csikiz	csikiz	[/V][Prs.NDef.3Sg]	141	8570080167	640	-0.783765771802578	-0.12680491047407064	6	2	6	2	TRUE	csikizik	zik	FALSE
csiklandoz	csiklandoz	[/V][Prs.NDef.3Sg]	426	8570080167	6512	-0.3035752853552389	0.880729507423187	10	3	10	3	TRUE	csiklandozik	zik	FALSE
csikordul	csikordul	[/V][Prs.NDef.3Sg]	407	8570080167	891	-0.3233904752327378	0.01689281957891699	9	3	9	3	TRUE	csikordulik	lik	FALSE
csilingel	csilingel	[/V][Prs.NDef.3Sg]	1813	8570080167	5577	0.3254129196375508	0.8134157600336032	9	3	9	3	TRUE	csilingelik	lik	FALSE
csillagoz	csillagoz	[/V][Prs.NDef.3Sg]	27	8570080167	791	-1.5016211202989704	-0.03480840096028128	9	3	9	3	TRUE	csillagozik	zik	FALSE
csillapul	csillapul	[/V][Prs.NDef.3Sg]	487	8570080167	1288	-0.24545592324332355	0.17693097856583548	9	3	9	3	TRUE	csillapulik	lik	FALSE
csinosul	csinosul	[/V][Prs.NDef.3Sg]	5	8570080167	9	-2.234014880121939	-1.978742375018633	8	3	8	3	TRUE	csinosulik	lik	FALSE
csinál	csinál	[/V][Prs.NDef.3Sg]	247255	8570080167	2593286	2.460160198219565	3.4808655310281056	6	2	6	2	TRUE	csinálik	lik	FALSE
csipked	csipked	[/V][Prs.NDef.3Sg]	322	8570080167	6917	-0.4251290127621269	0.9069328912207232	7	2	7	2	TRUE	csipkedik	Vdik	FALSE
csipkéz	csipkéz	[/V][Prs.NDef.3Sg]	23	8570080167	664	-1.571257048440365	-0.11081680508994032	7	2	7	2	TRUE	csipkézik	zik	FALSE
csipáz	csipáz	[/V][Prs.NDef.3Sg]	19	8570080167	1124	-1.654231283505129	0.11778142677508446	6	2	6	2	TRUE	csipázik	zik	FALSE
csiripel	csiripel	[/V][Prs.NDef.3Sg]	410	8570080167	5917	-0.32020102773822234	0.8391166848190541	8	3	8	3	TRUE	csiripelik	lik	FALSE
csirizel	csirizel	[/V][Prs.NDef.3Sg]	5	8570080167	88	-2.234014880121939	-0.9885022123077892	8	3	8	3	TRUE	csirizelik	lik	FALSE
csiszol	csiszol	[/V][Prs.NDef.3Sg]	1073	8570080167	56691	0.09761483750799328	1.8205292333312395	7	2	7	2	TRUE	csiszolik	lik	FALSE
csiszál	csiszál	[/V][Prs.NDef.3Sg]	3	8570080167	28	-2.455863629738295	-1.4858268531157386	7	2	7	2	TRUE	csiszálik	lik	FALSE
csitul	csitul	[/V][Prs.NDef.3Sg]	2378	8570080167	7626	0.443226965824715	0.949311916479694	6	2	6	2	TRUE	csitulik	lik	FALSE
csivitel	csivitel	[/V][Prs.NDef.3Sg]	231	8570080167	1725	-0.5693729045658135	0.3038042149513351	8	3	8	3	TRUE	csivitelik	lik	FALSE
csodál	csodál	[/V][Prs.NDef.3Sg]	1330	8570080167	125049	0.19086675650912793	2.1640953386280084	6	2	6	2	TRUE	csodálik	lik	FALSE
csomagol	csomagol	[/V][Prs.NDef.3Sg]	3829	8570080167	131788	0.6501004818897298	2.186890982772381	8	3	8	3	TRUE	csomagolik	lik	FALSE
csomóz	csomóz	[/V][Prs.NDef.3Sg]	100	8570080167	3159	-0.9329848844579578	0.5665647414471912	6	2	6	2	TRUE	csomózik	zik	FALSE
csonkol	csonkol	[/V][Prs.NDef.3Sg]	84	8570080167	1784	-1.0087055983960762	0.3184099655821464	7	2	7	2	TRUE	csonkolik	lik	FALSE
csonkul	csonkul	[/V][Prs.NDef.3Sg]	239	8570080167	697	-0.5545869835098202	-0.08975210635994839	7	2	7	2	TRUE	csonkulik	lik	FALSE
csontoz	csontoz	[/V][Prs.NDef.3Sg]	48	8570080167	801	-1.2517436470823706	-0.02935236837372017	7	2	7	2	TRUE	csontozik	zik	FALSE
csontszáraz	csontszáraz	[/V][Prs.NDef.3Sg]	675	8570080167	1952	-0.10368111162693291	0.35749492887271517	11	3	11	3	TRUE	csontszárazik	zik	FALSE
csoportosul	csoportosul	[/V][Prs.NDef.3Sg]	2821	8570080167	15054	0.5174182016974085	1.2446670272402964	11	4	11	4	TRUE	csoportosulik	lik	FALSE
csorbul	csorbul	[/V][Prs.NDef.3Sg]	3396	8570080167	10034	0.5979827971139572	1.0684892122337748	7	2	7	2	TRUE	csorbulik	lik	FALSE
csordogál	csordogál	[/V][Prs.NDef.3Sg]	4859	8570080167	11439	0.7535620146050483	1.1254031755353753	9	3	9	3	TRUE	csordogálik	lik	FALSE
csordul	csordul	[/V][Prs.NDef.3Sg]	2062	8570080167	4599	0.3813037764895399	0.7296785251160798	7	2	7	2	TRUE	csordulik	lik	FALSE
csucsukál	csucsukál	[/V][Prs.NDef.3Sg]	10	8570080167	50	-1.9329848844579576	-1.234014880121939	9	3	9	3	TRUE	csucsukálik	lik	FALSE
csumáz	csumáz	[/V][Prs.NDef.3Sg]	2	8570080167	504	-2.6319548887939765	-0.23055434801243255	6	2	6	2	TRUE	csumázik	zik	FALSE
csurdogál	csurdogál	[/V][Prs.NDef.3Sg]	87	8570080167	161	-0.9934656318393392	-0.7261590084261081	9	3	9	3	TRUE	csurdogálik	lik	FALSE
csutakol	csutakol	[/V][Prs.NDef.3Sg]	43	8570080167	1138	-1.2995164288783714	0.1231573776010945	8	3	8	3	TRUE	csutakolik	lik	FALSE
csábul	csábul	[/V][Prs.NDef.3Sg]	399	8570080167	3502	-0.3320119887712096	0.6113312572894695	6	2	6	2	TRUE	csábulik	lik	FALSE
csáklyáz	csáklyáz	[/V][Prs.NDef.3Sg]	4	8570080167	159	-2.3309248931299953	-0.7315877601375064	8	2	8	2	TRUE	csáklyázik	zik	FALSE
csákányoz	csákányoz	[/V][Prs.NDef.3Sg]	89	8570080167	439	-0.983594877813045	-0.2905203642158365	9	3	9	3	TRUE	csákányozik	zik	FALSE
csápol	csápol	[/V][Prs.NDef.3Sg]	495	8570080167	3474	-0.2383796855243891	0.607844929653122	6	2	6	2	TRUE	csápolik	lik	FALSE
császkál	császkál	[/V][Prs.NDef.3Sg]	621	8570080167	1873	-0.13989328428137762	0.3395528929172795	8	2	8	2	TRUE	császkálik	lik	FALSE
csáváz	csáváz	[/V][Prs.NDef.3Sg]	6	8570080167	437	-2.1548336340743144	-0.292503447487536	6	2	6	2	TRUE	csávázik	zik	FALSE
csépel	csépel	[/V][Prs.NDef.3Sg]	296	8570080167	4530	-0.4616931733990192	0.7231133175548741	6	2	6	2	TRUE	csépelik	lik	FALSE
csévél	csévél	[/V][Prs.NDef.3Sg]	109	8570080167	1218	-0.8955583865173342	0.1526624038388987	6	2	6	2	TRUE	csévélik	lik	FALSE
csévéz	csévéz	[/V][Prs.NDef.3Sg]	2	8570080167	3	-2.6319548887939765	-2.455863629738295	6	2	6	2	TRUE	csévézik	zik	FALSE
csíkoz	csíkoz	[/V][Prs.NDef.3Sg]	489	8570080167	2381	-0.2436760253343376	0.4437745109469221	6	2	6	2	TRUE	csíkozik	zik	FALSE
csócsál	csócsál	[/V][Prs.NDef.3Sg]	118	8570080167	2028	-0.8611028771518324	0.3740830662033406	7	2	7	2	TRUE	csócsálik	lik	FALSE
csókol	csókol	[/V][Prs.NDef.3Sg]	5427	8570080167	62674	0.8015749371215184	1.8641025288073725	6	2	6	2	TRUE	csókolik	lik	FALSE
csóvál	csóvál	[/V][Prs.NDef.3Sg]	523	8570080167	21031	-0.2144831955906836	1.3898750389253027	6	2	6	2	TRUE	csóválik	lik	FALSE
csömöszöl	csömöszöl	[/V][Prs.NDef.3Sg]	8	8570080167	161	-2.0298948974660145	-0.7261590084261081	9	3	9	3	TRUE	csömöszölik	lik	FALSE
csördül	csördül	[/V][Prs.NDef.3Sg]	25	8570080167	93	-1.5350448757859203	-0.9645019359040228	7	2	7	2	TRUE	csördülik	lik	FALSE
csörgedez	csörgedez	[/V][Prs.NDef.3Sg]	1070	8570080167	1070	0.09639889322725176	0.09639889322725176	9	3	9	3	TRUE	csörgedezik	zik	TRUE
csörlőz	csörlőz	[/V][Prs.NDef.3Sg]	7	8570080167	327	-2.087886844443701	-0.4184371317976717	7	2	7	2	TRUE	csörlőzik	zik	FALSE
csörömpöl	csörömpöl	[/V][Prs.NDef.3Sg]	930	8570080167	3690	0.03549806409597728	0.6340414817011025	9	3	9	3	TRUE	csörömpölik	lik	FALSE
csövez	csövez	[/V][Prs.NDef.3Sg]	25	8570080167	1478	-1.5350448757859203	0.2366895496008491	6	2	6	2	TRUE	csövezik	zik	FALSE
csúfol	csúfol	[/V][Prs.NDef.3Sg]	433	8570080167	15721	-0.29649698810459235	1.2634952832421902	6	2	6	2	TRUE	csúfolik	lik	FALSE
csúful	csúful	[/V][Prs.NDef.3Sg]	938	8570080167	986	0.03921795392110661	0.06089203048325336	6	2	6	2	TRUE	csúfulik	lik	FALSE
csúnyul	csúnyul	[/V][Prs.NDef.3Sg]	96	8570080167	321	-0.9507136514183894	-0.42647985205308575	7	2	7	2	TRUE	csúnyulik	lik	FALSE
csúszkál	csúszkál	[/V][Prs.NDef.3Sg]	3704	8570080167	16623	0.6356860935519388	1.2877245204216083	8	2	8	2	TRUE	csúszkálik	lik	FALSE
csücsül	csücsül	[/V][Prs.NDef.3Sg]	6290	8570080167	14743	0.8656657609873111	1.2356009810784525	7	2	7	2	TRUE	csücsülik	lik	FALSE
csügged	csügged	[/V][Prs.NDef.3Sg]	1125	8570080167	23639	0.11816763798942344	1.4406442161917106	7	2	7	2	TRUE	csüggedik	Vdik	FALSE
csüggedez	csüggedez	[/V][Prs.NDef.3Sg]	14	8570080167	140	-1.7868568487797198	-0.7868568487797198	9	3	9	3	TRUE	csüggedezik	zik	FALSE
csőd	csőd	[/V][Prs.NDef.3Sg]	27	8570080167	119470	-1.5016211202989704	2.14427397923499	4	1	4	1	TRUE	csődik	NA	FALSE
csődül	csődül	[/V][Prs.NDef.3Sg]	135	8570080167	825	-0.8026511159629518	-0.01653093590803274	6	2	6	2	TRUE	csődülik	lik	FALSE
csőröz	csőröz	[/V][Prs.NDef.3Sg]	3	8570080167	36	-2.455863629738295	-1.3766823836906703	6	2	6	2	TRUE	csőrözik	zik	FALSE
csősz	csősz	[/V][Prs.NDef.3Sg]	2	8570080167	7502	-2.6319548887939765	0.9421921753567462	5	1	5	1	TRUE	csőszik	szik	FALSE
cukkol	cukkol	[/V][Prs.NDef.3Sg]	161	8570080167	2914	-0.7261590084261081	0.5315046629760135	6	2	6	2	TRUE	cukkolik	lik	FALSE
cukroz	cukroz	[/V][Prs.NDef.3Sg]	37	8570080167	2763	-1.3647831603909628	0.5083960004585535	6	2	6	2	TRUE	cukrozik	zik	FALSE
curikkol	curikkol	[/V][Prs.NDef.3Sg]	7	8570080167	56	-2.087886844443701	-1.1847968574517571	8	3	8	3	TRUE	curikkolik	lik	FALSE
curukkol	curukkol	[/V][Prs.NDef.3Sg]	7	8570080167	38	-2.087886844443701	-1.3532012878411477	8	3	8	3	TRUE	curukkolik	lik	FALSE
cáfol	cáfol	[/V][Prs.NDef.3Sg]	4882	8570080167	119790	0.7556128906232119	2.145435680456042	5	2	5	2	TRUE	cáfolik	lik	FALSE
céduláz	céduláz	[/V][Prs.NDef.3Sg]	12	8570080167	118	-1.853803638410333	-0.8611028771518324	7	3	7	3	TRUE	cédulázik	zik	FALSE
céloz	céloz	[/V][Prs.NDef.3Sg]	13675	8570080167	210383	1.2029424505475106	2.3900257592724308	5	2	5	2	TRUE	célozik	zik	FALSE
cérnáz	cérnáz	[/V][Prs.NDef.3Sg]	1	8570080167	48	-2.932984884457958	-1.2517436470823706	6	2	6	2	TRUE	cérnázik	zik	FALSE
címez	címez	[/V][Prs.NDef.3Sg]	426	8570080167	34685	-0.3035752853552389	1.6071568143775932	5	2	5	2	TRUE	címezik	zik	FALSE
címkéz	címkéz	[/V][Prs.NDef.3Sg]	318	8570080167	11055	-0.4305577644735252	1.110573862456775	6	2	6	2	TRUE	címkézik	zik	FALSE
cölöpöz	cölöpöz	[/V][Prs.NDef.3Sg]	1	8570080167	20	-2.932984884457958	-1.6319548887939763	7	3	7	3	TRUE	cölöpözik	zik	FALSE
cövekel	cövekel	[/V][Prs.NDef.3Sg]	119	8570080167	819	-0.8574379230654271	-0.01970098269753937	7	3	7	3	TRUE	cövekelik	lik	FALSE
dacol	dacol	[/V][Prs.NDef.3Sg]	3253	8570080167	19561	0.5792991788238957	1.3584061686204492	5	2	5	2	TRUE	dacolik	lik	FALSE
dagad	dagad	[/V][Prs.NDef.3Sg]	8282	8570080167	23832	0.9851503417084014	1.4441756057490294	5	2	5	2	TRUE	dagadik	NA	FALSE
dagadoz	dagadoz	[/V][Prs.NDef.3Sg]	31	8570080167	115	-1.4416231906236852	-0.8722870441043462	7	3	7	3	TRUE	dagadozik	zik	FALSE
dajkál	dajkál	[/V][Prs.NDef.3Sg]	304	8570080167	2886	-0.4501113008492041	0.5273114422995175	6	2	6	2	TRUE	dajkálik	lik	FALSE
dalol	dalol	[/V][Prs.NDef.3Sg]	6349	8570080167	33682	0.8697204426163943	1.5944129870625094	5	2	5	2	TRUE	dalolik	lik	FALSE
danol	danol	[/V][Prs.NDef.3Sg]	189	8570080167	1303	-0.6565230802847137	0.18195953125462688	5	2	5	2	TRUE	danolik	lik	FALSE
danolász	danolász	[/V][Prs.NDef.3Sg]	16	8570080167	16	-1.728864901802033	-1.728864901802033	8	3	8	3	TRUE	danolászik	szik	TRUE
danáz	danáz	[/V][Prs.NDef.3Sg]	4	8570080167	27	-2.3309248931299953	-1.5016211202989704	5	2	5	2	TRUE	danázik	zik	FALSE
darabol	darabol	[/V][Prs.NDef.3Sg]	618	8570080167	26260	-0.141996409369142	1.4863098372955028	7	3	7	3	TRUE	darabolik	lik	FALSE
darál	darál	[/V][Prs.NDef.3Sg]	1405	8570080167	37360	0.21469143978314087	1.639421983100098	5	2	5	2	TRUE	darálik	lik	FALSE
datál	datál	[/V][Prs.NDef.3Sg]	100	8570080167	7881	-0.9329848844579578	0.9635964430477748	5	2	5	2	TRUE	datálik	lik	FALSE
dauerol	dauerol	[/V][Prs.NDef.3Sg]	7	8570080167	455	-2.087886844443701	-0.27497348780084546	7	4	7	4	TRUE	dauerolik	lik	FALSE
debütál	debütál	[/V][Prs.NDef.3Sg]	26637	8570080167	94242	1.4925004262500738	2.0412596096632005	7	3	7	3	TRUE	debütálik	lik	FALSE
decentralizál	decentralizál	[/V][Prs.NDef.3Sg]	45	8570080167	1257	-1.279772370682614	0.16635039322799988	13	5	13	5	TRUE	decentralizálik	lik	FALSE
decimál	decimál	[/V][Prs.NDef.3Sg]	7	8570080167	15	-2.087886844443701	-1.756893625402277	7	3	7	3	TRUE	decimálik	lik	FALSE
dedikál	dedikál	[/V][Prs.NDef.3Sg]	2013	8570080167	19082	0.3708588904306967	1.3476390070549538	7	3	7	3	TRUE	dedikálik	lik	FALSE
deferál	deferál	[/V][Prs.NDef.3Sg]	11	8570080167	74	-1.8915921992997329	-1.0637531647269816	7	3	7	3	TRUE	deferálik	lik	FALSE
definiál	definiál	[/V][Prs.NDef.3Sg]	4287	8570080167	92223	0.6991685990526748	2.031854361187892	8	4	8	4	TRUE	definiálik	lik	FALSE
deflorál	deflorál	[/V][Prs.NDef.3Sg]	1	8570080167	42	-2.932984884457958	-1.3097355940600577	8	3	8	3	TRUE	deflorálik	lik	FALSE
deformál	deformál	[/V][Prs.NDef.3Sg]	112	8570080167	3269	-0.8837668617877762	0.5814300361224112	8	3	8	3	TRUE	deformálik	lik	FALSE
degenerál	degenerál	[/V][Prs.NDef.3Sg]	23	8570080167	950	-1.571257048440365	0.04473872083088993	9	4	9	4	TRUE	degenerálik	lik	FALSE
degesz	degesz	[/V][Prs.NDef.3Sg]	1	8570080167	5643	-2.932984884457958	0.8185251658120835	6	2	6	2	TRUE	degeszik	szik	FALSE
degradál	degradál	[/V][Prs.NDef.3Sg]	221	8570080167	7226	-0.5885926107728471	0.9259130727740456	8	3	8	3	TRUE	degradálik	lik	FALSE
degusztál	degusztál	[/V][Prs.NDef.3Sg]	1	8570080167	21	-2.932984884457958	-1.6107655897240385	9	3	9	3	TRUE	degusztálik	lik	FALSE
deheroizál	deheroizál	[/V][Prs.NDef.3Sg]	22	8570080167	220	-1.5905622036357516	-0.5905622036357516	10	5	10	5	TRUE	deheroizálik	lik	FALSE
dehidratál	dehidratál	[/V][Prs.NDef.3Sg]	306	8570080167	1806	-0.44726345797637784	0.3237328615195291	10	4	10	4	TRUE	dehidratálik	lik	FALSE
dehonesztál	dehonesztál	[/V][Prs.NDef.3Sg]	18	8570080167	214	-1.6777123793546518	-0.602571111108767	11	4	11	4	TRUE	dehonesztálik	lik	FALSE
dehumanizál	dehumanizál	[/V][Prs.NDef.3Sg]	57	8570080167	461	-1.1771100287854663	-0.26928395906830965	11	5	11	5	TRUE	dehumanizálik	lik	FALSE
dekkol	dekkol	[/V][Prs.NDef.3Sg]	996	8570080167	4488	0.06527445396574089	0.7190679637901471	6	2	6	2	TRUE	dekkolik	lik	FALSE
deklamál	deklamál	[/V][Prs.NDef.3Sg]	85	8570080167	416	-1.0035659587436652	-0.3138915538312151	8	3	8	3	TRUE	deklamálik	lik	FALSE
deklarál	deklarál	[/V][Prs.NDef.3Sg]	578	8570080167	19706	-0.17105704603742883	1.3616135939957508	8	3	8	3	TRUE	deklarálik	lik	FALSE
deklinál	deklinál	[/V][Prs.NDef.3Sg]	10	8570080167	49	-1.9329848844579576	-1.2427888044294442	8	3	8	3	TRUE	deklinálik	lik	FALSE
dekorál	dekorál	[/V][Prs.NDef.3Sg]	468	8570080167	28101	-0.2627390313838338	1.5157368904917636	7	3	7	3	TRUE	dekorálik	lik	FALSE
dekáz	dekáz	[/V][Prs.NDef.3Sg]	3	8570080167	439	-2.455863629738295	-0.2905203642158365	5	2	5	2	TRUE	dekázik	zik	FALSE
dekódol	dekódol	[/V][Prs.NDef.3Sg]	345	8570080167	8051	-0.3951657893846837	0.9728649421843608	7	3	7	3	TRUE	dekódolik	lik	FALSE
delegál	delegál	[/V][Prs.NDef.3Sg]	4109	8570080167	27809	0.6807512568039135	1.5112004876391991	7	3	7	3	TRUE	delegálik	lik	FALSE
delejez	delejez	[/V][Prs.NDef.3Sg]	91	8570080167	352	-0.9739434921368644	-0.3864422209798268	7	3	7	3	TRUE	delejezik	zik	FALSE
delel	delel	[/V][Prs.NDef.3Sg]	1209	8570080167	1871	0.14944141640281405	0.33908890304205214	5	2	5	2	TRUE	delelik	lik	FALSE
delirál	delirál	[/V][Prs.NDef.3Sg]	196	8570080167	669	-0.6407288131014818	-0.10755876669013475	7	3	7	3	TRUE	delirálik	lik	FALSE
dematerializál	dematerializál	[/V][Prs.NDef.3Sg]	4	8570080167	218	-2.3309248931299953	-0.594528390853353	14	7	14	7	TRUE	dematerializálik	lik	FALSE
demilitarizál	demilitarizál	[/V][Prs.NDef.3Sg]	4	8570080167	191	-2.3309248931299953	-0.6519515172102303	13	6	13	6	TRUE	demilitarizálik	lik	FALSE
demitologizál	demitologizál	[/V][Prs.NDef.3Sg]	6	8570080167	88	-2.1548336340743144	-0.9885022123077892	13	6	13	6	TRUE	demitologizálik	lik	FALSE
demobilizál	demobilizál	[/V][Prs.NDef.3Sg]	7	8570080167	82	-2.087886844443701	-1.019171032074241	11	5	11	5	TRUE	demobilizálik	lik	FALSE
demokratizál	demokratizál	[/V][Prs.NDef.3Sg]	51	8570080167	1402	-1.2254147083600215	0.21376312917268203	12	5	12	5	TRUE	demokratizálik	lik	FALSE
demonstrál	demonstrál	[/V][Prs.NDef.3Sg]	1977	8570080167	45808	0.3630217848557145	1.7279564462195656	10	3	10	3	TRUE	demonstrálik	lik	FALSE
demoralizál	demoralizál	[/V][Prs.NDef.3Sg]	185	8570080167	1855	-0.6658131560549441	0.33535902949310686	11	5	11	5	TRUE	demoralizálik	lik	FALSE
denaturál	denaturál	[/V][Prs.NDef.3Sg]	12	8570080167	595	-1.853803638410333	-0.15846791872940827	9	4	9	4	TRUE	denaturálik	lik	FALSE
denominál	denominál	[/V][Prs.NDef.3Sg]	21	8570080167	1503	-1.6107655897240385	0.24397409612895032	9	4	9	4	TRUE	denominálik	lik	FALSE
denunciál	denunciál	[/V][Prs.NDef.3Sg]	11	8570080167	212	-1.8915921992997329	-0.6066490235292064	9	4	9	4	TRUE	denunciálik	lik	FALSE
deperszonalizál	deperszonalizál	[/V][Prs.NDef.3Sg]	3	8570080167	28	-2.455863629738295	-1.4858268531157386	15	6	15	6	TRUE	deperszonalizálik	lik	FALSE
deponál	deponál	[/V][Prs.NDef.3Sg]	29	8570080167	1128	-1.4705868865590015	0.11932421518936562	7	3	7	3	TRUE	deponálik	lik	FALSE
deportál	deportál	[/V][Prs.NDef.3Sg]	47	8570080167	8641	-1.2608870265222405	1.003579120677308	8	3	8	3	TRUE	deportálik	lik	FALSE
deprimál	deprimál	[/V][Prs.NDef.3Sg]	43	8570080167	296	-1.2995164288783714	-0.4616931733990192	8	3	8	3	TRUE	deprimálik	lik	FALSE
derivál	derivál	[/V][Prs.NDef.3Sg]	39	8570080167	1447	-1.3419202774314587	0.22748364666107965	7	3	7	3	TRUE	deriválik	lik	FALSE
dermed	dermed	[/V][Prs.NDef.3Sg]	2767	8570080167	10556	0.5090242746829942	1.0905144970900542	6	2	6	2	TRUE	dermedik	Vdik	FALSE
derogál	derogál	[/V][Prs.NDef.3Sg]	2104	8570080167	3038	0.3900608510237436	0.5496028850688097	7	3	7	3	TRUE	derogálik	lik	FALSE
derül	derül	[/V][Prs.NDef.3Sg]	304576	8570080167	629753	2.550710794324687	2.8661853605972145	5	2	5	2	TRUE	derülik	lik	FALSE
desifríroz	desifríroz	[/V][Prs.NDef.3Sg]	3	8570080167	71	-2.455863629738295	-1.0817265357388826	10	4	10	4	TRUE	desifrírozik	zik	FALSE
destruál	destruál	[/V][Prs.NDef.3Sg]	57	8570080167	512	-1.1771100287854663	-0.2237149234821271	8	3	8	3	TRUE	destruálik	lik	FALSE
deszakralizál	deszakralizál	[/V][Prs.NDef.3Sg]	8	8570080167	202	-2.0298948974660145	-0.627633515011334	13	5	13	5	TRUE	deszakralizálik	lik	FALSE
deszkáz	deszkáz	[/V][Prs.NDef.3Sg]	3	8570080167	585	-2.455863629738295	-0.16582901837577738	7	2	7	2	TRUE	deszkázik	zik	FALSE
desztillál	desztillál	[/V][Prs.NDef.3Sg]	95	8570080167	1469	-0.95526127916911	0.23403691133229865	10	3	10	3	TRUE	desztillálik	lik	FALSE
detektál	detektál	[/V][Prs.NDef.3Sg]	375	8570080167	10522	-0.35895361673023896	1.0891134130031823	8	3	8	3	TRUE	detektálik	lik	FALSE
determinál	determinál	[/V][Prs.NDef.3Sg]	618	8570080167	9628	-0.141996409369142	1.0505511971450343	10	4	10	4	TRUE	determinálik	lik	FALSE
detoxikál	detoxikál	[/V][Prs.NDef.3Sg]	45	8570080167	275	-1.279772370682614	-0.4936521906276952	9	4	9	4	TRUE	detoxikálik	lik	FALSE
detronizál	detronizál	[/V][Prs.NDef.3Sg]	1	8570080167	312	-2.932984884457958	-0.43883029043951505	10	4	10	4	TRUE	detronizálik	lik	FALSE
devalvál	devalvál	[/V][Prs.NDef.3Sg]	30	8570080167	918	-1.4558636297382954	0.029857796743284572	8	3	8	3	TRUE	devalválik	lik	FALSE
dezavuál	dezavuál	[/V][Prs.NDef.3Sg]	4	8570080167	95	-2.3309248931299953	-0.95526127916911	8	4	8	4	TRUE	dezavuálik	lik	FALSE
dezertál	dezertál	[/V][Prs.NDef.3Sg]	285	8570080167	2004	-0.4781400244494477	0.3689128327372503	8	3	8	3	TRUE	dezertálik	lik	FALSE
dezignál	dezignál	[/V][Prs.NDef.3Sg]	1	8570080167	42	-2.932984884457958	-1.3097355940600577	8	3	8	3	TRUE	dezignálik	lik	FALSE
dezinficiál	dezinficiál	[/V][Prs.NDef.3Sg]	11	8570080167	107	-1.8915921992997329	-0.9036011067727482	11	5	11	5	TRUE	dezinficiálik	lik	FALSE
dezinformál	dezinformál	[/V][Prs.NDef.3Sg]	118	8570080167	748	-0.8611028771518324	-0.05908328659349648	11	4	11	4	TRUE	dezinformálik	lik	FALSE
dezodorál	dezodorál	[/V][Prs.NDef.3Sg]	164	8570080167	700	-0.71814103641026	-0.08788684444370101	9	4	9	4	TRUE	dezodorálik	lik	FALSE
dezorganizál	dezorganizál	[/V][Prs.NDef.3Sg]	3	8570080167	134	-2.455863629738295	-0.8058800860931502	12	5	12	5	TRUE	dezorganizálik	lik	FALSE
dezorientál	dezorientál	[/V][Prs.NDef.3Sg]	31	8570080167	172	-1.4416231906236852	-0.6974564375504089	11	5	11	5	TRUE	dezorientálik	lik	FALSE
dezoxidál	dezoxidál	[/V][Prs.NDef.3Sg]	1	8570080167	26	-2.932984884457958	-1.5180115364871398	9	4	9	4	TRUE	dezoxidálik	lik	FALSE
diagnosztizál	diagnosztizál	[/V][Prs.NDef.3Sg]	1362	8570080167	64199	0.20119222311880852	1.874543378846654	13	5	13	5	TRUE	diagnosztizálik	lik	FALSE
dialogizál	dialogizál	[/V][Prs.NDef.3Sg]	79	8570080167	252	-1.0353577931675164	-0.5315843436764137	10	5	10	5	TRUE	dialogizálik	lik	FALSE
diffamál	diffamál	[/V][Prs.NDef.3Sg]	3	8570080167	18	-2.455863629738295	-1.6777123793546518	8	3	8	3	TRUE	diffamálik	lik	FALSE
differenciál	differenciál	[/V][Prs.NDef.3Sg]	309	8570080167	12573	-0.4430264050331232	1.166454031095549	12	5	12	5	TRUE	differenciálik	lik	FALSE
diffundál	diffundál	[/V][Prs.NDef.3Sg]	656	8570080167	1385	-0.11608104508229758	0.20846488894250953	9	3	9	3	TRUE	diffundálik	lik	FALSE
digitalizál	digitalizál	[/V][Prs.NDef.3Sg]	377	8570080167	16032	-0.35664353425216494	1.272002819729194	11	5	11	5	TRUE	digitalizálik	lik	FALSE
diktál	diktál	[/V][Prs.NDef.3Sg]	13722	8570080167	90334	1.2044325305324344	2.0228663568102863	6	2	6	2	TRUE	diktálik	lik	FALSE
dimenzionál	dimenzionál	[/V][Prs.NDef.3Sg]	8	8570080167	739	-2.0298948974660145	-0.06434044606313209	11	5	11	5	TRUE	dimenzionálik	lik	FALSE
dinamizál	dinamizál	[/V][Prs.NDef.3Sg]	142	8570080167	2165	-0.7806965400749013	0.4024730162314264	9	4	9	4	TRUE	dinamizálik	lik	FALSE
dinsztel	dinsztel	[/V][Prs.NDef.3Sg]	46	8570080167	8386	-1.2702270527763837	0.9905699736095916	8	2	8	2	TRUE	dinsztelik	lik	FALSE
dirigál	dirigál	[/V][Prs.NDef.3Sg]	2245	8570080167	17811	0.4182314608813842	1.3177034191877632	7	3	7	3	TRUE	dirigálik	lik	FALSE
diskurál	diskurál	[/V][Prs.NDef.3Sg]	605	8570080167	7060	-0.15122950980548894	0.915819816593846	8	3	8	3	TRUE	diskurálik	lik	FALSE
disputál	disputál	[/V][Prs.NDef.3Sg]	36	8570080167	424	-1.3766823836906703	-0.3056190278652252	8	3	8	3	TRUE	disputálik	lik	FALSE
disszertál	disszertál	[/V][Prs.NDef.3Sg]	4	8570080167	43	-2.3309248931299953	-1.2995164288783714	10	3	10	3	TRUE	disszertálik	lik	FALSE
disszidál	disszidál	[/V][Prs.NDef.3Sg]	525	8570080167	6029	-0.21282558105200092	0.8472603994073948	9	3	9	3	TRUE	disszidálik	lik	FALSE
diszkontál	diszkontál	[/V][Prs.NDef.3Sg]	13	8570080167	1370	-1.819041532151121	0.2037356826984489	10	3	10	3	TRUE	diszkontálik	lik	FALSE
diszkreditál	diszkreditál	[/V][Prs.NDef.3Sg]	25	8570080167	1431	-1.5350448757859203	0.2226547493018185	12	4	12	4	TRUE	diszkreditálik	lik	FALSE
diszkretizál	diszkretizál	[/V][Prs.NDef.3Sg]	2	8570080167	91	-2.6319548887939765	-0.9739434921368644	12	4	12	4	TRUE	diszkretizálik	lik	FALSE
diszkriminál	diszkriminál	[/V][Prs.NDef.3Sg]	1334	8570080167	9397	0.19217094512257232	1.040004342397391	12	4	12	4	TRUE	diszkriminálik	lik	FALSE
diszkvalifikál	diszkvalifikál	[/V][Prs.NDef.3Sg]	67	8570080167	2262	-1.1069100817571311	0.4215077161314787	14	5	14	5	TRUE	diszkvalifikálik	lik	FALSE
diszponál	diszponál	[/V][Prs.NDef.3Sg]	716	8570080167	1956	-0.07807186215010226	0.3583839659936248	9	3	9	3	TRUE	diszponálik	lik	FALSE
disztingvál	disztingvál	[/V][Prs.NDef.3Sg]	130	8570080167	1279	-0.8190415321511211	0.17388566002069608	11	3	11	3	TRUE	disztingválik	lik	FALSE
divergál	divergál	[/V][Prs.NDef.3Sg]	166	8570080167	402	-0.7128767964179027	-0.32875883137348777	8	3	8	3	TRUE	divergálik	lik	FALSE
diverzifikál	diverzifikál	[/V][Prs.NDef.3Sg]	61	8570080167	3225	-1.1476550494471909	0.5755448345133287	12	5	12	5	TRUE	diverzifikálik	lik	FALSE
dobol	dobol	[/V][Prs.NDef.3Sg]	6211	8570080167	22629	0.8601766447875929	1.4216804779776486	5	2	5	2	TRUE	dobolik	lik	FALSE
doboz	doboz	[/V][Prs.NDef.3Sg]	2	8570080167	634864	-2.6319548887939765	2.869695816620772	5	2	5	2	TRUE	dobozik	zik	FALSE
dobozol	dobozol	[/V][Prs.NDef.3Sg]	69	8570080167	3203	-1.0941357937207026	0.5725720542058639	7	3	7	3	TRUE	dobozolik	lik	FALSE
dobál	dobál	[/V][Prs.NDef.3Sg]	4316	8570080167	78864	0.7020965515529153	1.9638939163526912	5	2	5	2	TRUE	dobálik	lik	FALSE
dohányoz	dohányoz	[/V][Prs.NDef.3Sg]	18	8570080167	9880	-1.6777123793546518	1.0617720601296703	8	3	8	3	TRUE	dohányozik	zik	FALSE
dokkol	dokkol	[/V][Prs.NDef.3Sg]	297	8570080167	2153	-0.4602284351407455	0.4000591453655294	6	2	6	2	TRUE	dokkolik	lik	FALSE
doktorál	doktorál	[/V][Prs.NDef.3Sg]	463	8570080167	8054	-0.26740389344000476	0.9730267408134547	8	3	8	3	TRUE	doktorálik	lik	FALSE
dokumentál	dokumentál	[/V][Prs.NDef.3Sg]	2415	8570080167	67273	0.4499322506295731	1.8948559107645295	10	4	10	4	TRUE	dokumentálik	lik	FALSE
dolgoz	dolgoz	[/V][Prs.NDef.3Sg]	31405	8570080167	91431	1.564013913282134	2.028108585305639	6	2	6	2	TRUE	dolgozik	zik	TRUE
domborul	domborul	[/V][Prs.NDef.3Sg]	207	8570080167	861	-0.6170145390010401	0.00201826699569695	8	3	8	3	TRUE	domborulik	lik	FALSE
domesztikál	domesztikál	[/V][Prs.NDef.3Sg]	12	8570080167	711	-1.853803638410333	-0.08111528372819152	11	4	11	4	TRUE	domesztikálik	lik	FALSE
dominál	dominál	[/V][Prs.NDef.3Sg]	35262	8570080167	102529	1.6143220566400849	2.077861837115713	7	3	7	3	TRUE	dominálik	lik	FALSE
doppingol	doppingol	[/V][Prs.NDef.3Sg]	1005	8570080167	4228	0.06918117729854986	0.6931500941774308	9	3	9	3	TRUE	doppingolik	lik	FALSE
dorbézol	dorbézol	[/V][Prs.NDef.3Sg]	192	8570080167	1237	-0.6496836557544082	0.15938481517116285	8	3	8	3	TRUE	dorbézolik	lik	FALSE
dorgál	dorgál	[/V][Prs.NDef.3Sg]	354	8570080167	3263	-0.3839816224321701	0.5806321893299171	6	2	6	2	TRUE	dorgálik	lik	FALSE
dorombol	dorombol	[/V][Prs.NDef.3Sg]	2472	8570080167	6606	0.4600635819588204	0.8869536848974375	8	3	8	3	TRUE	dorombolik	lik	FALSE
dorongol	dorongol	[/V][Prs.NDef.3Sg]	50	8570080167	329	-1.234014880121939	-0.4157889865079835	8	3	8	3	TRUE	dorongolik	lik	FALSE
dotál	dotál	[/V][Prs.NDef.3Sg]	71	8570080167	1589	-1.0817265357388826	0.2681390127494217	5	2	5	2	TRUE	dotálik	lik	FALSE
dramatizál	dramatizál	[/V][Prs.NDef.3Sg]	187	8570080167	3874	-0.6611432779214589	0.6551747319251342	10	4	10	4	TRUE	dramatizálik	lik	FALSE
dresszíroz	dresszíroz	[/V][Prs.NDef.3Sg]	5	8570080167	399	-2.234014880121939	-0.3320119887712096	10	3	10	3	TRUE	dresszírozik	zik	FALSE
dribliz	dribliz	[/V][Prs.NDef.3Sg]	6	8570080167	26	-2.1548336340743144	-1.5180115364871398	7	2	7	2	TRUE	driblizik	zik	FALSE
drukkol	drukkol	[/V][Prs.NDef.3Sg]	3625	8570080167	43532	0.6263231264490546	1.7058237360422068	7	2	7	2	TRUE	drukkolik	lik	FALSE
drágul	drágul	[/V][Prs.NDef.3Sg]	8308	8570080167	37217	0.9865116034051036	1.6377564779972975	6	2	6	2	TRUE	drágulik	lik	FALSE
drágáll	drágáll	[/V][Prs.NDef.3Sg]	4	8570080167	2083	-2.3309248931299953	0.3857043854897881	7	2	7	2	TRUE	drágállik	NA	FALSE
drótoz	drótoz	[/V][Prs.NDef.3Sg]	14	8570080167	1640	-1.7868568487797198	0.28185896358974005	6	2	6	2	TRUE	drótozik	zik	FALSE
dudál	dudál	[/V][Prs.NDef.3Sg]	2126	8570080167	9821	0.39457837572932014	1.0591708265846589	5	2	5	2	TRUE	dudálik	lik	FALSE
dugacsol	dugacsol	[/V][Prs.NDef.3Sg]	1	8570080167	2	-2.932984884457958	-2.6319548887939765	8	3	8	3	TRUE	dugacsolik	lik	FALSE
dugaszol	dugaszol	[/V][Prs.NDef.3Sg]	21	8570080167	1017	-1.6107655897240385	0.07433606846478673	8	3	8	3	TRUE	dugaszolik	lik	FALSE
dugul	dugul	[/V][Prs.NDef.3Sg]	1333	8570080167	6131	0.1918452649559014	0.8545464316692764	5	2	5	2	TRUE	dugulik	lik	FALSE
dugványoz	dugványoz	[/V][Prs.NDef.3Sg]	8	8570080167	391	-2.0298948974660145	-0.340808127062091	9	3	9	3	TRUE	dugványozik	zik	FALSE
dukkóz	dukkóz	[/V][Prs.NDef.3Sg]	1	8570080167	22	-2.932984884457958	-1.5905622036357516	6	2	6	2	TRUE	dukkózik	zik	FALSE
dukál	dukál	[/V][Prs.NDef.3Sg]	14973	8570080167	19433	1.242323940127827	1.3555549662124984	5	2	5	2	TRUE	dukálik	lik	FALSE
dumál	dumál	[/V][Prs.NDef.3Sg]	2415	8570080167	23675	0.4499322506295731	1.4413051032173532	5	2	5	2	TRUE	dumálik	lik	FALSE
dunsztol	dunsztol	[/V][Prs.NDef.3Sg]	27	8570080167	1758	-1.5016211202989704	0.3120339862797953	8	2	8	2	TRUE	dunsztolik	lik	FALSE
duplikál	duplikál	[/V][Prs.NDef.3Sg]	61	8570080167	1674	-1.1476550494471909	0.29077056919928335	8	3	8	3	TRUE	duplikálik	lik	FALSE
dupláz	dupláz	[/V][Prs.NDef.3Sg]	552	8570080167	15653	-0.19104580672875893	1.2616127007845517	6	2	6	2	TRUE	duplázik	zik	FALSE
durmol	durmol	[/V][Prs.NDef.3Sg]	353	8570080167	1211	-0.3852101790701353	0.1501592586850944	6	2	6	2	TRUE	durmolik	lik	FALSE
duruzsol	duruzsol	[/V][Prs.NDef.3Sg]	2727	8570080167	7595	0.5027002534836721	0.9475428937408472	8	3	8	3	TRUE	duruzsolik	lik	FALSE
durvul	durvul	[/V][Prs.NDef.3Sg]	1947	8570080167	4783	0.35638106706207384	0.7467154964140064	6	2	6	2	TRUE	durvulik	lik	FALSE
duzzad	duzzad	[/V][Prs.NDef.3Sg]	6520	8570080167	29470	0.8812627112739624	1.5363952513919674	6	2	6	2	TRUE	duzzadik	NA	FALSE
duál	duál	[/V][Prs.NDef.3Sg]	1354	8570080167	4036	0.19863377989116768	0.672966273106915	4	2	4	2	TRUE	duálik	lik	FALSE
dzsiggel	dzsiggel	[/V][Prs.NDef.3Sg]	4	8570080167	60	-2.3309248931299953	-1.1548336340743142	8	2	8	2	TRUE	dzsiggelik	lik	FALSE
dátumoz	dátumoz	[/V][Prs.NDef.3Sg]	16	8570080167	1315	-1.728864901802033	0.1859408683678188	7	3	7	3	TRUE	dátumozik	zik	FALSE
délebbről	délebbről	[/V][Prs.NDef.3Sg]	1	8570080167	1	-2.932984884457958	-2.932984884457958	9	3	9	3	TRUE	délebbrőlik	lik	FALSE
dézsmál	dézsmál	[/V][Prs.NDef.3Sg]	54	8570080167	2571	-1.2005911246349894	0.4771171921849027	7	2	7	2	TRUE	dézsmálik	lik	FALSE
díjaz	díjaz	[/V][Prs.NDef.3Sg]	1510	8570080167	86789	0.24599206283521163	2.0054797999117167	5	2	5	2	TRUE	díjazik	zik	FALSE
díszletez	díszletez	[/V][Prs.NDef.3Sg]	1	8570080167	56	-2.932984884457958	-1.1847968574517571	9	3	9	3	TRUE	díszletezik	zik	FALSE
döfköd	döfköd	[/V][Prs.NDef.3Sg]	133	8570080167	1604	-0.809133243490872	0.2722194794901869	6	2	6	2	TRUE	döfködik	Vdik	FALSE
döföl	döföl	[/V][Prs.NDef.3Sg]	14	8570080167	157	-1.7868568487797198	-0.7370852320487241	5	2	5	2	TRUE	döfölik	lik	FALSE
dögöl	dögöl	[/V][Prs.NDef.3Sg]	12	8570080167	69	-1.853803638410333	-1.0941357937207026	5	2	5	2	TRUE	dögölik	lik	FALSE
dögönyöz	dögönyöz	[/V][Prs.NDef.3Sg]	168	8570080167	1707	-0.707675602732095	0.2992486366567758	8	3	8	3	TRUE	dögönyözik	zik	FALSE
dömöcköl	dömöcköl	[/V][Prs.NDef.3Sg]	8	8570080167	64	-2.0298948974660145	-1.1268049104740707	8	3	8	3	TRUE	dömöckölik	lik	FALSE
döngicsél	döngicsél	[/V][Prs.NDef.3Sg]	188	8570080167	796	-0.658827035194278	-0.0320718167202888	9	3	9	3	TRUE	döngicsélik	lik	FALSE
döngöl	döngöl	[/V][Prs.NDef.3Sg]	541	8570080167	8717	-0.1997876193513884	1.0073821615277074	6	2	6	2	TRUE	döngölik	lik	FALSE
dördül	dördül	[/V][Prs.NDef.3Sg]	1047	8570080167	6136	0.08696179722088447	0.8549004664829667	6	2	6	2	TRUE	dördülik	lik	FALSE
dörgöl	dörgöl	[/V][Prs.NDef.3Sg]	153	8570080167	7985	-0.748293453640359	0.969290036016544	6	2	6	2	TRUE	dörgölik	lik	FALSE
dörzsöl	dörzsöl	[/V][Prs.NDef.3Sg]	772	8570080167	51196	-0.04536758412222169	1.7762511459360435	7	2	7	2	TRUE	dörzsölik	lik	FALSE
dörömböl	dörömböl	[/V][Prs.NDef.3Sg]	2088	8570080167	6663	0.3867456098722667	0.8906849288101786	8	3	8	3	TRUE	dörömbölik	lik	FALSE
dúcol	dúcol	[/V][Prs.NDef.3Sg]	6	8570080167	555	-2.1548336340743144	-0.1886919013352816	5	2	5	2	TRUE	dúcolik	lik	FALSE
dúdol	dúdol	[/V][Prs.NDef.3Sg]	1277	8570080167	17614	0.17320601280545742	1.3128731075492397	5	2	5	2	TRUE	dúdolik	lik	FALSE
dúl	dúl	[/V][Prs.NDef.3Sg]	15887	8570080167	39232	1.268057011084722	1.6606555640443443	3	1	3	1	TRUE	dúlik	lik	FALSE
dúskál	dúskál	[/V][Prs.NDef.3Sg]	1912	8570080167	6746	0.34850300348212343	0.8960614523952248	6	2	6	2	TRUE	dúskálik	lik	FALSE
dülled	dülled	[/V][Prs.NDef.3Sg]	92	8570080167	402	-0.9691970571124026	-0.32875883137348777	6	2	6	2	TRUE	dülledik	Vdik	FALSE
dülöngél	dülöngél	[/V][Prs.NDef.3Sg]	1389	8570080167	4331	0.20971736127965776	0.7036032992718845	8	3	8	3	TRUE	dülöngélik	lik	FALSE
dől	dől	[/V][Prs.NDef.3Sg]	72337	8570080167	242724	1.9263756090406	2.45212783605298	3	1	3	1	TRUE	dőlik	lik	FALSE
dőzsöl	dőzsöl	[/V][Prs.NDef.3Sg]	592	8570080167	3001	-0.16066317773503802	0.5442811109668948	6	2	6	2	TRUE	dőzsölik	lik	FALSE
dűl	dűl	[/V][Prs.NDef.3Sg]	543	8570080167	2159	-0.1981850548691109	0.401267757876273	3	1	3	1	TRUE	dűlik	lik	FALSE
ebadtáz	ebadtáz	[/V][Prs.NDef.3Sg]	1	8570080167	1	-2.932984884457958	-2.932984884457958	7	3	7	3	TRUE	ebadtázik	zik	FALSE
ebből	ebből	[/V][Prs.NDef.3Sg]	5851	8570080167	35042	0.8342452136527605	1.6116040008285035	5	2	5	2	TRUE	ebbőlik	lik	FALSE
ebihal	ebihal	[/V][Prs.NDef.3Sg]	4	8570080167	3106	-2.3309248931299953	0.5592165669345819	6	3	6	3	TRUE	ebihalik	lik	FALSE
ebédel	ebédel	[/V][Prs.NDef.3Sg]	3864	8570080167	58891	0.6540522332854979	1.8370640444719095	6	3	6	3	TRUE	ebédelik	lik	FALSE
ebédlőasztal	ebédlőasztal	[/V][Prs.NDef.3Sg]	2	8570080167	4682	-2.6319548887939765	0.7374465249026477	12	5	12	5	TRUE	ebédlőasztalik	lik	FALSE
ecsetel	ecsetel	[/V][Prs.NDef.3Sg]	201	8570080167	32534	-0.629788827037469	1.5793525778749775	7	3	7	3	TRUE	ecsetelik	lik	FALSE
ed	ed	[/V][Prs.NDef.3Sg]	2026	8570080167	48862	0.3736545565663038	1.7559863549127224	2	1	2	1	TRUE	edik	Vdik	FALSE
eddegél	eddegél	[/V][Prs.NDef.3Sg]	12	8570080167	176	-1.853803638410333	-0.687472216643808	7	3	7	3	TRUE	eddegélik	lik	FALSE
edz	edz	[/V][Prs.NDef.3Sg]	22882	8570080167	183795	1.426509096808274	2.3313488081092952	3	1	3	1	TRUE	edzik	zik	FALSE
efelől	efelől	[/V][Prs.NDef.3Sg]	23	8570080167	5122	-1.571257048440365	0.7764546896744531	6	3	6	3	TRUE	efelőlik	lik	FALSE
egalizál	egalizál	[/V][Prs.NDef.3Sg]	101	8570080167	5365	-0.9286635106753152	0.796584841844012	8	4	8	4	TRUE	egalizálik	lik	FALSE
egerész	egerész	[/V][Prs.NDef.3Sg]	327	8570080167	662	-0.4184371317976717	-0.1121268950182579	7	3	7	3	TRUE	egerészik	szik	FALSE
egyel	egyel	[/V][Prs.NDef.3Sg]	15544	8570080167	17295	1.2585779031337685	1.3049356818924225	5	2	5	2	TRUE	egyelik	lik	FALSE
egyensúlyoz	egyensúlyoz	[/V][Prs.NDef.3Sg]	5057	8570080167	28706	0.7709080691745867	1.5249877960582492	11	4	11	4	TRUE	egyensúlyozik	zik	FALSE
egyesül	egyesül	[/V][Prs.NDef.3Sg]	23636	8570080167	105168	1.440589096849671	2.088898730478334	7	3	7	3	TRUE	egyesülik	lik	FALSE
egyfelől	egyfelől	[/V][Prs.NDef.3Sg]	483	8570080167	90513	-0.2490377537064457	2.0237260751096997	8	3	8	3	TRUE	egyfelőlik	lik	FALSE
egyrészről	egyrészről	[/V][Prs.NDef.3Sg]	164	8570080167	125440	-0.71814103641026	2.165451160882405	10	3	10	3	TRUE	egyrészrőlik	lik	FALSE
egzaminál	egzaminál	[/V][Prs.NDef.3Sg]	1	8570080167	21	-2.932984884457958	-1.6107655897240385	9	4	9	4	TRUE	egzaminálik	lik	FALSE
egzecíroz	egzecíroz	[/V][Prs.NDef.3Sg]	11	8570080167	116	-1.8915921992997329	-0.8685268952310394	9	4	9	4	TRUE	egzecírozik	zik	FALSE
egzisztál	egzisztál	[/V][Prs.NDef.3Sg]	417	8570080167	849	-0.31284882948420034	-0.00407719421400516	9	3	9	3	TRUE	egzisztálik	lik	FALSE
ehül	ehül	[/V][Prs.NDef.3Sg]	7	8570080167	19	-2.087886844443701	-1.654231283505129	4	2	4	2	TRUE	ehülik	lik	FALSE
ejakulál	ejakulál	[/V][Prs.NDef.3Sg]	277	8570080167	907	-0.4905051153935094	0.02462240260213743	8	4	8	4	TRUE	ejakulálik	lik	FALSE
elaborál	elaborál	[/V][Prs.NDef.3Sg]	4	8570080167	90	-2.3309248931299953	-0.9787423750186328	8	4	8	4	TRUE	elaborálik	lik	FALSE
elbaltáz	elbaltáz	[/V][Prs.NDef.3Sg]	50	8570080167	1942	-1.234014880121939	0.3552643411140282	8	3	8	3	TRUE	elbaltázik	zik	FALSE
elbambul	elbambul	[/V][Prs.NDef.3Sg]	388	8570080167	3101	-0.3441531588637506	0.5585168817793685	8	3	8	3	TRUE	elbambulik	lik	FALSE
elbarmol	elbarmol	[/V][Prs.NDef.3Sg]	24	8570080167	821	-1.552773642746352	-0.01864172733851705	8	3	8	3	TRUE	elbarmolik	lik	FALSE
elbazilikáz	elbazilikáz	[/V][Prs.NDef.3Sg]	1	8570080167	15	-2.932984884457958	-1.756893625402277	11	5	11	5	TRUE	elbazilikázik	zik	FALSE
elcsöndesül	elcsöndesül	[/V][Prs.NDef.3Sg]	141	8570080167	508	-0.783765771802578	-0.2271211721740386	11	4	11	4	TRUE	elcsöndesülik	lik	FALSE
elegyül	elegyül	[/V][Prs.NDef.3Sg]	76	8570080167	256	-1.0521712921771664	-0.5247449191461083	7	3	7	3	TRUE	elegyülik	lik	FALSE
elektrizál	elektrizál	[/V][Prs.NDef.3Sg]	1	8570080167	16	-2.932984884457958	-1.728864901802033	10	4	10	4	TRUE	elektrizálik	lik	FALSE
elemez	elemez	[/V][Prs.NDef.3Sg]	6763	8570080167	300270	0.8971545029673849	2.5445270595116147	6	3	6	3	TRUE	elemezik	zik	FALSE
elenyész	elenyész	[/V][Prs.NDef.3Sg]	610	8570080167	624	-0.1476550494471908	-0.13780029477553385	8	3	8	3	TRUE	elenyészik	szik	FALSE
elevenül	elevenül	[/V][Prs.NDef.3Sg]	62	8570080167	148	-1.140593194959704	-0.7627231690630004	8	4	8	4	TRUE	elevenülik	lik	FALSE
elfed	elfed	[/V][Prs.NDef.3Sg]	1484	8570080167	37956	0.23844901648505043	1.6462955535053898	5	2	5	2	TRUE	elfedik	Vdik	FALSE
elgyávul	elgyávul	[/V][Prs.NDef.3Sg]	51	8570080167	342	-1.2254147083600215	-0.3989587784018228	8	3	8	3	TRUE	elgyávulik	lik	FALSE
elgyöngül	elgyöngül	[/V][Prs.NDef.3Sg]	156	8570080167	876	-0.7398602861034962	0.00951922171012292	9	3	9	3	TRUE	elgyöngülik	lik	FALSE
elhal	elhal	[/V][Prs.NDef.3Sg]	9026	8570080167	65581	1.0225104447261693	1.883793150186623	5	2	5	2	TRUE	elhalik	lik	FALSE
elhappol	elhappol	[/V][Prs.NDef.3Sg]	33	8570080167	2522	-1.4144709445800705	0.468760197779105	8	3	8	3	TRUE	elhappolik	lik	FALSE
elhitványul	elhitványul	[/V][Prs.NDef.3Sg]	5	8570080167	11	-2.234014880121939	-1.8915921992997329	11	4	11	4	TRUE	elhitványulik	lik	FALSE
elidegenül	elidegenül	[/V][Prs.NDef.3Sg]	79	8570080167	391	-1.0353577931675164	-0.340808127062091	10	5	10	5	TRUE	elidegenülik	lik	FALSE
eliminál	eliminál	[/V][Prs.NDef.3Sg]	51	8570080167	3009	-1.2254147083600215	0.5454373032821227	8	4	8	4	TRUE	eliminálik	lik	FALSE
elkeskenyül	elkeskenyül	[/V][Prs.NDef.3Sg]	18	8570080167	33	-1.6777123793546518	-1.4144709445800705	11	4	11	4	TRUE	elkeskenyülik	lik	FALSE
elkurvul	elkurvul	[/V][Prs.NDef.3Sg]	106	8570080167	978	-0.9076790191931876	0.0573539703296436	8	3	8	3	TRUE	elkurvulik	lik	FALSE
elkél	elkél	[/V][Prs.NDef.3Sg]	5816	8570080167	7839	0.8316395133930236	0.9612757799890302	5	2	5	2	TRUE	elkélik	lik	FALSE
ellenez	ellenez	[/V][Prs.NDef.3Sg]	1547	8570080167	84350	0.2565054292414097	1.9931002024671864	7	3	7	3	TRUE	ellenezik	zik	FALSE
ellensúlyoz	ellensúlyoz	[/V][Prs.NDef.3Sg]	1334	8570080167	77815	0.19217094512257232	1.9580784373300952	11	4	11	4	TRUE	ellensúlyozik	zik	FALSE
ellentmond	ellentmond	[/V][Prs.NDef.3Sg]	33206	8570080167	60698	1.588231679109299	1.8501894968434336	10	3	10	3	TRUE	ellentmondik	NA	FALSE
ellenőriz	ellenőriz	[/V][Prs.NDef.3Sg]	9344	8570080167	778777	1.0375479453103664	2.958428232349225	9	4	9	4	TRUE	ellenőrizik	zik	FALSE
elmeddül	elmeddül	[/V][Prs.NDef.3Sg]	2	8570080167	4	-2.6319548887939765	-2.3309248931299953	8	3	8	3	TRUE	elmeddülik	lik	FALSE
elmismásol	elmismásol	[/V][Prs.NDef.3Sg]	17	8570080167	1153	-1.702535963079684	0.12884442283674116	10	4	10	4	TRUE	elmismásolik	lik	FALSE
elnököl	elnököl	[/V][Prs.NDef.3Sg]	2296	8570080167	6890	0.42798699926797806	0.905234337449668	7	3	7	3	TRUE	elnökölik	lik	FALSE
elodáz	elodáz	[/V][Prs.NDef.3Sg]	32	8570080167	7445	-1.427834906138052	0.9388798176302372	6	3	6	3	TRUE	elodázik	zik	FALSE
eloxál	eloxál	[/V][Prs.NDef.3Sg]	5	8570080167	716	-2.234014880121939	-0.07807186215010226	6	3	6	3	TRUE	eloxálik	lik	FALSE
elpackáz	elpackáz	[/V][Prs.NDef.3Sg]	1	8570080167	132	-2.932984884457958	-0.812410953252108	8	3	8	3	TRUE	elpackázik	zik	FALSE
elparentál	elparentál	[/V][Prs.NDef.3Sg]	1	8570080167	318	-2.932984884457958	-0.4305577644735252	10	4	10	4	TRUE	elparentálik	lik	FALSE
elpaterol	elpaterol	[/V][Prs.NDef.3Sg]	15	8570080167	234	-1.756893625402277	-0.5637690270478151	9	4	9	4	TRUE	elpaterolik	lik	FALSE
elperecel	elperecel	[/V][Prs.NDef.3Sg]	6	8570080167	59	-2.1548336340743144	-1.1621328728158136	9	4	9	4	TRUE	elperecelik	lik	FALSE
elrenyhül	elrenyhül	[/V][Prs.NDef.3Sg]	7	8570080167	27	-2.087886844443701	-1.5016211202989704	9	3	9	3	TRUE	elrenyhülik	lik	FALSE
elrohad	elrohad	[/V][Prs.NDef.3Sg]	855	8570080167	2925	-0.00101876972978518	0.5331409859602414	7	3	7	3	TRUE	elrohadik	NA	FALSE
elslisszol	elslisszol	[/V][Prs.NDef.3Sg]	43	8570080167	419	-1.2995164288783714	-0.31077086149166255	10	3	10	3	TRUE	elslisszolik	lik	FALSE
elszipkáz	elszipkáz	[/V][Prs.NDef.3Sg]	14	8570080167	945	-1.7868568487797198	0.04244692405130512	9	3	9	3	TRUE	elszipkázik	zik	FALSE
eltaknyol	eltaknyol	[/V][Prs.NDef.3Sg]	113	8570080167	555	-0.8799064409745381	-0.1886919013352816	9	3	9	3	TRUE	eltaknyolik	lik	FALSE
eltotojáz	eltotojáz	[/V][Prs.NDef.3Sg]	3	8570080167	3	-2.455863629738295	-2.455863629738295	9	4	9	4	TRUE	eltotojázik	zik	FALSE
eltökél	eltökél	[/V][Prs.NDef.3Sg]	28	8570080167	7236	-1.4858268531157386	0.9265136737298184	7	3	7	3	TRUE	eltökélik	lik	FALSE
elégel	elégel	[/V][Prs.NDef.3Sg]	9	8570080167	2382	-1.978742375018633	0.4439568726888009	6	3	6	3	TRUE	elégelik	lik	FALSE
elégül	elégül	[/V][Prs.NDef.3Sg]	743	8570080167	2412	-0.06199607069738255	0.44939241901015586	6	3	6	3	TRUE	elégülik	lik	FALSE
elél	elél	[/V][Prs.NDef.3Sg]	1597	8570080167	5250	0.2703200316805251	0.787174418947999	4	2	4	2	TRUE	elélik	lik	FALSE
eléáll	eléáll	[/V][Prs.NDef.3Sg]	130	8570080167	551	-0.8190415321511211	-0.1918332856061728	6	3	6	3	TRUE	eléállik	NA	FALSE
elölről	elölről	[/V][Prs.NDef.3Sg]	148	8570080167	44851	-0.7627231690630004	1.7187872460802431	7	3	7	3	TRUE	elölrőlik	lik	FALSE
elözönöl	elözönöl	[/V][Prs.NDef.3Sg]	3	8570080167	58	-2.455863629738295	-1.169556890895021	8	4	8	4	TRUE	elözönölik	lik	FALSE
előd	előd	[/V][Prs.NDef.3Sg]	40	8570080167	289968	-1.3309248931299955	2.5293651886470956	4	2	4	2	TRUE	elődik	NA	FALSE
előjel	előjel	[/V][Prs.NDef.3Sg]	29	8570080167	52016	-1.4705868865590015	1.7831520676940935	6	3	6	3	TRUE	előjelik	lik	FALSE
elől	elől	[/V][Prs.NDef.3Sg]	1408	8570080167	496378	0.21561777034813556	2.7628276404027168	4	2	4	2	TRUE	előlik	lik	FALSE
előled	előled	[/V][Prs.NDef.3Sg]	47	8570080167	92	-1.2608870265222405	-0.9691970571124026	6	3	6	3	TRUE	előledik	Vdik	FALSE
előlegez	előlegez	[/V][Prs.NDef.3Sg]	423	8570080167	8753	-0.30664451708291546	1.0091720440095326	8	4	8	4	TRUE	előlegezik	zik	FALSE
előmenetel	előmenetel	[/V][Prs.NDef.3Sg]	66	8570080167	26448	-1.1134409489160892	1.4894079517694143	10	5	10	5	TRUE	előmenetelik	lik	FALSE
előtted	előtted	[/V][Prs.NDef.3Sg]	194	8570080167	605	-0.6451831545277318	-0.15122950980548894	7	3	7	3	TRUE	előttedik	Vdik	FALSE
előz	előz	[/V][Prs.NDef.3Sg]	8298	8570080167	212349	0.9859885460349964	2.394065335681528	4	2	4	2	TRUE	előzik	zik	FALSE
emancipál	emancipál	[/V][Prs.NDef.3Sg]	12	8570080167	1471	-1.853803638410333	0.23462778826957223	9	4	9	4	TRUE	emancipálik	lik	FALSE
emberel	emberel	[/V][Prs.NDef.3Sg]	870	8570080167	1383	0.00653436816066066	0.20783729565135273	7	3	7	3	TRUE	emberelik	lik	FALSE
emel	emel	[/V][Prs.NDef.3Sg]	40156	8570080167	1092627	1.6707655611021577	3.105487043741592	4	2	4	2	TRUE	emelik	lik	FALSE
emigrál	emigrál	[/V][Prs.NDef.3Sg]	1216	8570080167	16094	0.15194869047875828	1.273679112532978	7	3	7	3	TRUE	emigrálik	lik	FALSE
emittál	emittál	[/V][Prs.NDef.3Sg]	150	8570080167	676	-0.7568936254022766	-0.1030381885163219	7	3	7	3	TRUE	emittálik	lik	FALSE
emulál	emulál	[/V][Prs.NDef.3Sg]	252	8570080167	2454	-0.5315843436764137	0.4568896739330277	6	3	6	3	TRUE	emulálik	lik	FALSE
enged	enged	[/V][Prs.NDef.3Sg]	147775	8570080167	1374896	2.2366160835629674	3.205284964010634	5	2	5	2	TRUE	engedik	Vdik	FALSE
engedményez	engedményez	[/V][Prs.NDef.3Sg]	76	8570080167	4812	-1.0521712921771664	0.7493407342098493	11	4	11	4	TRUE	engedményezik	zik	FALSE
engedélyez	engedélyez	[/V][Prs.NDef.3Sg]	11733	8570080167	459960	1.1364241862138351	2.729735180844019	10	4	10	4	TRUE	engedélyezik	zik	FALSE
engesztel	engesztel	[/V][Prs.NDef.3Sg]	654	8570080167	8526	-0.11740713613369054	0.9977604438531557	9	3	9	3	TRUE	engesztelik	lik	FALSE
enunciál	enunciál	[/V][Prs.NDef.3Sg]	5	8570080167	45	-2.234014880121939	-1.279772370682614	8	4	8	4	TRUE	enunciálik	lik	FALSE
enyhül	enyhül	[/V][Prs.NDef.3Sg]	12301	8570080167	52904	1.156955534040677	1.7905036252379674	6	2	6	2	TRUE	enyhülik	lik	FALSE
enyvez	enyvez	[/V][Prs.NDef.3Sg]	6	8570080167	171	-2.1548336340743144	-0.6999887740658041	6	2	6	2	TRUE	enyvezik	zik	FALSE
eped	eped	[/V][Prs.NDef.3Sg]	889	8570080167	3954	0.01591687651225587	0.6640517805196957	4	2	4	2	TRUE	epedik	Vdik	FALSE
epedez	epedez	[/V][Prs.NDef.3Sg]	138	8570080167	539	-0.7931057980567213	-0.20139611927121912	6	3	6	3	TRUE	epedezik	zik	FALSE
eprész	eprész	[/V][Prs.NDef.3Sg]	6	8570080167	48	-2.1548336340743144	-1.2517436470823706	6	2	6	2	TRUE	eprészik	szik	FALSE
ered	ered	[/V][Prs.NDef.3Sg]	159088	8570080167	256869	2.2686525376126916	2.4767268105390268	4	2	4	2	TRUE	eredik	Vdik	FALSE
eredetiül	eredetiül	[/V][Prs.NDef.3Sg]	3	8570080167	3	-2.455863629738295	-2.455863629738295	9	5	9	5	TRUE	eredetiülik	lik	FALSE
eredményez	eredményez	[/V][Prs.NDef.3Sg]	170707	8570080167	544667	2.29926644567284	2.8031461788047922	10	4	10	4	TRUE	eredményezik	zik	FALSE
erez	erez	[/V][Prs.NDef.3Sg]	1416	8570080167	36678	0.21807836889579235	1.631420761715466	4	2	4	2	TRUE	erezik	zik	FALSE
erjed	erjed	[/V][Prs.NDef.3Sg]	1989	8570080167	6732	0.36564989866647774	0.8951592228458284	5	2	5	2	TRUE	erjedik	Vdik	FALSE
ernyed	ernyed	[/V][Prs.NDef.3Sg]	439	8570080167	1088	-0.2905203642158365	0.1036440109042033	6	2	6	2	TRUE	ernyedik	Vdik	FALSE
ernyőz	ernyőz	[/V][Prs.NDef.3Sg]	2	8570080167	161	-2.6319548887939765	-0.7261590084261081	6	2	6	2	TRUE	ernyőzik	zik	FALSE
erodál	erodál	[/V][Prs.NDef.3Sg]	95	8570080167	4189	-0.95526127916911	0.6891254759032617	6	3	6	3	TRUE	erodálik	lik	FALSE
erről	erről	[/V][Prs.NDef.3Sg]	5144	8570080167	28938	0.7783160754582078	1.5284836278475684	5	2	5	2	TRUE	errőlik	lik	FALSE
erőd	erőd	[/V][Prs.NDef.3Sg]	92	8570080167	81829	-0.9691970571124026	1.9799223594086492	4	2	4	2	TRUE	erődik	NA	FALSE
erőszakol	erőszakol	[/V][Prs.NDef.3Sg]	914	8570080167	26979	0.0279613112758736	1.4980409636751644	9	4	9	4	TRUE	erőszakolik	lik	FALSE
esdekel	esdekel	[/V][Prs.NDef.3Sg]	522	8570080167	3148	-0.2153143814556957	0.5650498392290692	7	3	7	3	TRUE	esdekelik	lik	FALSE
esedez	esedez	[/V][Prs.NDef.3Sg]	55	8570080167	61	-1.192622194963714	-1.1476550494471909	6	3	6	3	TRUE	esedezik	zik	TRUE
eszel	eszel	[/V][Prs.NDef.3Sg]	165	8570080167	8463	-0.7155009402440515	0.9945394564170708	5	2	5	2	TRUE	eszelik	lik	FALSE
esz	eszik	[/V][Prs.NDef.3Sg]	487	8570080167	1320365	-0.24545592324332355	3.187709119152203	3	1	5	2	TRUE	eszik	szik	FALSE
eszkalál	eszkalál	[/V][Prs.NDef.3Sg]	41	8570080167	767	-1.3202010277382223	-0.04818952050897688	8	3	8	3	TRUE	eszkalálik	lik	FALSE
eszkábál	eszkábál	[/V][Prs.NDef.3Sg]	230	8570080167	3487	-0.571257048440365	0.6094670629180188	8	3	8	3	TRUE	eszkábálik	lik	FALSE
eszközöl	eszközöl	[/V][Prs.NDef.3Sg]	2840	8570080167	30605	0.5203334555890798	1.5528074993772485	8	3	8	3	TRUE	eszközölik	lik	FALSE
eszmél	eszmél	[/V][Prs.NDef.3Sg]	2588	8570080167	18731	0.47997938753870495	1.339576079403599	6	2	6	2	TRUE	eszmélik	lik	FALSE
esztergál	esztergál	[/V][Prs.NDef.3Sg]	250	8570080167	3275	-0.5350448757859202	0.582226419869844	9	3	9	3	TRUE	esztergálik	lik	FALSE
esztergályoz	esztergályoz	[/V][Prs.NDef.3Sg]	23	8570080167	224	-1.571257048440365	-0.5827368661237949	12	4	12	4	TRUE	esztergályozik	zik	FALSE
esztétizál	esztétizál	[/V][Prs.NDef.3Sg]	75	8570080167	401	-1.0579236210662577	-0.3298405118377755	10	4	10	4	TRUE	esztétizálik	lik	FALSE
etimologizál	etimologizál	[/V][Prs.NDef.3Sg]	11	8570080167	114	-1.8915921992997329	-0.8760800331214852	12	6	12	6	TRUE	etimologizálik	lik	FALSE
ettől	ettől	[/V][Prs.NDef.3Sg]	2257	8570080167	17254	0.42054667461980416	1.303904909243904	5	2	5	2	TRUE	ettőlik	lik	FALSE
etűd	etűd	[/V][Prs.NDef.3Sg]	2	8570080167	8481	-2.6319548887939765	0.995462178751224	4	2	4	2	TRUE	etűdik	NA	FALSE
európaiul	európaiul	[/V][Prs.NDef.3Sg]	16	8570080167	27	-1.728864901802033	-1.5016211202989704	9	6	9	6	TRUE	európaiulik	lik	FALSE
evakuál	evakuál	[/V][Prs.NDef.3Sg]	34	8570080167	7182	-1.4015059674157029	0.9232605163320964	7	4	7	4	TRUE	evakuálik	lik	FALSE
evangelizál	evangelizál	[/V][Prs.NDef.3Sg]	238	8570080167	2436	-0.5564079274014458	0.45369239950287993	11	5	11	5	TRUE	evangelizálik	lik	FALSE
evez	evez	[/V][Prs.NDef.3Sg]	4636	8570080167	44154	0.7331585428336006	1.711985168851734	4	2	4	2	TRUE	evezik	zik	FALSE
evickél	evickél	[/V][Prs.NDef.3Sg]	423	8570080167	3396	-0.30664451708291546	0.5979827971139572	7	3	7	3	TRUE	evickélik	lik	FALSE
evolvál	evolvál	[/V][Prs.NDef.3Sg]	31	8570080167	188	-1.4416231906236852	-0.658827035194278	7	3	7	3	TRUE	evolválik	lik	FALSE
evégből	evégből	[/V][Prs.NDef.3Sg]	6	8570080167	1046	-2.1548336340743144	0.0865468000732976	7	3	7	3	TRUE	evégbőlik	lik	FALSE
excellál	excellál	[/V][Prs.NDef.3Sg]	35	8570080167	89	-1.388916840107682	-0.983594877813045	8	3	8	3	TRUE	excellálik	lik	FALSE
exhumál	exhumál	[/V][Prs.NDef.3Sg]	19	8570080167	2613	-1.654231283505129	0.4841545252693678	7	3	7	3	TRUE	exhumálik	lik	FALSE
exitál	exitál	[/V][Prs.NDef.3Sg]	70	8570080167	320	-1.087886844443701	-0.4278349061380518	6	3	6	3	TRUE	exitálik	lik	FALSE
exkommunikál	exkommunikál	[/V][Prs.NDef.3Sg]	13	8570080167	145	-1.819041532151121	-0.771616882222983	12	5	12	5	TRUE	exkommunikálik	lik	FALSE
exkuzál	exkuzál	[/V][Prs.NDef.3Sg]	7	8570080167	316	-2.087886844443701	-0.433297801839554	7	3	7	3	TRUE	exkuzálik	lik	FALSE
exorcizál	exorcizál	[/V][Prs.NDef.3Sg]	4	8570080167	64	-2.3309248931299953	-1.1268049104740707	9	4	9	4	TRUE	exorcizálik	lik	FALSE
expandál	expandál	[/V][Prs.NDef.3Sg]	137	8570080167	679	-0.796264317301551	-0.10111511017745618	8	3	8	3	TRUE	expandálik	lik	FALSE
expediál	expediál	[/V][Prs.NDef.3Sg]	23	8570080167	413	-1.571257048440365	-0.3170348328015568	8	4	8	4	TRUE	expediálik	lik	FALSE
experimentál	experimentál	[/V][Prs.NDef.3Sg]	98	8570080167	189	-0.9417588087654628	-0.6565230802847137	12	5	12	5	TRUE	experimentálik	lik	FALSE
expiál	expiál	[/V][Prs.NDef.3Sg]	5	8570080167	39	-2.234014880121939	-1.3419202774314587	6	3	6	3	TRUE	expiálik	lik	FALSE
explodál	explodál	[/V][Prs.NDef.3Sg]	32	8570080167	121	-1.427834906138052	-0.8501995141415077	8	3	8	3	TRUE	explodálik	lik	FALSE
exponál	exponál	[/V][Prs.NDef.3Sg]	936	8570080167	8756	0.03829096428014736	1.0093208684379362	7	3	7	3	TRUE	exponálik	lik	FALSE
exportál	exportál	[/V][Prs.NDef.3Sg]	2815	8570080167	39575	0.5164935147294072	1.6644360390764357	8	3	8	3	TRUE	exportálik	lik	FALSE
extemporizál	extemporizál	[/V][Prs.NDef.3Sg]	1	8570080167	2	-2.932984884457958	-2.6319548887939765	12	5	12	5	TRUE	extemporizálik	lik	FALSE
extrapolál	extrapolál	[/V][Prs.NDef.3Sg]	74	8570080167	1287	-1.0637531647269816	0.17659366244642882	10	4	10	4	TRUE	extrapolálik	lik	FALSE
ezzel	ezzel	[/V][Prs.NDef.3Sg]	2	8570080167	257	-2.6319548887939765	-0.5230517611266633	5	2	5	2	TRUE	ezzelik	lik	FALSE
ezüstöz	ezüstöz	[/V][Prs.NDef.3Sg]	7	8570080167	202	-2.087886844443701	-0.627633515011334	7	3	7	3	TRUE	ezüstözik	zik	FALSE
fabrikál	fabrikál	[/V][Prs.NDef.3Sg]	608	8570080167	7228	-0.14908130518522292	0.9260332594309364	8	3	8	3	TRUE	fabrikálik	lik	FALSE
fajul	fajul	[/V][Prs.NDef.3Sg]	5721	8570080167	31002	0.8244870633077102	1.5584048274713476	5	2	5	2	TRUE	fajulik	lik	FALSE
fakad	fakad	[/V][Prs.NDef.3Sg]	91073	8570080167	164393	2.0264047582778346	2.2828984364948774	5	2	5	2	TRUE	fakadik	NA	FALSE
faktorizál	faktorizál	[/V][Prs.NDef.3Sg]	7	8570080167	54	-2.087886844443701	-1.2005911246349894	10	4	10	4	TRUE	faktorizálik	lik	FALSE
fakul	fakul	[/V][Prs.NDef.3Sg]	3285	8570080167	10273	0.5835504894378417	1.0787124036561846	5	2	5	2	TRUE	fakulik	lik	FALSE
fal	fal	[/V][Prs.NDef.3Sg]	11	8570080167	1315334	-1.8915921992997329	3.1860511618573417	3	1	3	1	TRUE	falik	lik	FALSE
falatoz	falatoz	[/V][Prs.NDef.3Sg]	57	8570080167	60	-1.1771100287854663	-1.1548336340743142	7	3	7	3	TRUE	falatozik	zik	TRUE
falaz	falaz	[/V][Prs.NDef.3Sg]	858	8570080167	6895	5.024033907476516e-4	0.9055493860539108	5	2	5	2	TRUE	falazik	zik	FALSE
falcol	falcol	[/V][Prs.NDef.3Sg]	22	8570080167	227	-1.5905622036357516	-0.5769590272648352	6	2	6	2	TRUE	falcolik	lik	FALSE
faluz	faluz	[/V][Prs.NDef.3Sg]	10	8570080167	45	-1.9329848844579576	-1.279772370682614	5	2	5	2	TRUE	faluzik	zik	FALSE
fanatizál	fanatizál	[/V][Prs.NDef.3Sg]	50	8570080167	1268	-1.234014880121939	0.17013436908775606	9	4	9	4	TRUE	fanatizálik	lik	FALSE
fantaziál	fantaziál	[/V][Prs.NDef.3Sg]	10	8570080167	52	-1.9329848844579576	-1.2169815408231586	9	4	9	4	TRUE	fantaziálik	lik	FALSE
fantáziál	fantáziál	[/V][Prs.NDef.3Sg]	2044	8570080167	10910	0.3774960070047173	1.104839866130384	9	4	9	4	TRUE	fantáziálik	lik	FALSE
faragcsál	faragcsál	[/V][Prs.NDef.3Sg]	39	8570080167	135	-1.3419202774314587	-0.8026511159629518	9	3	9	3	TRUE	faragcsálik	lik	FALSE
faricskál	faricskál	[/V][Prs.NDef.3Sg]	10	8570080167	85	-1.9329848844579576	-1.0035659587436652	9	3	9	3	TRUE	faricskálik	lik	FALSE
farigcsál	farigcsál	[/V][Prs.NDef.3Sg]	169	8570080167	2683	-0.7050981798442842	0.49563578821398113	9	3	9	3	TRUE	farigcsálik	lik	FALSE
farkasol	farkasol	[/V][Prs.NDef.3Sg]	1	8570080167	19	-2.932984884457958	-1.654231283505129	8	3	8	3	TRUE	farkasolik	lik	FALSE
farol	farol	[/V][Prs.NDef.3Sg]	638	8570080167	2131	-0.12816420573679552	0.39559856525624415	5	2	5	2	TRUE	farolik	lik	FALSE
farsangol	farsangol	[/V][Prs.NDef.3Sg]	57	8570080167	1198	-1.1771100287854663	0.14547193359533472	9	3	9	3	TRUE	farsangolik	lik	FALSE
fasizál	fasizál	[/V][Prs.NDef.3Sg]	1	8570080167	43	-2.932984884457958	-1.2995164288783714	7	3	7	3	TRUE	fasizálik	lik	FALSE
faszcinál	faszcinál	[/V][Prs.NDef.3Sg]	6	8570080167	22	-2.1548336340743144	-1.5905622036357516	9	3	9	3	TRUE	faszcinálik	lik	FALSE
fattyaz	fattyaz	[/V][Prs.NDef.3Sg]	2	8570080167	39	-2.6319548887939765	-1.3419202774314587	7	2	7	2	TRUE	fattyazik	zik	FALSE
favorizál	favorizál	[/V][Prs.NDef.3Sg]	353	8570080167	9731	-0.3852101790701353	1.055172588098795	9	4	9	4	TRUE	favorizálik	lik	FALSE
faxol	faxol	[/V][Prs.NDef.3Sg]	236	8570080167	2168	-0.5600728814878512	0.40307439340839146	5	2	5	2	TRUE	faxolik	lik	FALSE
fazoníroz	fazoníroz	[/V][Prs.NDef.3Sg]	10	8570080167	648	-1.9329848844579576	-0.12140987858736448	9	4	9	4	TRUE	fazonírozik	zik	FALSE
fecskend	fecskend	[/V][Prs.NDef.3Sg]	125	8570080167	233	-0.8360748714499014	-0.5656289634319388	8	2	8	2	TRUE	fecskendik	NA	FALSE
fecskendez	fecskendez	[/V][Prs.NDef.3Sg]	908	8570080167	9531	0.02510096406312724	1.046153585088852	10	3	10	3	TRUE	fecskendezik	zik	FALSE
fecsérel	fecsérel	[/V][Prs.NDef.3Sg]	172	8570080167	7537	-0.6974564375504089	0.944213630813832	8	3	8	3	TRUE	fecsérelik	lik	FALSE
fed	fed	[/V][Prs.NDef.3Sg]	53568	8570080167	233982	1.7959205475191893	2.4361975643993854	3	1	3	1	TRUE	fedik	Vdik	FALSE
fedd	fedd	[/V][Prs.NDef.3Sg]	390	8570080167	2754	-0.34192027743145864	0.5069790514629471	4	1	4	1	TRUE	feddik	NA	FALSE
fedez	fedez	[/V][Prs.NDef.3Sg]	11011	8570080167	478255	1.108841878179586	2.746674634672235	5	2	5	2	TRUE	fedezik	zik	FALSE
fegyelmez	fegyelmez	[/V][Prs.NDef.3Sg]	775	8570080167	10760	-0.04368318195164757	1.0988273868724123	9	3	9	3	TRUE	fegyelmezik	zik	FALSE
fegyverez	fegyverez	[/V][Prs.NDef.3Sg]	115	8570080167	4447	-0.8722870441043462	0.7150822449909768	9	3	9	3	TRUE	fegyverezik	zik	FALSE
fejből	fejből	[/V][Prs.NDef.3Sg]	49	8570080167	433	-1.2427888044294442	-0.29649698810459235	6	2	6	2	TRUE	fejbőlik	lik	FALSE
fejel	fejel	[/V][Prs.NDef.3Sg]	2026	8570080167	33775	0.3736545565663038	1.5956104732361105	5	2	5	2	TRUE	fejelik	lik	FALSE
fejesel	fejesel	[/V][Prs.NDef.3Sg]	11	8570080167	28	-1.8915921992997329	-1.4858268531157386	7	3	7	3	TRUE	fejeselik	lik	FALSE
fejez	fejez	[/V][Prs.NDef.3Sg]	14309	8570080167	580939	1.2226243992209576	2.831145648355424	5	2	5	2	TRUE	fejezik	zik	FALSE
feketéll	feketéll	[/V][Prs.NDef.3Sg]	22	8570080167	412	-1.5905622036357516	-0.3180876684248232	8	3	8	3	TRUE	feketéllik	NA	FALSE
feketéz	feketéz	[/V][Prs.NDef.3Sg]	9	8570080167	10	-1.978742375018633	-1.9329848844579576	7	3	7	3	TRUE	feketézik	zik	TRUE
feketül	feketül	[/V][Prs.NDef.3Sg]	158	8570080167	270	-0.7343277975035353	-0.5016211202989705	7	3	7	3	TRUE	feketülik	lik	FALSE
felbolydul	felbolydul	[/V][Prs.NDef.3Sg]	1475	8570080167	2214	0.235807135856224	0.41219273208474616	10	3	10	3	TRUE	felbolydulik	lik	FALSE
felcsavaroz	felcsavaroz	[/V][Prs.NDef.3Sg]	12	8570080167	1728	-1.853803638410333	0.30455885368491664	11	4	11	4	TRUE	felcsavarozik	zik	FALSE
felcukkol	felcukkol	[/V][Prs.NDef.3Sg]	2	8570080167	159	-2.6319548887939765	-0.7315877601375064	9	3	9	3	TRUE	felcukkolik	lik	FALSE
feldúsul	feldúsul	[/V][Prs.NDef.3Sg]	809	8570080167	2309	-0.02503636284568554	0.4304390484592185	8	3	8	3	TRUE	feldúsulik	lik	FALSE
feled	feled	[/V][Prs.NDef.3Sg]	2165	8570080167	252934	0.4024730162314264	2.470022327725113	5	2	5	2	TRUE	feledik	Vdik	FALSE
felel	felel	[/V][Prs.NDef.3Sg]	446923	8570080167	960570	2.7172478208760493	3.0495441344076446	5	2	5	2	TRUE	felelik	lik	FALSE
felesel	felesel	[/V][Prs.NDef.3Sg]	949	8570080167	3460	0.04428132796933487	0.6060912143348187	7	3	7	3	TRUE	feleselik	lik	FALSE
felez	felez	[/V][Prs.NDef.3Sg]	402	8570080167	13633	-0.32875883137348777	1.2016065502529192	5	2	5	2	TRUE	felezik	zik	FALSE
felfed	felfed	[/V][Prs.NDef.3Sg]	1201	8570080167	51836	0.1465581229449482	1.781646596734984	6	2	6	2	TRUE	felfedik	Vdik	FALSE
feliratoz	feliratoz	[/V][Prs.NDef.3Sg]	119	8570080167	9524	-0.8574379230654271	1.0458345022748845	9	4	9	4	TRUE	feliratozik	zik	FALSE
feljebbről	feljebbről	[/V][Prs.NDef.3Sg]	1	8570080167	371	-2.932984884457958	-0.363610974842912	10	3	10	3	TRUE	feljebbrőlik	lik	FALSE
fellebbez	fellebbez	[/V][Prs.NDef.3Sg]	3810	8570080167	37935	0.6479400912176614	1.646055203942128	9	3	9	3	TRUE	fellebbezik	zik	FALSE
fellábad	fellábad	[/V][Prs.NDef.3Sg]	1	8570080167	20	-2.932984884457958	-1.6319548887939763	8	3	8	3	TRUE	fellábadik	NA	FALSE
fellélegez	fellélegez	[/V][Prs.NDef.3Sg]	59	8570080167	68	-1.1621328728158136	-1.1004759717517214	10	4	10	4	TRUE	fellélegezik	zik	FALSE
feltupíroz	feltupíroz	[/V][Prs.NDef.3Sg]	8	8570080167	817	-2.0298948974660145	-0.02076282792554232	10	4	10	4	TRUE	feltupírozik	zik	FALSE
felél	felél	[/V][Prs.NDef.3Sg]	262	8570080167	11965	-0.5146835931382123	1.1449278184914984	5	2	5	2	TRUE	felélik	lik	FALSE
felül	felül	[/V][Prs.NDef.3Sg]	311	8570080167	695561	-0.4402244954311203	2.9093503387294932	5	2	5	2	TRUE	felülik	lik	FALSE
felülmúl	felülmúl	[/V][Prs.NDef.3Sg]	6142	8570080167	89191	0.8553249276490923	2.0173361487574515	8	3	8	3	TRUE	felülmúlik	lik	FALSE
felülről	felülről	[/V][Prs.NDef.3Sg]	183	8570080167	1580	-0.6705337947275284	0.2656722024964648	8	3	8	3	TRUE	felülrőlik	lik	FALSE
felől	felől	[/V][Prs.NDef.3Sg]	1078	8570080167	348912	0.0996338763927621	2.609731021774798	5	2	5	2	TRUE	felőlik	lik	FALSE
felőled	felőled	[/V][Prs.NDef.3Sg]	13	8570080167	38	-1.819041532151121	-1.3532012878411477	7	3	7	3	TRUE	felőledik	Vdik	FALSE
fenekel	fenekel	[/V][Prs.NDef.3Sg]	34	8570080167	790	-1.4015059674157029	-0.03535779316751642	7	3	7	3	TRUE	fenekelik	lik	FALSE
fennhéjáz	fennhéjáz	[/V][Prs.NDef.3Sg]	9	8570080167	293	-1.978742375018633	-0.4661172641038483	9	3	9	3	TRUE	fennhéjázik	zik	FALSE
fentről	fentről	[/V][Prs.NDef.3Sg]	155	8570080167	34630	-0.7426531862876663	1.606467607091503	7	2	7	2	TRUE	fentrőlik	lik	FALSE
ferdül	ferdül	[/V][Prs.NDef.3Sg]	331	8570080167	1189	-0.4131568906822391	0.1421969701607338	6	2	6	2	TRUE	ferdülik	lik	FALSE
fermentál	fermentál	[/V][Prs.NDef.3Sg]	45	8570080167	1866	-1.279772370682614	0.3379267549525233	9	3	9	3	TRUE	fermentálik	lik	FALSE
fertőz	fertőz	[/V][Prs.NDef.3Sg]	6804	8570080167	51974	0.8997794204825735	1.782801257630977	6	2	6	2	TRUE	fertőzik	zik	FALSE
festékez	festékez	[/V][Prs.NDef.3Sg]	15	8570080167	164	-1.756893625402277	-0.71814103641026	8	3	8	3	TRUE	festékezik	zik	FALSE
feszélyez	feszélyez	[/V][Prs.NDef.3Sg]	1107	8570080167	7281	0.11116273642076496	0.9292061465936392	9	3	9	3	TRUE	feszélyezik	zik	FALSE
feszül	feszül	[/V][Prs.NDef.3Sg]	23653	8570080167	58669	1.4409013473311951	1.8354238013690247	6	2	6	2	TRUE	feszülik	lik	FALSE
fetisizál	fetisizál	[/V][Prs.NDef.3Sg]	23	8570080167	789	-1.571257048440365	-0.03590788124853755	9	4	9	4	TRUE	fetisizálik	lik	FALSE
fial	fial	[/V][Prs.NDef.3Sg]	1344	8570080167	8784	0.1954143842598486	1.010707442648059	4	2	4	2	TRUE	fialik	lik	FALSE
ficánkol	ficánkol	[/V][Prs.NDef.3Sg]	992	8570080167	3727	0.06352678769622086	0.6383745082958818	8	3	8	3	TRUE	ficánkolik	lik	FALSE
figuráz	figuráz	[/V][Prs.NDef.3Sg]	146	8570080167	3948	-0.7686320286735208	0.6633922595396413	7	3	7	3	TRUE	figurázik	zik	FALSE
figyel	figyel	[/V][Prs.NDef.3Sg]	109359	8570080167	1694001	2.1058696458466186	3.29592877790884	6	2	6	2	TRUE	figyelik	lik	FALSE
fillérez	fillérez	[/V][Prs.NDef.3Sg]	1	8570080167	69	-2.932984884457958	-1.0941357937207026	8	3	8	3	TRUE	fillérezik	zik	FALSE
filmez	filmez	[/V][Prs.NDef.3Sg]	748	8570080167	12849	-0.05908328659349648	1.175884444658274	6	2	6	2	TRUE	filmezik	zik	FALSE
filologizál	filologizál	[/V][Prs.NDef.3Sg]	3	8570080167	16	-2.455863629738295	-1.728864901802033	11	5	11	5	TRUE	filologizálik	lik	FALSE
filozofál	filozofál	[/V][Prs.NDef.3Sg]	1025	8570080167	5546	0.0777389809338153	0.810994980783885	9	4	9	4	TRUE	filozofálik	lik	FALSE
filtrál	filtrál	[/V][Prs.NDef.3Sg]	3	8570080167	74	-2.455863629738295	-1.0637531647269816	7	2	7	2	TRUE	filtrálik	lik	FALSE
finanszíroz	finanszíroz	[/V][Prs.NDef.3Sg]	9127	8570080167	146532	1.0273431660721852	2.2329475928317235	11	4	11	4	TRUE	finanszírozik	zik	FALSE
finisel	finisel	[/V][Prs.NDef.3Sg]	42	8570080167	570	-1.3097355940600577	-0.17711002878546644	7	3	7	3	TRUE	finiselik	lik	FALSE
finomul	finomul	[/V][Prs.NDef.3Sg]	408	8570080167	983	-0.3223247213680779	0.05956863337417779	7	3	7	3	TRUE	finomulik	lik	FALSE
firkál	firkál	[/V][Prs.NDef.3Sg]	917	8570080167	9101	0.02938445121206326	1.0261042299094345	6	2	6	2	TRUE	firkálik	lik	FALSE
fittyed	fittyed	[/V][Prs.NDef.3Sg]	36	8570080167	101	-1.3766823836906703	-0.9286635106753152	7	2	7	2	TRUE	fittyedik	Vdik	FALSE
fitymál	fitymál	[/V][Prs.NDef.3Sg]	71	8570080167	1942	-1.0817265357388826	0.3552643411140282	7	2	7	2	TRUE	fitymálik	lik	FALSE
fixál	fixál	[/V][Prs.NDef.3Sg]	388	8570080167	12347	-0.3441531588637506	1.158576563687015	5	2	5	2	TRUE	fixálik	lik	FALSE
fixíroz	fixíroz	[/V][Prs.NDef.3Sg]	75	8570080167	1307	-1.0579236210662577	0.18329070312258644	7	3	7	3	TRUE	fixírozik	zik	FALSE
flancol	flancol	[/V][Prs.NDef.3Sg]	68	8570080167	594	-1.1004759717517214	-0.1591984394767643	7	2	7	2	TRUE	flancolik	lik	FALSE
flangál	flangál	[/V][Prs.NDef.3Sg]	709	8570080167	3743	-0.0823386492748913	0.6402349426564641	7	2	7	2	TRUE	flangálik	lik	FALSE
fluktuál	fluktuál	[/V][Prs.NDef.3Sg]	341	8570080167	627	-0.4002305054654602	-0.13571734362724142	8	3	8	3	TRUE	fluktuálik	lik	FALSE
fluoreszkál	fluoreszkál	[/V][Prs.NDef.3Sg]	513	8570080167	1059	-0.22286751934614157	0.09191107564952716	11	4	11	4	TRUE	fluoreszkálik	lik	FALSE
flótáz	flótáz	[/V][Prs.NDef.3Sg]	2	8570080167	18	-2.6319548887939765	-1.6777123793546518	6	2	6	2	TRUE	flótázik	zik	FALSE
flörtöl	flörtöl	[/V][Prs.NDef.3Sg]	2269	8570080167	9890	0.42284961142697813	1.0622114071392217	7	2	7	2	TRUE	flörtölik	lik	FALSE
fodroz	fodroz	[/V][Prs.NDef.3Sg]	141	8570080167	1393	-0.783765771802578	0.21096623196600564	6	2	6	2	TRUE	fodrozik	zik	FALSE
fogad	fogad	[/V][Prs.NDef.3Sg]	127764	8570080167	1856349	2.1734236156569224	3.3356747439580565	5	2	5	2	TRUE	fogadik	NA	FALSE
fogalmaz	fogalmaz	[/V][Prs.NDef.3Sg]	99222	8570080167	888084	2.063623092326161	3.015469161288153	8	3	8	3	TRUE	fogalmazik	zik	FALSE
fogasol	fogasol	[/V][Prs.NDef.3Sg]	2	8570080167	128	-2.6319548887939765	-0.8257749148100895	7	3	7	3	TRUE	fogasolik	lik	FALSE
fogaz	fogaz	[/V][Prs.NDef.3Sg]	333	8570080167	2400	-0.410540650951638	0.4472263572536482	5	2	5	2	TRUE	fogazik	zik	FALSE
foglal	foglal	[/V][Prs.NDef.3Sg]	174941	8570080167	1108687	2.3099067202582098	3.1118240707451053	6	2	6	2	TRUE	foglalik	lik	FALSE
fokol	fokol	[/V][Prs.NDef.3Sg]	19	8570080167	124	-1.654231283505129	-0.8395631992957228	5	2	5	2	TRUE	fokolik	lik	FALSE
fokoz	fokoz	[/V][Prs.NDef.3Sg]	3423	8570080167	323527	0.6014220146799193	2.576925646177989	5	2	5	2	TRUE	fokozik	zik	FALSE
fold	fold	[/V][Prs.NDef.3Sg]	11648	8570080167	19595	1.1332664775110042	1.3591603833561636	4	1	4	1	TRUE	foldik	NA	FALSE
foldoz	foldoz	[/V][Prs.NDef.3Sg]	25	8570080167	513	-1.5350448757859203	-0.22286751934614157	6	2	6	2	TRUE	foldozik	zik	FALSE
foltoz	foltoz	[/V][Prs.NDef.3Sg]	485	8570080167	9305	-0.24724314585569415	1.035731493008828	6	2	6	2	TRUE	foltozik	zik	FALSE
folydogál	folydogál	[/V][Prs.NDef.3Sg]	1364	8570080167	3563	0.2018294858625023	0.6188309378930578	9	3	9	3	TRUE	folydogálik	lik	FALSE
foncsoroz	foncsoroz	[/V][Prs.NDef.3Sg]	2	8570080167	72	-2.6319548887939765	-1.0756523880266893	9	3	9	3	TRUE	foncsorozik	zik	FALSE
fonnyad	fonnyad	[/V][Prs.NDef.3Sg]	649	8570080167	3168	-0.12074018765758858	0.567800288459498	7	2	7	2	TRUE	fonnyadik	NA	FALSE
fontol	fontol	[/V][Prs.NDef.3Sg]	338	8570080167	28393	-0.4040681841803031	1.5202263979802648	6	2	6	2	TRUE	fontolik	lik	FALSE
fordul	fordul	[/V][Prs.NDef.3Sg]	374349	8570080167	1724604	2.6402917928750407	3.3037045045987328	6	2	6	2	TRUE	fordulik	lik	FALSE
forgalmaz	forgalmaz	[/V][Prs.NDef.3Sg]	18959	8570080167	103669	1.3448305421129072	2.0826640248561654	9	3	9	3	TRUE	forgalmazik	zik	FALSE
forgácsol	forgácsol	[/V][Prs.NDef.3Sg]	172	8570080167	1940	-0.6974564375504089	0.3548168454722682	9	3	9	3	TRUE	forgácsolik	lik	FALSE
formalizál	formalizál	[/V][Prs.NDef.3Sg]	29	8570080167	1485	-1.4705868865590015	0.23874156919527337	10	4	10	4	TRUE	formalizálik	lik	FALSE
formuláz	formuláz	[/V][Prs.NDef.3Sg]	18	8570080167	483	-1.6777123793546518	-0.2490377537064457	8	3	8	3	TRUE	formulázik	zik	FALSE
formál	formál	[/V][Prs.NDef.3Sg]	15828	8570080167	208689	1.2664411571360323	2.386514673542796	6	2	6	2	TRUE	formálik	lik	FALSE
formáz	formáz	[/V][Prs.NDef.3Sg]	4911	8570080167	73798	0.7581850496736461	1.935059707707448	6	2	6	2	TRUE	formázik	zik	FALSE
forrad	forrad	[/V][Prs.NDef.3Sg]	99	8570080167	640	-0.937349689860408	-0.12680491047407064	6	2	6	2	TRUE	forradik	NA	FALSE
forral	forral	[/V][Prs.NDef.3Sg]	2893	8570080167	66725	0.528363549190025	1.8913036980015872	6	2	6	2	TRUE	forralik	lik	FALSE
forráz	forráz	[/V][Prs.NDef.3Sg]	122	8570080167	7670	-0.8466250537832096	0.9518104794910232	6	2	6	2	TRUE	forrázik	zik	FALSE
forszíroz	forszíroz	[/V][Prs.NDef.3Sg]	103	8570080167	6891	-0.9201476597527856	0.9052973654567308	9	3	9	3	TRUE	forszírozik	zik	FALSE
foszforeszkál	foszforeszkál	[/V][Prs.NDef.3Sg]	390	8570080167	840	-0.34192027743145864	-0.00870559839607616	13	4	13	4	TRUE	foszforeszkálik	lik	FALSE
fotografál	fotografál	[/V][Prs.NDef.3Sg]	177	8570080167	1363	-0.6850116180961512	0.2015109713767157	10	4	10	4	TRUE	fotografálik	lik	FALSE
fotóz	fotóz	[/V][Prs.NDef.3Sg]	3075	8570080167	12059	0.5548602356534778	1.1483264107020226	5	2	5	2	TRUE	fotózik	zik	TRUE
fragmentál	fragmentál	[/V][Prs.NDef.3Sg]	40	8570080167	711	-1.3309248931299955	-0.08111528372819152	10	3	10	3	TRUE	fragmentálik	lik	FALSE
frakcionál	frakcionál	[/V][Prs.NDef.3Sg]	14	8570080167	403	-1.7868568487797198	-0.3276798383168484	10	4	10	4	TRUE	frakcionálik	lik	FALSE
frappíroz	frappíroz	[/V][Prs.NDef.3Sg]	8	8570080167	94	-2.0298948974660145	-0.9598570308582592	9	3	9	3	TRUE	frappírozik	zik	FALSE
fraternizál	fraternizál	[/V][Prs.NDef.3Sg]	22	8570080167	100	-1.5905622036357516	-0.9329848844579578	11	4	11	4	TRUE	fraternizálik	lik	FALSE
frazeál	frazeál	[/V][Prs.NDef.3Sg]	32	8570080167	78	-1.427834906138052	-1.0408902817674774	7	3	7	3	TRUE	frazeálik	lik	FALSE
frekventál	frekventál	[/V][Prs.NDef.3Sg]	79	8570080167	228	-1.0353577931675164	-0.575050037457504	10	3	10	3	TRUE	frekventálik	lik	FALSE
fricskáz	fricskáz	[/V][Prs.NDef.3Sg]	52	8570080167	647	-1.2169815408231586	-0.12208060378925746	8	2	8	2	TRUE	fricskázik	zik	FALSE
frissül	frissül	[/V][Prs.NDef.3Sg]	20745	8570080167	54773	1.383928554707034	1.80558164408749	7	2	7	2	TRUE	frissülik	lik	FALSE
frizíroz	frizíroz	[/V][Prs.NDef.3Sg]	2	8570080167	39	-2.6319548887939765	-1.3419202774314587	8	3	8	3	TRUE	frizírozik	zik	FALSE
frocliz	frocliz	[/V][Prs.NDef.3Sg]	19	8570080167	794	-1.654231283505129	-0.0331643820308616	7	2	7	2	TRUE	froclizik	zik	FALSE
frusztrál	frusztrál	[/V][Prs.NDef.3Sg]	4037	8570080167	29328	0.6730738649523565	1.5342975631601836	9	2	9	2	TRUE	frusztrálik	lik	FALSE
fröcsköl	fröcsköl	[/V][Prs.NDef.3Sg]	1256	8570080167	5885	0.16600475494321948	0.8367615827214956	8	2	8	2	TRUE	fröcskölik	lik	FALSE
fugáz	fugáz	[/V][Prs.NDef.3Sg]	6	8570080167	686	-2.1548336340743144	-0.09666076875120616	5	2	5	2	TRUE	fugázik	zik	FALSE
fuldokol	fuldoklik	[/V][Prs.NDef.3Sg]	327	8570080167	7240	-0.4184371317976717	0.926753681739189	8	3	9	3	TRUE	fuldokolik	lik	FALSE
fullad	fullad	[/V][Prs.NDef.3Sg]	12885	8570080167	60397	1.1770995384289658	1.8480304827094791	6	2	6	2	TRUE	fulladik	NA	FALSE
fumigál	fumigál	[/V][Prs.NDef.3Sg]	7	8570080167	213	-2.087886844443701	-0.6046052810192202	7	3	7	3	TRUE	fumigálik	lik	FALSE
fundál	fundál	[/V][Prs.NDef.3Sg]	51	8570080167	1034	-1.2254147083600215	0.08153565429996586	6	2	6	2	TRUE	fundálik	lik	FALSE
fungál	fungál	[/V][Prs.NDef.3Sg]	183	8570080167	466	-0.6705337947275284	-0.26459896776795766	6	2	6	2	TRUE	fungálik	lik	FALSE
funkcionál	funkcionál	[/V][Prs.NDef.3Sg]	40392	8570080167	78518	1.673310473229472	1.9619843443199088	10	4	10	4	TRUE	funkcionálik	lik	FALSE
furcsáll	furcsáll	[/V][Prs.NDef.3Sg]	48	8570080167	16339	-1.2517436470823706	1.280240588315443	8	2	8	2	TRUE	furcsállik	NA	FALSE
furdal	furdal	[/V][Prs.NDef.3Sg]	1314	8570080167	4618	0.18561048076580416	0.7314690441231997	6	2	6	2	TRUE	furdalik	lik	FALSE
furkál	furkál	[/V][Prs.NDef.3Sg]	46	8570080167	812	-1.2702270527763837	-0.02342885521678251	6	2	6	2	TRUE	furkálik	lik	FALSE
furnéroz	furnéroz	[/V][Prs.NDef.3Sg]	2	8570080167	357	-2.6319548887939765	-0.38031666834576466	8	3	8	3	TRUE	furnérozik	zik	FALSE
furulyál	furulyál	[/V][Prs.NDef.3Sg]	98	8570080167	218	-0.9417588087654628	-0.594528390853353	8	3	8	3	TRUE	furulyálik	lik	FALSE
furulyáz	furulyáz	[/V][Prs.NDef.3Sg]	23	8570080167	1625	-1.571257048440365	0.27786848085693533	8	3	8	3	TRUE	furulyázik	zik	FALSE
fuserál	fuserál	[/V][Prs.NDef.3Sg]	14	8570080167	170	-1.7868568487797198	-0.7025359630796839	7	3	7	3	TRUE	fuserálik	lik	FALSE
futballoz	futballoz	[/V][Prs.NDef.3Sg]	22	8570080167	27	-1.5905622036357516	-1.5016211202989704	9	3	9	3	TRUE	futballozik	zik	TRUE
futkároz	futkároz	[/V][Prs.NDef.3Sg]	219	8570080167	333	-0.5925407696178394	-0.410540650951638	8	3	8	3	TRUE	futkározik	zik	TRUE
futótűz	futótűz	[/V][Prs.NDef.3Sg]	90	8570080167	11098	-0.9787423750186328	1.1122598360201892	7	3	7	3	TRUE	futótűzik	zik	FALSE
fuvall	fuvall	[/V][Prs.NDef.3Sg]	108	8570080167	221	-0.8995611289710082	-0.5885926107728471	6	2	6	2	TRUE	fuvallik	NA	FALSE
fuvaroz	fuvaroz	[/V][Prs.NDef.3Sg]	1029	8570080167	11782	0.07943049030447508	1.1382341339420168	7	3	7	3	TRUE	fuvarozik	zik	FALSE
fuzionál	fuzionál	[/V][Prs.NDef.3Sg]	408	8570080167	1545	-0.3223247213680779	0.25594359930289556	8	4	8	4	TRUE	fuzionálik	lik	FALSE
fájdogál	fájdogál	[/V][Prs.NDef.3Sg]	1005	8570080167	1829	0.06918117729854986	0.329228821018459	8	3	8	3	TRUE	fájdogálik	lik	FALSE
fájdul	fájdul	[/V][Prs.NDef.3Sg]	1199	8570080167	2783	0.1458342986408908	0.5115283218760851	6	2	6	2	TRUE	fájdulik	lik	FALSE
fájlal	fájlal	[/V][Prs.NDef.3Sg]	492	8570080167	13220	-0.2410197816905975	1.1882465706916636	6	2	6	2	TRUE	fájlalik	lik	FALSE
fárad	fárad	[/V][Prs.NDef.3Sg]	10796	8570080167	63834	1.1002779914265213	1.872067174815941	5	2	5	2	TRUE	fáradik	NA	FALSE
fásul	fásul	[/V][Prs.NDef.3Sg]	188	8570080167	2157	-0.658827035194278	0.4008652606445872	5	2	5	2	TRUE	fásulik	lik	FALSE
fátyoloz	fátyoloz	[/V][Prs.NDef.3Sg]	18	8570080167	475	-1.6777123793546518	-0.2562912748330913	8	3	8	3	TRUE	fátyolozik	zik	FALSE
fékez	fékez	[/V][Prs.NDef.3Sg]	5513	8570080167	57243	0.8084031080213112	1.8247375017986185	5	2	5	2	TRUE	fékezik	zik	FALSE
fél	fél	[/V][Prs.NDef.3Sg]	67353	8570080167	5014343	1.895372060136	3.767229153563195	3	1	3	1	TRUE	félik	lik	FALSE
fémjelez	fémjelez	[/V][Prs.NDef.3Sg]	2807	8570080167	26382	0.5152575281764813	1.488322831545392	8	3	8	3	TRUE	fémjelezik	zik	FALSE
fényez	fényez	[/V][Prs.NDef.3Sg]	181	8570080167	13282	-0.6753063095887734	1.1902785914448677	6	2	6	2	TRUE	fényezik	zik	FALSE
fényképez	fényképez	[/V][Prs.NDef.3Sg]	4310	8570080167	83305	0.7014923857027737	1.987686184262658	9	3	9	3	TRUE	fényképezik	zik	FALSE
fénymásol	fénymásol	[/V][Prs.NDef.3Sg]	228	8570080167	4193	-0.575050037457504	0.6895399779456104	9	3	9	3	TRUE	fénymásolik	lik	FALSE
fércel	fércel	[/V][Prs.NDef.3Sg]	42	8570080167	1224	-1.3097355940600577	0.15479653335158453	6	2	6	2	TRUE	fércelik	lik	FALSE
fészkel	fészkel	[/V][Prs.NDef.3Sg]	7738	8570080167	18195	0.9556438409272684	1.3269671754642964	7	2	7	2	TRUE	fészkelik	lik	FALSE
fésül	fésül	[/V][Prs.NDef.3Sg]	247	8570080167	15743	-0.5402879311982921	1.264102610991931	5	2	5	2	TRUE	fésülik	lik	FALSE
fírol	fírol	[/V][Prs.NDef.3Sg]	2	8570080167	16	-2.6319548887939765	-1.728864901802033	5	2	5	2	TRUE	fírolik	lik	FALSE
fókuszál	fókuszál	[/V][Prs.NDef.3Sg]	37571	8570080167	121911	1.6418678700598373	2.1530580092143197	8	3	8	3	TRUE	fókuszálik	lik	FALSE
föd	föd	[/V][Prs.NDef.3Sg]	560	8570080167	4428	-0.18479685745175745	0.7132227277487273	3	1	3	1	TRUE	födik	Vdik	FALSE
fölbolydul	fölbolydul	[/V][Prs.NDef.3Sg]	12	8570080167	60	-1.853803638410333	-1.1548336340743142	10	3	10	3	TRUE	fölbolydulik	lik	FALSE
földel	földel	[/V][Prs.NDef.3Sg]	1284	8570080167	8641	0.17558013927487662	1.003579120677308	6	2	6	2	TRUE	földelik	lik	FALSE
fölfed	fölfed	[/V][Prs.NDef.3Sg]	46	8570080167	1801	-1.2702270527763837	0.3225288283615755	6	2	6	2	TRUE	fölfedik	Vdik	FALSE
föllebbez	föllebbez	[/V][Prs.NDef.3Sg]	22	8570080167	283	-1.5905622036357516	-0.4811984489336676	9	3	9	3	TRUE	föllebbezik	zik	FALSE
föllábad	föllábad	[/V][Prs.NDef.3Sg]	3	8570080167	15	-2.455863629738295	-1.756893625402277	8	3	8	3	TRUE	föllábadik	NA	FALSE
föllélegez	föllélegez	[/V][Prs.NDef.3Sg]	3	8570080167	189	-2.455863629738295	-0.6565230802847137	10	4	10	4	TRUE	föllélegezik	zik	FALSE
fölél	fölél	[/V][Prs.NDef.3Sg]	18	8570080167	532	-1.6777123793546518	-0.20707325216290967	5	2	5	2	TRUE	fölélik	lik	FALSE
fölérendel	fölérendel	[/V][Prs.NDef.3Sg]	20	8570080167	102	-1.6319548887939763	-0.9243847126960404	10	4	10	4	TRUE	fölérendelik	lik	FALSE
fölöz	fölöz	[/V][Prs.NDef.3Sg]	47	8570080167	1891	-1.2608870265222405	0.34370664438708193	5	2	5	2	TRUE	fölözik	zik	FALSE
fölül	fölül	[/V][Prs.NDef.3Sg]	9	8570080167	22732	-1.978742375018633	1.4236527629147349	5	2	5	2	TRUE	fölülik	lik	FALSE
fölülmúl	fölülmúl	[/V][Prs.NDef.3Sg]	286	8570080167	288	-0.4766188513289148	-0.473592396698727	8	3	8	3	TRUE	fölülmúlik	lik	FALSE
fölülről	fölülről	[/V][Prs.NDef.3Sg]	18	8570080167	155	-1.6777123793546518	-0.7426531862876663	8	3	8	3	TRUE	fölülrőlik	lik	FALSE
föntről	föntről	[/V][Prs.NDef.3Sg]	27	8570080167	4592	-1.5016211202989704	0.7290169949319593	7	2	7	2	TRUE	föntrőlik	lik	FALSE
förmed	förmed	[/V][Prs.NDef.3Sg]	598	8570080167	3850	-0.156283700469547	0.6524758450505428	6	2	6	2	TRUE	förmedik	Vdik	FALSE
fújdogál	fújdogál	[/V][Prs.NDef.3Sg]	883	8570080167	2882	0.01297581911961071	0.5267090920200126	8	3	8	3	TRUE	fújdogálik	lik	FALSE
fújkál	fújkál	[/V][Prs.NDef.3Sg]	59	8570080167	1400	-1.1621328728158136	0.2131431512202802	6	2	6	2	TRUE	fújkálik	lik	FALSE
fúl	fúl	[/V][Prs.NDef.3Sg]	775	8570080167	3285	-0.04368318195164757	0.5835504894378417	3	1	3	1	TRUE	fúlik	lik	FALSE
függönyöz	függönyöz	[/V][Prs.NDef.3Sg]	1	8570080167	379	-2.932984884457958	-0.35434567448988546	9	3	9	3	TRUE	függönyözik	zik	FALSE
fülel	fülel	[/V][Prs.NDef.3Sg]	1450	8570080167	12239	0.22838311777701703	1.154761050326776	5	2	5	2	TRUE	fülelik	lik	FALSE
fülled	fülled	[/V][Prs.NDef.3Sg]	556	8570080167	1096	-0.1879100928759004	0.10682566969039252	6	2	6	2	TRUE	fülledik	Vdik	FALSE
fürkész	fürkész	[/V][Prs.NDef.3Sg]	2179	8570080167	19190	0.4052723457882978	1.3500900902775137	7	2	7	2	TRUE	fürkészik	szik	FALSE
fürtöz	fürtöz	[/V][Prs.NDef.3Sg]	2	8570080167	25	-2.6319548887939765	-1.5350448757859203	6	2	6	2	TRUE	fürtözik	zik	FALSE
füstöl	füstöl	[/V][Prs.NDef.3Sg]	8203	8570080167	33743	0.9809878270930132	1.5951988074740475	6	2	6	2	TRUE	füstölik	lik	FALSE
fütyörész	fütyörész	[/V][Prs.NDef.3Sg]	232	8570080167	5765	-0.5674968995670582	0.82781442717276	9	3	9	3	TRUE	fütyörészik	szik	FALSE
fütyül	fütyül	[/V][Prs.NDef.3Sg]	5401	8570080167	20997	0.7994892928232357	1.3891723637751197	6	2	6	2	TRUE	fütyülik	lik	FALSE
füvez	füvez	[/V][Prs.NDef.3Sg]	5	8570080167	1368	-2.234014880121939	0.20310121292613956	5	2	5	2	TRUE	füvezik	zik	FALSE
főkonzul	főkonzul	[/V][Prs.NDef.3Sg]	12	8570080167	7114	-1.853803638410333	0.9191289763918036	8	3	8	3	TRUE	főkonzulik	lik	FALSE
fől	fől	[/V][Prs.NDef.3Sg]	37	8570080167	2038	-1.3647831603909628	0.37621929521244973	3	1	3	1	TRUE	főlik	lik	FALSE
főz	főz	[/V][Prs.NDef.3Sg]	28100	8570080167	527377	1.515721435447122	2.7891363009332912	3	1	3	1	TRUE	főzik	zik	FALSE
fűrészel	fűrészel	[/V][Prs.NDef.3Sg]	460	8570080167	6534	-0.27022705277638376	0.8821942456814608	8	3	8	3	TRUE	fűrészelik	lik	FALSE
fűszerez	fűszerez	[/V][Prs.NDef.3Sg]	920	8570080167	80758	0.03080294288759742	1.974200670492703	8	3	8	3	TRUE	fűszerezik	zik	FALSE
fűszál	fűszál	[/V][Prs.NDef.3Sg]	17	8570080167	17081	-1.702535963079684	1.2995284082281	6	2	6	2	TRUE	fűszálik	lik	FALSE
fűtőszál	fűtőszál	[/V][Prs.NDef.3Sg]	5	8570080167	8504	-2.234014880121939	0.9966383670572824	8	3	8	3	TRUE	fűtőszálik	lik	FALSE
fűz	fűz	[/V][Prs.NDef.3Sg]	20229	8570080167	225926	1.3729895299383446	2.420981328785432	3	1	3	1	TRUE	fűzik	zik	FALSE
fűzöld	fűzöld	[/V][Prs.NDef.3Sg]	2	8570080167	1909	-2.6319548887939765	0.34782104393570895	6	2	6	2	TRUE	fűzöldik	NA	FALSE
gajdol	gajdol	[/V][Prs.NDef.3Sg]	122	8570080167	649	-0.8466250537832096	-0.12074018765758858	6	2	6	2	TRUE	gajdolik	lik	FALSE
gallyaz	gallyaz	[/V][Prs.NDef.3Sg]	36	8570080167	563	-1.3766823836906703	-0.1824764896066116	7	2	7	2	TRUE	gallyazik	zik	FALSE
galoppoz	galoppoz	[/V][Prs.NDef.3Sg]	6	8570080167	414	-2.1548336340743144	-0.3159845433370589	8	3	8	3	TRUE	galoppozik	zik	TRUE
galvanizál	galvanizál	[/V][Prs.NDef.3Sg]	19	8570080167	801	-1.654231283505129	-0.02935236837372017	10	4	10	4	TRUE	galvanizálik	lik	FALSE
galvánoz	galvánoz	[/V][Prs.NDef.3Sg]	2	8570080167	23	-2.6319548887939765	-1.571257048440365	8	3	8	3	TRUE	galvánozik	zik	FALSE
ganajoz	ganajoz	[/V][Prs.NDef.3Sg]	15	8570080167	49	-1.756893625402277	-1.2427888044294442	7	3	7	3	TRUE	ganajozik	zik	FALSE
ganéz	ganéz	[/V][Prs.NDef.3Sg]	10	8570080167	197	-1.9329848844579576	-0.6385186582963649	5	2	5	2	TRUE	ganézik	zik	FALSE
garantál	garantál	[/V][Prs.NDef.3Sg]	28701	8570080167	317932	1.5249121442243263	2.569349357593356	8	3	8	3	TRUE	garantálik	lik	FALSE
gardíroz	gardíroz	[/V][Prs.NDef.3Sg]	28	8570080167	573	-1.4858268531157386	-0.17483026249056782	8	3	8	3	TRUE	gardírozik	zik	FALSE
gargarizál	gargarizál	[/V][Prs.NDef.3Sg]	33	8570080167	973	-1.4144709445800705	0.05512795581039407	10	4	10	4	TRUE	gargarizálik	lik	FALSE
garníroz	garníroz	[/V][Prs.NDef.3Sg]	1	8570080167	95	-2.932984884457958	-0.95526127916911	8	3	8	3	TRUE	garnírozik	zik	FALSE
gazol	gazol	[/V][Prs.NDef.3Sg]	111	8570080167	1702	-0.8876619056713004	0.2979746712906113	5	2	5	2	TRUE	gazolik	lik	FALSE
gazsulál	gazsulál	[/V][Prs.NDef.3Sg]	242	8570080167	769	-0.5491695184775266	-0.04705854465652678	8	3	8	3	TRUE	gazsulálik	lik	FALSE
gebed	gebed	[/V][Prs.NDef.3Sg]	125	8570080167	855	-0.8360748714499014	-0.00101876972978518	5	2	5	2	TRUE	gebedik	Vdik	FALSE
generalizál	generalizál	[/V][Prs.NDef.3Sg]	14	8570080167	315	-1.7868568487797198	-0.4346743306683573	11	5	11	5	TRUE	generalizálik	lik	FALSE
generál	generál	[/V][Prs.NDef.3Sg]	40511	8570080167	153488	1.6745880792667722	2.2530895426679405	7	3	7	3	TRUE	generálik	lik	FALSE
generáloz	generáloz	[/V][Prs.NDef.3Sg]	8	8570080167	210	-2.0298948974660145	-0.6107655897240386	9	4	9	4	TRUE	generálozik	zik	FALSE
gennyed	gennyed	[/V][Prs.NDef.3Sg]	25	8570080167	161	-1.5350448757859203	-0.7261590084261081	7	2	7	2	TRUE	gennyedik	Vdik	FALSE
geometrizál	geometrizál	[/V][Prs.NDef.3Sg]	14	8570080167	67	-1.7868568487797198	-1.1069100817571311	11	5	11	5	TRUE	geometrizálik	lik	FALSE
gerebenel	gerebenel	[/V][Prs.NDef.3Sg]	1	8570080167	3	-2.932984884457958	-2.455863629738295	9	4	9	4	TRUE	gerebenelik	lik	FALSE
gerebenez	gerebenez	[/V][Prs.NDef.3Sg]	10	8570080167	63	-1.9329848844579576	-1.133644335004376	9	4	9	4	TRUE	gerebenezik	zik	FALSE
gereblyél	gereblyél	[/V][Prs.NDef.3Sg]	3	8570080167	54	-2.455863629738295	-1.2005911246349894	9	3	9	3	TRUE	gereblyélik	lik	FALSE
gereblyéz	gereblyéz	[/V][Prs.NDef.3Sg]	62	8570080167	3244	-1.140593194959704	0.5780959610811606	9	3	9	3	TRUE	gereblyézik	zik	FALSE
gerjed	gerjed	[/V][Prs.NDef.3Sg]	4753	8570080167	13775	0.7439829298368007	1.2061067230658649	6	2	6	2	TRUE	gerjedik	Vdik	FALSE
gerjedez	gerjedez	[/V][Prs.NDef.3Sg]	66	8570080167	234	-1.1134409489160892	-0.5637690270478151	8	3	8	3	TRUE	gerjedezik	zik	FALSE
germanizál	germanizál	[/V][Prs.NDef.3Sg]	6	8570080167	89	-2.1548336340743144	-0.983594877813045	10	4	10	4	TRUE	germanizálik	lik	FALSE
gesztikulál	gesztikulál	[/V][Prs.NDef.3Sg]	1205	8570080167	4451	0.14800216245292935	0.7154727098245647	11	4	11	4	TRUE	gesztikulálik	lik	FALSE
gipszel	gipszel	[/V][Prs.NDef.3Sg]	161	8570080167	1175	-0.7261590084261081	0.13705298214979725	7	2	7	2	TRUE	gipszelik	lik	FALSE
gittel	gittel	[/V][Prs.NDef.3Sg]	6	8570080167	498	-2.1548336340743144	-0.2357555416982403	6	2	6	2	TRUE	gittelik	lik	FALSE
gitároz	gitároz	[/V][Prs.NDef.3Sg]	36	8570080167	17526	-1.3766823836906703	1.3106979228992357	7	3	7	3	TRUE	gitározik	zik	FALSE
glancol	glancol	[/V][Prs.NDef.3Sg]	6	8570080167	138	-2.1548336340743144	-0.7931057980567213	7	2	7	2	TRUE	glancolik	lik	FALSE
glorifikál	glorifikál	[/V][Prs.NDef.3Sg]	3	8570080167	133	-2.455863629738295	-0.809133243490872	10	4	10	4	TRUE	glorifikálik	lik	FALSE
glosszáz	glosszáz	[/V][Prs.NDef.3Sg]	2	8570080167	22	-2.6319548887939765	-1.5905622036357516	8	2	8	2	TRUE	glosszázik	zik	FALSE
golfoz	golfoz	[/V][Prs.NDef.3Sg]	50	8570080167	2994	-1.234014880121939	0.5432669115490757	6	2	6	2	TRUE	golfozik	zik	TRUE
golyóz	golyóz	[/V][Prs.NDef.3Sg]	7	8570080167	7	-2.087886844443701	-2.087886844443701	6	2	6	2	TRUE	golyózik	zik	TRUE
gombol	gombol	[/V][Prs.NDef.3Sg]	163	8570080167	6955	-0.720797280054	0.9093122498701074	6	2	6	2	TRUE	gombolik	lik	FALSE
gomboz	gomboz	[/V][Prs.NDef.3Sg]	34	8570080167	114	-1.4015059674157029	-0.8760800331214852	6	2	6	2	TRUE	gombozik	zik	TRUE
gondol	gondol	[/V][Prs.NDef.3Sg]	181747	8570080167	4935994	2.3264823664667977	3.760389738656272	6	2	6	2	TRUE	gondolik	lik	FALSE
gondoz	gondoz	[/V][Prs.NDef.3Sg]	4782	8570080167	86315	0.7466246873217982	2.0031013904131183	6	2	6	2	TRUE	gondozik	zik	FALSE
gornyadoz	gornyadoz	[/V][Prs.NDef.3Sg]	1	8570080167	9	-2.932984884457958	-1.978742375018633	9	3	9	3	TRUE	gornyadozik	zik	FALSE
granulál	granulál	[/V][Prs.NDef.3Sg]	7	8570080167	449	-2.087886844443701	-0.28073854345463467	8	3	8	3	TRUE	granulálik	lik	FALSE
grasszál	grasszál	[/V][Prs.NDef.3Sg]	417	8570080167	2067	-0.31284882948420034	0.3823555921693304	8	2	8	2	TRUE	grasszálik	lik	FALSE
gratulál	gratulál	[/V][Prs.NDef.3Sg]	7003	8570080167	282236	0.9122992418900336	2.517627523983005	8	3	8	3	TRUE	gratulálik	lik	FALSE
gravitál	gravitál	[/V][Prs.NDef.3Sg]	416	8570080167	956	-0.3138915538312151	0.04747300781814221	8	3	8	3	TRUE	gravitálik	lik	FALSE
gravíroz	gravíroz	[/V][Prs.NDef.3Sg]	56	8570080167	4337	-1.1847968574517571	0.704204537690804	8	3	8	3	TRUE	gravírozik	zik	FALSE
grimaszol	grimaszol	[/V][Prs.NDef.3Sg]	696	8570080167	2623	-0.09037564484739571	0.48581340613239576	9	3	9	3	TRUE	grimaszolik	lik	FALSE
gründol	gründol	[/V][Prs.NDef.3Sg]	441	8570080167	3306	-0.2885462949901193	0.5863179647774709	7	2	7	2	TRUE	gründolik	lik	FALSE
gubancol	gubancol	[/V][Prs.NDef.3Sg]	67	8570080167	366	-1.1069100817571311	-0.3695037990635472	8	3	8	3	TRUE	gubancolik	lik	FALSE
guberál	guberál	[/V][Prs.NDef.3Sg]	185	8570080167	1484	-0.6658131560549441	0.23844901648505043	7	3	7	3	TRUE	guberálik	lik	FALSE
guggol	guggol	[/V][Prs.NDef.3Sg]	1891	8570080167	16023	0.34370664438708193	1.2717589482308418	6	2	6	2	TRUE	guggolik	lik	FALSE
gumiz	gumiz	[/V][Prs.NDef.3Sg]	9	8570080167	1125	-1.978742375018633	0.11816763798942344	5	2	5	2	TRUE	gumizik	zik	FALSE
gumíroz	gumíroz	[/V][Prs.NDef.3Sg]	6	8570080167	2294	-2.1548336340743144	0.427608529107291	7	3	7	3	TRUE	gumírozik	zik	FALSE
gurguláz	gurguláz	[/V][Prs.NDef.3Sg]	37	8570080167	834	-1.3647831603909628	-0.011818833820219121	8	3	8	3	TRUE	gurgulázik	zik	FALSE
gurigáz	gurigáz	[/V][Prs.NDef.3Sg]	18	8570080167	1112	-1.6777123793546518	0.11311990278808084	7	3	7	3	TRUE	gurigázik	zik	FALSE
gurul	gurul	[/V][Prs.NDef.3Sg]	14452	8570080167	65476	1.226943068438027	1.8830972555704375	5	2	5	2	TRUE	gurulik	lik	FALSE
gusztál	gusztál	[/V][Prs.NDef.3Sg]	40	8570080167	698	-1.3309248931299955	-0.08912946183479677	7	2	7	2	TRUE	gusztálik	lik	FALSE
gyakorol	gyakorol	[/V][Prs.NDef.3Sg]	82057	8570080167	698422	1.981130750677663	2.9111330265490047	8	3	8	3	TRUE	gyakorolik	lik	FALSE
gyalogol	gyalogol	[/V][Prs.NDef.3Sg]	3869	8570080167	57498	0.6546138452632871	1.8266678540739327	8	3	8	3	TRUE	gyalogolik	lik	FALSE
gyalul	gyalul	[/V][Prs.NDef.3Sg]	274	8570080167	6128	-0.49523432163756986	0.8543338721665896	6	2	6	2	TRUE	gyalulik	lik	FALSE
gyaláz	gyaláz	[/V][Prs.NDef.3Sg]	768	8570080167	18006	-0.04762366442644582	1.3224323613505384	6	2	6	2	TRUE	gyalázik	zik	FALSE
gyantáz	gyantáz	[/V][Prs.NDef.3Sg]	28	8570080167	2056	-1.4858268531157386	0.3800382258652803	7	2	7	2	TRUE	gyantázik	zik	FALSE
gyengül	gyengül	[/V][Prs.NDef.3Sg]	21141	8570080167	85916	1.3921406417589728	2.001089164875572	7	2	7	2	TRUE	gyengülik	lik	FALSE
gyertyáz	gyertyáz	[/V][Prs.NDef.3Sg]	2	8570080167	84	-2.6319548887939765	-1.0087055983960762	8	2	8	2	TRUE	gyertyázik	zik	FALSE
gyilkol	gyilkol	[/V][Prs.NDef.3Sg]	5516	8570080167	60955	0.8086393730458543	1.8520244511461	7	2	7	2	TRUE	gyilkolik	lik	FALSE
gyomlál	gyomlál	[/V][Prs.NDef.3Sg]	295	8570080167	5467	-0.4631628684797948	0.8047641894335994	7	2	7	2	TRUE	gyomlálik	lik	FALSE
gyomroz	gyomroz	[/V][Prs.NDef.3Sg]	31	8570080167	255	-1.4416231906236852	-0.5264447040240027	7	2	7	2	TRUE	gyomrozik	zik	FALSE
gyorsul	gyorsul	[/V][Prs.NDef.3Sg]	24896	8570080167	61593	1.463144690851637	1.8565464732565136	7	2	7	2	TRUE	gyorsulik	lik	FALSE
gyullad	gyullad	[/V][Prs.NDef.3Sg]	7457	8570080167	16841	0.9395792586326938	1.2933829913985282	7	2	7	2	TRUE	gyulladik	NA	FALSE
gyurkál	gyurkál	[/V][Prs.NDef.3Sg]	8	8570080167	51	-2.0298948974660145	-1.2254147083600215	7	2	7	2	TRUE	gyurkálik	lik	FALSE
gyászol	gyászol	[/V][Prs.NDef.3Sg]	4579	8570080167	42239	0.7277857590697395	1.6927287433532436	7	2	7	2	TRUE	gyászolik	lik	FALSE
gyérül	gyérül	[/V][Prs.NDef.3Sg]	448	8570080167	976	-0.2817068704598138	0.05646493320873396	6	2	6	2	TRUE	gyérülik	lik	FALSE
gyógykezel	gyógykezel	[/V][Prs.NDef.3Sg]	51	8570080167	2006	-1.2254147083600215	0.36934604422644146	10	3	10	3	TRUE	gyógykezelik	lik	FALSE
gyógyszerel	gyógyszerel	[/V][Prs.NDef.3Sg]	88	8570080167	318	-0.9885022123077892	-0.4305577644735252	11	3	11	3	TRUE	gyógyszerelik	lik	FALSE
gyógyul	gyógyul	[/V][Prs.NDef.3Sg]	21302	8570080167	97436	1.3954354958909927	2.055734562284199	7	2	7	2	TRUE	gyógyulik	lik	FALSE
gyömöszöl	gyömöszöl	[/V][Prs.NDef.3Sg]	212	8570080167	7328	-0.6066490235292064	0.932000576201836	9	3	9	3	TRUE	gyömöszölik	lik	FALSE
gyöngyöz	gyöngyöz	[/V][Prs.NDef.3Sg]	63	8570080167	63	-1.133644335004376	-1.133644335004376	8	2	8	2	TRUE	gyöngyözik	zik	TRUE
gyöngéll	gyöngéll	[/V][Prs.NDef.3Sg]	1	8570080167	14	-2.932984884457958	-1.7868568487797198	8	2	8	2	TRUE	gyöngéllik	NA	FALSE
gyöngül	gyöngül	[/V][Prs.NDef.3Sg]	565	8570080167	1311	-0.18093643663851933	0.18461780723212645	7	2	7	2	TRUE	gyöngülik	lik	FALSE
gyúl	gyúl	[/V][Prs.NDef.3Sg]	2935	8570080167	11094	0.5346232211256754	1.112103277084859	4	1	4	1	TRUE	gyúlik	lik	FALSE
gyürköd	gyürköd	[/V][Prs.NDef.3Sg]	2	8570080167	45	-2.6319548887939765	-1.279772370682614	7	2	7	2	TRUE	gyürködik	Vdik	FALSE
gyüszmékel	gyüszmékel	[/V][Prs.NDef.3Sg]	5	8570080167	27	-2.234014880121939	-1.5016211202989704	10	3	10	3	TRUE	gyüszmékelik	lik	FALSE
győz	győz	[/V][Prs.NDef.3Sg]	39203	8570080167	499824	1.6603344181133417	2.765832221308704	4	1	4	1	TRUE	győzik	zik	FALSE
győzköd	győzköd	[/V][Prs.NDef.3Sg]	514	8570080167	21944	-0.2220217654626821	1.408330910138515	7	2	7	2	TRUE	győzködik	Vdik	TRUE
gyűl	gyűl	[/V][Prs.NDef.3Sg]	25	8570080167	5875	-1.5350448757859203	0.8360229864858161	4	1	4	1	TRUE	gyűlik	lik	TRUE
gyűlöl	gyűlöl	[/V][Prs.NDef.3Sg]	6925	8570080167	115174	0.9074348932785284	2.12836956571471	6	2	6	2	TRUE	gyűlölik	lik	FALSE
gyűrűz	gyűrűz	[/V][Prs.NDef.3Sg]	50	8570080167	9566	-1.234014880121939	1.0477454920779876	6	2	6	2	TRUE	gyűrűzik	zik	FALSE
gáncsol	gáncsol	[/V][Prs.NDef.3Sg]	201	8570080167	3274	-0.629788827037469	0.5820937906179648	7	2	7	2	TRUE	gáncsolik	lik	FALSE
gányol	gányol	[/V][Prs.NDef.3Sg]	91	8570080167	1250	-0.9739434921368644	0.1639251285500986	6	2	6	2	TRUE	gányolik	lik	FALSE
gárgyul	gárgyul	[/V][Prs.NDef.3Sg]	11	8570080167	116	-1.8915921992997329	-0.8685268952310394	7	2	7	2	TRUE	gárgyulik	lik	FALSE
gátol	gátol	[/V][Prs.NDef.3Sg]	5485	8570080167	152651	0.8061917474527721	2.250714769201678	5	2	5	2	TRUE	gátolik	lik	FALSE
gázol	gázol	[/V][Prs.NDef.3Sg]	2905	8570080167	31544	0.5301612522683917	1.565931879607209	5	2	5	2	TRUE	gázolik	lik	FALSE
gépel	gépel	[/V][Prs.NDef.3Sg]	1607	8570080167	27265	0.2730309923053867	1.5026206175648822	5	2	5	2	TRUE	gépelik	lik	FALSE
géppuskáz	géppuskáz	[/V][Prs.NDef.3Sg]	7	8570080167	279	-2.087886844443701	-0.48738068118436023	9	3	9	3	TRUE	géppuskázik	zik	FALSE
göngyöl	göngyöl	[/V][Prs.NDef.3Sg]	25	8570080167	3491	-1.5350448757859203	0.6099649643562209	7	2	7	2	TRUE	göngyölik	lik	FALSE
görbed	görbed	[/V][Prs.NDef.3Sg]	163	8570080167	480	-0.720797280054	-0.2517436470823706	6	2	6	2	TRUE	görbedik	Vdik	FALSE
görbül	görbül	[/V][Prs.NDef.3Sg]	3918	8570080167	14726	0.6600795472007597	1.235099911682725	6	2	6	2	TRUE	görbülik	lik	FALSE
görcsöl	görcsöl	[/V][Prs.NDef.3Sg]	4651	8570080167	21388	0.7345614550535586	1.3971852909703453	7	2	7	2	TRUE	görcsölik	lik	FALSE
gördül	gördül	[/V][Prs.NDef.3Sg]	8250	8570080167	25559	0.9834690640919672	1.4745589735191045	6	2	6	2	TRUE	gördülik	lik	FALSE
görnyed	görnyed	[/V][Prs.NDef.3Sg]	1597	8570080167	11806	0.2703200316805251	1.139117894427218	7	2	7	2	TRUE	görnyedik	Vdik	FALSE
görögtűz	görögtűz	[/V][Prs.NDef.3Sg]	1	8570080167	1755	-2.932984884457958	0.3112922363438851	8	3	8	3	TRUE	görögtűzik	zik	FALSE
gúnyol	gúnyol	[/V][Prs.NDef.3Sg]	608	8570080167	13657	-0.14908130518522292	1.2023704249508171	6	2	6	2	TRUE	gúnyolik	lik	FALSE
gürcöl	gürcöl	[/V][Prs.NDef.3Sg]	561	8570080167	2794	-0.1840220232017964	0.5132415173202053	6	2	6	2	TRUE	gürcölik	lik	FALSE
güzül	güzül	[/V][Prs.NDef.3Sg]	16	8570080167	87	-1.728864901802033	-0.9934656318393392	5	2	5	2	TRUE	güzülik	lik	FALSE
gőgicsél	gőgicsél	[/V][Prs.NDef.3Sg]	550	8570080167	1000	-0.192622194963714	0.06701511554204219	8	3	8	3	TRUE	gőgicsélik	lik	FALSE
gőz	gőz	[/V][Prs.NDef.3Sg]	19	8570080167	119392	-1.654231283505129	2.1439903429027773	3	1	3	1	TRUE	gőzik	zik	FALSE
gőzöl	gőzöl	[/V][Prs.NDef.3Sg]	467	8570080167	5471	-0.26366800389184564	0.8050818303195114	5	2	5	2	TRUE	gőzölik	lik	FALSE
habilitál	habilitál	[/V][Prs.NDef.3Sg]	105	8570080167	2997	-0.9117955853880196	0.5437018584876869	9	4	9	4	TRUE	habilitálik	lik	FALSE
haboz	haboz	[/V][Prs.NDef.3Sg]	356	8570080167	2888	-0.38153488648508266	0.5276123044396437	5	2	5	2	TRUE	habozik	zik	TRUE
habzsol	habzsol	[/V][Prs.NDef.3Sg]	515	8570080167	8019	-0.2211776554167668	0.9711353290182418	7	2	7	2	TRUE	habzsolik	lik	FALSE
hadovál	hadovál	[/V][Prs.NDef.3Sg]	799	8570080167	3379	-0.03043810514396646	0.5958033073169384	7	3	7	3	TRUE	hadoválik	lik	FALSE
hagymáz	hagymáz	[/V][Prs.NDef.3Sg]	13	8570080167	670	-1.819041532151121	-0.10691008175713142	7	2	7	2	TRUE	hagymázik	zik	FALSE
hagyományoz	hagyományoz	[/V][Prs.NDef.3Sg]	223	8570080167	5596	-0.5846800214097971	0.8148928213618322	11	4	11	4	TRUE	hagyományozik	zik	FALSE
hahotáz	hahotáz	[/V][Prs.NDef.3Sg]	32	8570080167	32	-1.427834906138052	-1.427834906138052	7	3	7	3	TRUE	hahotázik	zik	TRUE
hajaz	hajaz	[/V][Prs.NDef.3Sg]	12941	8570080167	16284	1.178982952748115	1.2787762092494042	5	2	5	2	TRUE	hajazik	zik	FALSE
hajbókol	hajbókol	[/V][Prs.NDef.3Sg]	341	8570080167	1728	-0.4002305054654602	0.30455885368491664	8	3	8	3	TRUE	hajbókolik	lik	FALSE
hajcsikál	hajcsikál	[/V][Prs.NDef.3Sg]	2	8570080167	70	-2.6319548887939765	-1.087886844443701	9	3	9	3	TRUE	hajcsikálik	lik	FALSE
hajhász	hajhász	[/V][Prs.NDef.3Sg]	38	8570080167	1050	-1.3532012878411477	0.08820441461198028	7	2	7	2	TRUE	hajhászik	szik	FALSE
hajigál	hajigál	[/V][Prs.NDef.3Sg]	509	8570080167	7195	-0.22626710212119908	0.9240459138146662	7	3	7	3	TRUE	hajigálik	lik	FALSE
hajkurász	hajkurász	[/V][Prs.NDef.3Sg]	72	8570080167	4740	-1.0756523880266893	0.7427934572161272	9	3	9	3	TRUE	hajkurászik	szik	FALSE
hajol	hajol	[/V][Prs.NDef.3Sg]	12448	8570080167	72506	1.162114695187656	1.9273890622381744	5	2	5	2	TRUE	hajolik	lik	FALSE
hajráz	hajráz	[/V][Prs.NDef.3Sg]	23	8570080167	1590	-1.571257048440365	0.26841223986249363	6	2	6	2	TRUE	hajrázik	zik	FALSE
hajszol	hajszol	[/V][Prs.NDef.3Sg]	1246	8570080167	24226	0.16253315786519296	1.4512968284276266	7	2	7	2	TRUE	hajszolik	lik	FALSE
hajóz	hajóz	[/V][Prs.NDef.3Sg]	138	8570080167	146	-0.7931057980567213	-0.7686320286735208	5	2	5	2	TRUE	hajózik	zik	TRUE
hal	hal	[/V][Prs.NDef.3Sg]	75563	8570080167	1175235	1.9453243074808515	3.1371398323614463	3	1	3	1	TRUE	halik	lik	FALSE
halad	halad	[/V][Prs.NDef.3Sg]	248009	8570080167	1229271	2.4614825567691283	3.1566627517486734	5	2	5	2	TRUE	haladik	NA	FALSE
halandzsáz	halandzsáz	[/V][Prs.NDef.3Sg]	7	8570080167	745	-2.087886844443701	-0.06082861170966497	10	3	10	3	TRUE	halandzsázik	zik	FALSE
haldokol	haldoklik	[/V][Prs.NDef.3Sg]	247	8570080167	21831	-0.5402879311982921	1.4060887451831563	8	3	9	3	TRUE	haldokolik	lik	FALSE
halkul	halkul	[/V][Prs.NDef.3Sg]	1329	8570080167	3048	0.19054009648477416	0.551030078209605	6	2	6	2	TRUE	halkulik	lik	FALSE
hall	hall	[/V][Prs.NDef.3Sg]	38190	8570080167	1878112	1.64896477391536	3.340736603116228	4	1	4	1	TRUE	hallik	NA	FALSE
hallucinál	hallucinál	[/V][Prs.NDef.3Sg]	529	8570080167	4019	-0.2095292124227721	0.671133121734077	10	4	10	4	TRUE	hallucinálik	lik	FALSE
hallóz	hallóz	[/V][Prs.NDef.3Sg]	2	8570080167	105	-2.6319548887939765	-0.9117955853880196	6	2	6	2	TRUE	hallózik	zik	FALSE
halmoz	halmoz	[/V][Prs.NDef.3Sg]	8738	8570080167	84212	1.0084271559155915	1.9923890973320708	6	2	6	2	TRUE	halmozik	zik	FALSE
halványul	halványul	[/V][Prs.NDef.3Sg]	3094	8570080167	8897	0.5575354249053909	1.0162587061103072	9	3	9	3	TRUE	halványulik	lik	FALSE
halász	halász	[/V][Prs.NDef.3Sg]	23	8570080167	135310	-1.571257048440365	2.198345009584852	6	2	6	2	TRUE	halászik	szik	FALSE
hamispénz	hamispénz	[/V][Prs.NDef.3Sg]	6	8570080167	93	-2.1548336340743144	-0.9645019359040228	9	3	9	3	TRUE	hamispénzik	zik	FALSE
hamukál	hamukál	[/V][Prs.NDef.3Sg]	13	8570080167	35	-1.819041532151121	-1.388916840107682	7	3	7	3	TRUE	hamukálik	lik	FALSE
hamvad	hamvad	[/V][Prs.NDef.3Sg]	514	8570080167	1432	-0.2220217654626821	0.22295813351387897	6	2	6	2	TRUE	hamvadik	NA	FALSE
hamvaz	hamvaz	[/V][Prs.NDef.3Sg]	64	8570080167	138	-1.1268049104740707	-0.7931057980567213	6	2	6	2	TRUE	hamvazik	zik	FALSE
hancúroz	hancúroz	[/V][Prs.NDef.3Sg]	11	8570080167	11	-1.8915921992997329	-1.8915921992997329	8	3	8	3	TRUE	hancúrozik	zik	TRUE
hangicsál	hangicsál	[/V][Prs.NDef.3Sg]	78	8570080167	226	-1.0408902817674774	-0.5788764453105569	9	3	9	3	TRUE	hangicsálik	lik	FALSE
hangol	hangol	[/V][Prs.NDef.3Sg]	3216	8570080167	65836	0.5743311556184558	1.8854785521037976	6	2	6	2	TRUE	hangolik	lik	FALSE
hangoz	hangoz	[/V][Prs.NDef.3Sg]	131	8570080167	17633	-0.8157135888021936	1.313341323054412	6	2	6	2	TRUE	hangozik	zik	FALSE
hangszerel	hangszerel	[/V][Prs.NDef.3Sg]	356	8570080167	6701	-0.38153488648508266	0.8931547334779569	10	3	10	3	TRUE	hangszerelik	lik	FALSE
hangsúlyoz	hangsúlyoz	[/V][Prs.NDef.3Sg]	2596	8570080167	806439	0.4813198036703738	2.9735866379609934	10	3	10	3	TRUE	hangsúlyozik	zik	FALSE
hangversenyez	hangversenyez	[/V][Prs.NDef.3Sg]	162	8570080167	239	-0.7234698699153269	-0.5545869835098202	13	4	13	4	TRUE	hangversenyezik	zik	FALSE
hantol	hantol	[/V][Prs.NDef.3Sg]	32	8570080167	1867	-1.427834906138052	0.3381594334911205	6	2	6	2	TRUE	hantolik	lik	FALSE
hantál	hantál	[/V][Prs.NDef.3Sg]	6	8570080167	21	-2.1548336340743144	-1.6107655897240385	6	2	6	2	TRUE	hantálik	lik	FALSE
hantáz	hantáz	[/V][Prs.NDef.3Sg]	4	8570080167	121	-2.3309248931299953	-0.8501995141415077	6	2	6	2	TRUE	hantázik	zik	FALSE
hanyagol	hanyagol	[/V][Prs.NDef.3Sg]	358	8570080167	44395	-0.37910185781408345	1.7143491758664302	8	3	8	3	TRUE	hanyagolik	lik	FALSE
happol	happol	[/V][Prs.NDef.3Sg]	28	8570080167	1597	-1.4858268531157386	0.2703200316805251	6	2	6	2	TRUE	happolik	lik	FALSE
harangoz	harangoz	[/V][Prs.NDef.3Sg]	765	8570080167	777	-0.04932344930434025	-0.04256386565704357	8	3	8	3	TRUE	harangozik	zik	TRUE
harapdál	harapdál	[/V][Prs.NDef.3Sg]	307	8570080167	6626	-0.4458465089807714	0.8882665470879834	8	3	8	3	TRUE	harapdálik	lik	FALSE
harcol	harcol	[/V][Prs.NDef.3Sg]	46074	8570080167	311822	1.7304710335146538	2.5609218682856447	6	2	6	2	TRUE	harcolik	lik	FALSE
harmadol	harmadol	[/V][Prs.NDef.3Sg]	52	8570080167	1807	-1.2169815408231586	0.323973268102974	8	3	8	3	TRUE	harmadolik	lik	FALSE
harmonizál	harmonizál	[/V][Prs.NDef.3Sg]	13557	8570080167	37508	1.1991787115929065	1.6411390228780267	10	4	10	4	TRUE	harmonizálik	lik	FALSE
harácsol	harácsol	[/V][Prs.NDef.3Sg]	382	8570080167	2195	-0.35092152154624906	0.4084496401201824	8	3	8	3	TRUE	harácsolik	lik	FALSE
harákol	harákol	[/V][Prs.NDef.3Sg]	105	8570080167	357	-0.9117955853880196	-0.38031666834576466	7	3	7	3	TRUE	harákolik	lik	FALSE
hasad	hasad	[/V][Prs.NDef.3Sg]	7583	8570080167	12182	0.9468561715286048	1.152733710707445	5	2	5	2	TRUE	hasadik	NA	FALSE
hasal	hasal	[/V][Prs.NDef.3Sg]	1186	8570080167	7248	0.14109980457028595	0.9272333002107987	5	2	5	2	TRUE	hasalik	lik	FALSE
hasonul	hasonul	[/V][Prs.NDef.3Sg]	1274	8570080167	4460	0.17218454354137375	0.716349974254184	7	3	7	3	TRUE	hasonulik	lik	FALSE
használ	használ	[/V][Prs.NDef.3Sg]	457387	8570080167	5769674	2.7272989323311414	3.828166390742691	7	2	7	2	TRUE	használik	lik	FALSE
haszonbérel	haszonbérel	[/V][Prs.NDef.3Sg]	20	8570080167	196	-1.6319548887939763	-0.6407288131014818	11	4	11	4	TRUE	haszonbérelik	lik	FALSE
hatalmaz	hatalmaz	[/V][Prs.NDef.3Sg]	838	8570080167	10534	-0.00974086582768134	1.0896084295635042	8	3	8	3	TRUE	hatalmazik	zik	FALSE
hatol	hatol	[/V][Prs.NDef.3Sg]	19380	8570080167	67109	1.3543688882567888	1.8937958829275845	5	2	5	2	TRUE	hatolik	lik	FALSE
hatványoz	hatványoz	[/V][Prs.NDef.3Sg]	34	8570080167	1198	-1.4015059674157029	0.14547193359533472	9	3	9	3	TRUE	hatványozik	zik	FALSE
határol	határol	[/V][Prs.NDef.3Sg]	3115	8570080167	39988	0.5604731665372306	1.6689447989782724	7	3	7	3	TRUE	határolik	lik	FALSE
határoz	határoz	[/V][Prs.NDef.3Sg]	73134	8570080167	1070142	1.93113444297176	3.0964565247456473	7	3	7	3	TRUE	határozik	zik	FALSE
hazardíroz	hazardíroz	[/V][Prs.NDef.3Sg]	44	8570080167	771	-1.2895322079717704	-0.04593050640700087	10	4	10	4	TRUE	hazardírozik	zik	FALSE
hazudtol	hazudtol	[/V][Prs.NDef.3Sg]	80	8570080167	7008	-1.0298948974660145	0.9126092087020664	8	3	8	3	TRUE	hazudtolik	lik	FALSE
heccel	heccel	[/V][Prs.NDef.3Sg]	64	8570080167	2711	-1.1268049104740707	0.5001446331225278	6	2	6	2	TRUE	heccelik	lik	FALSE
heged	heged	[/V][Prs.NDef.3Sg]	963	8570080167	1797	0.05064140266657667	0.32156319265101596	5	2	5	2	TRUE	hegedik	Vdik	FALSE
hegedül	hegedül	[/V][Prs.NDef.3Sg]	2831	8570080167	13490	0.5189549849071452	1.1970270652139463	7	3	7	3	TRUE	hegedülik	lik	FALSE
hegyez	hegyez	[/V][Prs.NDef.3Sg]	235	8570080167	9459	-0.5619170221862215	1.0428603410096091	6	2	6	2	TRUE	hegyezik	zik	FALSE
heherész	heherész	[/V][Prs.NDef.3Sg]	11	8570080167	664	-1.8915921992997329	-0.11081680508994032	8	3	8	3	TRUE	heherészik	szik	FALSE
helyesel	helyesel	[/V][Prs.NDef.3Sg]	1601	8570080167	28602	0.2714064474613419	1.5234115178527277	8	3	8	3	TRUE	helyeselik	lik	FALSE
helyez	helyez	[/V][Prs.NDef.3Sg]	63905	8570080167	1512735	1.8725499547248252	3.246777970784236	6	2	6	2	TRUE	helyezik	zik	FALSE
helyszínel	helyszínel	[/V][Prs.NDef.3Sg]	252	8570080167	2614	-0.5315843436764137	0.4843206987865677	10	3	10	3	TRUE	helyszínelik	lik	FALSE
helytáll	helytáll	[/V][Prs.NDef.3Sg]	5487	8570080167	52262	0.8063500757381215	1.785201141146585	8	2	8	2	TRUE	helytállik	NA	FALSE
hengerel	hengerel	[/V][Prs.NDef.3Sg]	414	8570080167	2990	-0.3159845433370589	0.5426863038664719	8	3	8	3	TRUE	hengerelik	lik	FALSE
hengerez	hengerez	[/V][Prs.NDef.3Sg]	3	8570080167	737	-2.455863629738295	-0.06551739659890637	8	3	8	3	TRUE	hengerezik	zik	FALSE
henyél	henyél	[/V][Prs.NDef.3Sg]	677	8570080167	2869	-0.1023962157728135	0.5247456637880406	6	2	6	2	TRUE	henyélik	lik	FALSE
herdál	herdál	[/V][Prs.NDef.3Sg]	148	8570080167	3043	-0.7627231690630004	0.5503170679002093	6	2	6	2	TRUE	herdálik	lik	FALSE
hergel	hergel	[/V][Prs.NDef.3Sg]	485	8570080167	12888	-0.24724314585569415	1.1772006429532038	6	2	6	2	TRUE	hergelik	lik	FALSE
hermetizál	hermetizál	[/V][Prs.NDef.3Sg]	1	8570080167	38	-2.932984884457958	-1.3532012878411477	10	4	10	4	TRUE	hermetizálik	lik	FALSE
hernyóz	hernyóz	[/V][Prs.NDef.3Sg]	1	8570080167	55	-2.932984884457958	-1.192622194963714	7	2	7	2	TRUE	hernyózik	zik	FALSE
heroizál	heroizál	[/V][Prs.NDef.3Sg]	44	8570080167	304	-1.2895322079717704	-0.4501113008492041	8	4	8	4	TRUE	heroizálik	lik	FALSE
hervad	hervad	[/V][Prs.NDef.3Sg]	2992	8570080167	7080	0.5429767047344659	0.9170483732318112	6	2	6	2	TRUE	hervadik	NA	FALSE
herél	herél	[/V][Prs.NDef.3Sg]	43	8570080167	1943	-1.2995164288783714	0.3554879161418247	5	2	5	2	TRUE	herélik	lik	FALSE
hetel	hetel	[/V][Prs.NDef.3Sg]	62	8570080167	136	-1.140593194959704	-0.7994459760877403	5	2	5	2	TRUE	hetelik	lik	FALSE
hevenyész	hevenyész	[/V][Prs.NDef.3Sg]	20	8570080167	1150	-1.6319548887939763	0.12771295589565385	9	3	9	3	TRUE	hevenyészik	szik	FALSE
heverész	heverész	[/V][Prs.NDef.3Sg]	233	8570080167	237	-0.5656289634319388	-0.558236538447854	8	3	8	3	TRUE	heverészik	szik	TRUE
hevül	hevül	[/V][Prs.NDef.3Sg]	1327	8570080167	3520	0.1898860384064777	0.6135577790201732	5	2	5	2	TRUE	hevülik	lik	FALSE
hezitál	hezitál	[/V][Prs.NDef.3Sg]	2235	8570080167	14566	0.41629264300999747	1.2303554211602938	7	3	7	3	TRUE	hezitálik	lik	FALSE
hibridizál	hibridizál	[/V][Prs.NDef.3Sg]	61	8570080167	418	-1.1476550494471909	-0.3118086026829226	10	4	10	4	TRUE	hibridizálik	lik	FALSE
hibáz	hibáz	[/V][Prs.NDef.3Sg]	537	8570080167	2615	-0.20301059875840224	0.4844868087453352	5	2	5	2	TRUE	hibázik	zik	TRUE
hidal	hidal	[/V][Prs.NDef.3Sg]	494	8570080167	8168	-0.2392579355343109	0.979130844620896	5	2	5	2	TRUE	hidalik	lik	FALSE
hidegül	hidegül	[/V][Prs.NDef.3Sg]	77	8570080167	592	-1.046494159285476	-0.16066317773503802	7	3	7	3	TRUE	hidegülik	lik	FALSE
hidratál	hidratál	[/V][Prs.NDef.3Sg]	12967	8570080167	56844	1.179854626387157	1.8216997463176237	8	3	8	3	TRUE	hidratálik	lik	FALSE
hierarchizál	hierarchizál	[/V][Prs.NDef.3Sg]	12	8570080167	361	-1.853803638410333	-0.3754776825523	12	5	12	5	TRUE	hierarchizálik	lik	FALSE
higgad	higgad	[/V][Prs.NDef.3Sg]	166	8570080167	3577	-0.7128767964179027	0.6205340556910117	6	2	6	2	TRUE	higgadik	NA	FALSE
himbál	himbál	[/V][Prs.NDef.3Sg]	307	8570080167	1801	-0.4458465089807714	0.3225288283615755	6	2	6	2	TRUE	himbálik	lik	FALSE
hintál	hintál	[/V][Prs.NDef.3Sg]	71	8570080167	214	-1.0817265357388826	-0.602571111108767	6	2	6	2	TRUE	hintálik	lik	FALSE
hintáz	hintáz	[/V][Prs.NDef.3Sg]	78	8570080167	78	-1.0408902817674774	-1.0408902817674774	6	2	6	2	TRUE	hintázik	zik	TRUE
hipnotizál	hipnotizál	[/V][Prs.NDef.3Sg]	362	8570080167	3292	-0.3742763139247921	0.5844749420822744	10	4	10	4	TRUE	hipnotizálik	lik	FALSE
hisz	hisz	[/V][Prs.NDef.3Sg]	82087	8570080167	3584379	1.9812894995152952	3.6214290397760864	4	1	4	1	TRUE	hiszik	szik	FALSE
hitelez	hitelez	[/V][Prs.NDef.3Sg]	1931	8570080167	6571	0.3527973893214369	0.8846465827325576	7	3	7	3	TRUE	hitelezik	zik	FALSE
hizlal	hizlal	[/V][Prs.NDef.3Sg]	6350	8570080167	16635	0.8697888408340179	1.2880379207468835	6	2	6	2	TRUE	hizlalik	lik	FALSE
hiányol	hiányol	[/V][Prs.NDef.3Sg]	2309	8570080167	77938	0.4304390484592185	1.9587643725272184	7	3	7	3	TRUE	hiányolik	lik	FALSE
hiányoz	hiányoz	[/V][Prs.NDef.3Sg]	59	8570080167	72	-1.1621328728158136	-1.0756523880266893	7	3	7	3	TRUE	hiányozik	zik	TRUE
hiúsul	hiúsul	[/V][Prs.NDef.3Sg]	2850	8570080167	6426	0.5218599755505524	0.8749558367575414	6	3	6	3	TRUE	hiúsulik	lik	FALSE
hiúz	hiúz	[/V][Prs.NDef.3Sg]	260	8570080167	8728	-0.5180115364871398	1.0079298531223275	4	2	4	2	TRUE	hiúzik	zik	FALSE
hokiz	hokiz	[/V][Prs.NDef.3Sg]	5	8570080167	5	-2.234014880121939	-2.234014880121939	5	2	5	2	TRUE	hokizik	zik	TRUE
hominid	hominid	[/V][Prs.NDef.3Sg]	1	8570080167	92	-2.932984884457958	-0.9691970571124026	7	3	7	3	TRUE	hominidik	NA	FALSE
homokoz	homokoz	[/V][Prs.NDef.3Sg]	94	8570080167	107	-0.9598570308582592	-0.9036011067727482	7	3	7	3	TRUE	homokozik	zik	TRUE
homályosul	homályosul	[/V][Prs.NDef.3Sg]	200	8570080167	709	-0.6319548887939767	-0.0823386492748913	10	4	10	4	TRUE	homályosulik	lik	FALSE
honol	honol	[/V][Prs.NDef.3Sg]	6806	8570080167	11394	0.8999070603018328	1.1236913306627034	5	2	5	2	TRUE	honolik	lik	FALSE
honorál	honorál	[/V][Prs.NDef.3Sg]	354	8570080167	14459	-0.3839816224321701	1.227153373265444	7	3	7	3	TRUE	honorálik	lik	FALSE
honosul	honosul	[/V][Prs.NDef.3Sg]	39	8570080167	415	-1.3419202774314587	-0.31493678774586514	7	3	7	3	TRUE	honosulik	lik	FALSE
hord	hord	[/V][Prs.NDef.3Sg]	36091	8570080167	308279	1.6244140310863149	2.5559590570874056	4	1	4	1	TRUE	hordik	NA	FALSE
hordoz	hordoz	[/V][Prs.NDef.3Sg]	70333	8570080167	273817	1.9141742578475085	2.50447552346346	6	2	6	2	TRUE	hordozik	zik	FALSE
horgad	horgad	[/V][Prs.NDef.3Sg]	175	8570080167	598	-0.6899468357716634	-0.156283700469547	6	2	6	2	TRUE	horgadik	NA	FALSE
horganyoz	horganyoz	[/V][Prs.NDef.3Sg]	4	8570080167	4621	-2.3309248931299953	0.7317510840607471	9	3	9	3	TRUE	horganyozik	zik	FALSE
horgol	horgol	[/V][Prs.NDef.3Sg]	696	8570080167	27456	-0.09037564484739571	1.5056523817106535	6	2	6	2	TRUE	horgolik	lik	FALSE
horgonyoz	horgonyoz	[/V][Prs.NDef.3Sg]	1091	8570080167	7213	0.10483986613038408	0.9251310477321084	9	3	9	3	TRUE	horgonyozik	zik	FALSE
horhol	horhol	[/V][Prs.NDef.3Sg]	6	8570080167	8	-2.1548336340743144	-2.0298948974660145	6	2	6	2	TRUE	horholik	lik	FALSE
horkol	horkol	[/V][Prs.NDef.3Sg]	4213	8570080167	9441	0.69160657466889	1.042033113174925	6	2	6	2	TRUE	horkolik	lik	FALSE
hornyol	hornyol	[/V][Prs.NDef.3Sg]	8	8570080167	364	-2.0298948974660145	-0.3718835008089018	7	2	7	2	TRUE	hornyolik	lik	FALSE
horpad	horpad	[/V][Prs.NDef.3Sg]	592	8570080167	1178	-0.16066317773503802	0.138160405993125	6	2	6	2	TRUE	horpadik	NA	FALSE
horzsol	horzsol	[/V][Prs.NDef.3Sg]	274	8570080167	1424	-0.49523432163756986	0.22052510484287977	7	2	7	2	TRUE	horzsolik	lik	FALSE
hospitál	hospitál	[/V][Prs.NDef.3Sg]	154	8570080167	1024	-0.7454641636214947	0.0773150721818541	8	3	8	3	TRUE	hospitálik	lik	FALSE
hosszall	hosszall	[/V][Prs.NDef.3Sg]	7	8570080167	26	-2.087886844443701	-1.5180115364871398	8	2	8	2	TRUE	hosszallik	NA	FALSE
hoz	hoz	[/V][Prs.NDef.3Sg]	510183	8570080167	4455966	2.774741098766819	3.7159569839580024	3	1	3	1	TRUE	hozik	zik	FALSE
hozsannáz	hozsannáz	[/V][Prs.NDef.3Sg]	9	8570080167	328	-1.978742375018633	-0.4171110407462787	9	3	9	3	TRUE	hozsannázik	zik	FALSE
hull	hull	[/V][Prs.NDef.3Sg]	35230	8570080167	78959	1.6139277587232848	1.9644167549853853	4	1	4	1	TRUE	hullik	NA	FALSE
hulldogál	hulldogál	[/V][Prs.NDef.3Sg]	104	8570080167	232	-0.9159515451591774	-0.5674968995670582	9	3	9	3	TRUE	hulldogálik	lik	FALSE
humanizál	humanizál	[/V][Prs.NDef.3Sg]	39	8570080167	877	-1.3419202774314587	0.01001470890808267	9	4	9	4	TRUE	humanizálik	lik	FALSE
humorizál	humorizál	[/V][Prs.NDef.3Sg]	471	8570080167	2182	-0.2599639773290616	0.4058698617943653	9	4	9	4	TRUE	humorizálik	lik	FALSE
hurcol	hurcol	[/V][Prs.NDef.3Sg]	1003	8570080167	38760	0.06831604856246029	1.6553988839207698	6	2	6	2	TRUE	hurcolik	lik	FALSE
hurkol	hurkol	[/V][Prs.NDef.3Sg]	142	8570080167	2569	-0.7806965400749013	0.47677921980838833	6	2	6	2	TRUE	hurkolik	lik	FALSE
hurráz	hurráz	[/V][Prs.NDef.3Sg]	8	8570080167	190	-2.0298948974660145	-0.6542312835051288	6	2	6	2	TRUE	hurrázik	zik	FALSE
huzagol	huzagol	[/V][Prs.NDef.3Sg]	14	8570080167	252	-1.7868568487797198	-0.5315843436764137	7	3	7	3	TRUE	huzagolik	lik	FALSE
huzigál	huzigál	[/V][Prs.NDef.3Sg]	65	8570080167	1813	-1.1200715278151023	0.3254129196375508	7	3	7	3	TRUE	huzigálik	lik	FALSE
hájaz	hájaz	[/V][Prs.NDef.3Sg]	1	8570080167	10	-2.932984884457958	-1.9329848844579576	5	2	5	2	TRUE	hájazik	zik	FALSE
hál	hál	[/V][Prs.NDef.3Sg]	24279	8570080167	32823	1.452245910654257	1.5831933882951483	3	1	3	1	TRUE	hálik	lik	FALSE
hálál	hálál	[/V][Prs.NDef.3Sg]	516	8570080167	17577	-0.22033518283074652	1.3119598682692215	5	2	5	2	TRUE	hálálik	lik	FALSE
hálóz	hálóz	[/V][Prs.NDef.3Sg]	246	8570080167	5844	-0.5420497773545787	0.8337253228043013	5	2	5	2	TRUE	hálózik	zik	FALSE
hámoz	hámoz	[/V][Prs.NDef.3Sg]	384	8570080167	22130	-0.34865366009042703	1.4119965294693002	5	2	5	2	TRUE	hámozik	zik	FALSE
hántol	hántol	[/V][Prs.NDef.3Sg]	17	8570080167	1635	-1.702535963079684	0.280532872538347	6	2	6	2	TRUE	hántolik	lik	FALSE
háromszoroz	háromszoroz	[/V][Prs.NDef.3Sg]	12	8570080167	614	-1.853803638410333	-0.14481651331679016	11	4	11	4	TRUE	háromszorozik	zik	FALSE
hárul	hárul	[/V][Prs.NDef.3Sg]	29944	8570080167	46627	1.5433249296484075	1.735652589213158	5	2	5	2	TRUE	hárulik	lik	FALSE
hátal	hátal	[/V][Prs.NDef.3Sg]	55	8570080167	93	-1.192622194963714	-0.9645019359040228	5	2	5	2	TRUE	hátalik	lik	FALSE
hátall	hátall	[/V][Prs.NDef.3Sg]	9	8570080167	10	-1.978742375018633	-1.9329848844579576	6	2	6	2	TRUE	hátallik	NA	FALSE
hátrál	hátrál	[/V][Prs.NDef.3Sg]	4464	8570080167	33916	0.7167393014715645	1.5974197421348666	6	2	6	2	TRUE	hátrálik	lik	FALSE
házal	házal	[/V][Prs.NDef.3Sg]	801	8570080167	4367	-0.02935236837372017	0.7071983074633823	5	2	5	2	TRUE	házalik	lik	FALSE
hébérez	hébérez	[/V][Prs.NDef.3Sg]	1	8570080167	2	-2.932984884457958	-2.6319548887939765	7	3	7	3	TRUE	hébérezik	zik	FALSE
héjaz	héjaz	[/V][Prs.NDef.3Sg]	2	8570080167	147	-2.6319548887939765	-0.7656675497097818	5	2	5	2	TRUE	héjazik	zik	FALSE
hérósz	hérósz	[/V][Prs.NDef.3Sg]	3	8570080167	31	-2.455863629738295	-1.4416231906236852	6	2	6	2	TRUE	hérószik	szik	FALSE
hézagol	hézagol	[/V][Prs.NDef.3Sg]	3	8570080167	538	-2.455863629738295	-0.20220260879156865	7	3	7	3	TRUE	hézagolik	lik	FALSE
hígul	hígul	[/V][Prs.NDef.3Sg]	1193	8570080167	2378	0.14365555921238404	0.443226965824715	5	2	5	2	TRUE	hígulik	lik	FALSE
hímez	hímez	[/V][Prs.NDef.3Sg]	719	8570080167	12685	-0.07625599407507523	1.1703055870997916	5	2	5	2	TRUE	hímezik	zik	FALSE
híresztel	híresztel	[/V][Prs.NDef.3Sg]	854	8570080167	6901	-0.00152701376895277	0.9059271429480408	9	3	9	3	TRUE	híresztelik	lik	FALSE
híresül	híresül	[/V][Prs.NDef.3Sg]	119	8570080167	4779	-0.8574379230654271	0.7463521460628362	7	3	7	3	TRUE	híresülik	lik	FALSE
hódol	hódol	[/V][Prs.NDef.3Sg]	6411	8570080167	43467	0.873940892425774	1.7051747826846666	5	2	5	2	TRUE	hódolik	lik	FALSE
hölgymál	hölgymál	[/V][Prs.NDef.3Sg]	8	8570080167	189	-2.0298948974660145	-0.6565230802847137	8	2	8	2	TRUE	hölgymálik	lik	FALSE
hördül	hördül	[/V][Prs.NDef.3Sg]	708	8570080167	3249	-0.08295162676818883	0.5787648268870249	6	2	6	2	TRUE	hördülik	lik	FALSE
hörpöl	hörpöl	[/V][Prs.NDef.3Sg]	62	8570080167	864	-1.140593194959704	0.00352885802093546	6	2	6	2	TRUE	hörpölik	lik	FALSE
húroz	húroz	[/V][Prs.NDef.3Sg]	1	8570080167	163	-2.932984884457958	-0.720797280054	5	2	5	2	TRUE	húrozik	zik	FALSE
húsol	húsol	[/V][Prs.NDef.3Sg]	2	8570080167	17	-2.6319548887939765	-1.702535963079684	5	2	5	2	TRUE	húsolik	lik	FALSE
húz	húz	[/V][Prs.NDef.3Sg]	54357	8570080167	861876	1.8022705952544753	3.0024599029566503	3	1	3	1	TRUE	húzik	zik	FALSE
húzgál	húzgál	[/V][Prs.NDef.3Sg]	109	8570080167	3289	-0.8955583865173342	0.5840789890246968	6	2	6	2	TRUE	húzgálik	lik	FALSE
húzkod	húzkod	[/V][Prs.NDef.3Sg]	45	8570080167	2180	-1.279772370682614	0.405471609146647	6	2	6	2	TRUE	húzkodik	Vdik	FALSE
hülyül	hülyül	[/V][Prs.NDef.3Sg]	566	8570080167	4723	-0.1801684532696864	0.7412330611187421	6	2	6	2	TRUE	hülyülik	lik	FALSE
hüvelyez	hüvelyez	[/V][Prs.NDef.3Sg]	8	8570080167	261	-2.0298948974660145	-0.5163443771196768	8	3	8	3	TRUE	hüvelyezik	zik	FALSE
hőkezel	hőkezel	[/V][Prs.NDef.3Sg]	7	8570080167	2995	-2.087886844443701	0.5434119422673723	7	3	7	3	TRUE	hőkezelik	lik	FALSE
hőköl	hőköl	[/V][Prs.NDef.3Sg]	277	8570080167	1510	-0.4905051153935094	0.24599206283521163	5	2	5	2	TRUE	hőkölik	lik	FALSE
hőmérőz	hőmérőz	[/V][Prs.NDef.3Sg]	3	8570080167	488	-2.455863629738295	-0.24456506245524723	7	3	7	3	TRUE	hőmérőzik	zik	FALSE
hűl	hűl	[/V][Prs.NDef.3Sg]	20313	8570080167	75204	1.374789184059129	1.943256056289638	3	1	3	1	TRUE	hűlik	lik	FALSE
hűsöl	hűsöl	[/V][Prs.NDef.3Sg]	642	8570080167	9527	-0.12544985638910458	1.0459712807596335	5	2	5	2	TRUE	hűsölik	lik	FALSE
iddogál	iddogál	[/V][Prs.NDef.3Sg]	51	8570080167	767	-1.2254147083600215	-0.04818952050897688	7	3	7	3	TRUE	iddogálik	lik	FALSE
idealizál	idealizál	[/V][Prs.NDef.3Sg]	355	8570080167	5909	-0.38275653140286375	0.8385291055217087	9	5	9	5	TRUE	idealizálik	lik	FALSE
idegez	idegez	[/V][Prs.NDef.3Sg]	31	8570080167	448	-1.4416231906236852	-0.2817068704598138	6	3	6	3	TRUE	idegezik	zik	FALSE
identifikál	identifikál	[/V][Prs.NDef.3Sg]	37	8570080167	1065	-1.3647831603909628	0.09436472331679864	11	5	11	5	TRUE	identifikálik	lik	FALSE
ideologizál	ideologizál	[/V][Prs.NDef.3Sg]	87	8570080167	1300	-0.9934656318393392	0.1809584678488789	11	6	11	6	TRUE	ideologizálik	lik	FALSE
idol	idol	[/V][Prs.NDef.3Sg]	1	8570080167	13246	-2.932984884457958	1.1890998662529115	4	2	4	2	TRUE	idolik	lik	FALSE
idomul	idomul	[/V][Prs.NDef.3Sg]	4822	8570080167	13242	0.750242321583477	1.188968699087341	6	3	6	3	TRUE	idomulik	lik	FALSE
idéz	idéz	[/V][Prs.NDef.3Sg]	54449	8570080167	722464	1.8030050235370505	2.9258313268448504	4	2	4	2	TRUE	idézik	zik	FALSE
időz	időz	[/V][Prs.NDef.3Sg]	1026	8570080167	2623	0.07816247631783964	0.48581340613239576	4	2	4	2	TRUE	időzik	zik	TRUE
ifjul	ifjul	[/V][Prs.NDef.3Sg]	24	8570080167	32	-1.552773642746352	-1.427834906138052	5	2	5	2	TRUE	ifjulik	lik	FALSE
igazol	igazol	[/V][Prs.NDef.3Sg]	21877	8570080167	808866	1.4070028823453895	2.9748916961397827	6	3	6	3	TRUE	igazolik	lik	FALSE
igazul	igazul	[/V][Prs.NDef.3Sg]	942	8570080167	2223	0.04106601833491955	0.4139545782410328	6	3	6	3	TRUE	igazulik	lik	FALSE
igenel	igenel	[/V][Prs.NDef.3Sg]	83	8570080167	998	-1.0139067920818838	0.06614565682941329	6	3	6	3	TRUE	igenelik	lik	FALSE
ignorál	ignorál	[/V][Prs.NDef.3Sg]	274	8570080167	11260	-0.49523432163756986	1.1185535060573697	7	3	7	3	TRUE	ignorálik	lik	FALSE
igáz	igáz	[/V][Prs.NDef.3Sg]	185	8570080167	2764	-0.6658131560549441	0.508553154244203	4	2	4	2	TRUE	igázik	zik	TRUE
igényel	igényel	[/V][Prs.NDef.3Sg]	405863	8570080167	898007	2.675394576742898	3.0202948375651646	7	3	7	3	TRUE	igényelik	lik	FALSE
igéz	igéz	[/V][Prs.NDef.3Sg]	487	8570080167	2122	-0.24545592324332355	0.3937604951073641	4	2	4	2	TRUE	igézik	zik	FALSE
ijed	ijed	[/V][Prs.NDef.3Sg]	4893	8570080167	46276	0.7565903313019804	1.7323709279435249	4	2	4	2	TRUE	ijedik	Vdik	FALSE
ijedez	ijedez	[/V][Prs.NDef.3Sg]	18	8570080167	19	-1.6777123793546518	-1.654231283505129	6	3	6	3	TRUE	ijedezik	zik	TRUE
ill	ill	[/V][Prs.NDef.3Sg]	6771	8570080167	35189	0.8976679293394666	1.6134220407843742	3	1	3	1	TRUE	illik	NA	TRUE
illuminál	illuminál	[/V][Prs.NDef.3Sg]	18	8570080167	115	-1.6777123793546518	-0.8722870441043462	9	4	9	4	TRUE	illuminálik	lik	FALSE
illusztrál	illusztrál	[/V][Prs.NDef.3Sg]	1946	8570080167	81573	0.3561579514743753	1.978561550136656	10	3	10	3	TRUE	illusztrálik	lik	FALSE
imitál	imitál	[/V][Prs.NDef.3Sg]	1213	8570080167	16311	0.15087591640861514	1.279495703263415	6	3	6	3	TRUE	imitálik	lik	FALSE
immunizál	immunizál	[/V][Prs.NDef.3Sg]	103	8570080167	896	-0.9201476597527856	0.0193231252041674	9	4	9	4	TRUE	immunizálik	lik	FALSE
implementál	implementál	[/V][Prs.NDef.3Sg]	293	8570080167	9590	-0.4661172641038483	1.0488337227127058	11	4	11	4	TRUE	implementálik	lik	FALSE
implikál	implikál	[/V][Prs.NDef.3Sg]	690	8570080167	2866	-0.09413579372070252	0.5242913016033678	8	3	8	3	TRUE	implikálik	lik	FALSE
imponál	imponál	[/V][Prs.NDef.3Sg]	2811	8570080167	8275	0.5158759611494829	0.9847831179897985	7	3	7	3	TRUE	imponálik	lik	FALSE
importál	importál	[/V][Prs.NDef.3Sg]	3231	8570080167	33332	0.5763520735596862	1.589876488695659	8	3	8	3	TRUE	importálik	lik	FALSE
impregnál	impregnál	[/V][Prs.NDef.3Sg]	47	8570080167	2134	-1.2608870265222405	0.3962095306304933	9	3	9	3	TRUE	impregnálik	lik	FALSE
imprimál	imprimál	[/V][Prs.NDef.3Sg]	2	8570080167	45	-2.6319548887939765	-1.279772370682614	8	3	8	3	TRUE	imprimálik	lik	FALSE
improvizál	improvizál	[/V][Prs.NDef.3Sg]	1681	8570080167	13080	0.29258282898151317	1.183622859530291	10	4	10	4	TRUE	improvizálik	lik	FALSE
imád	imád	[/V][Prs.NDef.3Sg]	27092	8570080167	602566	1.499856182476366	2.8470197383507285	4	2	4	2	TRUE	imádik	NA	FALSE
inaktivál	inaktivál	[/V][Prs.NDef.3Sg]	56	8570080167	3363	-1.1847968574517571	0.5937419828566778	9	4	9	4	TRUE	inaktiválik	lik	FALSE
inal	inal	[/V][Prs.NDef.3Sg]	254	8570080167	653	-0.5281511678380197	-0.1180717031828839	4	2	4	2	TRUE	inalik	lik	FALSE
inaugurál	inaugurál	[/V][Prs.NDef.3Sg]	5	8570080167	85	-2.234014880121939	-1.0035659587436652	9	5	9	5	TRUE	inaugurálik	lik	FALSE
indexel	indexel	[/V][Prs.NDef.3Sg]	1877	8570080167	10232	0.34047938816338846	1.0769756470126397	7	3	7	3	TRUE	indexelik	lik	FALSE
indikál	indikál	[/V][Prs.NDef.3Sg]	327	8570080167	3024	-0.4184371317976717	0.5475969023712111	7	3	7	3	TRUE	indikálik	lik	FALSE
indiszponál	indiszponál	[/V][Prs.NDef.3Sg]	2	8570080167	346	-2.6319548887939765	-0.3939087856651812	11	4	11	4	TRUE	indiszponálik	lik	FALSE
individualizál	individualizál	[/V][Prs.NDef.3Sg]	63	8570080167	420	-1.133644335004376	-0.30973559406005735	14	7	14	7	TRUE	individualizálik	lik	FALSE
indokol	indokol	[/V][Prs.NDef.3Sg]	9342	8570080167	269664	1.037454978493806	2.4978380877831885	7	3	7	3	TRUE	indokolik	lik	FALSE
indukál	indukál	[/V][Prs.NDef.3Sg]	5566	8570080167	29441	0.8125583175400664	1.5359676728075762	7	3	7	3	TRUE	indukálik	lik	FALSE
indul	indul	[/V][Prs.NDef.3Sg]	724822	8570080167	2806151	2.927246482238393	3.5151261524062773	5	2	5	2	TRUE	indulik	lik	FALSE
indítványoz	indítványoz	[/V][Prs.NDef.3Sg]	760	8570080167	32186	-0.05217129217716645	1.5746821224895593	11	4	11	4	TRUE	indítványozik	zik	FALSE
inficiál	inficiál	[/V][Prs.NDef.3Sg]	9	8570080167	115	-1.978742375018633	-0.8722870441043462	8	4	8	4	TRUE	inficiálik	lik	FALSE
informál	informál	[/V][Prs.NDef.3Sg]	3426	8570080167	33604	0.6018024741715339	1.593406091578683	8	3	8	3	TRUE	informálik	lik	FALSE
ingerel	ingerel	[/V][Prs.NDef.3Sg]	1892	8570080167	22630	0.3439362476078161	1.4216996694967707	7	3	7	3	TRUE	ingerelik	lik	FALSE
inhalál	inhalál	[/V][Prs.NDef.3Sg]	111	8570080167	2395	-0.8876619056713004	0.44632063329262417	7	3	7	3	TRUE	inhalálik	lik	FALSE
inicializál	inicializál	[/V][Prs.NDef.3Sg]	116	8570080167	1831	-0.8685268952310394	0.32970345984373867	11	6	11	6	TRUE	inicializálik	lik	FALSE
injekcióz	injekcióz	[/V][Prs.NDef.3Sg]	53	8570080167	1940	-1.2087090148571689	0.3548168454722682	9	4	9	4	TRUE	injekciózik	zik	FALSE
injektál	injektál	[/V][Prs.NDef.3Sg]	118	8570080167	2890	-0.8611028771518324	0.5279129582985901	8	3	8	3	TRUE	injektálik	lik	FALSE
inkasszál	inkasszál	[/V][Prs.NDef.3Sg]	42	8570080167	477	-1.3097355940600577	-0.2544665054178439	9	3	9	3	TRUE	inkasszálik	lik	FALSE
inklinál	inklinál	[/V][Prs.NDef.3Sg]	13	8570080167	32	-1.819041532151121	-1.427834906138052	8	3	8	3	TRUE	inklinálik	lik	FALSE
inkriminál	inkriminál	[/V][Prs.NDef.3Sg]	10	8570080167	85	-1.9329848844579576	-1.0035659587436652	10	4	10	4	TRUE	inkriminálik	lik	FALSE
innentől	innentől	[/V][Prs.NDef.3Sg]	238	8570080167	158485	-0.5564079274014458	2.26700327972672	8	3	8	3	TRUE	innentőlik	lik	FALSE
inspekcióz	inspekcióz	[/V][Prs.NDef.3Sg]	2	8570080167	14	-2.6319548887939765	-1.7868568487797198	10	4	10	4	TRUE	inspekciózik	zik	FALSE
inspiciál	inspiciál	[/V][Prs.NDef.3Sg]	5	8570080167	70	-2.234014880121939	-1.087886844443701	9	4	9	4	TRUE	inspiciálik	lik	FALSE
inspirál	inspirál	[/V][Prs.NDef.3Sg]	16299	8570080167	115955	1.2791760752954255	2.1313045957742776	8	3	8	3	TRUE	inspirálik	lik	FALSE
instruál	instruál	[/V][Prs.NDef.3Sg]	544	8570080167	4575	-0.1973859847597779	0.7274062139445092	8	3	8	3	TRUE	instruálik	lik	FALSE
instál	instál	[/V][Prs.NDef.3Sg]	8	8570080167	570	-2.0298948974660145	-0.17711002878546644	6	2	6	2	TRUE	instálik	lik	FALSE
integrál	integrál	[/V][Prs.NDef.3Sg]	5106	8570080167	108900	0.7750959260102737	2.1040429952978172	8	3	8	3	TRUE	integrálik	lik	FALSE
interiorizál	interiorizál	[/V][Prs.NDef.3Sg]	20	8570080167	440	-1.6319548887939763	-0.28953220797177043	12	6	12	6	TRUE	interiorizálik	lik	FALSE
interjúvol	interjúvol	[/V][Prs.NDef.3Sg]	85	8570080167	2542	-1.0035659587436652	0.4721906617600315	10	4	10	4	TRUE	interjúvolik	lik	FALSE
internál	internál	[/V][Prs.NDef.3Sg]	35	8570080167	7412	-1.388916840107682	0.936950526188902	8	3	8	3	TRUE	internálik	lik	FALSE
interpellál	interpellál	[/V][Prs.NDef.3Sg]	178	8570080167	2406	-0.6825648821490639	0.4483107385458681	11	4	11	4	TRUE	interpellálik	lik	FALSE
interpolál	interpolál	[/V][Prs.NDef.3Sg]	86	8570080167	894	-0.99848643321439	0.01835263433795985	10	4	10	4	TRUE	interpolálik	lik	FALSE
interpretál	interpretál	[/V][Prs.NDef.3Sg]	457	8570080167	10086	-0.2730686843881076	1.0707340793651567	11	4	11	4	TRUE	interpretálik	lik	FALSE
interveniál	interveniál	[/V][Prs.NDef.3Sg]	125	8570080167	744	-0.8360748714499014	-0.06141194891207912	11	5	11	5	TRUE	interveniálik	lik	FALSE
intonál	intonál	[/V][Prs.NDef.3Sg]	185	8570080167	1369	-0.6658131560549441	0.20341856367603217	7	3	7	3	TRUE	intonálik	lik	FALSE
intrikál	intrikál	[/V][Prs.NDef.3Sg]	232	8570080167	739	-0.5674968995670582	-0.06434044606313209	8	3	8	3	TRUE	intrikálik	lik	FALSE
intéz	intéz	[/V][Prs.NDef.3Sg]	12466	8570080167	258735	1.162742238098022	2.4798702967855304	5	2	5	2	TRUE	intézik	zik	FALSE
intézvényez	intézvényez	[/V][Prs.NDef.3Sg]	5	8570080167	49	-2.234014880121939	-1.2427888044294442	11	4	11	4	TRUE	intézvényezik	zik	FALSE
invertál	invertál	[/V][Prs.NDef.3Sg]	33	8570080167	844	-1.4144709445800705	-0.00664243783230278	8	3	8	3	TRUE	invertálik	lik	FALSE
invesztál	invesztál	[/V][Prs.NDef.3Sg]	1572	8570080167	10461	0.26346765724543125	1.0865883176376812	9	3	9	3	TRUE	invesztálik	lik	FALSE
invitál	invitál	[/V][Prs.NDef.3Sg]	7823	8570080167	69595	0.960388445788067	1.9095931547156568	7	3	7	3	TRUE	invitálik	lik	FALSE
involvál	involvál	[/V][Prs.NDef.3Sg]	173	8570080167	919	-0.6949387813291624	0.03033062692815346	8	3	8	3	TRUE	involválik	lik	FALSE
inzultál	inzultál	[/V][Prs.NDef.3Sg]	366	8570080167	5606	-0.3695037990635472	0.8156682089663094	8	3	8	3	TRUE	inzultálik	lik	FALSE
ionizál	ionizál	[/V][Prs.NDef.3Sg]	149	8570080167	2647	-0.7597986160456838	0.4897690568433904	7	4	7	4	TRUE	ionizálik	lik	FALSE
irattároz	irattároz	[/V][Prs.NDef.3Sg]	32	8570080167	602	-1.427834906138052	-0.1533883932001333	9	4	9	4	TRUE	irattározik	zik	FALSE
irdal	irdal	[/V][Prs.NDef.3Sg]	32	8570080167	951	-1.427834906138052	0.04519563247945606	5	2	5	2	TRUE	irdalik	lik	FALSE
irgalmaz	irgalmaz	[/V][Prs.NDef.3Sg]	470	8570080167	8213	-0.2608870265222404	0.9815169383693562	8	3	8	3	TRUE	irgalmazik	zik	FALSE
irigyel	irigyel	[/V][Prs.NDef.3Sg]	1555	8570080167	55419	0.25874550890489845	1.810673800496011	7	3	7	3	TRUE	irigyelik	lik	FALSE
irizál	irizál	[/V][Prs.NDef.3Sg]	156	8570080167	261	-0.7398602861034962	-0.5163443771196768	6	3	6	3	TRUE	irizálik	lik	FALSE
irkafirkál	irkafirkál	[/V][Prs.NDef.3Sg]	17	8570080167	57	-1.702535963079684	-1.1771100287854663	10	4	10	4	TRUE	irkafirkálik	lik	FALSE
irkál	irkál	[/V][Prs.NDef.3Sg]	687	8570080167	5502	-0.09602814739840738	0.8075357015957069	5	2	5	2	TRUE	irkálik	lik	FALSE
ironizál	ironizál	[/V][Prs.NDef.3Sg]	1210	8570080167	4315	0.14980048585849226	0.7019959155932706	8	4	8	4	TRUE	ironizálik	lik	FALSE
irrigál	irrigál	[/V][Prs.NDef.3Sg]	31	8570080167	630	-1.4416231906236852	-0.1336443350043761	7	3	7	3	TRUE	irrigálik	lik	FALSE
irritál	irritál	[/V][Prs.NDef.3Sg]	7681	8570080167	37920	0.9524328806529784	1.6458834442080708	7	3	7	3	TRUE	irritálik	lik	FALSE
irul	irul	[/V][Prs.NDef.3Sg]	33	8570080167	128	-1.4144709445800705	-0.8257749148100895	4	2	4	2	TRUE	irulik	lik	FALSE
irányoz	irányoz	[/V][Prs.NDef.3Sg]	3947	8570080167	16733	0.6632822419375575	1.2905889265967296	7	3	7	3	TRUE	irányozik	zik	FALSE
irányul	irányul	[/V][Prs.NDef.3Sg]	114737	8570080167	205320	2.1267186058463636	2.379446371130767	7	3	7	3	TRUE	irányulik	lik	FALSE
iskoláz	iskoláz	[/V][Prs.NDef.3Sg]	91	8570080167	3517	-0.9739434921368644	0.6131874838589847	7	3	7	3	TRUE	iskolázik	zik	FALSE
ismétel	ismétel	[/V][Prs.NDef.3Sg]	2908	8570080167	225728	0.5306095177290424	2.420600549193419	7	3	7	3	TRUE	ismételik	lik	FALSE
istápol	istápol	[/V][Prs.NDef.3Sg]	138	8570080167	2177	-0.7931057980567213	0.40487354458313646	7	3	7	3	TRUE	istápolik	lik	FALSE
iszapol	iszapol	[/V][Prs.NDef.3Sg]	8	8570080167	530	-2.0298948974660145	-0.20870901485716883	7	3	7	3	TRUE	iszapolik	lik	FALSE
iszkol	iszkol	[/V][Prs.NDef.3Sg]	463	8570080167	2522	-0.26740389344000476	0.468760197779105	6	2	6	2	TRUE	iszkolik	lik	FALSE
iterál	iterál	[/V][Prs.NDef.3Sg]	42	8570080167	388	-1.3097355940600577	-0.3441531588637506	6	3	6	3	TRUE	iterálik	lik	FALSE
ittasul	ittasul	[/V][Prs.NDef.3Sg]	35	8570080167	118	-1.388916840107682	-0.8611028771518324	7	3	7	3	TRUE	ittasulik	lik	FALSE
izgul	izgul	[/V][Prs.NDef.3Sg]	8161	8570080167	105812	0.9787584933979738	2.091550038801276	5	2	5	2	TRUE	izgulik	lik	FALSE
izolál	izolál	[/V][Prs.NDef.3Sg]	198	8570080167	11106	-0.6363196941964268	1.11257278467859	6	3	6	3	TRUE	izolálik	lik	FALSE
izzad	izzad	[/V][Prs.NDef.3Sg]	9944	8570080167	48673	1.0645762311756306	1.7543032307046516	5	2	5	2	TRUE	izzadik	NA	FALSE
izél	izél	[/V][Prs.NDef.3Sg]	176	8570080167	2111	-0.687472216643808	0.3915033488496985	4	2	4	2	TRUE	izélik	lik	FALSE
jajdul	jajdul	[/V][Prs.NDef.3Sg]	389	8570080167	1441	-0.34303528313225007	0.22567909635603145	6	2	6	2	TRUE	jajdulik	lik	FALSE
jajveszékel	jajveszékel	[/V][Prs.NDef.3Sg]	500	8570080167	3235	-0.234014880121939	0.5768894005467614	11	4	11	4	TRUE	jajveszékelik	lik	FALSE
jattol	jattol	[/V][Prs.NDef.3Sg]	156	8570080167	909	-0.7398602861034962	0.02557899876400964	6	2	6	2	TRUE	jattolik	lik	FALSE
javadalmaz	javadalmaz	[/V][Prs.NDef.3Sg]	63	8570080167	346	-1.133644335004376	-0.3939087856651812	10	4	10	4	TRUE	javadalmazik	zik	FALSE
javall	javall	[/V][Prs.NDef.3Sg]	175	8570080167	16896	-0.6899468357716634	1.2947990163957603	6	2	6	2	TRUE	javallik	NA	FALSE
javasol	javasol	[/V][Prs.NDef.3Sg]	43659	8570080167	1106430	1.7070888996074305	3.1109390583643934	7	3	7	3	TRUE	javasolik	lik	FALSE
javul	javul	[/V][Prs.NDef.3Sg]	98409	8570080167	322487	2.060049934213209	2.5755273277162445	5	2	5	2	TRUE	javulik	lik	FALSE
jegel	jegel	[/V][Prs.NDef.3Sg]	111	8570080167	8143	-0.8876619056713004	0.9777995503348792	5	2	5	2	TRUE	jegelik	lik	FALSE
jegyez	jegyez	[/V][Prs.NDef.3Sg]	14560	8570080167	429615	1.2301764905190606	2.7000945518822888	6	2	6	2	TRUE	jegyezik	zik	FALSE
jegyzetel	jegyzetel	[/V][Prs.NDef.3Sg]	2109	8570080167	22981	0.3910916952815286	1.428384038285639	9	3	9	3	TRUE	jegyzetelik	lik	FALSE
jegyzőkönyvez	jegyzőkönyvez	[/V][Prs.NDef.3Sg]	55	8570080167	2215	-1.192622194963714	0.4123888461011305	13	4	13	4	TRUE	jegyzőkönyvezik	zik	FALSE
jelenetez	jelenetez	[/V][Prs.NDef.3Sg]	10	8570080167	250	-1.9329848844579576	-0.5350448757859202	9	4	9	4	TRUE	jelenetezik	zik	FALSE
jelez	jelez	[/V][Prs.NDef.3Sg]	73261	8570080167	1474107	1.931887957955715	3.2355441240467555	5	2	5	2	TRUE	jelezik	zik	FALSE
jelképez	jelképez	[/V][Prs.NDef.3Sg]	6667	8570080167	77716	0.890945570667606	1.957525555145641	8	3	8	3	TRUE	jelképezik	zik	FALSE
jellemez	jellemez	[/V][Prs.NDef.3Sg]	5833	8570080167	570934	0.8329070919720576	2.823601022224862	8	3	8	3	TRUE	jellemezik	zik	FALSE
jelzőtűz	jelzőtűz	[/V][Prs.NDef.3Sg]	18	8570080167	644	-1.6777123793546518	-0.12409901709814572	8	3	8	3	TRUE	jelzőtűzik	zik	FALSE
jelöl	jelöl	[/V][Prs.NDef.3Sg]	53756	8570080167	767720	1.7974420608080868	2.9522179701732463	5	2	5	2	TRUE	jelölik	lik	FALSE
jobbul	jobbul	[/V][Prs.NDef.3Sg]	65	8570080167	257	-1.1200715278151023	-0.5230517611266633	6	2	6	2	TRUE	jobbulik	lik	FALSE
jubilál	jubilál	[/V][Prs.NDef.3Sg]	1956	8570080167	4015	0.3583839659936248	0.6707006651567419	7	3	7	3	TRUE	jubilálik	lik	FALSE
jutalmaz	jutalmaz	[/V][Prs.NDef.3Sg]	3749	8570080167	106033	0.6409305559635928	2.0924561646510114	8	3	8	3	TRUE	jutalmazik	zik	FALSE
járdogál	járdogál	[/V][Prs.NDef.3Sg]	20	8570080167	80	-1.6319548887939763	-1.0298948974660145	8	3	8	3	TRUE	járdogálik	lik	FALSE
járkál	járkál	[/V][Prs.NDef.3Sg]	7974	8570080167	40668	0.9686913468684176	1.6762679304270451	6	2	6	2	TRUE	járkálik	lik	FALSE
járul	járul	[/V][Prs.NDef.3Sg]	78874	8570080167	280941	1.963948981648623	2.515630239486954	5	2	5	2	TRUE	járulik	lik	FALSE
jésül	jésül	[/V][Prs.NDef.3Sg]	1	8570080167	5	-2.932984884457958	-2.234014880121939	5	2	5	2	TRUE	jésülik	lik	FALSE
jódoz	jódoz	[/V][Prs.NDef.3Sg]	1	8570080167	153	-2.932984884457958	-0.748293453640359	5	2	5	2	TRUE	jódozik	zik	FALSE
jósol	jósol	[/V][Prs.NDef.3Sg]	9175	8570080167	76765	1.029621188466169	1.9521783697984123	5	2	5	2	TRUE	jósolik	lik	FALSE
jótáll	jótáll	[/V][Prs.NDef.3Sg]	616	8570080167	1562	-0.14340417229353233	0.26069614508332367	6	2	6	2	TRUE	jótállik	NA	FALSE
jóvátesz	jóvátesz	[/V][Prs.NDef.3Sg]	112	8570080167	7927	-0.8837668617877762	0.9661239737354416	8	3	8	3	TRUE	jóváteszik	szik	FALSE
jövedelmez	jövedelmez	[/V][Prs.NDef.3Sg]	1409	8570080167	1734	0.2159261086513986	0.30606420868223366	10	4	10	4	TRUE	jövedelmezik	zik	FALSE
jövendöl	jövendöl	[/V][Prs.NDef.3Sg]	1009	8570080167	9886	0.07090628177895267	1.0620357216668002	8	3	8	3	TRUE	jövendölik	lik	FALSE
jődögél	jődögél	[/V][Prs.NDef.3Sg]	51	8570080167	115	-1.2254147083600215	-0.8722870441043462	7	3	7	3	TRUE	jődögélik	lik	FALSE
kacarász	kacarász	[/V][Prs.NDef.3Sg]	42	8570080167	1078	-1.3097355940600577	0.0996338763927621	8	3	8	3	TRUE	kacarászik	szik	TRUE
kacsol	kacsol	[/V][Prs.NDef.3Sg]	23	8570080167	513	-1.571257048440365	-0.22286751934614157	6	2	6	2	TRUE	kacsolik	lik	FALSE
kacsoz	kacsoz	[/V][Prs.NDef.3Sg]	2	8570080167	19	-2.6319548887939765	-1.654231283505129	6	2	6	2	TRUE	kacsozik	zik	FALSE
kacérul	kacérul	[/V][Prs.NDef.3Sg]	25	8570080167	33	-1.5350448757859203	-1.4144709445800705	7	3	7	3	TRUE	kacérulik	lik	FALSE
kajol	kajol	[/V][Prs.NDef.3Sg]	31	8570080167	402	-1.4416231906236852	-0.32875883137348777	5	2	5	2	TRUE	kajolik	lik	FALSE
kajál	kajál	[/V][Prs.NDef.3Sg]	657	8570080167	11304	-0.11541951489817706	1.1202472643825443	5	2	5	2	TRUE	kajálik	lik	FALSE
kakil	kakil	[/V][Prs.NDef.3Sg]	1935	8570080167	6830	0.35369608489697235	0.9014358192235749	5	2	5	2	TRUE	kakilik	lik	FALSE
kakukkol	kakukkol	[/V][Prs.NDef.3Sg]	181	8570080167	713	-0.6753063095887734	-0.07989535460609229	8	3	8	3	TRUE	kakukkolik	lik	FALSE
kakál	kakál	[/V][Prs.NDef.3Sg]	307	8570080167	1289	-0.4458465089807714	0.17726803289544518	5	2	5	2	TRUE	kakálik	lik	FALSE
kalandoz	kalandoz	[/V][Prs.NDef.3Sg]	339	8570080167	9995	-0.4027851862548757	1.0667979139961778	8	3	8	3	TRUE	kalandozik	zik	FALSE
kalapoz	kalapoz	[/V][Prs.NDef.3Sg]	32	8570080167	1151	-1.427834906138052	0.12809043917183394	7	3	7	3	TRUE	kalapozik	zik	FALSE
kalapácsol	kalapácsol	[/V][Prs.NDef.3Sg]	26	8570080167	151	-1.5180115364871398	-0.7540079371647884	10	4	10	4	TRUE	kalapácsolik	lik	FALSE
kalapál	kalapál	[/V][Prs.NDef.3Sg]	1750	8570080167	10377	0.31005316422833656	1.083086932276066	7	3	7	3	TRUE	kalapálik	lik	FALSE
kalauzol	kalauzol	[/V][Prs.NDef.3Sg]	14390	8570080167	48836	1.2250759094786474	1.7557552006046289	8	4	8	4	TRUE	kalauzolik	lik	FALSE
kalcinál	kalcinál	[/V][Prs.NDef.3Sg]	2	8570080167	51	-2.6319548887939765	-1.2254147083600215	8	3	8	3	TRUE	kalcinálik	lik	FALSE
kalibrál	kalibrál	[/V][Prs.NDef.3Sg]	148	8570080167	11741	-0.7627231690630004	1.136720203593893	8	3	8	3	TRUE	kalibrálik	lik	FALSE
kalimpál	kalimpál	[/V][Prs.NDef.3Sg]	1130	8570080167	3912	0.12009355902546189	0.659413961657606	8	3	8	3	TRUE	kalimpálik	lik	FALSE
kalkulál	kalkulál	[/V][Prs.NDef.3Sg]	4938	8570080167	69020	0.7605662011379556	1.90599007049751	8	3	8	3	TRUE	kalkulálik	lik	FALSE
kalligrafál	kalligrafál	[/V][Prs.NDef.3Sg]	5	8570080167	78	-2.234014880121939	-1.0408902817674774	11	4	11	4	TRUE	kalligrafálik	lik	FALSE
kallóz	kallóz	[/V][Prs.NDef.3Sg]	33	8570080167	68	-1.4144709445800705	-1.1004759717517214	6	2	6	2	TRUE	kallózik	zik	FALSE
kalászol	kalászol	[/V][Prs.NDef.3Sg]	66	8570080167	111	-1.1134409489160892	-0.8876619056713004	8	3	8	3	TRUE	kalászolik	lik	FALSE
kamatol	kamatol	[/V][Prs.NDef.3Sg]	9	8570080167	18	-1.978742375018633	-1.6777123793546518	7	3	7	3	TRUE	kamatolik	lik	FALSE
kamatyol	kamatyol	[/V][Prs.NDef.3Sg]	84	8570080167	362	-1.0087055983960762	-0.3742763139247921	8	3	8	3	TRUE	kamatyolik	lik	FALSE
kampóz	kampóz	[/V][Prs.NDef.3Sg]	1	8570080167	102	-2.932984884457958	-0.9243847126960404	6	2	6	2	TRUE	kampózik	zik	FALSE
kanalaz	kanalaz	[/V][Prs.NDef.3Sg]	357	8570080167	27414	-0.38031666834576466	1.5049875239813908	7	3	7	3	TRUE	kanalazik	zik	FALSE
kanalizál	kanalizál	[/V][Prs.NDef.3Sg]	7	8570080167	408	-2.087886844443701	-0.3223247213680779	9	4	9	4	TRUE	kanalizálik	lik	FALSE
kandidál	kandidál	[/V][Prs.NDef.3Sg]	252	8570080167	1014	-0.5315843436764137	0.07305307053935932	8	3	8	3	TRUE	kandidálik	lik	FALSE
kandikál	kandikál	[/V][Prs.NDef.3Sg]	1579	8570080167	4029	0.2653972455503364	0.67221238293042	8	3	8	3	TRUE	kandikálik	lik	FALSE
kandíroz	kandíroz	[/V][Prs.NDef.3Sg]	4	8570080167	1543	-2.3309248931299953	0.25538104160519043	8	3	8	3	TRUE	kandírozik	zik	FALSE
kanonizál	kanonizál	[/V][Prs.NDef.3Sg]	70	8570080167	1897	-1.087886844443701	0.34508244643070474	9	4	9	4	TRUE	kanonizálik	lik	FALSE
kantároz	kantároz	[/V][Prs.NDef.3Sg]	2	8570080167	197	-2.6319548887939765	-0.6385186582963649	8	3	8	3	TRUE	kantározik	zik	FALSE
kapacitál	kapacitál	[/V][Prs.NDef.3Sg]	120	8570080167	2468	-0.853803638410333	0.4593602709032462	9	4	9	4	TRUE	kapacitálik	lik	FALSE
kapargál	kapargál	[/V][Prs.NDef.3Sg]	189	8570080167	437	-0.6565230802847137	-0.292503447487536	8	3	8	3	TRUE	kapargálik	lik	FALSE
kaparász	kaparász	[/V][Prs.NDef.3Sg]	108	8570080167	108	-0.8995611289710082	-0.8995611289710082	8	3	8	3	TRUE	kaparászik	szik	TRUE
kapcsol	kapcsol	[/V][Prs.NDef.3Sg]	44445	8570080167	484175	1.7148380260777745	2.752017476768474	7	2	7	2	TRUE	kapcsolik	lik	FALSE
kapirgál	kapirgál	[/V][Prs.NDef.3Sg]	638	8570080167	5274	-0.12816420573679552	0.7891552409994577	8	3	8	3	TRUE	kapirgálik	lik	FALSE
kapiskál	kapiskál	[/V][Prs.NDef.3Sg]	89	8570080167	1361	-0.983594877813045	0.20087324074537688	8	3	8	3	TRUE	kapiskálik	lik	FALSE
kapitalizál	kapitalizál	[/V][Prs.NDef.3Sg]	3	8570080167	63	-2.455863629738295	-1.133644335004376	11	5	11	5	TRUE	kapitalizálik	lik	FALSE
kapitulál	kapitulál	[/V][Prs.NDef.3Sg]	603	8570080167	5249	-0.15266757231780653	0.7870916883101828	9	4	9	4	TRUE	kapitulálik	lik	FALSE
kapkod	kapkod	[/V][Prs.NDef.3Sg]	6253	8570080167	83339	0.8631035442227107	1.9878634005151432	6	2	6	2	TRUE	kapkodik	Vdik	FALSE
kapál	kapál	[/V][Prs.NDef.3Sg]	944	8570080167	12459	0.04198710984011118	1.1624983013715828	5	2	5	2	TRUE	kapálik	lik	FALSE
karakterizál	karakterizál	[/V][Prs.NDef.3Sg]	77	8570080167	1146	-1.046494159285476	0.12619973317341338	12	5	12	5	TRUE	karakterizálik	lik	FALSE
karambol	karambol	[/V][Prs.NDef.3Sg]	1	8570080167	11359	-2.932984884457958	1.1223552150862235	8	3	8	3	TRUE	karambolik	lik	FALSE
karamboloz	karamboloz	[/V][Prs.NDef.3Sg]	3	8570080167	18	-2.455863629738295	-1.6777123793546518	10	4	10	4	TRUE	karambolozik	zik	TRUE
karattyol	karattyol	[/V][Prs.NDef.3Sg]	289	8570080167	1127	-0.47208704170141	0.11893903158814872	9	3	9	3	TRUE	karattyolik	lik	FALSE
karbonizál	karbonizál	[/V][Prs.NDef.3Sg]	2	8570080167	21	-2.6319548887939765	-1.6107655897240385	10	4	10	4	TRUE	karbonizálik	lik	FALSE
karcol	karcol	[/V][Prs.NDef.3Sg]	1480	8570080167	16889	0.2372768309369996	1.29461905123863	6	2	6	2	TRUE	karcolik	lik	FALSE
kardlapoz	kardlapoz	[/V][Prs.NDef.3Sg]	7	8570080167	180	-2.087886844443701	-0.6777123793546518	9	3	9	3	TRUE	kardlapozik	zik	FALSE
kardoz	kardoz	[/V][Prs.NDef.3Sg]	20	8570080167	357	-1.6319548887939763	-0.38031666834576466	6	2	6	2	TRUE	kardozik	zik	FALSE
karikáz	karikáz	[/V][Prs.NDef.3Sg]	41	8570080167	11485	-1.3202010277382223	1.127146115073087	7	3	7	3	TRUE	karikázik	zik	FALSE
karikíroz	karikíroz	[/V][Prs.NDef.3Sg]	158	8570080167	2012	-0.7343277975035353	0.3706430919259319	9	4	9	4	TRUE	karikírozik	zik	FALSE
karistol	karistol	[/V][Prs.NDef.3Sg]	157	8570080167	1483	-0.7370852320487241	0.2381562665704242	8	3	8	3	TRUE	karistolik	lik	FALSE
karmol	karmol	[/V][Prs.NDef.3Sg]	958	8570080167	4372	0.04838062462058657	0.7076952688197073	6	2	6	2	TRUE	karmolik	lik	FALSE
karmolász	karmolász	[/V][Prs.NDef.3Sg]	10	8570080167	494	-1.9329848844579576	-0.2392579355343109	9	3	9	3	TRUE	karmolászik	szik	FALSE
karol	karol	[/V][Prs.NDef.3Sg]	6931	8570080167	22593	0.907811014389136	1.4209890178630482	5	2	5	2	TRUE	karolik	lik	FALSE
kartondoboz	kartondoboz	[/V][Prs.NDef.3Sg]	7	8570080167	18028	-2.087886844443701	1.322962664940982	11	4	11	4	TRUE	kartondobozik	zik	FALSE
kartotékol	kartotékol	[/V][Prs.NDef.3Sg]	3	8570080167	37	-2.455863629738295	-1.3647831603909628	10	4	10	4	TRUE	kartotékolik	lik	FALSE
karóz	karóz	[/V][Prs.NDef.3Sg]	9	8570080167	604	-1.978742375018633	-0.151947945836826	5	2	5	2	TRUE	karózik	zik	FALSE
kasszíroz	kasszíroz	[/V][Prs.NDef.3Sg]	307	8570080167	2797	-0.4458465089807714	0.5137075819135694	9	3	9	3	TRUE	kasszírozik	zik	FALSE
kaszabol	kaszabol	[/V][Prs.NDef.3Sg]	327	8570080167	3701	-0.4184371317976717	0.635334200637154	8	3	8	3	TRUE	kaszabolik	lik	FALSE
kasztrál	kasztrál	[/V][Prs.NDef.3Sg]	21	8570080167	2026	-1.6107655897240385	0.3736545565663038	8	2	8	2	TRUE	kasztrálik	lik	FALSE
kaszál	kaszál	[/V][Prs.NDef.3Sg]	3251	8570080167	32693	0.5790320850381688	1.5814698900124629	6	2	6	2	TRUE	kaszálik	lik	FALSE
kasíroz	kasíroz	[/V][Prs.NDef.3Sg]	7	8570080167	1763	-2.087886844443701	0.31326742784136413	7	3	7	3	TRUE	kasírozik	zik	FALSE
katalizál	katalizál	[/V][Prs.NDef.3Sg]	303	8570080167	5500	-0.4515422559556528	0.807377805036286	9	4	9	4	TRUE	katalizálik	lik	FALSE
katalogizál	katalogizál	[/V][Prs.NDef.3Sg]	100	8570080167	3406	-0.9329848844579578	0.5992597591686244	11	5	11	5	TRUE	katalogizálik	lik	FALSE
katapultál	katapultál	[/V][Prs.NDef.3Sg]	590	8570080167	4914	-0.16213287281581365	0.7584502676861042	10	4	10	4	TRUE	katapultálik	lik	FALSE
kategorizál	kategorizál	[/V][Prs.NDef.3Sg]	442	8570080167	16583	-0.28756261510886594	1.2866782162790642	11	5	11	5	TRUE	kategorizálik	lik	FALSE
katolizál	katolizál	[/V][Prs.NDef.3Sg]	139	8570080167	1371	-0.7899700842038627	0.20405257033155488	9	4	9	4	TRUE	katolizálik	lik	FALSE
katéterez	katéterez	[/V][Prs.NDef.3Sg]	15	8570080167	365	-1.756893625402277	-0.3706920200014831	9	4	9	4	TRUE	katéterezik	zik	FALSE
kavicsol	kavicsol	[/V][Prs.NDef.3Sg]	3	8570080167	56	-2.455863629738295	-1.1847968574517571	8	3	8	3	TRUE	kavicsolik	lik	FALSE
kavicsoz	kavicsoz	[/V][Prs.NDef.3Sg]	3	8570080167	48	-2.455863629738295	-1.2517436470823706	8	3	8	3	TRUE	kavicsozik	zik	FALSE
kebelez	kebelez	[/V][Prs.NDef.3Sg]	164	8570080167	4392	-0.71814103641026	0.7096774469840776	7	3	7	3	TRUE	kebelezik	zik	FALSE
kedvel	kedvel	[/V][Prs.NDef.3Sg]	11737	8570080167	328178	1.136572220124737	2.5831245795264977	6	2	6	2	TRUE	kedvelik	lik	FALSE
kedvez	kedvez	[/V][Prs.NDef.3Sg]	72886	8570080167	146123	1.9296592322462085	2.2317336955209517	6	2	6	2	TRUE	kedvezik	zik	FALSE
kedvezményez	kedvezményez	[/V][Prs.NDef.3Sg]	216	8570080167	16737	-0.5985311333070269	1.2906927316720738	12	4	12	4	TRUE	kedvezményezik	zik	FALSE
kefél	kefél	[/V][Prs.NDef.3Sg]	1151	8570080167	12406	0.12809043917183394	1.1606468923709898	5	2	5	2	TRUE	kefélik	lik	FALSE
kegyel	kegyel	[/V][Prs.NDef.3Sg]	223	8570080167	1188	-0.5846800214097971	0.1418315561872169	6	2	6	2	TRUE	kegyelik	lik	FALSE
kegyelmez	kegyelmez	[/V][Prs.NDef.3Sg]	1767	8570080167	3585	0.31425166504880625	0.6215042755458611	9	3	9	3	TRUE	kegyelmezik	zik	FALSE
kel	kel	[/V][Prs.NDef.3Sg]	89900	8570080167	525457	2.020774807275271	2.7875522975108553	3	1	3	1	TRUE	kelik	lik	FALSE
kelepel	kelepel	[/V][Prs.NDef.3Sg]	293	8570080167	908	-0.4661172641038483	0.02510096406312724	7	3	7	3	TRUE	kelepelik	lik	FALSE
kell	kell	[/V][Prs.NDef.3Sg]	23017470	8570080167	28972884	4.429072701324816	4.529006843156771	4	1	4	1	TRUE	kellik	NA	FALSE
kellesz	kellesz	[/V][Prs.NDef.3Sg]	3	8570080167	56	-2.455863629738295	-1.1847968574517571	7	2	7	2	TRUE	kelleszik	szik	FALSE
keltez	keltez	[/V][Prs.NDef.3Sg]	202	8570080167	2468	-0.627633515011334	0.4593602709032462	6	2	6	2	TRUE	keltezik	zik	FALSE
kempingel	kempingel	[/V][Prs.NDef.3Sg]	36	8570080167	57	-1.3766823836906703	-1.1771100287854663	9	3	9	3	TRUE	kempingelik	lik	FALSE
keményül	keményül	[/V][Prs.NDef.3Sg]	19	8570080167	27	-1.654231283505129	-1.5016211202989704	8	3	8	3	TRUE	keményülik	lik	FALSE
kencéz	kencéz	[/V][Prs.NDef.3Sg]	2	8570080167	147	-2.6319548887939765	-0.7656675497097818	6	2	6	2	TRUE	kencézik	zik	FALSE
kendőz	kendőz	[/V][Prs.NDef.3Sg]	77	8570080167	1725	-1.046494159285476	0.3038042149513351	6	2	6	2	TRUE	kendőzik	zik	FALSE
kenyerez	kenyerez	[/V][Prs.NDef.3Sg]	18	8570080167	959	-1.6777123793546518	0.04883372271270581	8	3	8	3	TRUE	kenyerezik	zik	FALSE
kerepel	kerepel	[/V][Prs.NDef.3Sg]	230	8570080167	830	-0.571257048440365	-0.01390679208188392	7	3	7	3	TRUE	kerepelik	lik	FALSE
keresgél	keresgél	[/V][Prs.NDef.3Sg]	5537	8570080167	96376	0.8102896390539756	2.050984012875803	8	3	8	3	TRUE	keresgélik	lik	FALSE
keresztel	keresztel	[/V][Prs.NDef.3Sg]	2360	8570080167	40246	0.4399271185121488	1.6717378384011412	9	3	9	3	TRUE	keresztelik	lik	FALSE
keresztez	keresztez	[/V][Prs.NDef.3Sg]	2241	8570080167	50732	0.41745697207710336	1.7722970993229286	9	3	9	3	TRUE	keresztezik	zik	FALSE
keretez	keretez	[/V][Prs.NDef.3Sg]	669	8570080167	14825	-0.10755876669013475	1.2380098175783425	7	3	7	3	TRUE	keretezik	zik	FALSE
kergül	kergül	[/V][Prs.NDef.3Sg]	47	8570080167	398	-1.2608870265222405	-0.33310181238427	6	2	6	2	TRUE	kergülik	lik	FALSE
kertel	kertel	[/V][Prs.NDef.3Sg]	1936	8570080167	7154	0.353920468514417	0.9215640513549928	6	2	6	2	TRUE	kertelik	lik	FALSE
kerül	kerül	[/V][Prs.NDef.3Sg]	2662555	8570080167	8883916	3.492313703237586	4.015619559057724	5	2	5	2	TRUE	kerülik	lik	FALSE
keserül	keserül	[/V][Prs.NDef.3Sg]	8	8570080167	186	-2.0298948974660145	-0.6634719402400415	7	3	7	3	TRUE	keserülik	lik	FALSE
kettőz	kettőz	[/V][Prs.NDef.3Sg]	140	8570080167	1508	-0.7868568487797198	0.24541645707579743	6	2	6	2	TRUE	kettőzik	zik	FALSE
kevesbül	kevesbül	[/V][Prs.NDef.3Sg]	4	8570080167	18	-2.3309248931299953	-1.6777123793546518	8	3	8	3	TRUE	kevesbülik	lik	FALSE
kevesell	kevesell	[/V][Prs.NDef.3Sg]	48	8570080167	11553	-1.2517436470823706	1.1297098888844357	8	3	8	3	TRUE	kevesellik	NA	FALSE
kezd	kezd	[/V][Prs.NDef.3Sg]	534660	8570080167	5071060	2.795092809593598	3.772113864625659	4	1	4	1	TRUE	kezdik	NA	FALSE
kezdeményez	kezdeményez	[/V][Prs.NDef.3Sg]	34132	8570080167	424061	1.6001768525026432	2.6944434486864424	11	4	11	4	TRUE	kezdeményezik	zik	FALSE
kezdetektől	kezdetektől	[/V][Prs.NDef.3Sg]	45	8570080167	2137	-1.279772370682614	0.3968196377061115	11	4	11	4	TRUE	kezdetektőlik	lik	FALSE
kezel	kezel	[/V][Prs.NDef.3Sg]	63718	8570080167	1333756	1.8712772511175355	3.1920915016848066	5	2	5	2	TRUE	kezelik	lik	FALSE
kezez	kezez	[/V][Prs.NDef.3Sg]	32	8570080167	126	-1.427834906138052	-0.832614339340395	5	2	5	2	TRUE	kezezik	zik	FALSE
kiabál	kiabál	[/V][Prs.NDef.3Sg]	15739	8570080167	117102	1.2639922509171608	2.1355794280486187	6	3	6	3	TRUE	kiabálik	lik	FALSE
kiadmányoz	kiadmányoz	[/V][Prs.NDef.3Sg]	121	8570080167	1547	-0.8501995141415077	0.2565054292414097	10	4	10	4	TRUE	kiadmányozik	zik	FALSE
kiadványoz	kiadványoz	[/V][Prs.NDef.3Sg]	1	8570080167	23	-2.932984884457958	-1.571257048440365	10	4	10	4	TRUE	kiadványozik	zik	FALSE
kibicel	kibicel	[/V][Prs.NDef.3Sg]	82	8570080167	565	-1.019171032074241	-0.18093643663851933	7	3	7	3	TRUE	kibicelik	lik	FALSE
kibogarász	kibogarász	[/V][Prs.NDef.3Sg]	1	8570080167	2262	-2.932984884457958	0.4215077161314787	10	4	10	4	TRUE	kibogarászik	szik	FALSE
kibrusztol	kibrusztol	[/V][Prs.NDef.3Sg]	6	8570080167	353	-2.1548336340743144	-0.3852101790701353	10	3	10	3	TRUE	kibrusztolik	lik	FALSE
kibuliz	kibuliz	[/V][Prs.NDef.3Sg]	4	8570080167	621	-2.3309248931299953	-0.13989328428137762	7	3	7	3	TRUE	kibulizik	zik	FALSE
kicentiz	kicentiz	[/V][Prs.NDef.3Sg]	7	8570080167	910	-2.087886844443701	0.02605650786313575	8	3	8	3	TRUE	kicentizik	zik	FALSE
kicikiz	kicikiz	[/V][Prs.NDef.3Sg]	24	8570080167	291	-1.552773642746352	-0.46909189547205055	7	3	7	3	TRUE	kicikizik	zik	FALSE
kicsavaroz	kicsavaroz	[/V][Prs.NDef.3Sg]	3	8570080167	534	-2.455863629738295	-0.2054436274294014	10	4	10	4	TRUE	kicsavarozik	zik	FALSE
kicsempész	kicsempész	[/V][Prs.NDef.3Sg]	15	8570080167	2353	-1.756893625402277	0.4386370427180634	10	3	10	3	TRUE	kicsempészik	szik	FALSE
kicsinyel	kicsinyel	[/V][Prs.NDef.3Sg]	31	8570080167	1016	-1.4416231906236852	0.07390882348994261	9	3	9	3	TRUE	kicsinyelik	lik	FALSE
kicsinyell	kicsinyell	[/V][Prs.NDef.3Sg]	8	8570080167	185	-2.0298948974660145	-0.6658131560549441	10	3	10	3	TRUE	kicsinyellik	NA	FALSE
kicsámpáz	kicsámpáz	[/V][Prs.NDef.3Sg]	5	8570080167	9	-2.234014880121939	-1.978742375018633	9	3	9	3	TRUE	kicsámpázik	zik	FALSE
kiebrudal	kiebrudal	[/V][Prs.NDef.3Sg]	32	8570080167	1868	-1.427834906138052	0.33839198743611676	9	4	9	4	TRUE	kiebrudalik	lik	FALSE
kiegészül	kiegészül	[/V][Prs.NDef.3Sg]	23417	8570080167	92120	1.436546371483353	2.0313690448342356	9	4	9	4	TRUE	kiegészülik	lik	FALSE
kiesz	kiesz	[/V][Prs.NDef.3Sg]	46	8570080167	576	-1.2702270527763837	-0.1725624010347458	5	2	5	2	TRUE	kieszik	szik	FALSE
kifed	kifed	[/V][Prs.NDef.3Sg]	1	8570080167	69	-2.932984884457958	-1.0941357937207026	5	2	5	2	TRUE	kifedik	Vdik	FALSE
kifogásol	kifogásol	[/V][Prs.NDef.3Sg]	1207	8570080167	75576	0.1487223856393914	1.945399017890192	9	4	9	4	TRUE	kifogásolik	lik	FALSE
kifürkész	kifürkész	[/V][Prs.NDef.3Sg]	109	8570080167	3544	-0.8955583865173342	0.6165088287570554	9	3	9	3	TRUE	kifürkészik	szik	FALSE
kihajóz	kihajóz	[/V][Prs.NDef.3Sg]	4	8570080167	1081	-2.3309248931299953	0.10084080949535253	7	3	7	3	TRUE	kihajózik	zik	FALSE
kihal	kihal	[/V][Prs.NDef.3Sg]	5762	8570080167	28979	0.8275883694864363	1.5290985104116672	5	2	5	2	TRUE	kihalik	lik	FALSE
kihalász	kihalász	[/V][Prs.NDef.3Sg]	43	8570080167	1803	-1.2995164288783714	0.3230108422644441	8	3	8	3	TRUE	kihalászik	szik	FALSE
kiikszel	kiikszel	[/V][Prs.NDef.3Sg]	11	8570080167	302	-1.8915921992997329	-0.4529779415008072	8	3	8	3	TRUE	kiikszelik	lik	FALSE
kikupál	kikupál	[/V][Prs.NDef.3Sg]	6	8570080167	861	-2.1548336340743144	0.00201826699569695	7	3	7	3	TRUE	kikupálik	lik	FALSE
kikurkász	kikurkász	[/V][Prs.NDef.3Sg]	1	8570080167	29	-2.932984884457958	-1.4705868865590015	9	3	9	3	TRUE	kikurkászik	szik	FALSE
kilincsel	kilincsel	[/V][Prs.NDef.3Sg]	510	8570080167	2635	-0.22541470836002145	0.4877957350906076	9	3	9	3	TRUE	kilincselik	lik	FALSE
kilábal	kilábal	[/V][Prs.NDef.3Sg]	667	8570080167	11625	-0.10885905054140886	1.1324080771040337	7	3	7	3	TRUE	kilábalik	lik	FALSE
kilélegez	kilélegez	[/V][Prs.NDef.3Sg]	105	8570080167	1350	-0.9117955853880196	0.19734888403704823	9	4	9	4	TRUE	kilélegezik	zik	FALSE
kimarjul	kimarjul	[/V][Prs.NDef.3Sg]	11	8570080167	72	-1.8915921992997329	-1.0756523880266893	8	3	8	3	TRUE	kimarjulik	lik	FALSE
kimenetel	kimenetel	[/V][Prs.NDef.3Sg]	2	8570080167	62406	-2.6319548887939765	1.862241462301745	9	4	9	4	TRUE	kimenetelik	lik	FALSE
kintről	kintről	[/V][Prs.NDef.3Sg]	35	8570080167	17010	-1.388916840107682	1.2977194291546112	7	2	7	2	TRUE	kintrőlik	lik	FALSE
kipaterol	kipaterol	[/V][Prs.NDef.3Sg]	10	8570080167	1409	-1.9329848844579576	0.2159261086513986	9	4	9	4	TRUE	kipaterolik	lik	FALSE
kirándul	kirándul	[/V][Prs.NDef.3Sg]	3187	8570080167	98248	0.5703971790157748	2.059338833899384	8	3	8	3	TRUE	kirándulik	lik	FALSE
kislisszol	kislisszol	[/V][Prs.NDef.3Sg]	40	8570080167	412	-1.3309248931299955	-0.3180876684248232	10	3	10	3	TRUE	kislisszolik	lik	FALSE
kisíbol	kisíbol	[/V][Prs.NDef.3Sg]	4	8570080167	94	-2.3309248931299953	-0.9598570308582592	7	3	7	3	TRUE	kisíbolik	lik	FALSE
kiuzsoráz	kiuzsoráz	[/V][Prs.NDef.3Sg]	4	8570080167	181	-2.3309248931299953	-0.6753063095887734	9	4	9	4	TRUE	kiuzsorázik	zik	FALSE
kiveséz	kiveséz	[/V][Prs.NDef.3Sg]	56	8570080167	9942	-1.1847968574517571	1.0644888743450225	7	3	7	3	TRUE	kivesézik	zik	FALSE
kivirágoz	kivirágoz	[/V][Prs.NDef.3Sg]	1	8570080167	661	-2.932984884457958	-0.1127834249723176	9	4	9	4	TRUE	kivirágozik	zik	FALSE
kivitelez	kivitelez	[/V][Prs.NDef.3Sg]	2447	8570080167	51541	0.4556490848938314	1.7791679560330007	9	4	9	4	TRUE	kivitelezik	zik	FALSE
kiáltoz	kiáltoz	[/V][Prs.NDef.3Sg]	291	8570080167	12406	-0.46909189547205055	1.1606468923709898	7	3	7	3	TRUE	kiáltozik	zik	FALSE
kiél	kiél	[/V][Prs.NDef.3Sg]	50	8570080167	21210	-1.234014880121939	1.393555784058604	4	2	4	2	TRUE	kiélik	lik	FALSE
kiókumlál	kiókumlál	[/V][Prs.NDef.3Sg]	1	8570080167	316	-2.932984884457958	-0.433297801839554	9	4	9	4	TRUE	kiókumlálik	lik	FALSE
kiöklendez	kiöklendez	[/V][Prs.NDef.3Sg]	13	8570080167	360	-1.819041532151121	-0.3766823836906706	10	4	10	4	TRUE	kiöklendezik	zik	FALSE
klappol	klappol	[/V][Prs.NDef.3Sg]	3650	8570080167	6788	0.629307979998517	0.8987569491876803	7	2	7	2	TRUE	klappolik	lik	FALSE
klasszicizál	klasszicizál	[/V][Prs.NDef.3Sg]	35	8570080167	89	-1.388916840107682	-0.983594877813045	12	4	12	4	TRUE	klasszicizálik	lik	FALSE
klasszifikál	klasszifikál	[/V][Prs.NDef.3Sg]	22	8570080167	311	-1.5905622036357516	-0.4402244954311203	12	4	12	4	TRUE	klasszifikálik	lik	FALSE
klimatizál	klimatizál	[/V][Prs.NDef.3Sg]	44	8570080167	3771	-1.2895322079717704	0.6434716479476623	10	4	10	4	TRUE	klimatizálik	lik	FALSE
klimpíroz	klimpíroz	[/V][Prs.NDef.3Sg]	34	8570080167	383	-1.4015059674157029	-0.3497861104893351	9	3	9	3	TRUE	klimpírozik	zik	FALSE
klopfol	klopfol	[/V][Prs.NDef.3Sg]	42	8570080167	1896	-1.3097355940600577	0.3448534485440896	7	2	7	2	TRUE	klopfolik	lik	FALSE
klónoz	klónoz	[/V][Prs.NDef.3Sg]	96	8570080167	5801	-0.9507136514183894	0.8305179810096391	6	2	6	2	TRUE	klónozik	zik	FALSE
klóroz	klóroz	[/V][Prs.NDef.3Sg]	1	8570080167	429	-2.932984884457958	-0.30052759227323356	6	2	6	2	TRUE	klórozik	zik	FALSE
koagulál	koagulál	[/V][Prs.NDef.3Sg]	43	8570080167	213	-1.2995164288783714	-0.6046052810192202	8	4	8	4	TRUE	koagulálik	lik	FALSE
koboz	koboz	[/V][Prs.NDef.3Sg]	33	8570080167	9036	-1.4144709445800705	1.0229913377903674	5	2	5	2	TRUE	kobozik	zik	FALSE
kockáz	kockáz	[/V][Prs.NDef.3Sg]	98	8570080167	7239	-0.9417588087654628	0.9266936921704904	6	2	6	2	TRUE	kockázik	zik	TRUE
kocsmáz	kocsmáz	[/V][Prs.NDef.3Sg]	4	8570080167	1685	-2.3309248931299953	0.2936150207493996	7	2	7	2	TRUE	kocsmázik	zik	FALSE
kodifikál	kodifikál	[/V][Prs.NDef.3Sg]	56	8570080167	1974	-1.1847968574517571	0.3623622638756601	9	4	9	4	TRUE	kodifikálik	lik	FALSE
koegzisztál	koegzisztál	[/V][Prs.NDef.3Sg]	13	8570080167	34	-1.819041532151121	-1.4015059674157029	11	4	11	4	TRUE	koegzisztálik	lik	FALSE
kohol	kohol	[/V][Prs.NDef.3Sg]	362	8570080167	1768	-0.3742763139247921	0.31449737621909646	5	2	5	2	TRUE	koholik	lik	FALSE
koitál	koitál	[/V][Prs.NDef.3Sg]	37	8570080167	125	-1.3647831603909628	-0.8360748714499014	6	3	6	3	TRUE	koitálik	lik	FALSE
kokettál	kokettál	[/V][Prs.NDef.3Sg]	552	8570080167	1529	-0.19104580672875893	0.2514226009543623	8	3	8	3	TRUE	kokettálik	lik	FALSE
kokszol	kokszol	[/V][Prs.NDef.3Sg]	190	8570080167	575	-0.6542312835051288	-0.17331703976832735	7	2	7	2	TRUE	kokszolik	lik	FALSE
kolbászol	kolbászol	[/V][Prs.NDef.3Sg]	302	8570080167	1276	-0.4529779415008072	0.17286578992718568	9	3	9	3	TRUE	kolbászolik	lik	FALSE
koldul	koldul	[/V][Prs.NDef.3Sg]	1482	8570080167	9426	0.2378633191853515	1.041342550965659	6	2	6	2	TRUE	koldulik	lik	FALSE
koledál	koledál	[/V][Prs.NDef.3Sg]	4	8570080167	32	-2.3309248931299953	-1.427834906138052	7	3	7	3	TRUE	koledálik	lik	FALSE
kollaborál	kollaborál	[/V][Prs.NDef.3Sg]	508	8570080167	2674	-0.2271211721740386	0.4941765184680077	10	4	10	4	TRUE	kollaborálik	lik	FALSE
kollektivizál	kollektivizál	[/V][Prs.NDef.3Sg]	14	8570080167	280	-1.7868568487797198	-0.48582685311573864	13	5	13	5	TRUE	kollektivizálik	lik	FALSE
kollokvál	kollokvál	[/V][Prs.NDef.3Sg]	18	8570080167	221	-1.6777123793546518	-0.5885926107728471	9	3	9	3	TRUE	kollokválik	lik	FALSE
kolompol	kolompol	[/V][Prs.NDef.3Sg]	206	8570080167	780	-0.6191176640888044	-0.04089028176747745	8	3	8	3	TRUE	kolompolik	lik	FALSE
kolonizál	kolonizál	[/V][Prs.NDef.3Sg]	60	8570080167	1661	-1.1548336340743142	0.2873847479934366	9	4	9	4	TRUE	kolonizálik	lik	FALSE
kolportál	kolportál	[/V][Prs.NDef.3Sg]	2	8570080167	56	-2.6319548887939765	-1.1847968574517571	9	3	9	3	TRUE	kolportálik	lik	FALSE
kombinál	kombinál	[/V][Prs.NDef.3Sg]	2072	8570080167	137615	0.3834048666152376	2.2056808900097087	8	3	8	3	TRUE	kombinálik	lik	FALSE
komendál	komendál	[/V][Prs.NDef.3Sg]	4	8570080167	53	-2.3309248931299953	-1.2087090148571689	8	3	8	3	TRUE	komendálik	lik	FALSE
kommandíroz	kommandíroz	[/V][Prs.NDef.3Sg]	40	8570080167	473	-1.3309248931299955	-0.2581237437201463	11	4	11	4	TRUE	kommandírozik	zik	FALSE
kommendál	kommendál	[/V][Prs.NDef.3Sg]	15	8570080167	258	-1.756893625402277	-0.5213651784947277	9	3	9	3	TRUE	kommendálik	lik	FALSE
kommentál	kommentál	[/V][Prs.NDef.3Sg]	2514	8570080167	72005	0.4673803888919811	1.924377770265181	9	3	9	3	TRUE	kommentálik	lik	FALSE
kommunikál	kommunikál	[/V][Prs.NDef.3Sg]	32271	8570080167	199208	1.575827538886851	2.3663218908249575	10	4	10	4	TRUE	kommunikálik	lik	FALSE
kommunizál	kommunizál	[/V][Prs.NDef.3Sg]	5	8570080167	146	-2.234014880121939	-0.7686320286735208	10	4	10	4	TRUE	kommunizálik	lik	FALSE
komorul	komorul	[/V][Prs.NDef.3Sg]	138	8570080167	421	-0.7931057980567213	-0.30870278862228956	7	3	7	3	TRUE	komorulik	lik	FALSE
kompenzál	kompenzál	[/V][Prs.NDef.3Sg]	3000	8570080167	66445	0.5441363702617046	1.8894774213007128	9	3	9	3	TRUE	kompenzálik	lik	FALSE
kompilál	kompilál	[/V][Prs.NDef.3Sg]	34	8570080167	201	-1.4015059674157029	-0.629788827037469	8	3	8	3	TRUE	kompilálik	lik	FALSE
komplikál	komplikál	[/V][Prs.NDef.3Sg]	57	8570080167	2100	-1.1771100287854663	0.38923441027596145	9	3	9	3	TRUE	komplikálik	lik	FALSE
komponál	komponál	[/V][Prs.NDef.3Sg]	3061	8570080167	53139	0.5528784451393768	1.7924284928920202	8	3	8	3	TRUE	komponálik	lik	FALSE
komprimál	komprimál	[/V][Prs.NDef.3Sg]	24	8570080167	530	-1.552773642746352	-0.20870901485716883	9	3	9	3	TRUE	komprimálik	lik	FALSE
kompromittál	kompromittál	[/V][Prs.NDef.3Sg]	87	8570080167	4342	-0.9934656318393392	0.7047049346604434	12	4	12	4	TRUE	kompromittálik	lik	FALSE
komál	komál	[/V][Prs.NDef.3Sg]	69	8570080167	2772	-1.0941357937207026	0.5098083414818113	5	2	5	2	TRUE	komálik	lik	FALSE
komáz	komáz	[/V][Prs.NDef.3Sg]	14	8570080167	379	-1.7868568487797198	-0.35434567448988546	5	2	5	2	TRUE	komázik	zik	FALSE
koncedál	koncedál	[/V][Prs.NDef.3Sg]	4	8570080167	72	-2.3309248931299953	-1.0756523880266893	8	3	8	3	TRUE	koncedálik	lik	FALSE
koncentrál	koncentrál	[/V][Prs.NDef.3Sg]	52990	8570080167	315952	1.7912090350563716	2.56663622436759	10	3	10	3	TRUE	koncentrálik	lik	FALSE
koncertez	koncertez	[/V][Prs.NDef.3Sg]	79	8570080167	345	-1.0353577931675164	-0.3951657893846837	9	3	9	3	TRUE	koncertezik	zik	TRUE
koncol	koncol	[/V][Prs.NDef.3Sg]	27	8570080167	861	-1.5016211202989704	0.00201826699569695	6	2	6	2	TRUE	koncolik	lik	FALSE
kondenzál	kondenzál	[/V][Prs.NDef.3Sg]	136	8570080167	719	-0.7994459760877403	-0.07625599407507523	9	3	9	3	TRUE	kondenzálik	lik	FALSE
kondicionál	kondicionál	[/V][Prs.NDef.3Sg]	598	8570080167	5884	-0.156283700469547	0.8366877795975347	11	5	11	5	TRUE	kondicionálik	lik	FALSE
kondoleál	kondoleál	[/V][Prs.NDef.3Sg]	29	8570080167	135	-1.4705868865590015	-0.8026511159629518	9	4	9	4	TRUE	kondoleálik	lik	FALSE
kondul	kondul	[/V][Prs.NDef.3Sg]	863	8570080167	1992	0.0030259112572518	0.3663044496297221	6	2	6	2	TRUE	kondulik	lik	FALSE
konfekcionál	konfekcionál	[/V][Prs.NDef.3Sg]	3	8570080167	301	-2.455863629738295	-0.4544183888641145	12	5	12	5	TRUE	konfekcionálik	lik	FALSE
konferál	konferál	[/V][Prs.NDef.3Sg]	584	8570080167	6469	-0.16657203734555837	0.8778522666825305	8	3	8	3	TRUE	konferálik	lik	FALSE
konfigurál	konfigurál	[/V][Prs.NDef.3Sg]	277	8570080167	21497	-0.4905051153935094	1.399392971999368	10	4	10	4	TRUE	konfigurálik	lik	FALSE
konfirmál	konfirmál	[/V][Prs.NDef.3Sg]	158	8570080167	4666	-0.7343277975035353	0.7359598499997759	9	3	9	3	TRUE	konfirmálik	lik	FALSE
konfiskál	konfiskál	[/V][Prs.NDef.3Sg]	8	8570080167	229	-2.0298948974660145	-0.5731494021180699	9	3	9	3	TRUE	konfiskálik	lik	FALSE
konfrontál	konfrontál	[/V][Prs.NDef.3Sg]	192	8570080167	1107	-0.6496836557544082	0.11116273642076496	10	3	10	3	TRUE	konfrontálik	lik	FALSE
konfundál	konfundál	[/V][Prs.NDef.3Sg]	6	8570080167	31	-2.1548336340743144	-1.4416231906236852	9	3	9	3	TRUE	konfundálik	lik	FALSE
konjugál	konjugál	[/V][Prs.NDef.3Sg]	13	8570080167	811	-1.819041532151121	-0.0239640302468018	8	3	8	3	TRUE	konjugálik	lik	FALSE
konkludál	konkludál	[/V][Prs.NDef.3Sg]	152	8570080167	340	-0.7511412965131853	-0.4015059674157027	9	3	9	3	TRUE	konkludálik	lik	FALSE
konkretizál	konkretizál	[/V][Prs.NDef.3Sg]	167	8570080167	6302	-0.7102684133103745	0.866493514380023	11	4	11	4	TRUE	konkretizálik	lik	FALSE
konkurál	konkurál	[/V][Prs.NDef.3Sg]	612	8570080167	3520	-0.14623346231239667	0.6135577790201732	8	3	8	3	TRUE	konkurálik	lik	FALSE
konspirál	konspirál	[/V][Prs.NDef.3Sg]	223	8570080167	1268	-0.5846800214097971	0.17013436908775606	9	3	9	3	TRUE	konspirálik	lik	FALSE
konstatál	konstatál	[/V][Prs.NDef.3Sg]	159	8570080167	28000	-0.7315877601375064	1.5141731468842614	9	3	9	3	TRUE	konstatálik	lik	FALSE
konstruál	konstruál	[/V][Prs.NDef.3Sg]	699	8570080167	7598	-0.08850770871227644	0.9477144047607438	9	3	9	3	TRUE	konstruálik	lik	FALSE
konszignál	konszignál	[/V][Prs.NDef.3Sg]	1	8570080167	21	-2.932984884457958	-1.6107655897240385	10	3	10	3	TRUE	konszignálik	lik	FALSE
konszolidál	konszolidál	[/V][Prs.NDef.3Sg]	142	8570080167	6181	-0.7806965400749013	0.8580738591338676	11	4	11	4	TRUE	konszolidálik	lik	FALSE
kontaminál	kontaminál	[/V][Prs.NDef.3Sg]	7	8570080167	118	-2.087886844443701	-0.8611028771518324	10	4	10	4	TRUE	kontaminálik	lik	FALSE
kontemplál	kontemplál	[/V][Prs.NDef.3Sg]	22	8570080167	357	-1.5905622036357516	-0.38031666834576466	10	3	10	3	TRUE	kontemplálik	lik	FALSE
kontrahál	kontrahál	[/V][Prs.NDef.3Sg]	23	8570080167	60	-1.571257048440365	-1.1548336340743142	9	3	9	3	TRUE	kontrahálik	lik	FALSE
kontrollál	kontrollál	[/V][Prs.NDef.3Sg]	747	8570080167	43764	-0.05966428264255907	1.7081321249034482	10	3	10	3	TRUE	kontrollálik	lik	FALSE
kontrolál	kontrolál	[/V][Prs.NDef.3Sg]	46	8570080167	2655	-1.2702270527763837	0.4910796409595301	9	3	9	3	TRUE	kontrolálik	lik	FALSE
kontráz	kontráz	[/V][Prs.NDef.3Sg]	610	8570080167	6439	-0.1476550494471908	0.8758335406341664	7	2	7	2	TRUE	kontrázik	zik	FALSE
kontyol	kontyol	[/V][Prs.NDef.3Sg]	2	8570080167	410	-2.6319548887939765	-0.32020102773822234	7	2	7	2	TRUE	kontyolik	lik	FALSE
kontyoz	kontyoz	[/V][Prs.NDef.3Sg]	1	8570080167	12	-2.932984884457958	-1.853803638410333	7	2	7	2	TRUE	kontyozik	zik	FALSE
kontíroz	kontíroz	[/V][Prs.NDef.3Sg]	26	8570080167	668	-1.5180115364871398	-0.10820842198241216	8	3	8	3	TRUE	kontírozik	zik	FALSE
kontúroz	kontúroz	[/V][Prs.NDef.3Sg]	49	8570080167	2138	-1.2427888044294442	0.39702281641480136	8	3	8	3	TRUE	kontúrozik	zik	FALSE
konveniál	konveniál	[/V][Prs.NDef.3Sg]	59	8570080167	95	-1.1621328728158136	-0.95526127916911	9	4	9	4	TRUE	konveniálik	lik	FALSE
konvergál	konvergál	[/V][Prs.NDef.3Sg]	3032	8570080167	5167	0.5487443125020581	0.7802535770877039	9	3	9	3	TRUE	konvergálik	lik	FALSE
konvertál	konvertál	[/V][Prs.NDef.3Sg]	1287	8570080167	21428	0.17659366244642882	1.397996753242864	9	3	9	3	TRUE	konvertálik	lik	FALSE
konverzál	konverzál	[/V][Prs.NDef.3Sg]	8	8570080167	55	-2.0298948974660145	-1.192622194963714	9	3	9	3	TRUE	konverzálik	lik	FALSE
konyul	konyul	[/V][Prs.NDef.3Sg]	324	8570080167	836	-0.4224398742513457	-0.01077860701894142	6	2	6	2	TRUE	konyulik	lik	FALSE
konzervdoboz	konzervdoboz	[/V][Prs.NDef.3Sg]	3	8570080167	8362	-2.455863629738295	0.989325278756438	12	4	12	4	TRUE	konzervdobozik	zik	FALSE
konzervál	konzervál	[/V][Prs.NDef.3Sg]	592	8570080167	14844	-0.16066317773503802	1.2385660612187877	9	3	9	3	TRUE	konzerválik	lik	FALSE
konzultál	konzultál	[/V][Prs.NDef.3Sg]	4812	8570080167	70073	0.7493407342098493	1.91256582666421	9	3	9	3	TRUE	konzultálik	lik	FALSE
kooperál	kooperál	[/V][Prs.NDef.3Sg]	846	8570080167	5106	-0.00561452141893428	0.7750959260102737	8	4	8	4	TRUE	kooperálik	lik	FALSE
kooptál	kooptál	[/V][Prs.NDef.3Sg]	30	8570080167	542	-1.4558636297382954	-0.1989855979195709	7	3	7	3	TRUE	kooptálik	lik	FALSE
koordinál	koordinál	[/V][Prs.NDef.3Sg]	2502	8570080167	59446	0.4653024208994433	1.8411377526906656	9	4	9	4	TRUE	koordinálik	lik	FALSE
koplal	koplal	[/V][Prs.NDef.3Sg]	752	8570080167	6619	-0.0567670438663156	0.8878074966302459	6	2	6	2	TRUE	koplalik	lik	FALSE
kopácsol	kopácsol	[/V][Prs.NDef.3Sg]	298	8570080167	1139	-0.4587686203817026	0.12353883962114257	8	3	8	3	TRUE	kopácsolik	lik	FALSE
kopíroz	kopíroz	[/V][Prs.NDef.3Sg]	41	8570080167	942	-1.3202010277382223	0.04106601833491955	7	3	7	3	TRUE	kopírozik	zik	FALSE
korbácsol	korbácsol	[/V][Prs.NDef.3Sg]	373	8570080167	5594	-0.36127605264927026	0.8147375775775506	9	3	9	3	TRUE	korbácsolik	lik	FALSE
korcsosul	korcsosul	[/V][Prs.NDef.3Sg]	241	8570080167	811	-0.5509678418830894	-0.0239640302468018	9	3	9	3	TRUE	korcsosulik	lik	FALSE
koreografál	koreografál	[/V][Prs.NDef.3Sg]	470	8570080167	5126	-0.2608870265222404	0.7767937173902674	11	5	11	5	TRUE	koreografálik	lik	FALSE
korhad	korhad	[/V][Prs.NDef.3Sg]	661	8570080167	3134	-0.1127834249723176	0.5631141076746135	6	2	6	2	TRUE	korhadik	NA	FALSE
korhol	korhol	[/V][Prs.NDef.3Sg]	385	8570080167	4960	-0.3475241549494572	0.7624967920322396	6	2	6	2	TRUE	korholik	lik	FALSE
korlátol	korlátol	[/V][Prs.NDef.3Sg]	81	8570080167	1088	-1.024499865579308	0.1036440109042033	8	3	8	3	TRUE	korlátolik	lik	FALSE
korlátoz	korlátoz	[/V][Prs.NDef.3Sg]	5500	8570080167	278229	0.807377805036286	2.5114175103698297	8	3	8	3	TRUE	korlátozik	zik	FALSE
kormoz	kormoz	[/V][Prs.NDef.3Sg]	160	8570080167	628	-0.728864901802033	-0.13502524072076172	6	2	6	2	TRUE	kormozik	zik	FALSE
kormányoz	kormányoz	[/V][Prs.NDef.3Sg]	6832	8570080167	58324	0.9015629732229908	1.8328624168320071	9	3	9	3	TRUE	kormányozik	zik	FALSE
kornyikál	kornyikál	[/V][Prs.NDef.3Sg]	121	8570080167	604	-0.8501995141415077	-0.151947945836826	9	3	9	3	TRUE	kornyikálik	lik	FALSE
koronáz	koronáz	[/V][Prs.NDef.3Sg]	1420	8570080167	43991	0.21930345992509864	1.7103789499795936	7	3	7	3	TRUE	koronázik	zik	FALSE
korrelál	korrelál	[/V][Prs.NDef.3Sg]	4306	8570080167	7732	0.7010891410295106	0.9553069608985576	8	3	8	3	TRUE	korrelálik	lik	FALSE
korrepetál	korrepetál	[/V][Prs.NDef.3Sg]	247	8570080167	3017	-0.5402879311982921	0.5465904257170305	10	4	10	4	TRUE	korrepetálik	lik	FALSE
korrigál	korrigál	[/V][Prs.NDef.3Sg]	2539	8570080167	78059	0.4716778164157644	1.9594380988533528	8	3	8	3	TRUE	korrigálik	lik	FALSE
korrodál	korrodál	[/V][Prs.NDef.3Sg]	497	8570080167	2613	-0.23662849572462577	0.4841545252693678	8	3	8	3	TRUE	korrodálik	lik	FALSE
korrumpál	korrumpál	[/V][Prs.NDef.3Sg]	368	8570080167	2787	-0.36713706578444016	0.5121520842553464	9	3	9	3	TRUE	korrumpálik	lik	FALSE
korszakol	korszakol	[/V][Prs.NDef.3Sg]	24	8570080167	228	-1.552773642746352	-0.575050037457504	9	3	9	3	TRUE	korszakolik	lik	FALSE
kortyol	kortyol	[/V][Prs.NDef.3Sg]	1511	8570080167	34642	0.24627957988106755	1.6066180729026525	7	2	7	2	TRUE	kortyolik	lik	FALSE
koráll	koráll	[/V][Prs.NDef.3Sg]	49	8570080167	289	-1.2427888044294442	-0.47208704170141	6	2	6	2	TRUE	korállik	NA	FALSE
kosaraz	kosaraz	[/V][Prs.NDef.3Sg]	27	8570080167	122	-1.5016211202989704	-0.8466250537832096	7	3	7	3	TRUE	kosarazik	zik	TRUE
koszol	koszol	[/V][Prs.NDef.3Sg]	390	8570080167	2611	-0.34192027743145864	0.4838219873649866	6	2	6	2	TRUE	koszolik	lik	FALSE
koszorúz	koszorúz	[/V][Prs.NDef.3Sg]	459	8570080167	7015	-0.2711721989206966	0.9130427909064208	8	3	8	3	TRUE	koszorúzik	zik	FALSE
kosztol	kosztol	[/V][Prs.NDef.3Sg]	479	8570080167	910	-0.25264937104339463	0.02605650786313575	7	2	7	2	TRUE	kosztolik	lik	FALSE
kotkodácsol	kotkodácsol	[/V][Prs.NDef.3Sg]	172	8570080167	532	-0.6974564375504089	-0.20707325216290967	11	4	11	4	TRUE	kotkodácsolik	lik	FALSE
kotkodákol	kotkodákol	[/V][Prs.NDef.3Sg]	24	8570080167	26	-1.552773642746352	-1.5180115364871398	10	4	10	4	TRUE	kotkodákolik	lik	FALSE
kotkodál	kotkodál	[/V][Prs.NDef.3Sg]	49	8570080167	182	-1.2427888044294442	-0.672913496472883	8	3	8	3	TRUE	kotkodálik	lik	FALSE
kotorász	kotorász	[/V][Prs.NDef.3Sg]	277	8570080167	1434	-0.4905051153935094	0.22356426687382344	8	3	8	3	TRUE	kotorászik	szik	TRUE
kottáz	kottáz	[/V][Prs.NDef.3Sg]	72	8570080167	990	-1.0756523880266893	0.0626503101395921	6	2	6	2	TRUE	kottázik	zik	FALSE
kovácsol	kovácsol	[/V][Prs.NDef.3Sg]	2851	8570080167	35832	0.5220123328515022	1.6212861649786736	8	3	8	3	TRUE	kovácsolik	lik	FALSE
kovászol	kovászol	[/V][Prs.NDef.3Sg]	25	8570080167	1099	-1.5350448757859203	0.10801280796553274	8	3	8	3	TRUE	kovászolik	lik	FALSE
kozmetikáz	kozmetikáz	[/V][Prs.NDef.3Sg]	76	8570080167	2980	-1.0521712921771664	0.5412313796182974	10	4	10	4	TRUE	kozmetikázik	zik	FALSE
kozmál	kozmál	[/V][Prs.NDef.3Sg]	93	8570080167	331	-0.9645019359040228	-0.4131568906822391	6	2	6	2	TRUE	kozmálik	lik	FALSE
krachol	krachol	[/V][Prs.NDef.3Sg]	2	8570080167	13	-2.6319548887939765	-1.819041532151121	7	2	7	2	TRUE	kracholik	lik	FALSE
krampácsol	krampácsol	[/V][Prs.NDef.3Sg]	17	8570080167	110	-1.702535963079684	-0.8915921992997328	10	3	10	3	TRUE	krampácsolik	lik	FALSE
kreál	kreál	[/V][Prs.NDef.3Sg]	3881	8570080167	35877	0.6559587582820571	1.6218312361482907	5	2	5	2	TRUE	kreálik	lik	FALSE
kritizál	kritizál	[/V][Prs.NDef.3Sg]	4321	8570080167	90661	0.7025993818532723	2.024435620603193	8	3	8	3	TRUE	kritizálik	lik	FALSE
krétáz	krétáz	[/V][Prs.NDef.3Sg]	2	8570080167	118	-2.6319548887939765	-0.8611028771518324	6	2	6	2	TRUE	krétázik	zik	FALSE
krómoz	krómoz	[/V][Prs.NDef.3Sg]	10	8570080167	2132	-1.9329848844579576	0.3958023158965768	6	2	6	2	TRUE	krómozik	zik	FALSE
kubikol	kubikol	[/V][Prs.NDef.3Sg]	33	8570080167	272	-1.4144709445800705	-0.4984159804237591	7	3	7	3	TRUE	kubikolik	lik	FALSE
kukkol	kukkol	[/V][Prs.NDef.3Sg]	511	8570080167	3485	-0.22456398432324515	0.6092178979760704	6	2	6	2	TRUE	kukkolik	lik	FALSE
kukoricáz	kukoricáz	[/V][Prs.NDef.3Sg]	3	8570080167	106	-2.455863629738295	-0.9076790191931876	9	4	9	4	TRUE	kukoricázik	zik	FALSE
kukorékol	kukorékol	[/V][Prs.NDef.3Sg]	1205	8570080167	3577	0.14800216245292935	0.6205340556910117	9	4	9	4	TRUE	kukorékolik	lik	FALSE
kuksol	kuksol	[/V][Prs.NDef.3Sg]	658	8570080167	3301	-0.11475899084400232	0.5856606398723537	6	2	6	2	TRUE	kuksolik	lik	FALSE
kukucskál	kukucskál	[/V][Prs.NDef.3Sg]	1114	8570080167	5511	0.11390030637975228	0.8082455265675129	9	3	9	3	TRUE	kukucskálik	lik	FALSE
kukul	kukul	[/V][Prs.NDef.3Sg]	30	8570080167	150	-1.4558636297382954	-0.7568936254022766	5	2	5	2	TRUE	kukulik	lik	FALSE
kulcsol	kulcsol	[/V][Prs.NDef.3Sg]	60	8570080167	4684	-1.1548336340743142	0.7376320019423677	7	2	7	2	TRUE	kulcsolik	lik	FALSE
kuliz	kuliz	[/V][Prs.NDef.3Sg]	1	8570080167	26	-2.932984884457958	-1.5180115364871398	5	2	5	2	TRUE	kulizik	zik	TRUE
kulminál	kulminál	[/V][Prs.NDef.3Sg]	644	8570080167	1379	-0.12409901709814572	0.20657938171789195	8	3	8	3	TRUE	kulminálik	lik	FALSE
kultivál	kultivál	[/V][Prs.NDef.3Sg]	113	8570080167	2665	-0.8799064409745381	0.4927123289046332	8	3	8	3	TRUE	kultiválik	lik	FALSE
kumulál	kumulál	[/V][Prs.NDef.3Sg]	34	8570080167	545	-1.4015059674157029	-0.1965883821813154	7	3	7	3	TRUE	kumulálik	lik	FALSE
kunyerál	kunyerál	[/V][Prs.NDef.3Sg]	639	8570080167	3711	-0.12748402629955766	0.6365060698908253	8	3	8	3	TRUE	kunyerálik	lik	FALSE
kunyorál	kunyorál	[/V][Prs.NDef.3Sg]	19	8570080167	141	-1.654231283505129	-0.783765771802578	8	3	8	3	TRUE	kunyorálik	lik	FALSE
kurbliz	kurbliz	[/V][Prs.NDef.3Sg]	8	8570080167	122	-2.0298948974660145	-0.8466250537832096	7	2	7	2	TRUE	kurblizik	zik	FALSE
kurizál	kurizál	[/V][Prs.NDef.3Sg]	17	8570080167	117	-1.702535963079684	-0.8647990227117962	7	3	7	3	TRUE	kurizálik	lik	FALSE
kurkász	kurkász	[/V][Prs.NDef.3Sg]	43	8570080167	687	-1.2995164288783714	-0.09602814739840738	7	2	7	2	TRUE	kurkászik	szik	FALSE
kurrentál	kurrentál	[/V][Prs.NDef.3Sg]	2	8570080167	46	-2.6319548887939765	-1.2702270527763837	9	3	9	3	TRUE	kurrentálik	lik	FALSE
kuruttyol	kuruttyol	[/V][Prs.NDef.3Sg]	208	8570080167	746	-0.6149215494951963	-0.06024605698528906	9	3	9	3	TRUE	kuruttyolik	lik	FALSE
kuruzsol	kuruzsol	[/V][Prs.NDef.3Sg]	34	8570080167	216	-1.4015059674157029	-0.5985311333070269	8	3	8	3	TRUE	kuruzsolik	lik	FALSE
kurváz	kurváz	[/V][Prs.NDef.3Sg]	18	8570080167	1261	-1.6777123793546518	0.1677302021151238	6	2	6	2	TRUE	kurvázik	zik	FALSE
kurzivál	kurzivál	[/V][Prs.NDef.3Sg]	10	8570080167	375	-1.9329848844579576	-0.35895361673023896	8	3	8	3	TRUE	kurziválik	lik	FALSE
kushad	kushad	[/V][Prs.NDef.3Sg]	254	8570080167	921	-0.5281511678380197	0.03127474573889104	6	2	6	2	TRUE	kushadik	NA	FALSE
kussol	kussol	[/V][Prs.NDef.3Sg]	1849	8570080167	10416	0.3339520267012152	1.084716086766159	6	2	6	2	TRUE	kussolik	lik	FALSE
kuszál	kuszál	[/V][Prs.NDef.3Sg]	77	8570080167	1262	-1.046494159285476	0.16807447045015764	6	2	6	2	TRUE	kuszálik	lik	FALSE
kutyagol	kutyagol	[/V][Prs.NDef.3Sg]	96	8570080167	3545	-0.9507136514183894	0.6166313550611275	8	3	8	3	TRUE	kutyagolik	lik	FALSE
kutyul	kutyul	[/V][Prs.NDef.3Sg]	87	8570080167	3476	-0.9934656318393392	0.608094883318671	6	2	6	2	TRUE	kutyulik	lik	FALSE
kuvikol	kuvikol	[/V][Prs.NDef.3Sg]	35	8570080167	117	-1.388916840107682	-0.8647990227117962	7	3	7	3	TRUE	kuvikolik	lik	FALSE
kvadrál	kvadrál	[/V][Prs.NDef.3Sg]	77	8570080167	122	-1.046494159285476	-0.8466250537832096	7	2	7	2	TRUE	kvadrálik	lik	FALSE
kvalifikál	kvalifikál	[/V][Prs.NDef.3Sg]	579	8570080167	16211	-0.17030632073052163	1.2768249213274214	10	4	10	4	TRUE	kvalifikálik	lik	FALSE
kvarcol	kvarcol	[/V][Prs.NDef.3Sg]	7	8570080167	53	-2.087886844443701	-1.2087090148571689	7	2	7	2	TRUE	kvarcolik	lik	FALSE
kvietál	kvietál	[/V][Prs.NDef.3Sg]	4	8570080167	15	-2.3309248931299953	-1.756893625402277	7	3	7	3	TRUE	kvietálik	lik	FALSE
kvittel	kvittel	[/V][Prs.NDef.3Sg]	3	8570080167	27	-2.455863629738295	-1.5016211202989704	7	2	7	2	TRUE	kvittelik	lik	FALSE
kvártélyoz	kvártélyoz	[/V][Prs.NDef.3Sg]	2	8570080167	232	-2.6319548887939765	-0.5674968995670582	10	3	10	3	TRUE	kvártélyozik	zik	FALSE
kábelez	kábelez	[/V][Prs.NDef.3Sg]	31	8570080167	1478	-1.4416231906236852	0.2366895496008491	7	3	7	3	TRUE	kábelezik	zik	FALSE
kábul	kábul	[/V][Prs.NDef.3Sg]	164	8570080167	747	-0.71814103641026	-0.05966428264255907	5	2	5	2	TRUE	kábulik	lik	FALSE
kábítószerez	kábítószerez	[/V][Prs.NDef.3Sg]	6	8570080167	30	-2.1548336340743144	-1.4558636297382954	12	5	12	5	TRUE	kábítószerezik	zik	FALSE
káderez	káderez	[/V][Prs.NDef.3Sg]	3	8570080167	107	-2.455863629738295	-0.9036011067727482	7	3	7	3	TRUE	káderezik	zik	FALSE
kántál	kántál	[/V][Prs.NDef.3Sg]	355	8570080167	5762	-0.38275653140286375	0.8275883694864363	6	2	6	2	TRUE	kántálik	lik	FALSE
káricál	káricál	[/V][Prs.NDef.3Sg]	8	8570080167	37	-2.0298948974660145	-1.3647831603909628	7	3	7	3	TRUE	káricálik	lik	FALSE
káromol	káromol	[/V][Prs.NDef.3Sg]	128	8570080167	4481	-0.8257749148100895	0.7183900594550855	7	3	7	3	TRUE	káromolik	lik	FALSE
károsul	károsul	[/V][Prs.NDef.3Sg]	550	8570080167	1201	-0.192622194963714	0.1465581229449482	7	3	7	3	TRUE	károsulik	lik	FALSE
kárpitoz	kárpitoz	[/V][Prs.NDef.3Sg]	8	8570080167	816	-2.0298948974660145	-0.02129472570409668	8	3	8	3	TRUE	kárpitozik	zik	FALSE
kárpál	kárpál	[/V][Prs.NDef.3Sg]	21	8570080167	94	-1.6107655897240385	-0.9598570308582592	6	2	6	2	TRUE	kárpálik	lik	FALSE
kárpótol	kárpótol	[/V][Prs.NDef.3Sg]	13872	8570080167	47983	1.2091541956741771	1.748102513044536	8	3	8	3	TRUE	kárpótolik	lik	FALSE
kártol	kártol	[/V][Prs.NDef.3Sg]	15	8570080167	340	-1.756893625402277	-0.4015059674157027	6	2	6	2	TRUE	kártolik	lik	FALSE
kártyáz	kártyáz	[/V][Prs.NDef.3Sg]	15	8570080167	249	-1.756893625402277	-0.5367855373622215	7	2	7	2	TRUE	kártyázik	zik	TRUE
kárál	kárál	[/V][Prs.NDef.3Sg]	197	8570080167	768	-0.6385186582963649	-0.04762366442644582	5	2	5	2	TRUE	kárálik	lik	FALSE
kárörvend	kárörvend	[/V][Prs.NDef.3Sg]	190	8570080167	1582	-0.6542312835051288	0.26622159470369994	9	3	9	3	TRUE	kárörvendik	NA	FALSE
kátrányoz	kátrányoz	[/V][Prs.NDef.3Sg]	1	8570080167	52	-2.932984884457958	-1.2169815408231586	9	3	9	3	TRUE	kátrányozik	zik	FALSE
kékszakáll	kékszakáll	[/V][Prs.NDef.3Sg]	1	8570080167	2104	-2.932984884457958	0.3900608510237436	10	3	10	3	TRUE	kékszakállik	NA	FALSE
kékül	kékül	[/V][Prs.NDef.3Sg]	741	8570080167	1363	-0.0631666764786297	0.2015109713767157	5	2	5	2	TRUE	kékülik	lik	FALSE
kél	kél	[/V][Prs.NDef.3Sg]	11313	8570080167	14182	1.1205929026673247	1.2187525965805606	3	1	3	1	TRUE	kélik	lik	FALSE
kémel	kémel	[/V][Prs.NDef.3Sg]	28	8570080167	93	-1.4858268531157386	-0.9645019359040228	5	2	5	2	TRUE	kémelik	lik	FALSE
kémlel	kémlel	[/V][Prs.NDef.3Sg]	700	8570080167	12407	-0.08788684444370101	1.1606818977699451	6	2	6	2	TRUE	kémlelik	lik	FALSE
kénez	kénez	[/V][Prs.NDef.3Sg]	7	8570080167	460	-2.087886844443701	-0.27022705277638376	5	2	5	2	TRUE	kénezik	zik	FALSE
kényszerül	kényszerül	[/V][Prs.NDef.3Sg]	32806	8570080167	140128	1.5829683961009209	2.213540039054074	10	3	10	3	TRUE	kényszerülik	lik	FALSE
képed	képed	[/V][Prs.NDef.3Sg]	3469	8570080167	5305	0.607219415384102	0.7917005037794016	5	2	5	2	TRUE	képedik	Vdik	FALSE
képedez	képedez	[/V][Prs.NDef.3Sg]	3	8570080167	25	-2.455863629738295	-1.5350448757859203	7	3	7	3	TRUE	képedezik	zik	FALSE
képel	képel	[/V][Prs.NDef.3Sg]	206	8570080167	606	-0.6191176640888044	-0.1505122602916716	5	2	5	2	TRUE	képelik	lik	FALSE
képez	képez	[/V][Prs.NDef.3Sg]	103689	8570080167	762570	2.0827478016061822	2.94929483138825	5	2	5	2	TRUE	képezik	zik	FALSE
képvisel	képvisel	[/V][Prs.NDef.3Sg]	125356	8570080167	790726	2.1651602412677065	2.9650411346871928	8	3	8	3	TRUE	képviselik	lik	FALSE
képzel	képzel	[/V][Prs.NDef.3Sg]	10613	8570080167	553652	1.0928532797717423	2.810251988631807	6	2	6	2	TRUE	képzelik	lik	FALSE
kérd	kérd	[/V][Prs.NDef.3Sg]	4	8570080167	85429	-2.3309248931299953	1.9986204382455903	4	1	4	1	TRUE	kérdik	NA	FALSE
kérdez	kérdez	[/V][Prs.NDef.3Sg]	37944	8570080167	1376405	1.6461582271858572	3.2057613571343997	6	2	6	2	TRUE	kérdezik	zik	FALSE
kérdőjel	kérdőjel	[/V][Prs.NDef.3Sg]	9	8570080167	33853	-1.978742375018633	1.5966122767674669	8	3	8	3	TRUE	kérdőjelik	lik	FALSE
kérdőjelez	kérdőjelez	[/V][Prs.NDef.3Sg]	456	8570080167	29647	-0.27402004179352285	1.538995868913038	10	4	10	4	TRUE	kérdőjelezik	zik	FALSE
kérelmez	kérelmez	[/V][Prs.NDef.3Sg]	2432	8570080167	48648	0.4529786861427395	1.7540801059466569	8	3	8	3	TRUE	kérelmezik	zik	FALSE
kérincsél	kérincsél	[/V][Prs.NDef.3Sg]	20	8570080167	120	-1.6319548887939763	-0.853803638410333	9	3	9	3	TRUE	kérincsélik	lik	FALSE
kérlel	kérlel	[/V][Prs.NDef.3Sg]	702	8570080167	13140	-0.08664777232815253	1.185610480765804	6	2	6	2	TRUE	kérlelik	lik	FALSE
kérvényez	kérvényez	[/V][Prs.NDef.3Sg]	101	8570080167	12197	-0.9286635106753152	1.1532681393592032	9	3	9	3	TRUE	kérvényezik	zik	FALSE
késel	késel	[/V][Prs.NDef.3Sg]	1653	8570080167	5854	0.28528796911348964	0.8344678336398154	5	2	5	2	TRUE	késelik	lik	FALSE
készletez	készletez	[/V][Prs.NDef.3Sg]	68	8570080167	931	-1.1004759717517214	0.03596479652338475	9	3	9	3	TRUE	készletezik	zik	FALSE
készül	készül	[/V][Prs.NDef.3Sg]	748239	8570080167	3312076	2.9410554564576574	3.587115409235179	6	2	6	2	TRUE	készülik	lik	FALSE
későll	későll	[/V][Prs.NDef.3Sg]	1	8570080167	3	-2.932984884457958	-2.455863629738295	6	2	6	2	TRUE	későllik	NA	FALSE
kétell	kétell	[/V][Prs.NDef.3Sg]	10	8570080167	34	-1.9329848844579576	-1.4015059674157029	6	2	6	2	TRUE	kétellik	NA	FALSE
kétfelől	kétfelől	[/V][Prs.NDef.3Sg]	11	8570080167	2663	-1.8915921992997329	0.4923862819809834	8	3	8	3	TRUE	kétfelőlik	lik	FALSE
kétszerez	kétszerez	[/V][Prs.NDef.3Sg]	13	8570080167	907	-1.819041532151121	0.02462240260213743	9	3	9	3	TRUE	kétszerezik	zik	FALSE
kévéz	kévéz	[/V][Prs.NDef.3Sg]	1	8570080167	16	-2.932984884457958	-1.728864901802033	5	2	5	2	TRUE	kévézik	zik	FALSE
kímél	kímél	[/V][Prs.NDef.3Sg]	2921	8570080167	103745	0.5325466725155918	2.082982290567273	5	2	5	2	TRUE	kímélik	lik	FALSE
kínoz	kínoz	[/V][Prs.NDef.3Sg]	6053	8570080167	56416	0.8489857894545942	1.81841740616127	5	2	5	2	TRUE	kínozik	zik	FALSE
kínál	kínál	[/V][Prs.NDef.3Sg]	542519	8570080167	1308126	2.801430068109912	3.1836646932223696	5	2	5	2	TRUE	kínálik	lik	FALSE
kísérel	kísérel	[/V][Prs.NDef.3Sg]	4310	8570080167	48646	0.7014923857027737	1.75406225101287	7	3	7	3	TRUE	kísérelik	lik	FALSE
kísérletez	kísérletez	[/V][Prs.NDef.3Sg]	441	8570080167	14866	-0.2885462949901193	1.2392092440089728	10	4	10	4	TRUE	kísérletezik	zik	TRUE
kívülről	kívülről	[/V][Prs.NDef.3Sg]	571	8570080167	3882	-0.1763487762121098	0.6560706465943862	8	3	8	3	TRUE	kívülrőlik	lik	FALSE
kóborol	kóborol	[/V][Prs.NDef.3Sg]	3407	8570080167	14363	0.5993872491099196	1.224260276017237	7	3	7	3	TRUE	kóborolik	lik	FALSE
kócol	kócol	[/V][Prs.NDef.3Sg]	27	8570080167	589	-1.5016211202989704	-0.1628695896708562	5	2	5	2	TRUE	kócolik	lik	FALSE
kódol	kódol	[/V][Prs.NDef.3Sg]	2022	8570080167	32227	0.3727962667970244	1.5752349946167004	5	2	5	2	TRUE	kódolik	lik	FALSE
kókad	kókad	[/V][Prs.NDef.3Sg]	238	8570080167	980	-0.5564079274014458	0.05824119123453703	5	2	5	2	TRUE	kókadik	NA	FALSE
kóricál	kóricál	[/V][Prs.NDef.3Sg]	349	8570080167	1452	-0.3901594574987779	0.2289817319061171	7	3	7	3	TRUE	kóricálik	lik	FALSE
kóstol	kóstol	[/V][Prs.NDef.3Sg]	2266	8570080167	166816	0.42227502106942055	2.289252818788967	6	2	6	2	TRUE	kóstolik	lik	FALSE
kóstál	kóstál	[/V][Prs.NDef.3Sg]	4301	8570080167	6516	0.7005845580961341	0.8809961911785139	6	2	6	2	TRUE	kóstálik	lik	FALSE
kószál	kószál	[/V][Prs.NDef.3Sg]	2761	8570080167	10361	0.5080815221813053	1.0824167892449912	6	2	6	2	TRUE	kószálik	lik	FALSE
kótyavetyél	kótyavetyél	[/V][Prs.NDef.3Sg]	21	8570080167	803	-1.6107655897240385	-0.02826933917927687	11	4	11	4	TRUE	kótyavetyélik	lik	FALSE
köböz	köböz	[/V][Prs.NDef.3Sg]	7	8570080167	24	-2.087886844443701	-1.552773642746352	5	2	5	2	TRUE	köbözik	zik	FALSE
ködösül	ködösül	[/V][Prs.NDef.3Sg]	16	8570080167	30	-1.728864901802033	-1.4558636297382954	7	3	7	3	TRUE	ködösülik	lik	FALSE
köhécsel	köhécsel	[/V][Prs.NDef.3Sg]	539	8570080167	2185	-0.20139611927121912	0.4064665568484828	8	3	8	3	TRUE	köhécselik	lik	FALSE
kölcsönöz	kölcsönöz	[/V][Prs.NDef.3Sg]	58571	8570080167	154127	1.8346977544713932	2.25489384072298	9	3	9	3	TRUE	kölcsönözik	zik	FALSE
könnyebbül	könnyebbül	[/V][Prs.NDef.3Sg]	294	8570080167	2352	-0.4646375540458006	0.438452432946143	10	3	10	3	TRUE	könnyebbülik	lik	FALSE
könnyez	könnyez	[/V][Prs.NDef.3Sg]	252	8570080167	16613	-0.5315843436764137	1.2874631806123604	7	2	7	2	TRUE	könnyezik	zik	FALSE
köntörfalaz	köntörfalaz	[/V][Prs.NDef.3Sg]	459	8570080167	1809	-0.2711721989206966	0.32445368240185585	11	4	11	4	TRUE	köntörfalazik	zik	FALSE
könyvel	könyvel	[/V][Prs.NDef.3Sg]	3369	8570080167	76828	0.5945161265231624	1.9525346432469983	7	2	7	2	TRUE	könyvelik	lik	FALSE
könyököl	könyököl	[/V][Prs.NDef.3Sg]	1073	8570080167	7271	0.09761483750799328	0.9286092601859074	8	3	8	3	TRUE	könyökölik	lik	FALSE
könyörül	könyörül	[/V][Prs.NDef.3Sg]	1584	8570080167	12803	0.2667702927955169	1.1743268610327158	8	3	8	3	TRUE	könyörülik	lik	FALSE
köpköd	köpköd	[/V][Prs.NDef.3Sg]	1519	8570080167	12425	0.2485728894048285	1.161311512947412	6	2	6	2	TRUE	köpködik	Vdik	FALSE
köpölyöz	köpölyöz	[/V][Prs.NDef.3Sg]	8	8570080167	81	-2.0298948974660145	-1.024499865579308	8	3	8	3	TRUE	köpölyözik	zik	FALSE
köpül	köpül	[/V][Prs.NDef.3Sg]	100	8570080167	1049	-0.9329848844579578	0.08779060373560002	5	2	5	2	TRUE	köpülik	lik	FALSE
körmöl	körmöl	[/V][Prs.NDef.3Sg]	367	8570080167	3185	-0.3683188202058685	0.5701245522134114	6	2	6	2	TRUE	körmölik	lik	FALSE
környez	környez	[/V][Prs.NDef.3Sg]	1134	8570080167	3876	0.12162817009892996	0.6553988839207698	7	2	7	2	TRUE	környezik	zik	FALSE
környékez	környékez	[/V][Prs.NDef.3Sg]	753	8570080167	5778	-0.05618990825725725	0.8287926530502203	9	3	9	3	TRUE	környékezik	zik	FALSE
körvonalaz	körvonalaz	[/V][Prs.NDef.3Sg]	471	8570080167	12928	-0.2599639773290616	1.1785464589725532	10	4	10	4	TRUE	körvonalazik	zik	FALSE
köröz	köröz	[/V][Prs.NDef.3Sg]	3987	8570080167	27026	0.6676613512044366	1.4987968879711664	5	2	5	2	TRUE	körözik	zik	FALSE
körül	körül	[/V][Prs.NDef.3Sg]	1	8570080167	1618001	-2.932984884457958	3.275993901232602	5	2	5	2	TRUE	körülik	lik	FALSE
köszörül	köszörül	[/V][Prs.NDef.3Sg]	241	8570080167	7203	-0.5509678418830894	0.924528530318732	8	3	8	3	TRUE	köszörülik	lik	FALSE
kötegel	kötegel	[/V][Prs.NDef.3Sg]	18	8570080167	1974	-1.6777123793546518	0.3623622638756601	7	3	7	3	TRUE	kötegelik	lik	FALSE
kötelez	kötelez	[/V][Prs.NDef.3Sg]	30823	8570080167	240981	1.555890021827067	2.4489979177831196	7	3	7	3	TRUE	kötelezik	zik	FALSE
kötöz	kötöz	[/V][Prs.NDef.3Sg]	939	8570080167	29108	0.03968070780815312	1.5310274817914562	5	2	5	2	TRUE	kötözik	zik	FALSE
kötőjel	kötőjel	[/V][Prs.NDef.3Sg]	3	8570080167	17070	-2.455863629738295	1.2992486366567757	7	3	7	3	TRUE	kötőjelik	lik	FALSE
kövesül	kövesül	[/V][Prs.NDef.3Sg]	5	8570080167	42	-2.234014880121939	-1.3097355940600577	7	3	7	3	TRUE	kövesülik	lik	FALSE
követel	követel	[/V][Prs.NDef.3Sg]	71328	8570080167	413127	1.920275162342186	2.6830986948513007	7	3	7	3	TRUE	követelik	lik	FALSE
kövez	kövez	[/V][Prs.NDef.3Sg]	164	8570080167	13292	-0.71814103641026	1.1906054481487156	5	2	5	2	TRUE	kövezik	zik	FALSE
kövül	kövül	[/V][Prs.NDef.3Sg]	141	8570080167	696	-0.783765771802578	-0.09037564484739571	5	2	5	2	TRUE	kövülik	lik	FALSE
közel	közel	[/V][Prs.NDef.3Sg]	2	8570080167	3570498	-2.6319548887939765	3.619743909684602	5	2	5	2	TRUE	közelik	lik	FALSE
közelebbről	közelebbről	[/V][Prs.NDef.3Sg]	396	8570080167	85845	-0.3352896985324455	2.0007301205061125	11	4	11	4	TRUE	közelebbrőlik	lik	FALSE
központosul	központosul	[/V][Prs.NDef.3Sg]	213	8570080167	457	-0.6046052810192202	-0.2730686843881076	11	4	11	4	TRUE	központosulik	lik	FALSE
közzétesz	közzétesz	[/V][Prs.NDef.3Sg]	3171	8570080167	190027	0.5682113575691309	2.3458304276418747	9	3	9	3	TRUE	közzéteszik	szik	FALSE
közöl	közöl	[/V][Prs.NDef.3Sg]	47858	8570080167	1508793	1.7469696609036052	3.245644776043709	5	2	5	2	TRUE	közölik	lik	FALSE
közösül	közösül	[/V][Prs.NDef.3Sg]	1084	8570080167	6112	0.10204439774441028	0.8531984611096757	7	3	7	3	TRUE	közösülik	lik	FALSE
közül	közül	[/V][Prs.NDef.3Sg]	15	8570080167	3563369	-1.756893625402277	3.6188759130168457	5	2	5	2	TRUE	közülik	lik	FALSE
kúpol	kúpol	[/V][Prs.NDef.3Sg]	92	8570080167	135	-0.9691970571124026	-0.8026511159629518	5	2	5	2	TRUE	kúpolik	lik	FALSE
kúrál	kúrál	[/V][Prs.NDef.3Sg]	243	8570080167	3571	-0.5473786108596456	0.6198049657348241	5	2	5	2	TRUE	kúrálik	lik	FALSE
küld	küld	[/V][Prs.NDef.3Sg]	193927	8570080167	1828231	2.354653394629439	3.329046184230405	4	1	4	1	TRUE	küldik	NA	FALSE
küldöz	küldöz	[/V][Prs.NDef.3Sg]	78	8570080167	2481	-1.0408902817674774	0.46164187981425125	6	2	6	2	TRUE	küldözik	zik	FALSE
különül	különül	[/V][Prs.NDef.3Sg]	6395	8570080167	15229	0.8728556643567149	1.2496865022175208	7	3	7	3	TRUE	különülik	lik	FALSE
kürtöl	kürtöl	[/V][Prs.NDef.3Sg]	164	8570080167	7844	-0.71814103641026	0.9615527005377886	6	2	6	2	TRUE	kürtölik	lik	FALSE
küszöböl	küszöböl	[/V][Prs.NDef.3Sg]	132	8570080167	13446	-0.812410953252108	1.195608222460747	8	3	8	3	TRUE	küszöbölik	lik	FALSE
küzd	küzd	[/V][Prs.NDef.3Sg]	161649	8570080167	656496	2.2755881378467144	2.8842471998392543	4	1	4	1	TRUE	küzdik	NA	FALSE
laborál	laborál	[/V][Prs.NDef.3Sg]	17	8570080167	359	-1.702535963079684	-0.3778904358796387	7	3	7	3	TRUE	laborálik	lik	FALSE
lajstromoz	lajstromoz	[/V][Prs.NDef.3Sg]	45	8570080167	2040	-1.279772370682614	0.376645282967941	10	3	10	3	TRUE	lajstromozik	zik	FALSE
lakatol	lakatol	[/V][Prs.NDef.3Sg]	106	8570080167	2773	-0.9076790191931876	0.5099649851199038	7	3	7	3	TRUE	lakatolik	lik	FALSE
lakkoz	lakkoz	[/V][Prs.NDef.3Sg]	118	8570080167	4498	-0.8611028771518324	0.7200345666416555	6	2	6	2	TRUE	lakkozik	zik	FALSE
lakol	lakol	[/V][Prs.NDef.3Sg]	1096	8570080167	7359	0.10682566969039252	0.9338339184680904	5	2	5	2	TRUE	lakolik	lik	FALSE
lalláz	lalláz	[/V][Prs.NDef.3Sg]	6	8570080167	19	-2.1548336340743144	-1.654231283505129	6	2	6	2	TRUE	lallázik	zik	FALSE
lamentál	lamentál	[/V][Prs.NDef.3Sg]	620	8570080167	3112	-0.14059319495970393	0.5600547038596935	8	3	8	3	TRUE	lamentálik	lik	FALSE
landol	landol	[/V][Prs.NDef.3Sg]	14495	8570080167	65108	1.2282333352330583	1.8806494703528551	6	2	6	2	TRUE	landolik	lik	FALSE
lankad	lankad	[/V][Prs.NDef.3Sg]	5453	8570080167	16636	0.8036506132288634	1.2880640272349382	6	2	6	2	TRUE	lankadik	NA	FALSE
lanszíroz	lanszíroz	[/V][Prs.NDef.3Sg]	3	8570080167	35	-2.455863629738295	-1.388916840107682	9	3	9	3	TRUE	lanszírozik	zik	FALSE
lantol	lantol	[/V][Prs.NDef.3Sg]	13	8570080167	85	-1.819041532151121	-1.0035659587436652	6	2	6	2	TRUE	lantolik	lik	FALSE
lanyhul	lanyhul	[/V][Prs.NDef.3Sg]	1384	8570080167	3647	0.2081512056627812	0.6289508788558235	7	2	7	2	TRUE	lanyhulik	lik	FALSE
lapol	lapol	[/V][Prs.NDef.3Sg]	32	8570080167	451	-1.427834906138052	-0.2788083425799973	5	2	5	2	TRUE	lapolik	lik	FALSE
lapoz	lapoz	[/V][Prs.NDef.3Sg]	1776	8570080167	52142	0.31645807698462436	1.7842028008382085	5	2	5	2	TRUE	lapozik	zik	FALSE
lappad	lappad	[/V][Prs.NDef.3Sg]	58	8570080167	203	-1.169556890895021	-0.6254888465447449	6	2	6	2	TRUE	lappadik	NA	FALSE
lapul	lapul	[/V][Prs.NDef.3Sg]	30846	8570080167	57721	1.5562139697927198	1.8283489620577444	5	2	5	2	TRUE	lapulik	lik	FALSE
lapátol	lapátol	[/V][Prs.NDef.3Sg]	802	8570080167	13793	-0.02881051617379432	1.2066738517502196	7	3	7	3	TRUE	lapátolik	lik	FALSE
lassul	lassul	[/V][Prs.NDef.3Sg]	18967	8570080167	50369	1.3450137597423306	1.7691784442279646	6	2	6	2	TRUE	lassulik	lik	FALSE
latol	latol	[/V][Prs.NDef.3Sg]	76	8570080167	2281	-1.0521712921771664	0.4251404008186907	5	2	5	2	TRUE	latolik	lik	FALSE
lavíroz	lavíroz	[/V][Prs.NDef.3Sg]	883	8570080167	9402	0.01297581911961071	1.040235362394276	7	3	7	3	TRUE	lavírozik	zik	FALSE
lazsál	lazsál	[/V][Prs.NDef.3Sg]	443	8570080167	3036	-0.2865811582348882	0.549316882765485	6	2	6	2	TRUE	lazsálik	lik	FALSE
lazul	lazul	[/V][Prs.NDef.3Sg]	2987	8570080167	22629	0.5422503381461705	1.4216804779776486	5	2	5	2	TRUE	lazulik	lik	FALSE
lazúroz	lazúroz	[/V][Prs.NDef.3Sg]	2	8570080167	383	-2.6319548887939765	-0.3497861104893351	7	3	7	3	TRUE	lazúrozik	zik	FALSE
ld	ld	[/V][Prs.NDef.3Sg]	47336	8570080167	100097	1.7422066718109976	2.0674361770076763	2	0	2	0	TRUE	ldik	NA	FALSE
lebaltáz	lebaltáz	[/V][Prs.NDef.3Sg]	9	8570080167	67	-1.978742375018633	-1.1069100817571311	8	3	8	3	TRUE	lebaltázik	zik	FALSE
lebarmol	lebarmol	[/V][Prs.NDef.3Sg]	20	8570080167	167	-1.6319548887939763	-0.7102684133103745	8	3	8	3	TRUE	lebarmolik	lik	FALSE
lebasz	lebasz	[/V][Prs.NDef.3Sg]	163	8570080167	806	-0.720797280054	-0.02664984265286718	6	2	6	2	TRUE	lebaszik	szik	FALSE
lebiggyed	lebiggyed	[/V][Prs.NDef.3Sg]	73	8570080167	300	-1.069662024337502	-0.4558636297382954	9	3	9	3	TRUE	lebiggyedik	Vdik	FALSE
lebirkóz	lebirkóz	[/V][Prs.NDef.3Sg]	5	8570080167	339	-2.234014880121939	-0.4027851862548757	8	3	8	3	TRUE	lebirkózik	zik	FALSE
lebzsel	lebzsel	[/V][Prs.NDef.3Sg]	665	8570080167	2439	-0.11016323915485328	0.45422691585577274	7	2	7	2	TRUE	lebzselik	lik	FALSE
lecikiz	lecikiz	[/V][Prs.NDef.3Sg]	3	8570080167	35	-2.455863629738295	-1.388916840107682	7	3	7	3	TRUE	lecikizik	zik	FALSE
leckéz	leckéz	[/V][Prs.NDef.3Sg]	4	8570080167	376	-2.3309248931299953	-0.3577970395302968	6	2	6	2	TRUE	leckézik	zik	FALSE
lefed	lefed	[/V][Prs.NDef.3Sg]	2848	8570080167	120583	0.5215551005068609	2.1483012000741812	5	2	5	2	TRUE	lefedik	Vdik	FALSE
lefetyel	lefetyel	[/V][Prs.NDef.3Sg]	152	8570080167	1369	-0.7511412965131853	0.20341856367603217	8	3	8	3	TRUE	lefetyelik	lik	FALSE
lefoglalóz	lefoglalóz	[/V][Prs.NDef.3Sg]	4	8570080167	834	-2.3309248931299953	-0.011818833820219121	10	4	10	4	TRUE	lefoglalózik	zik	FALSE
lefotóz	lefotóz	[/V][Prs.NDef.3Sg]	337	8570080167	15228	-0.40535498358661926	1.2496579836843718	7	3	7	3	TRUE	lefotózik	zik	FALSE
legalizál	legalizál	[/V][Prs.NDef.3Sg]	133	8570080167	11368	-0.809133243490872	1.1226991804614554	9	4	9	4	TRUE	legalizálik	lik	FALSE
legazemberez	legazemberez	[/V][Prs.NDef.3Sg]	1	8570080167	88	-2.932984884457958	-0.9885022123077892	12	5	12	5	TRUE	legazemberezik	zik	FALSE
legel	legel	[/V][Prs.NDef.3Sg]	3954	8570080167	30464	0.6640517805196957	1.5508020422464226	5	2	5	2	TRUE	legelik	lik	FALSE
legelész	legelész	[/V][Prs.NDef.3Sg]	199	8570080167	6360	-0.6341318080482512	0.870472231190456	8	3	8	3	TRUE	legelészik	szik	FALSE
legitimál	legitimál	[/V][Prs.NDef.3Sg]	667	8570080167	11471	-0.10885905054140886	1.126616395304796	9	4	9	4	TRUE	legitimálik	lik	FALSE
legyez	legyez	[/V][Prs.NDef.3Sg]	368	8570080167	2726	-0.36713706578444016	0.5025409670406968	6	2	6	2	TRUE	legyezik	zik	FALSE
legyöngül	legyöngül	[/V][Prs.NDef.3Sg]	49	8570080167	314	-1.2427888044294442	-0.4360552363847429	9	3	9	3	TRUE	legyöngülik	lik	FALSE
lehaboz	lehaboz	[/V][Prs.NDef.3Sg]	1	8570080167	608	-2.932984884457958	-0.14908130518522292	7	3	7	3	TRUE	lehabozik	zik	FALSE
lehalász	lehalász	[/V][Prs.NDef.3Sg]	5	8570080167	233	-2.234014880121939	-0.5656289634319388	8	3	8	3	TRUE	lehalászik	szik	FALSE
lehel	lehel	[/V][Prs.NDef.3Sg]	5734	8570080167	70882	0.8254728041525079	1.917551078607121	5	2	5	2	TRUE	lehelik	lik	FALSE
lejattol	lejattol	[/V][Prs.NDef.3Sg]	32	8570080167	179	-1.427834906138052	-0.6801318534780646	8	3	8	3	TRUE	lejattolik	lik	FALSE
lejjebbről	lejjebbről	[/V][Prs.NDef.3Sg]	1	8570080167	306	-2.932984884457958	-0.44726345797637784	10	3	10	3	TRUE	lejjebbrőlik	lik	FALSE
lejmol	lejmol	[/V][Prs.NDef.3Sg]	72	8570080167	749	-1.0756523880266893	-0.05850306675849135	6	2	6	2	TRUE	lejmolik	lik	FALSE
lekornyad	lekornyad	[/V][Prs.NDef.3Sg]	2	8570080167	18	-2.6319548887939765	-1.6777123793546518	9	3	9	3	TRUE	lekornyadik	NA	FALSE
lektorál	lektorál	[/V][Prs.NDef.3Sg]	152	8570080167	11695	-0.7511412965131853	1.135015341687214	8	3	8	3	TRUE	lektorálik	lik	FALSE
lel	lel	[/V][Prs.NDef.3Sg]	23982	8570080167	210443	1.446900514185791	2.3901495998578066	3	1	3	1	TRUE	lelik	lik	FALSE
leletez	leletez	[/V][Prs.NDef.3Sg]	18	8570080167	180	-1.6777123793546518	-0.6777123793546518	7	3	7	3	TRUE	leletezik	zik	FALSE
lelkendez	lelkendez	[/V][Prs.NDef.3Sg]	34	8570080167	8120	-1.4015059674157029	0.9765711447832176	9	3	9	3	TRUE	lelkendezik	zik	FALSE
lelkesül	lelkesül	[/V][Prs.NDef.3Sg]	322	8570080167	1958	-0.4251290127621269	0.3588278030091612	8	3	8	3	TRUE	lelkesülik	lik	FALSE
lelomboz	lelomboz	[/V][Prs.NDef.3Sg]	381	8570080167	1701	-0.35205990878233856	0.2977194291546112	8	3	8	3	TRUE	lelombozik	zik	FALSE
leltároz	leltároz	[/V][Prs.NDef.3Sg]	186	8570080167	3395	-0.6634719402400415	0.5978548941585626	8	3	8	3	TRUE	leltározik	zik	FALSE
lemezel	lemezel	[/V][Prs.NDef.3Sg]	75	8570080167	353	-1.0579236210662577	-0.3852101790701353	7	3	7	3	TRUE	lemezelik	lik	FALSE
lendül	lendül	[/V][Prs.NDef.3Sg]	9383	8570080167	44123	1.0393568318677904	1.711680148756071	6	2	6	2	TRUE	lendülik	lik	FALSE
lengedez	lengedez	[/V][Prs.NDef.3Sg]	1365	8570080167	5344	0.202147766918817	0.7948815650095314	8	3	8	3	TRUE	lengedezik	zik	FALSE
lentről	lentről	[/V][Prs.NDef.3Sg]	73	8570080167	12753	-1.069662024337502	1.1726274752288277	7	2	7	2	TRUE	lentrőlik	lik	FALSE
leplez	leplez	[/V][Prs.NDef.3Sg]	1699	8570080167	55892	0.29720849441108776	1.814364765924151	6	2	6	2	TRUE	leplezik	zik	FALSE
lerohad	lerohad	[/V][Prs.NDef.3Sg]	842	8570080167	3564	-0.00767279295830835	0.6189528109068794	7	3	7	3	TRUE	lerohadik	NA	FALSE
lesittel	lesittel	[/V][Prs.NDef.3Sg]	8	8570080167	848	-2.0298948974660145	-0.00458903220124401	8	3	8	3	TRUE	lesittelik	lik	FALSE
lesmárol	lesmárol	[/V][Prs.NDef.3Sg]	44	8570080167	986	-1.2895322079717704	0.06089203048325336	8	3	8	3	TRUE	lesmárolik	lik	FALSE
lesz	lesz	[/V][Prs.NDef.3Sg]	9814237	8570080167	26540277	4.058871656913596	4.490920566811367	4	1	4	1	TRUE	leszik	szik	FALSE
leszel	leszel	[/V][Prs.NDef.3Sg]	293	8570080167	839	-0.4661172641038483	-0.00922292362925756	6	2	6	2	TRUE	leszelik	lik	FALSE
letorkol	letorkol	[/V][Prs.NDef.3Sg]	55	8570080167	864	-1.192622194963714	0.00352885802093546	8	3	8	3	TRUE	letorkolik	lik	FALSE
letépked	letépked	[/V][Prs.NDef.3Sg]	4	8570080167	978	-2.3309248931299953	0.0573539703296436	8	3	8	3	TRUE	letépkedik	Vdik	FALSE
letörül	letörül	[/V][Prs.NDef.3Sg]	50	8570080167	605	-1.234014880121939	-0.15122950980548894	7	3	7	3	TRUE	letörülik	lik	FALSE
leutaz	leutaz	[/V][Prs.NDef.3Sg]	19	8570080167	1030	-1.654231283505129	0.0798523402472144	6	3	6	3	TRUE	leutazik	zik	FALSE
levelez	levelez	[/V][Prs.NDef.3Sg]	3315	8570080167	6135	0.587498648282834	0.8548296826050652	7	3	7	3	TRUE	levelezik	zik	FALSE
levetkőz	levetkőz	[/V][Prs.NDef.3Sg]	24	8570080167	2354	-1.552773642746352	0.4388215740494581	8	3	8	3	TRUE	levetkőzik	zik	FALSE
levél	levél	[/V][Prs.NDef.3Sg]	12	8570080167	1860585	-1.853803638410333	3.336664630903478	5	2	5	2	TRUE	levélik	lik	FALSE
lezuhanyoz	lezuhanyoz	[/V][Prs.NDef.3Sg]	20	8570080167	267	-1.6319548887939763	-0.5064736230933826	10	4	10	4	TRUE	lezuhanyozik	zik	FALSE
leél	leél	[/V][Prs.NDef.3Sg]	212	8570080167	18892	-0.6066490235292064	1.3432930524467044	4	2	4	2	TRUE	leélik	lik	FALSE
leöl	leöl	[/V][Prs.NDef.3Sg]	140	8570080167	6046	-0.7868568487797198	0.8484832583838405	4	2	4	2	TRUE	leölik	lik	FALSE
liberalizál	liberalizál	[/V][Prs.NDef.3Sg]	33	8570080167	2325	-1.4144709445800705	0.43343807276801494	11	5	11	5	TRUE	liberalizálik	lik	FALSE
licencel	licencel	[/V][Prs.NDef.3Sg]	305	8570080167	1952	-0.448685045111172	0.35749492887271517	8	3	8	3	TRUE	licencelik	lik	FALSE
licitál	licitál	[/V][Prs.NDef.3Sg]	2090	8570080167	32779	0.3871614016530962	1.5826108158104937	7	3	7	3	TRUE	licitálik	lik	FALSE
liferál	liferál	[/V][Prs.NDef.3Sg]	6	8570080167	98	-2.1548336340743144	-0.9417588087654628	7	3	7	3	TRUE	liferálik	lik	FALSE
liftez	liftez	[/V][Prs.NDef.3Sg]	16	8570080167	1041	-1.728864901802033	0.08446584505257833	6	2	6	2	TRUE	liftezik	zik	FALSE
likvidál	likvidál	[/V][Prs.NDef.3Sg]	205	8570080167	9642	-0.6212310234022035	1.0511822426890305	8	3	8	3	TRUE	likvidálik	lik	FALSE
limitál	limitál	[/V][Prs.NDef.3Sg]	251	8570080167	22302	-0.5333111629769197	1.4153589270214118	7	3	7	3	TRUE	limitálik	lik	FALSE
lincsel	lincsel	[/V][Prs.NDef.3Sg]	184	8570080167	2407	-0.6681670614484213	0.4484912058170722	7	2	7	2	TRUE	lincselik	lik	FALSE
linearizál	linearizál	[/V][Prs.NDef.3Sg]	9	8570080167	251	-1.978742375018633	-0.5333111629769197	10	5	10	5	TRUE	linearizálik	lik	FALSE
linkel	linkel	[/V][Prs.NDef.3Sg]	1253	8570080167	36831	0.16496618653619216	1.633228626104424	6	2	6	2	TRUE	linkelik	lik	FALSE
lirizál	lirizál	[/V][Prs.NDef.3Sg]	10	8570080167	37	-1.9329848844579576	-1.3647831603909628	7	3	7	3	TRUE	lirizálik	lik	FALSE
listáz	listáz	[/V][Prs.NDef.3Sg]	972	8570080167	31442	0.05468138046831677	1.5645252789061714	6	2	6	2	TRUE	listázik	zik	FALSE
lisztez	lisztez	[/V][Prs.NDef.3Sg]	17	8570080167	4565	-1.702535963079684	0.7264558974123599	7	2	7	2	TRUE	lisztezik	zik	FALSE
lobogóz	lobogóz	[/V][Prs.NDef.3Sg]	1	8570080167	305	-2.932984884457958	-0.448685045111172	7	3	7	3	TRUE	lobogózik	zik	FALSE
locsol	locsol	[/V][Prs.NDef.3Sg]	2094	8570080167	57554	0.3879917928848657	1.82709062800063	6	2	6	2	TRUE	locsolik	lik	FALSE
lohad	lohad	[/V][Prs.NDef.3Sg]	480	8570080167	1251	-0.2517436470823706	0.16427242523546212	5	2	5	2	TRUE	lohadik	NA	FALSE
lohol	lohol	[/V][Prs.NDef.3Sg]	3369	8570080167	10302	0.5945161265231624	1.0799366610866024	5	2	5	2	TRUE	loholik	lik	FALSE
lokalizál	lokalizál	[/V][Prs.NDef.3Sg]	81	8570080167	5557	-1.024499865579308	0.8118555123274214	9	4	9	4	TRUE	lokalizálik	lik	FALSE
lomhul	lomhul	[/V][Prs.NDef.3Sg]	11	8570080167	16	-1.8915921992997329	-1.728864901802033	6	2	6	2	TRUE	lomhulik	lik	FALSE
lopkod	lopkod	[/V][Prs.NDef.3Sg]	353	8570080167	4411	-0.3852101790701353	0.7115521733204495	6	2	6	2	TRUE	lopkodik	Vdik	FALSE
lottyad	lottyad	[/V][Prs.NDef.3Sg]	12	8570080167	97	-1.853803638410333	-0.946213150191713	7	2	7	2	TRUE	lottyadik	NA	FALSE
lovagol	lovagol	[/V][Prs.NDef.3Sg]	7026	8570080167	61777	0.9137232609980488	1.8578419299140725	7	3	7	3	TRUE	lovagolik	lik	FALSE
loval	loval	[/V][Prs.NDef.3Sg]	344	8570080167	1042	-0.39642644188642767	0.0848828345055478	5	2	5	2	TRUE	lovalik	lik	FALSE
lubickol	lubickol	[/V][Prs.NDef.3Sg]	3716	8570080167	15515	0.6370908208636463	1.2577668954622268	8	3	8	3	TRUE	lubickolik	lik	FALSE
lukad	lukad	[/V][Prs.NDef.3Sg]	130	8570080167	660	-0.8190415321511211	-0.1134409489160892	5	2	5	2	TRUE	lukadik	NA	FALSE
lumineszkál	lumineszkál	[/V][Prs.NDef.3Sg]	89	8570080167	151	-0.983594877813045	-0.7540079371647884	11	4	11	4	TRUE	lumineszkálik	lik	FALSE
lumpol	lumpol	[/V][Prs.NDef.3Sg]	71	8570080167	277	-1.0817265357388826	-0.4905051153935094	6	2	6	2	TRUE	lumpolik	lik	FALSE
lustul	lustul	[/V][Prs.NDef.3Sg]	194	8570080167	1359	-0.6451831545277318	0.20023457227453648	6	2	6	2	TRUE	lustulik	lik	FALSE
lyukad	lyukad	[/V][Prs.NDef.3Sg]	1495	8570080167	10252	0.24165630820249065	1.0778237130542483	6	2	6	2	TRUE	lyukadik	NA	FALSE
lábal	lábal	[/V][Prs.NDef.3Sg]	452	8570080167	3007	-0.2778464496465757	0.5451485436425597	5	2	5	2	TRUE	lábalik	lik	FALSE
lábol	lábol	[/V][Prs.NDef.3Sg]	46	8570080167	205	-1.2702270527763837	-0.6212310234022035	5	2	5	2	TRUE	lábolik	lik	FALSE
ládd	ládd	[/V][Prs.NDef.3Sg]	73	8570080167	184	-1.069662024337502	-0.6681670614484213	4	1	4	1	TRUE	láddik	NA	FALSE
lágyul	lágyul	[/V][Prs.NDef.3Sg]	1360	8570080167	3083	0.20055402391225963	0.5559886402685504	6	2	6	2	TRUE	lágyulik	lik	FALSE
lámpáz	lámpáz	[/V][Prs.NDef.3Sg]	7	8570080167	503	-2.087886844443701	-0.23141689940203045	6	2	6	2	TRUE	lámpázik	zik	FALSE
láncol	láncol	[/V][Prs.NDef.3Sg]	889	8570080167	12612	0.01591687651225587	1.1677990776179092	6	2	6	2	TRUE	láncolik	lik	FALSE
lángol	lángol	[/V][Prs.NDef.3Sg]	8605	8570080167	23457	1.0017659902056213	1.4372875833915706	6	2	6	2	TRUE	lángolik	lik	FALSE
lármáz	lármáz	[/V][Prs.NDef.3Sg]	258	8570080167	449	-0.5213651784947277	-0.28073854345463467	6	2	6	2	TRUE	lármázik	zik	TRUE
látcsövez	látcsövez	[/V][Prs.NDef.3Sg]	5	8570080167	30	-2.234014880121939	-1.4558636297382954	9	3	9	3	TRUE	látcsövezik	zik	FALSE
láttamoz	láttamoz	[/V][Prs.NDef.3Sg]	39	8570080167	1271	-1.3419202774314587	0.17116066609605035	8	3	8	3	TRUE	láttamozik	zik	FALSE
lázad	lázad	[/V][Prs.NDef.3Sg]	6784	8570080167	28182	0.8985009547906996	1.5169869261089346	5	2	5	2	TRUE	lázadik	NA	FALSE
lébecol	lébecol	[/V][Prs.NDef.3Sg]	194	8570080167	1144	-0.6451831545277318	0.12544113999904755	7	3	7	3	TRUE	lébecolik	lik	FALSE
lécel	lécel	[/V][Prs.NDef.3Sg]	77	8570080167	383	-1.046494159285476	-0.3497861104893351	5	2	5	2	TRUE	lécelik	lik	FALSE
lécez	lécez	[/V][Prs.NDef.3Sg]	1	8570080167	122	-2.932984884457958	-0.8466250537832096	5	2	5	2	TRUE	lécezik	zik	FALSE
lékel	lékel	[/V][Prs.NDef.3Sg]	38	8570080167	695	-1.3532012878411477	-0.09100007986784396	5	2	5	2	TRUE	lékelik	lik	FALSE
lélegez	lélegez	[/V][Prs.NDef.3Sg]	752	8570080167	849	-0.0567670438663156	-0.00407719421400516	7	3	7	3	TRUE	lélegezik	zik	FALSE
lényegül	lényegül	[/V][Prs.NDef.3Sg]	1463	8570080167	7208	0.232259441667353	0.9248298935130488	8	3	8	3	TRUE	lényegülik	lik	FALSE
lépcsőz	lépcsőz	[/V][Prs.NDef.3Sg]	8	8570080167	3900	-2.0298948974660145	0.6580797225685414	7	2	7	2	TRUE	lépcsőzik	zik	FALSE
lépdegél	lépdegél	[/V][Prs.NDef.3Sg]	30	8570080167	89	-1.4558636297382954	-0.983594877813045	8	3	8	3	TRUE	lépdegélik	lik	FALSE
lépdel	lépdel	[/V][Prs.NDef.3Sg]	2764	8570080167	13168	0.508553154244203	1.1865349334102369	6	2	6	2	TRUE	lépdelik	lik	FALSE
lépked	lépked	[/V][Prs.NDef.3Sg]	5199	8570080167	29345	0.7829349329756216	1.5345492293916343	6	2	6	2	TRUE	lépkedik	Vdik	FALSE
létesül	létesül	[/V][Prs.NDef.3Sg]	14447	8570080167	59228	1.2267927883292906	1.8395421832559415	7	3	7	3	TRUE	létesülik	lik	FALSE
létrehoz	létrehoz	[/V][Prs.NDef.3Sg]	17114	8570080167	459919	1.3003666431953165	2.729696466896272	8	3	8	3	TRUE	létrehozik	zik	FALSE
lívül	lívül	[/V][Prs.NDef.3Sg]	16	8570080167	17	-1.728864901802033	-1.702535963079684	5	2	5	2	TRUE	lívülik	lik	FALSE
lízingel	lízingel	[/V][Prs.NDef.3Sg]	855	8570080167	4698	-0.00101876972978518	0.7389281279836292	8	3	8	3	TRUE	lízingelik	lik	FALSE
lóbál	lóbál	[/V][Prs.NDef.3Sg]	465	8570080167	7692	-0.2655319315680039	0.9530543911084844	5	2	5	2	TRUE	lóbálik	lik	FALSE
lóbáz	lóbáz	[/V][Prs.NDef.3Sg]	6	8570080167	212	-2.1548336340743144	-0.6066490235292064	5	2	5	2	TRUE	lóbázik	zik	FALSE
lódul	lódul	[/V][Prs.NDef.3Sg]	780	8570080167	3627	-0.04089028176747745	0.6265626711224765	5	2	5	2	TRUE	lódulik	lik	FALSE
lófrál	lófrál	[/V][Prs.NDef.3Sg]	841	8570080167	2917	-0.00818888866004564	0.5319515446637748	6	2	6	2	TRUE	lófrálik	lik	FALSE
lógáz	lógáz	[/V][Prs.NDef.3Sg]	24	8570080167	664	-1.552773642746352	-0.11081680508994032	5	2	5	2	TRUE	lógázik	zik	FALSE
lóversenyez	lóversenyez	[/V][Prs.NDef.3Sg]	4	8570080167	43	-2.3309248931299953	-1.2995164288783714	11	4	11	4	TRUE	lóversenyezik	zik	FALSE
lököd	lököd	[/V][Prs.NDef.3Sg]	258	8570080167	709	-0.5213651784947277	-0.0823386492748913	5	2	5	2	TRUE	löködik	Vdik	FALSE
löttyed	löttyed	[/V][Prs.NDef.3Sg]	27	8570080167	50	-1.5016211202989704	-1.234014880121939	7	2	7	2	TRUE	löttyedik	Vdik	FALSE
lötyköl	lötyköl	[/V][Prs.NDef.3Sg]	15	8570080167	309	-1.756893625402277	-0.4430264050331232	7	2	7	2	TRUE	lötykölik	lik	FALSE
lövell	lövell	[/V][Prs.NDef.3Sg]	1920	8570080167	6076	0.35031634424559177	0.8506328807327909	6	2	6	2	TRUE	lövellik	NA	FALSE
lövöldöz	lövöldöz	[/V][Prs.NDef.3Sg]	1218	8570080167	23999	0.1526624038388987	1.447208261273233	8	3	8	3	TRUE	lövöldözik	zik	FALSE
lúdbőröz	lúdbőröz	[/V][Prs.NDef.3Sg]	1	8570080167	224	-2.932984884457958	-0.5827368661237949	8	3	8	3	TRUE	lúdbőrözik	zik	FALSE
lúgoz	lúgoz	[/V][Prs.NDef.3Sg]	13	8570080167	543	-1.819041532151121	-0.1981850548691109	5	2	5	2	TRUE	lúgozik	zik	FALSE
lődd	lődd	[/V][Prs.NDef.3Sg]	7	8570080167	16	-2.087886844443701	-1.728864901802033	4	1	4	1	TRUE	lőddik	NA	FALSE
lődöz	lődöz	[/V][Prs.NDef.3Sg]	259	8570080167	3094	-0.519685120376706	0.5575354249053909	5	2	5	2	TRUE	lődözik	zik	FALSE
lőjed	lőjed	[/V][Prs.NDef.3Sg]	1	8570080167	1	-2.932984884457958	-2.932984884457958	5	2	5	2	TRUE	lőjedik	Vdik	FALSE
lőjél	lőjél	[/V][Prs.NDef.3Sg]	2	8570080167	5	-2.6319548887939765	-2.234014880121939	5	2	5	2	TRUE	lőjélik	lik	FALSE
lőnéd	lőnéd	[/V][Prs.NDef.3Sg]	1	8570080167	1	-2.932984884457958	-2.932984884457958	5	2	5	2	TRUE	lőnédik	NA	FALSE
lőnél	lőnél	[/V][Prs.NDef.3Sg]	1	8570080167	1	-2.932984884457958	-2.932984884457958	5	2	5	2	TRUE	lőnélik	lik	FALSE
lősz	lősz	[/V][Prs.NDef.3Sg]	12	8570080167	1180	-1.853803638410333	0.13889712284816755	4	1	4	1	TRUE	lőszik	szik	FALSE
lőtted	lőtted	[/V][Prs.NDef.3Sg]	1	8570080167	1	-2.932984884457958	-2.932984884457958	6	2	6	2	TRUE	lőttedik	Vdik	FALSE
lőttvad	lőttvad	[/V][Prs.NDef.3Sg]	3	8570080167	19	-2.455863629738295	-1.654231283505129	7	2	7	2	TRUE	lőttvadik	NA	FALSE
macerál	macerál	[/V][Prs.NDef.3Sg]	153	8570080167	2072	-0.748293453640359	0.3834048666152376	7	3	7	3	TRUE	macerálik	lik	FALSE
machinál	machinál	[/V][Prs.NDef.3Sg]	142	8570080167	1035	-0.7806965400749013	0.08195546533497876	8	3	8	3	TRUE	machinálik	lik	FALSE
magasztal	magasztal	[/V][Prs.NDef.3Sg]	797	8570080167	29420	-0.03152656306184548	1.5356577839335537	9	3	9	3	TRUE	magasztalik	lik	FALSE
magasztosul	magasztosul	[/V][Prs.NDef.3Sg]	530	8570080167	1310	-0.20870901485716883	0.1842864111978064	11	4	11	4	TRUE	magasztosulik	lik	FALSE
magnetizál	magnetizál	[/V][Prs.NDef.3Sg]	11	8570080167	204	-1.8915921992997329	-0.623354717032059	10	4	10	4	TRUE	magnetizálik	lik	FALSE
magol	magol	[/V][Prs.NDef.3Sg]	272	8570080167	5204	-0.4984159804237591	0.7833524034315908	5	2	5	2	TRUE	magolik	lik	FALSE
magoz	magoz	[/V][Prs.NDef.3Sg]	23	8570080167	2277	-1.571257048440365	0.42437814615718494	5	2	5	2	TRUE	magozik	zik	TRUE
magyaráz	magyaráz	[/V][Prs.NDef.3Sg]	15714	8570080167	488618	1.263301864350918	2.7559845772721396	8	3	8	3	TRUE	magyarázik	zik	FALSE
magánemberektől	magánemberektől	[/V][Prs.NDef.3Sg]	1	8570080167	9	-2.932984884457958	-1.978742375018633	15	6	15	6	TRUE	magánemberektőlik	lik	FALSE
magáz	magáz	[/V][Prs.NDef.3Sg]	299	8570080167	3817	-0.4573136961335282	0.6487372754911409	5	2	5	2	TRUE	magázik	zik	FALSE
majmol	majmol	[/V][Prs.NDef.3Sg]	221	8570080167	4545	-0.5885926107728471	0.7245490031000285	6	2	6	2	TRUE	majmolik	lik	FALSE
majorál	majorál	[/V][Prs.NDef.3Sg]	3	8570080167	25	-2.455863629738295	-1.5350448757859203	7	3	7	3	TRUE	majorálik	lik	FALSE
majszol	majszol	[/V][Prs.NDef.3Sg]	995	8570080167	13127	0.06483819628776764	1.185180600785166	7	2	7	2	TRUE	majszolik	lik	FALSE
makacsol	makacsol	[/V][Prs.NDef.3Sg]	6	8570080167	506	-2.1548336340743144	-0.22883436761815876	8	3	8	3	TRUE	makacsolik	lik	FALSE
makkol	makkol	[/V][Prs.NDef.3Sg]	12	8570080167	168	-1.853803638410333	-0.707675602732095	6	2	6	2	TRUE	makkolik	lik	FALSE
malteroz	malteroz	[/V][Prs.NDef.3Sg]	8	8570080167	59	-2.0298948974660145	-1.1621328728158136	8	3	8	3	TRUE	malterozik	zik	FALSE
manifesztál	manifesztál	[/V][Prs.NDef.3Sg]	93	8570080167	1881	-0.9645019359040228	0.3414039110924211	11	4	11	4	TRUE	manifesztálik	lik	FALSE
manikűröz	manikűröz	[/V][Prs.NDef.3Sg]	7	8570080167	966	-2.087886844443701	0.05199224195753548	9	4	9	4	TRUE	manikűrözik	zik	FALSE
manipulál	manipulál	[/V][Prs.NDef.3Sg]	3487	8570080167	46492	0.6094670629180188	1.7343933446737416	9	4	9	4	TRUE	manipulálik	lik	FALSE
manuál	manuál	[/V][Prs.NDef.3Sg]	893	8570080167	3472	0.01786657443058855	0.6075948320464964	6	3	6	3	TRUE	manuálik	lik	FALSE
manőverez	manőverez	[/V][Prs.NDef.3Sg]	216	8570080167	6942	-0.5985311333070269	0.9084997248774354	9	4	9	4	TRUE	manőverezik	zik	FALSE
marad	marad	[/V][Prs.NDef.3Sg]	1298953	8570080167	4545149	3.1806085528275982	3.724563240463533	5	2	5	2	TRUE	maradik	NA	FALSE
maradoz	maradoz	[/V][Prs.NDef.3Sg]	14	8570080167	17	-1.7868568487797198	-1.702535963079684	7	3	7	3	TRUE	maradozik	zik	TRUE
marasztal	marasztal	[/V][Prs.NDef.3Sg]	754	8570080167	17513	-0.05561353858818377	1.3103756632158088	9	3	9	3	TRUE	marasztalik	lik	FALSE
marcangol	marcangol	[/V][Prs.NDef.3Sg]	529	8570080167	5869	-0.2095292124227721	0.8355792250556157	9	3	9	3	TRUE	marcangolik	lik	FALSE
marginalizál	marginalizál	[/V][Prs.NDef.3Sg]	22	8570080167	935	-1.5905622036357516	0.03782672641455994	12	5	12	5	TRUE	marginalizálik	lik	FALSE
marhul	marhul	[/V][Prs.NDef.3Sg]	35	8570080167	368	-1.388916840107682	-0.36713706578444016	6	2	6	2	TRUE	marhulik	lik	FALSE
marház	marház	[/V][Prs.NDef.3Sg]	4	8570080167	46	-2.3309248931299953	-1.2702270527763837	6	2	6	2	TRUE	marházik	zik	FALSE
marjul	marjul	[/V][Prs.NDef.3Sg]	6	8570080167	16	-2.1548336340743144	-1.728864901802033	6	2	6	2	TRUE	marjulik	lik	FALSE
markecol	markecol	[/V][Prs.NDef.3Sg]	6	8570080167	46	-2.1548336340743144	-1.2702270527763837	8	3	8	3	TRUE	markecolik	lik	FALSE
markol	markol	[/V][Prs.NDef.3Sg]	3099	8570080167	21362	0.5582366917813252	1.3966570262722533	6	2	6	2	TRUE	markolik	lik	FALSE
markolász	markolász	[/V][Prs.NDef.3Sg]	61	8570080167	1378	-1.1476550494471909	0.20626433311364917	9	3	9	3	TRUE	markolászik	szik	TRUE
markíroz	markíroz	[/V][Prs.NDef.3Sg]	10	8570080167	162	-1.9329848844579576	-0.7234698699153269	8	3	8	3	TRUE	markírozik	zik	FALSE
marsol	marsol	[/V][Prs.NDef.3Sg]	64	8570080167	218	-1.1268049104740707	-0.594528390853353	6	2	6	2	TRUE	marsolik	lik	FALSE
masinál	masinál	[/V][Prs.NDef.3Sg]	4	8570080167	33	-2.3309248931299953	-1.4144709445800705	7	3	7	3	TRUE	masinálik	lik	FALSE
masszíroz	masszíroz	[/V][Prs.NDef.3Sg]	1379	8570080167	56675	0.20657938171789195	1.820406644340597	9	3	9	3	TRUE	masszírozik	zik	FALSE
maszatol	maszatol	[/V][Prs.NDef.3Sg]	1139	8570080167	5987	0.12353883962114257	0.844224373687727	8	3	8	3	TRUE	maszatolik	lik	FALSE
maszekol	maszekol	[/V][Prs.NDef.3Sg]	134	8570080167	825	-0.8058800860931502	-0.01653093590803274	8	3	8	3	TRUE	maszekolik	lik	FALSE
maszkol	maszkol	[/V][Prs.NDef.3Sg]	43	8570080167	1753	-1.2995164288783714	0.31079703163583705	7	2	7	2	TRUE	maszkolik	lik	FALSE
maszkíroz	maszkíroz	[/V][Prs.NDef.3Sg]	24	8570080167	2606	-1.552773642746352	0.4829895269186081	9	3	9	3	TRUE	maszkírozik	zik	FALSE
maszlagol	maszlagol	[/V][Prs.NDef.3Sg]	16	8570080167	60	-1.728864901802033	-1.1548336340743142	9	3	9	3	TRUE	maszlagolik	lik	FALSE
maszturbál	maszturbál	[/V][Prs.NDef.3Sg]	1685	8570080167	8476	0.2936150207493996	0.9952060635807992	10	3	10	3	TRUE	maszturbálik	lik	FALSE
masíroz	masíroz	[/V][Prs.NDef.3Sg]	275	8570080167	7629	-0.4936521906276952	0.9494827304374136	7	3	7	3	TRUE	masírozik	zik	FALSE
materializál	materializál	[/V][Prs.NDef.3Sg]	63	8570080167	746	-1.133644335004376	-0.06024605698528906	12	6	12	6	TRUE	materializálik	lik	FALSE
matroid	matroid	[/V][Prs.NDef.3Sg]	4	8570080167	143	-2.3309248931299953	-0.777648846992896	7	3	7	3	TRUE	matroidik	NA	FALSE
mattol	mattol	[/V][Prs.NDef.3Sg]	40	8570080167	3380	-1.3309248931299955	0.5959318158196969	6	2	6	2	TRUE	mattolik	lik	FALSE
maturál	maturál	[/V][Prs.NDef.3Sg]	35	8570080167	241	-1.388916840107682	-0.5509678418830894	7	3	7	3	TRUE	maturálik	lik	FALSE
maximalizál	maximalizál	[/V][Prs.NDef.3Sg]	115	8570080167	25077	-0.8722870441043462	1.4662906954927637	11	5	11	5	TRUE	maximalizálik	lik	FALSE
maximál	maximál	[/V][Prs.NDef.3Sg]	263	8570080167	7613	-0.5130291359682	0.9485709453353538	7	3	7	3	TRUE	maximálik	lik	FALSE
mazsoláz	mazsoláz	[/V][Prs.NDef.3Sg]	66	8570080167	4545	-1.1134409489160892	0.7245490031000285	8	3	8	3	TRUE	mazsolázik	zik	FALSE
mechanizál	mechanizál	[/V][Prs.NDef.3Sg]	2	8570080167	79	-2.6319548887939765	-1.0353577931675164	10	4	10	4	TRUE	mechanizálik	lik	FALSE
meditál	meditál	[/V][Prs.NDef.3Sg]	2923	8570080167	31425	0.5328439308994786	1.5642904019000374	7	3	7	3	TRUE	meditálik	lik	FALSE
megbolydul	megbolydul	[/V][Prs.NDef.3Sg]	314	8570080167	847	-0.4360552363847429	-0.00510147412725094	10	3	10	3	TRUE	megbolydulik	lik	FALSE
megbíz	megbíz	[/V][Prs.NDef.3Sg]	2412	8570080167	117029	0.44939241901015586	2.1353086095905223	6	2	6	2	TRUE	megbízik	zik	FALSE
megdicsőül	megdicsőül	[/V][Prs.NDef.3Sg]	833	8570080167	3769	-0.01233988305117026	0.6432412529916471	10	4	10	4	TRUE	megdicsőülik	lik	FALSE
megdádáz	megdádáz	[/V][Prs.NDef.3Sg]	7	8570080167	60	-2.087886844443701	-1.1548336340743142	8	3	8	3	TRUE	megdádázik	zik	FALSE
megegyez	megegyez	[/V][Prs.NDef.3Sg]	1501	8570080167	1711	0.24339580778531256	0.30026512508314246	8	3	8	3	TRUE	megegyezik	zik	FALSE
meggyapál	meggyapál	[/V][Prs.NDef.3Sg]	2	8570080167	14	-2.6319548887939765	-1.7868568487797198	9	3	9	3	TRUE	meggyapálik	lik	FALSE
meghal	meghal	[/V][Prs.NDef.3Sg]	88709	8570080167	583789	2.0149827990947804	2.8332710231102625	6	2	6	2	TRUE	meghalik	lik	FALSE
meghirigel	meghirigel	[/V][Prs.NDef.3Sg]	2	8570080167	8	-2.6319548887939765	-2.0298948974660145	10	4	10	4	TRUE	meghirigelik	lik	FALSE
megkatéterez	megkatéterez	[/V][Prs.NDef.3Sg]	4	8570080167	92	-2.3309248931299953	-0.9691970571124026	12	5	12	5	TRUE	megkatéterezik	zik	FALSE
megkönnyül	megkönnyül	[/V][Prs.NDef.3Sg]	40	8570080167	130	-1.3309248931299955	-0.8190415321511211	10	3	10	3	TRUE	megkönnyülik	lik	FALSE
meglesz	meglesz	[/V][Prs.NDef.3Sg]	51634	8570080167	143492	1.779950885962841	2.223842804398082	7	2	7	2	TRUE	megleszik	szik	FALSE
megrohad	megrohad	[/V][Prs.NDef.3Sg]	518	8570080167	2450	-0.2186551247127248	0.45618119990657463	8	3	8	3	TRUE	megrohadik	NA	FALSE
megtörül	megtörül	[/V][Prs.NDef.3Sg]	11	8570080167	600	-1.8915921992997329	-0.1548336340743142	8	3	8	3	TRUE	megtörülik	lik	FALSE
megél	megél	[/V][Prs.NDef.3Sg]	12472	8570080167	270469	1.1629512177228274	2.499132610860961	5	2	5	2	TRUE	megélik	lik	FALSE
megöl	megöl	[/V][Prs.NDef.3Sg]	10580	8570080167	235342	1.0915007832412091	2.438714555427462	5	2	5	2	TRUE	megölik	lik	FALSE
megúsz	megúsz	[/V][Prs.NDef.3Sg]	13	8570080167	36	-1.819041532151121	-1.3766823836906703	6	2	6	2	TRUE	megúszik	szik	FALSE
melanéz	melanéz	[/V][Prs.NDef.3Sg]	13	8570080167	218	-1.819041532151121	-0.594528390853353	7	3	7	3	TRUE	melanézik	zik	FALSE
mellékel	mellékel	[/V][Prs.NDef.3Sg]	3148	8570080167	120920	0.5650498392290692	2.1495132540478217	8	3	8	3	TRUE	mellékelik	lik	FALSE
mellől	mellől	[/V][Prs.NDef.3Sg]	137	8570080167	64590	-0.796264317301551	1.8771804000851915	6	2	6	2	TRUE	mellőlik	lik	FALSE
mellőled	mellőled	[/V][Prs.NDef.3Sg]	4	8570080167	9	-2.3309248931299953	-1.978742375018633	8	3	8	3	TRUE	mellőledik	Vdik	FALSE
mellőz	mellőz	[/V][Prs.NDef.3Sg]	1475	8570080167	90556	0.235807135856224	2.023932346344123	6	2	6	2	TRUE	mellőzik	zik	FALSE
melíroz	melíroz	[/V][Prs.NDef.3Sg]	15	8570080167	488	-1.756893625402277	-0.24456506245524723	7	3	7	3	TRUE	melírozik	zik	FALSE
memorizál	memorizál	[/V][Prs.NDef.3Sg]	204	8570080167	6420	-0.623354717032059	0.8745501436108954	9	4	9	4	TRUE	memorizálik	lik	FALSE
mendegél	mendegél	[/V][Prs.NDef.3Sg]	974	8570080167	7127	0.05557407242065766	0.919921874338996	8	3	8	3	TRUE	mendegélik	lik	FALSE
menedzsel	menedzsel	[/V][Prs.NDef.3Sg]	1132	8570080167	29244	0.1208615423942948	1.5330518907743913	9	3	9	3	TRUE	menedzselik	lik	FALSE
menekül	menekül	[/V][Prs.NDef.3Sg]	42126	8570080167	311035	1.6915653389603609	2.559824377403632	7	3	7	3	TRUE	menekülik	lik	FALSE
menetel	menetel	[/V][Prs.NDef.3Sg]	4	8570080167	37456	-2.3309248931299953	1.6405365118945914	7	3	7	3	TRUE	menetelik	lik	FALSE
menstruál	menstruál	[/V][Prs.NDef.3Sg]	1721	8570080167	7342	0.30279598586960244	0.9328294957100102	9	3	9	3	TRUE	menstruálik	lik	FALSE
mentől	mentől	[/V][Prs.NDef.3Sg]	2	8570080167	1527	-2.6319548887939765	0.25085415259846333	6	2	6	2	TRUE	mentőlik	lik	FALSE
mered	mered	[/V][Prs.NDef.3Sg]	9807	8570080167	40288	1.0585512908420736	1.672190823969811	5	2	5	2	TRUE	meredik	Vdik	FALSE
meredez	meredez	[/V][Prs.NDef.3Sg]	166	8570080167	5088	-0.7128767964179027	0.7735622181823996	7	3	7	3	TRUE	meredezik	zik	FALSE
merevül	merevül	[/V][Prs.NDef.3Sg]	102	8570080167	480	-0.9243847126960404	-0.2517436470823706	7	3	7	3	TRUE	merevülik	lik	FALSE
merről	merről	[/V][Prs.NDef.3Sg]	2	8570080167	215	-2.6319548887939765	-0.6005464245423525	6	2	6	2	TRUE	merrőlik	lik	FALSE
merényel	merényel	[/V][Prs.NDef.3Sg]	17	8570080167	147	-1.702535963079684	-0.7656675497097818	8	3	8	3	TRUE	merényelik	lik	FALSE
merészel	merészel	[/V][Prs.NDef.3Sg]	3393	8570080167	20642	0.5975989751871599	1.3817668892570865	8	3	8	3	TRUE	merészelik	lik	FALSE
merül	merül	[/V][Prs.NDef.3Sg]	150997	8570080167	483170	2.245983434382308	2.75111507667058	5	2	5	2	TRUE	merülik	lik	FALSE
meszel	meszel	[/V][Prs.NDef.3Sg]	175	8570080167	5648	-0.6899468357716634	0.8189098035857896	6	2	6	2	TRUE	meszelik	lik	FALSE
meszez	meszez	[/V][Prs.NDef.3Sg]	3	8570080167	78	-2.455863629738295	-1.0408902817674774	6	2	6	2	TRUE	meszezik	zik	FALSE
mesél	mesél	[/V][Prs.NDef.3Sg]	91796	8570080167	702143	2.029838872824159	2.9134406860569646	5	2	5	2	TRUE	mesélik	lik	FALSE
metsz	metsz	[/V][Prs.NDef.3Sg]	1686	8570080167	39210	0.2938726858307657	1.660411957842249	5	1	5	1	TRUE	metszik	szik	FALSE
mettől	mettől	[/V][Prs.NDef.3Sg]	4	8570080167	4102	-2.3309248931299953	0.6800107715743896	6	2	6	2	TRUE	mettőlik	lik	FALSE
metél	metél	[/V][Prs.NDef.3Sg]	82	8570080167	4949	-1.019171032074241	0.7615325693531985	5	2	5	2	TRUE	metélik	lik	FALSE
meóz	meóz	[/V][Prs.NDef.3Sg]	8	8570080167	144	-2.0298948974660145	-0.7746223923627081	4	2	4	2	TRUE	meózik	zik	FALSE
militarizál	militarizál	[/V][Prs.NDef.3Sg]	7	8570080167	423	-2.087886844443701	-0.30664451708291546	11	5	11	5	TRUE	militarizálik	lik	FALSE
mindebből	mindebből	[/V][Prs.NDef.3Sg]	70	8570080167	836	-1.087886844443701	-0.01077860701894142	9	3	9	3	TRUE	mindebbőlik	lik	FALSE
mindenfelől	mindenfelől	[/V][Prs.NDef.3Sg]	35	8570080167	7343	-1.388916840107682	0.9328886437498568	11	4	11	4	TRUE	mindenfelőlik	lik	FALSE
minderről	minderről	[/V][Prs.NDef.3Sg]	81	8570080167	661	-1.024499865579308	-0.1127834249723176	9	3	9	3	TRUE	minderrőlik	lik	FALSE
mindettől	mindettől	[/V][Prs.NDef.3Sg]	6	8570080167	134	-2.1548336340743144	-0.8058800860931502	9	3	9	3	TRUE	mindettőlik	lik	FALSE
mindkétfelől	mindkétfelől	[/V][Prs.NDef.3Sg]	1	8570080167	119	-2.932984884457958	-0.8574379230654271	12	4	12	4	TRUE	mindkétfelőlik	lik	FALSE
miniatürizál	miniatürizál	[/V][Prs.NDef.3Sg]	19	8570080167	434	-1.654231283505129	-0.2954951549454472	12	6	12	6	TRUE	miniatürizálik	lik	FALSE
minimalizál	minimalizál	[/V][Prs.NDef.3Sg]	120	8570080167	37340	-0.853803638410333	1.6391894291551017	11	5	11	5	TRUE	minimalizálik	lik	FALSE
ministrál	ministrál	[/V][Prs.NDef.3Sg]	206	8570080167	2571	-0.6191176640888044	0.4771171921849027	9	3	9	3	TRUE	ministrálik	lik	FALSE
mintáz	mintáz	[/V][Prs.NDef.3Sg]	1294	8570080167	19015	0.17894939187472375	1.3461114452896434	6	2	6	2	TRUE	mintázik	zik	FALSE
minősül	minősül	[/V][Prs.NDef.3Sg]	420673	8570080167	540558	2.6909597541877384	2.799857414624251	7	3	7	3	TRUE	minősülik	lik	FALSE
miskárol	miskárol	[/V][Prs.NDef.3Sg]	8	8570080167	105	-2.0298948974660145	-0.9117955853880196	8	3	8	3	TRUE	miskárolik	lik	FALSE
misztifikál	misztifikál	[/V][Prs.NDef.3Sg]	98	8570080167	3543	-0.9417588087654628	0.6163862678752193	11	4	11	4	TRUE	misztifikálik	lik	FALSE
miséz	miséz	[/V][Prs.NDef.3Sg]	50	8570080167	4495	-1.234014880121939	0.7197448116112897	5	2	5	2	TRUE	misézik	zik	FALSE
mitizál	mitizál	[/V][Prs.NDef.3Sg]	35	8570080167	389	-1.388916840107682	-0.34303528313225007	7	3	7	3	TRUE	mitizálik	lik	FALSE
mixel	mixel	[/V][Prs.NDef.3Sg]	541	8570080167	7081	-0.1997876193513884	0.917109709928743	5	2	5	2	TRUE	mixelik	lik	FALSE
miákol	miákol	[/V][Prs.NDef.3Sg]	107	8570080167	237	-0.9036011067727482	-0.558236538447854	6	3	6	3	TRUE	miákolik	lik	FALSE
mobilizál	mobilizál	[/V][Prs.NDef.3Sg]	316	8570080167	5734	-0.433297801839554	0.8254728041525079	9	4	9	4	TRUE	mobilizálik	lik	FALSE
mocskol	mocskol	[/V][Prs.NDef.3Sg]	372	8570080167	6039	-0.3624419445760603	0.8479801451503591	7	2	7	2	TRUE	mocskolik	lik	FALSE
modellez	modellez	[/V][Prs.NDef.3Sg]	1160	8570080167	28949	0.13147310476896065	1.5286486818098894	8	3	8	3	TRUE	modellezik	zik	FALSE
modellál	modellál	[/V][Prs.NDef.3Sg]	51	8570080167	1130	-1.2254147083600215	0.12009355902546189	8	3	8	3	TRUE	modellálik	lik	FALSE
modernizál	modernizál	[/V][Prs.NDef.3Sg]	262	8570080167	18986	-0.5146835931382123	1.345448592079458	10	4	10	4	TRUE	modernizálik	lik	FALSE
moderál	moderál	[/V][Prs.NDef.3Sg]	1068	8570080167	45529	0.0955863682345798	1.7253032271010271	7	3	7	3	TRUE	moderálik	lik	FALSE
modifikál	modifikál	[/V][Prs.NDef.3Sg]	9	8570080167	409	-1.978742375018633	-0.32126157645061604	9	4	9	4	TRUE	modifikálik	lik	FALSE
modul	modul	[/V][Prs.NDef.3Sg]	1	8570080167	371038	-2.932984884457958	2.6364335058718944	5	2	5	2	TRUE	modulik	lik	FALSE
modulál	modulál	[/V][Prs.NDef.3Sg]	338	8570080167	3175	-0.4040681841803031	0.5687588451700366	7	3	7	3	TRUE	modulálik	lik	FALSE
molesztál	molesztál	[/V][Prs.NDef.3Sg]	453	8570080167	9416	-0.27688668244512593	1.0408815653774204	9	3	9	3	TRUE	molesztálik	lik	FALSE
mond	mond	[/V][Prs.NDef.3Sg]	364378	8570080167	11546023	2.6285672632968153	4.129447533832242	4	1	4	1	TRUE	mondik	NA	FALSE
monologizál	monologizál	[/V][Prs.NDef.3Sg]	353	8570080167	774	-0.3852101790701353	-0.04424392377506522	11	5	11	5	TRUE	monologizálik	lik	FALSE
monopolizál	monopolizál	[/V][Prs.NDef.3Sg]	41	8570080167	1824	-1.3202010277382223	0.32803994953443955	11	5	11	5	TRUE	monopolizálik	lik	FALSE
montíroz	montíroz	[/V][Prs.NDef.3Sg]	51	8570080167	1367	-1.2254147083600215	0.20278363010986444	8	3	8	3	TRUE	montírozik	zik	FALSE
moralizál	moralizál	[/V][Prs.NDef.3Sg]	756	8570080167	2658	-0.05446308895675132	0.49157009214875536	9	4	9	4	TRUE	moralizálik	lik	FALSE
morcol	morcol	[/V][Prs.NDef.3Sg]	1	8570080167	26	-2.932984884457958	-1.5180115364871398	6	2	6	2	TRUE	morcolik	lik	FALSE
mordul	mordul	[/V][Prs.NDef.3Sg]	1124	8570080167	5726	0.11778142677508446	0.824866459227622	6	2	6	2	TRUE	mordulik	lik	FALSE
morfondíroz	morfondíroz	[/V][Prs.NDef.3Sg]	210	8570080167	4775	-0.6107655897240386	0.7459884914618073	11	4	11	4	TRUE	morfondírozik	zik	FALSE
mormol	mormol	[/V][Prs.NDef.3Sg]	1225	8570080167	12677	0.15515120424259346	1.1700316058703577	6	2	6	2	TRUE	mormolik	lik	FALSE
morzsol	morzsol	[/V][Prs.NDef.3Sg]	353	8570080167	19592	-0.3852101790701353	1.3590938876586998	7	2	7	2	TRUE	morzsolik	lik	FALSE
morzsál	morzsál	[/V][Prs.NDef.3Sg]	104	8570080167	384	-0.9159515451591774	-0.34865366009042703	7	2	7	2	TRUE	morzsálik	lik	FALSE
morzsáz	morzsáz	[/V][Prs.NDef.3Sg]	12	8570080167	182	-1.853803638410333	-0.672913496472883	7	2	7	2	TRUE	morzsázik	zik	FALSE
morzéz	morzéz	[/V][Prs.NDef.3Sg]	2	8570080167	242	-2.6319548887939765	-0.5491695184775266	6	2	6	2	TRUE	morzézik	zik	FALSE
motivál	motivál	[/V][Prs.NDef.3Sg]	21092	8570080167	121006	1.3911328782014687	2.149822020588143	7	3	7	3	TRUE	motiválik	lik	FALSE
motollál	motollál	[/V][Prs.NDef.3Sg]	5	8570080167	43	-2.234014880121939	-1.2995164288783714	8	3	8	3	TRUE	motollálik	lik	FALSE
motorizál	motorizál	[/V][Prs.NDef.3Sg]	14	8570080167	955	-1.7868568487797198	0.04701848712578851	9	4	9	4	TRUE	motorizálik	lik	FALSE
motoszkál	motoszkál	[/V][Prs.NDef.3Sg]	8508	8570080167	18549	0.9968425967727336	1.33533561676058	9	3	9	3	TRUE	motoszkálik	lik	FALSE
motoz	motoz	[/V][Prs.NDef.3Sg]	699	8570080167	2633	-0.08850770871227644	0.4874659746481103	5	2	5	2	TRUE	motozik	zik	FALSE
mozdul	mozdul	[/V][Prs.NDef.3Sg]	37875	8570080167	161595	1.6453677570524037	2.275443034443459	6	2	6	2	TRUE	mozdulik	lik	FALSE
multiplikál	multiplikál	[/V][Prs.NDef.3Sg]	7	8570080167	227	-2.087886844443701	-0.5769590272648352	11	4	11	4	TRUE	multiplikálik	lik	FALSE
mumifikál	mumifikál	[/V][Prs.NDef.3Sg]	8	8570080167	748	-2.0298948974660145	-0.05908328659349648	9	4	9	4	TRUE	mumifikálik	lik	FALSE
munkál	munkál	[/V][Prs.NDef.3Sg]	7186	8570080167	22870	0.9235023284106728	1.4262812801487907	6	2	6	2	TRUE	munkálik	lik	FALSE
mustrál	mustrál	[/V][Prs.NDef.3Sg]	131	8570080167	4851	-0.8157135888021936	0.7528463901681057	7	2	7	2	TRUE	mustrálik	lik	FALSE
mutál	mutál	[/V][Prs.NDef.3Sg]	206	8570080167	951	-0.6191176640888044	0.04519563247945606	5	2	5	2	TRUE	mutálik	lik	FALSE
muzsikál	muzsikál	[/V][Prs.NDef.3Sg]	15508	8570080167	42406	1.2575709078772146	1.694442424553136	8	3	8	3	TRUE	muzsikálik	lik	FALSE
mágnesez	mágnesez	[/V][Prs.NDef.3Sg]	26	8570080167	568	-1.5180115364871398	-0.17863654874693893	8	3	8	3	TRUE	mágnesezik	zik	FALSE
mállad	mállad	[/V][Prs.NDef.3Sg]	1	8570080167	8	-2.932984884457958	-2.0298948974660145	6	2	6	2	TRUE	málladik	NA	FALSE
mángol	mángol	[/V][Prs.NDef.3Sg]	10	8570080167	6055	-1.9329848844579576	0.8491292630211132	6	2	6	2	TRUE	mángolik	lik	FALSE
mángorol	mángorol	[/V][Prs.NDef.3Sg]	72	8570080167	267	-1.0756523880266893	-0.5064736230933826	8	3	8	3	TRUE	mángorolik	lik	FALSE
márkáz	márkáz	[/V][Prs.NDef.3Sg]	11	8570080167	166	-1.8915921992997329	-0.7128767964179027	6	2	6	2	TRUE	márkázik	zik	FALSE
márványoz	márványoz	[/V][Prs.NDef.3Sg]	3	8570080167	800	-2.455863629738295	-0.02989489746601426	9	3	9	3	TRUE	márványozik	zik	FALSE
másfelől	másfelől	[/V][Prs.NDef.3Sg]	255	8570080167	104081	-0.5264447040240027	2.084386571774238	8	3	8	3	TRUE	másfelőlik	lik	FALSE
másodkézből	másodkézből	[/V][Prs.NDef.3Sg]	9	8570080167	4066	-1.978742375018633	0.6761824898440619	11	4	11	4	TRUE	másodkézbőlik	lik	FALSE
másol	másol	[/V][Prs.NDef.3Sg]	4654	8570080167	126918	0.7348414944927533	2.170538335322391	5	2	5	2	TRUE	másolik	lik	FALSE
másrészről	másrészről	[/V][Prs.NDef.3Sg]	77	8570080167	65817	-1.046494159285476	1.8853531984056149	10	3	10	3	TRUE	másrészrőlik	lik	FALSE
mászkál	mászkál	[/V][Prs.NDef.3Sg]	6799	8570080167	37069	0.8994601567161532	1.6360259858893893	7	2	7	2	TRUE	mászkálik	lik	FALSE
máz	máz	[/V][Prs.NDef.3Sg]	316	8570080167	30459	-0.433297801839554	1.5507307564458417	3	1	3	1	TRUE	mázik	zik	FALSE
mázol	mázol	[/V][Prs.NDef.3Sg]	164	8570080167	5338	-0.71814103641026	0.794393684993531	5	2	5	2	TRUE	mázolik	lik	FALSE
mázsál	mázsál	[/V][Prs.NDef.3Sg]	9	8570080167	196	-1.978742375018633	-0.6407288131014818	6	2	6	2	TRUE	mázsálik	lik	FALSE
méltányol	méltányol	[/V][Prs.NDef.3Sg]	241	8570080167	13075	-0.5509678418830894	1.183456813081354	9	3	9	3	TRUE	méltányolik	lik	FALSE
mélyed	mélyed	[/V][Prs.NDef.3Sg]	1817	8570080167	16451	0.3263700428500765	1.2832074179059685	6	2	6	2	TRUE	mélyedik	Vdik	FALSE
mélyül	mélyül	[/V][Prs.NDef.3Sg]	10125	8570080167	26978	1.0724101474287484	1.4980248658757331	6	2	6	2	TRUE	mélyülik	lik	FALSE
méláz	méláz	[/V][Prs.NDef.3Sg]	206	8570080167	209	-0.6191176640888044	-0.6128385983469038	5	2	5	2	TRUE	mélázik	zik	TRUE
méretez	méretez	[/V][Prs.NDef.3Sg]	173	8570080167	22273	-0.6949387813291624	1.4147938326074063	7	3	7	3	TRUE	méretezik	zik	FALSE
mérgez	mérgez	[/V][Prs.NDef.3Sg]	2097	8570080167	27036	0.3886135460073859	1.4989575533134978	6	2	6	2	TRUE	mérgezik	zik	FALSE
méricskél	méricskél	[/V][Prs.NDef.3Sg]	502	8570080167	7190	-0.23228116731293852	0.9237440059249248	9	3	9	3	TRUE	méricskélik	lik	FALSE
mérlegel	mérlegel	[/V][Prs.NDef.3Sg]	4678	8570080167	111622	0.7370753330151764	2.1147649153136374	8	3	8	3	TRUE	mérlegelik	lik	FALSE
mérsékel	mérsékel	[/V][Prs.NDef.3Sg]	329	8570080167	70759	-0.4157889865079835	1.9167968021659527	8	3	8	3	TRUE	mérsékelik	lik	FALSE
mészárol	mészárol	[/V][Prs.NDef.3Sg]	404	8570080167	10148	-0.3266035193473528	1.0733955740917351	8	3	8	3	TRUE	mészárolik	lik	FALSE
mételyez	mételyez	[/V][Prs.NDef.3Sg]	67	8570080167	814	-1.1069100817571311	-0.02236047956875661	8	3	8	3	TRUE	mételyezik	zik	FALSE
mézel	mézel	[/V][Prs.NDef.3Sg]	292	8570080167	528	-0.4676020330095395	-0.21035096192414557	5	2	5	2	TRUE	mézelik	lik	FALSE
mézez	mézez	[/V][Prs.NDef.3Sg]	3	8570080167	75	-2.455863629738295	-1.0579236210662577	5	2	5	2	TRUE	mézezik	zik	FALSE
mímel	mímel	[/V][Prs.NDef.3Sg]	293	8570080167	3718	-0.4661172641038483	0.6373245009779219	5	2	5	2	TRUE	mímelik	lik	FALSE
míveled	míveled	[/V][Prs.NDef.3Sg]	8	8570080167	16	-2.0298948974660145	-1.728864901802033	7	3	7	3	TRUE	míveledik	Vdik	FALSE
módol	módol	[/V][Prs.NDef.3Sg]	23	8570080167	176	-1.571257048440365	-0.687472216643808	5	2	5	2	TRUE	módolik	lik	FALSE
módosul	módosul	[/V][Prs.NDef.3Sg]	55700	8570080167	155783	1.812870310715771	2.2595351785768085	7	3	7	3	TRUE	módosulik	lik	FALSE
mórikál	mórikál	[/V][Prs.NDef.3Sg]	49	8570080167	534	-1.2427888044294442	-0.2054436274294014	7	3	7	3	TRUE	mórikálik	lik	FALSE
móringol	móringol	[/V][Prs.NDef.3Sg]	8	8570080167	30	-2.0298948974660145	-1.4558636297382954	8	3	8	3	TRUE	móringolik	lik	FALSE
mószerol	mószerol	[/V][Prs.NDef.3Sg]	39	8570080167	559	-1.3419202774314587	-0.18557307657153457	8	3	8	3	TRUE	mószerolik	lik	FALSE
műtrágyáz	műtrágyáz	[/V][Prs.NDef.3Sg]	8	8570080167	904	-2.0298948974660145	0.02318354601740549	9	3	9	3	TRUE	műtrágyázik	zik	FALSE
művel	művel	[/V][Prs.NDef.3Sg]	14811	8570080167	141638	1.2375994974812357	2.218194901214276	5	2	5	2	TRUE	művelik	lik	FALSE
művész	művész	[/V][Prs.NDef.3Sg]	237	8570080167	694114	-0.558236538447854	2.908445919577638	6	2	6	2	TRUE	művészik	szik	FALSE
nacionalizál	nacionalizál	[/V][Prs.NDef.3Sg]	5	8570080167	108	-2.234014880121939	-0.8995611289710082	12	6	12	6	TRUE	nacionalizálik	lik	FALSE
nadrágol	nadrágol	[/V][Prs.NDef.3Sg]	2	8570080167	89	-2.6319548887939765	-0.983594877813045	8	3	8	3	TRUE	nadrágolik	lik	FALSE
nagyol	nagyol	[/V][Prs.NDef.3Sg]	184	8570080167	927	-0.6681670614484213	0.03409484968653926	6	2	6	2	TRUE	nagyolik	lik	FALSE
nagyoll	nagyoll	[/V][Prs.NDef.3Sg]	29	8570080167	43	-1.4705868865590015	-1.2995164288783714	7	2	7	2	TRUE	nagyollik	NA	FALSE
nagyothall	nagyothall	[/V][Prs.NDef.3Sg]	252	8570080167	420	-0.5315843436764137	-0.30973559406005735	10	3	10	3	TRUE	nagyothallik	NA	FALSE
nagyságol	nagyságol	[/V][Prs.NDef.3Sg]	5	8570080167	56	-2.234014880121939	-1.1847968574517571	9	3	9	3	TRUE	nagyságolik	lik	FALSE
nagyzol	nagyzol	[/V][Prs.NDef.3Sg]	214	8570080167	1040	-0.602571111108767	0.08404845484082256	7	2	7	2	TRUE	nagyzolik	lik	FALSE
naplóz	naplóz	[/V][Prs.NDef.3Sg]	600	8570080167	11209	-0.1548336340743142	1.1165819847066936	6	2	6	2	TRUE	naplózik	zik	FALSE
napol	napol	[/V][Prs.NDef.3Sg]	107	8570080167	2630	-0.9036011067727482	0.4869708640318	5	2	5	2	TRUE	napolik	lik	FALSE
narkotizál	narkotizál	[/V][Prs.NDef.3Sg]	28	8570080167	124	-1.4858268531157386	-0.8395631992957228	10	4	10	4	TRUE	narkotizálik	lik	FALSE
nassol	nassol	[/V][Prs.NDef.3Sg]	694	8570080167	12121	-0.09162541400310294	1.1505535667721816	6	2	6	2	TRUE	nassolik	lik	FALSE
navigál	navigál	[/V][Prs.NDef.3Sg]	4627	8570080167	34565	0.7323146150419393	1.6056516767604945	7	3	7	3	TRUE	navigálik	lik	FALSE
nedvez	nedvez	[/V][Prs.NDef.3Sg]	7	8570080167	185	-2.087886844443701	-0.6658131560549441	6	2	6	2	TRUE	nedvezik	zik	FALSE
negligál	negligál	[/V][Prs.NDef.3Sg]	108	8570080167	3684	-0.8995611289710082	0.6333347370668534	8	3	8	3	TRUE	negligálik	lik	FALSE
negyedel	negyedel	[/V][Prs.NDef.3Sg]	20	8570080167	3083	-1.6319548887939763	0.5559886402685504	8	3	8	3	TRUE	negyedelik	lik	FALSE
negál	negál	[/V][Prs.NDef.3Sg]	48	8570080167	778	-1.2517436470823706	-0.04200528746826889	5	2	5	2	TRUE	negálik	lik	FALSE
nehezell	nehezell	[/V][Prs.NDef.3Sg]	2	8570080167	42	-2.6319548887939765	-1.3097355940600577	8	3	8	3	TRUE	nehezellik	NA	FALSE
nehezményez	nehezményez	[/V][Prs.NDef.3Sg]	133	8570080167	17713	-0.809133243490872	1.3153072381723576	11	4	11	4	TRUE	nehezményezik	zik	FALSE
neheztel	neheztel	[/V][Prs.NDef.3Sg]	2825	8570080167	11968	0.5180335676974994	1.1450366960624283	8	3	8	3	TRUE	neheztelik	lik	FALSE
nehezül	nehezül	[/V][Prs.NDef.3Sg]	958	8570080167	1856	0.04838062462058657	0.3355930874248854	7	3	7	3	TRUE	nehezülik	lik	FALSE
nekidurál	nekidurál	[/V][Prs.NDef.3Sg]	1	8570080167	1307	-2.932984884457958	0.18329070312258644	9	4	9	4	TRUE	nekidurálik	lik	FALSE
nemezel	nemezel	[/V][Prs.NDef.3Sg]	35	8570080167	1407	-1.388916840107682	0.21530921297678787	7	3	7	3	TRUE	nemezelik	lik	FALSE
nemz	nemz	[/V][Prs.NDef.3Sg]	3250	8570080167	17796	0.5788984765209165	1.3173375126180489	4	1	4	1	TRUE	nemzik	zik	FALSE
neszel	neszel	[/V][Prs.NDef.3Sg]	119	8570080167	1008	-0.8574379230654271	0.07047564765154866	6	2	6	2	TRUE	neszelik	lik	FALSE
neszez	neszez	[/V][Prs.NDef.3Sg]	258	8570080167	324	-0.5213651784947277	-0.4224398742513457	6	2	6	2	TRUE	neszezik	zik	FALSE
neutralizál	neutralizál	[/V][Prs.NDef.3Sg]	11	8570080167	449	-1.8915921992997329	-0.28073854345463467	11	5	11	5	TRUE	neutralizálik	lik	FALSE
nevel	nevel	[/V][Prs.NDef.3Sg]	38409	8570080167	344097	1.6514481157523784	2.603696001795273	5	2	5	2	TRUE	nevelik	lik	FALSE
nevetgél	nevetgél	[/V][Prs.NDef.3Sg]	1389	8570080167	12695	0.20971736127965776	1.1706478207517832	8	3	8	3	TRUE	nevetgélik	lik	FALSE
nevez	nevez	[/V][Prs.NDef.3Sg]	36037	8570080167	1664895	1.6237637453053584	3.2884019645804607	5	2	5	2	TRUE	nevezik	zik	FALSE
nivellál	nivellál	[/V][Prs.NDef.3Sg]	186	8570080167	531	-0.6634719402400415	-0.2078903633764888	8	3	8	3	TRUE	nivellálik	lik	FALSE
nomadizál	nomadizál	[/V][Prs.NDef.3Sg]	13	8570080167	177	-1.819041532151121	-0.6850116180961512	9	4	9	4	TRUE	nomadizálik	lik	FALSE
normalizál	normalizál	[/V][Prs.NDef.3Sg]	191	8570080167	12382	-0.6519515172102303	1.1598059152189282	10	4	10	4	TRUE	normalizálik	lik	FALSE
nosztrifikál	nosztrifikál	[/V][Prs.NDef.3Sg]	3	8570080167	52	-2.455863629738295	-1.2169815408231586	12	4	12	4	TRUE	nosztrifikálik	lik	FALSE
nulláz	nulláz	[/V][Prs.NDef.3Sg]	184	8570080167	5532	-0.6681670614484213	0.8098972869793151	6	2	6	2	TRUE	nullázik	zik	FALSE
numerál	numerál	[/V][Prs.NDef.3Sg]	1	8570080167	11	-2.932984884457958	-1.8915921992997329	7	3	7	3	TRUE	numerálik	lik	FALSE
nyakal	nyakal	[/V][Prs.NDef.3Sg]	79	8570080167	947	-1.0353577931675164	0.0433650945453156	6	2	6	2	TRUE	nyakalik	lik	FALSE
nyakaz	nyakaz	[/V][Prs.NDef.3Sg]	10	8570080167	283	-1.9329848844579576	-0.4811984489336676	6	2	6	2	TRUE	nyakazik	zik	FALSE
nyal	nyal	[/V][Prs.NDef.3Sg]	3022	8570080167	39161	0.5473095755450488	1.659868888788997	4	1	4	1	TRUE	nyalik	lik	FALSE
nyalábol	nyalábol	[/V][Prs.NDef.3Sg]	26	8570080167	365	-1.5180115364871398	-0.3706920200014831	8	3	8	3	TRUE	nyalábolik	lik	FALSE
nyaral	nyaral	[/V][Prs.NDef.3Sg]	10083	8570080167	105512	1.070604882731182	2.0903169707910596	6	2	6	2	TRUE	nyaralik	lik	FALSE
nyargal	nyargal	[/V][Prs.NDef.3Sg]	1350	8570080167	6376	0.19734888403704823	0.8715634239300981	7	2	7	2	TRUE	nyargalik	lik	FALSE
nyel	nyel	[/V][Prs.NDef.3Sg]	11622	8570080167	89597	1.1322959866447966	2.019308583850843	4	1	4	1	TRUE	nyelik	lik	FALSE
nyeldekel	nyeldekel	[/V][Prs.NDef.3Sg]	93	8570080167	610	-0.9645019359040228	-0.1476550494471908	9	3	9	3	TRUE	nyeldekelik	lik	FALSE
nyelvel	nyelvel	[/V][Prs.NDef.3Sg]	804	8570080167	1134	-0.02772883570950659	0.12162817009892996	7	2	7	2	TRUE	nyelvelik	lik	FALSE
nyergel	nyergel	[/V][Prs.NDef.3Sg]	194	8570080167	3517	-0.6451831545277318	0.6131874838589847	7	2	7	2	TRUE	nyergelik	lik	FALSE
nyikordul	nyikordul	[/V][Prs.NDef.3Sg]	169	8570080167	492	-0.7050981798442842	-0.2410197816905975	9	3	9	3	TRUE	nyikordulik	lik	FALSE
nyilall	nyilall	[/V][Prs.NDef.3Sg]	972	8570080167	2857	0.05468138046831677	0.5229253559247852	7	2	7	2	TRUE	nyilallik	NA	FALSE
nyilaz	nyilaz	[/V][Prs.NDef.3Sg]	179	8570080167	2223	-0.6801318534780646	0.4139545782410328	6	2	6	2	TRUE	nyilazik	zik	FALSE
nyilvánul	nyilvánul	[/V][Prs.NDef.3Sg]	48612	8570080167	79072	1.7537586047732552	1.9650378392640275	9	3	9	3	TRUE	nyilvánulik	lik	FALSE
nyirbál	nyirbál	[/V][Prs.NDef.3Sg]	29	8570080167	1746	-1.4705868865590015	0.30905935491159303	7	2	7	2	TRUE	nyirbálik	lik	FALSE
nyirkál	nyirkál	[/V][Prs.NDef.3Sg]	4	8570080167	33	-2.3309248931299953	-1.4144709445800705	7	2	7	2	TRUE	nyirkálik	lik	FALSE
nyiszál	nyiszál	[/V][Prs.NDef.3Sg]	37	8570080167	660	-1.3647831603909628	-0.1134409489160892	7	2	7	2	TRUE	nyiszálik	lik	FALSE
nyivákol	nyivákol	[/V][Prs.NDef.3Sg]	442	8570080167	1477	-0.28756261510886594	0.23639561085399163	8	3	8	3	TRUE	nyivákolik	lik	FALSE
nyomatékol	nyomatékol	[/V][Prs.NDef.3Sg]	1	8570080167	36	-2.932984884457958	-1.3766823836906703	10	4	10	4	TRUE	nyomatékolik	lik	FALSE
nyomkod	nyomkod	[/V][Prs.NDef.3Sg]	621	8570080167	46557	-0.13989328428137762	1.7350001033904496	7	2	7	2	TRUE	nyomkodik	Vdik	FALSE
nyomoz	nyomoz	[/V][Prs.NDef.3Sg]	21040	8570080167	63500	1.3900608510237435	1.8697888408340175	6	2	6	2	TRUE	nyomozik	zik	FALSE
nyomul	nyomul	[/V][Prs.NDef.3Sg]	9271	8570080167	42053	1.034141696618455	1.6908120987192954	6	2	6	2	TRUE	nyomulik	lik	FALSE
nyugalmaz	nyugalmaz	[/V][Prs.NDef.3Sg]	21	8570080167	208	-1.6107655897240385	-0.6149215494951963	9	3	9	3	TRUE	nyugalmazik	zik	FALSE
nyugdíjaz	nyugdíjaz	[/V][Prs.NDef.3Sg]	29	8570080167	9424	-1.4705868865590015	1.0412503929850685	9	3	9	3	TRUE	nyugdíjazik	zik	FALSE
nyugosztal	nyugosztal	[/V][Prs.NDef.3Sg]	2	8570080167	3531	-2.6319548887939765	0.6149128331051392	10	3	10	3	TRUE	nyugosztalik	lik	FALSE
nyugtáz	nyugtáz	[/V][Prs.NDef.3Sg]	512	8570080167	32562	-0.2237149234821271	1.579726187505162	7	2	7	2	TRUE	nyugtázik	zik	FALSE
nyurgul	nyurgul	[/V][Prs.NDef.3Sg]	62	8570080167	186	-1.140593194959704	-0.6634719402400415	7	2	7	2	TRUE	nyurgulik	lik	FALSE
nyuvad	nyuvad	[/V][Prs.NDef.3Sg]	8	8570080167	79	-2.0298948974660145	-1.0353577931675164	6	2	6	2	TRUE	nyuvadik	NA	FALSE
nyálaz	nyálaz	[/V][Prs.NDef.3Sg]	112	8570080167	2291	-0.8837668617877762	0.4270402047314397	6	2	6	2	TRUE	nyálazik	zik	FALSE
nyársal	nyársal	[/V][Prs.NDef.3Sg]	28	8570080167	1070	-1.4858268531157386	0.09639889322725176	7	2	7	2	TRUE	nyársalik	lik	FALSE
nyögdel	nyögdel	[/V][Prs.NDef.3Sg]	12	8570080167	42	-1.853803638410333	-1.3097355940600577	7	2	7	2	TRUE	nyögdelik	lik	FALSE
nyögdécsel	nyögdécsel	[/V][Prs.NDef.3Sg]	529	8570080167	3405	-0.2095292124227721	0.5991322317908461	10	3	10	3	TRUE	nyögdécselik	lik	FALSE
nyúl	nyúl	[/V][Prs.NDef.3Sg]	37181	8570080167	441496	1.6373361816837202	2.7119418887199624	4	1	4	1	TRUE	nyúlik	lik	FALSE
nyúlkál	nyúlkál	[/V][Prs.NDef.3Sg]	733	8570080167	3671	-0.0678809098168299	0.6317995000460289	7	2	7	2	TRUE	nyúlkálik	lik	FALSE
nyúz	nyúz	[/V][Prs.NDef.3Sg]	1773	8570080167	19456	0.3157238511429599	1.3560686731346832	4	1	4	1	TRUE	nyúzik	zik	FALSE
nyüstöl	nyüstöl	[/V][Prs.NDef.3Sg]	156	8570080167	4180	-0.7398602861034962	0.6881913973170773	7	2	7	2	TRUE	nyüstölik	lik	FALSE
nyűgöz	nyűgöz	[/V][Prs.NDef.3Sg]	2368	8570080167	26180	0.4413968135929244	1.4849847577567792	6	2	6	2	TRUE	nyűgözik	zik	FALSE
nádal	nádal	[/V][Prs.NDef.3Sg]	11	8570080167	33	-1.8915921992997329	-1.4144709445800705	5	2	5	2	TRUE	nádalik	lik	FALSE
nádaz	nádaz	[/V][Prs.NDef.3Sg]	1	8570080167	50	-2.932984884457958	-1.234014880121939	5	2	5	2	TRUE	nádazik	zik	FALSE
nál	nál	[/V][Prs.NDef.3Sg]	2231	8570080167	34360	0.4155146858258799	1.603068270701247	3	1	3	1	TRUE	nálik	lik	FALSE
náspángol	náspángol	[/V][Prs.NDef.3Sg]	6	8570080167	211	-2.1548336340743144	-0.6087024291602652	9	3	9	3	TRUE	náspángolik	lik	FALSE
négyel	négyel	[/V][Prs.NDef.3Sg]	44	8570080167	502	-1.2895322079717704	-0.23228116731293852	6	2	6	2	TRUE	négyelik	lik	FALSE
négyfelől	négyfelől	[/V][Prs.NDef.3Sg]	2	8570080167	159	-2.6319548887939765	-0.7315877601375064	9	3	9	3	TRUE	négyfelőlik	lik	FALSE
négyszerez	négyszerez	[/V][Prs.NDef.3Sg]	4	8570080167	358	-2.3309248931299953	-0.37910185781408345	10	3	10	3	TRUE	négyszerezik	zik	FALSE
nél	nél	[/V][Prs.NDef.3Sg]	1364	8570080167	20659	0.2018294858625023	1.3821244111867883	3	1	3	1	TRUE	nélik	lik	FALSE
nélkülöz	nélkülöz	[/V][Prs.NDef.3Sg]	6281	8570080167	74659	0.8650439089461153	1.9400972841300457	8	3	8	3	TRUE	nélkülözik	zik	FALSE
némul	némul	[/V][Prs.NDef.3Sg]	377	8570080167	2358	-0.35664353425216494	0.43955891630111255	5	2	5	2	TRUE	némulik	lik	FALSE
népesül	népesül	[/V][Prs.NDef.3Sg]	572	8570080167	2294	-0.17558885566493362	0.427608529107291	7	3	7	3	TRUE	népesülik	lik	FALSE
néz	néz	[/V][Prs.NDef.3Sg]	533816	8570080167	4431565	2.7944067022426373	3.713572239245409	3	1	3	1	TRUE	nézik	zik	FALSE
nézdegél	nézdegél	[/V][Prs.NDef.3Sg]	60	8570080167	311	-1.1548336340743142	-0.4402244954311203	8	3	8	3	TRUE	nézdegélik	lik	FALSE
nótáz	nótáz	[/V][Prs.NDef.3Sg]	53	8570080167	898	-1.2087090148571689	0.0202914522093465	5	2	5	2	TRUE	nótázik	zik	FALSE
növel	növel	[/V][Prs.NDef.3Sg]	3812	8570080167	914079	0.6481680075083309	3.027998847141766	5	2	5	2	TRUE	növelik	lik	FALSE
nőbolond	nőbolond	[/V][Prs.NDef.3Sg]	1	8570080167	169	-2.932984884457958	-0.7050981798442842	8	3	8	3	TRUE	nőbolondik	NA	FALSE
nődögél	nődögél	[/V][Prs.NDef.3Sg]	225	8570080167	570	-0.5808023663465953	-0.17711002878546644	7	3	7	3	TRUE	nődögélik	lik	FALSE
nőnél	nőnél	[/V][Prs.NDef.3Sg]	8	8570080167	88	-2.0298948974660145	-0.9885022123077892	5	2	5	2	TRUE	nőnélik	lik	FALSE
nősz	nősz	[/V][Prs.NDef.3Sg]	3	8570080167	922	-2.455863629738295	0.03174603659567152	4	1	4	1	TRUE	nőszik	szik	TRUE
nősül	nősül	[/V][Prs.NDef.3Sg]	1374	8570080167	15669	0.2050018482655738	1.2620563960986984	5	2	5	2	TRUE	nősülik	lik	FALSE
obstruál	obstruál	[/V][Prs.NDef.3Sg]	25	8570080167	387	-1.5350448757859203	-0.3452739194390464	8	3	8	3	TRUE	obstruálik	lik	FALSE
od	od	[/V][Prs.NDef.3Sg]	536	8570080167	8541	-0.20382009476518784	0.9985238374086596	2	1	2	1	TRUE	odik	Vdik	FALSE
odacsavaroz	odacsavaroz	[/V][Prs.NDef.3Sg]	1	8570080167	136	-2.932984884457958	-0.7994459760877403	11	5	11	5	TRUE	odacsavarozik	zik	FALSE
odakintről	odakintről	[/V][Prs.NDef.3Sg]	3	8570080167	1139	-2.455863629738295	0.12353883962114257	10	4	10	4	TRUE	odakintrőlik	lik	FALSE
odalesz	odalesz	[/V][Prs.NDef.3Sg]	1238	8570080167	7171	0.15973576022614133	0.92259483804376	7	3	7	3	TRUE	odaleszik	szik	FALSE
odábbáll	odábbáll	[/V][Prs.NDef.3Sg]	29	8570080167	209	-1.4705868865590015	-0.6128385983469038	8	3	8	3	TRUE	odábbállik	NA	FALSE
odáz	odáz	[/V][Prs.NDef.3Sg]	23	8570080167	2395	-1.571257048440365	0.44632063329262417	4	2	4	2	TRUE	odázik	zik	FALSE
odébbáll	odébbáll	[/V][Prs.NDef.3Sg]	1097	8570080167	4710	0.10722174311675328	0.7400360226709383	8	3	8	3	TRUE	odébbállik	NA	FALSE
okadatol	okadatol	[/V][Prs.NDef.3Sg]	14	8570080167	213	-1.7868568487797198	-0.6046052810192202	8	4	8	4	TRUE	okadatolik	lik	FALSE
okkupál	okkupál	[/V][Prs.NDef.3Sg]	6	8570080167	211	-2.1548336340743144	-0.6087024291602652	7	3	7	3	TRUE	okkupálik	lik	FALSE
okol	okol	[/V][Prs.NDef.3Sg]	1195	8570080167	37441	0.1443830208261987	1.6403625551989789	4	2	4	2	TRUE	okolik	lik	FALSE
okoz	okoz	[/V][Prs.NDef.3Sg]	582343	8570080167	2613848	2.832193974984156	3.4842954445093706	4	2	4	2	TRUE	okozik	zik	FALSE
oktrojál	oktrojál	[/V][Prs.NDef.3Sg]	53	8570080167	625	-1.2087090148571689	-0.1371048671138826	8	3	8	3	TRUE	oktrojálik	lik	FALSE
okul	okul	[/V][Prs.NDef.3Sg]	1105	8570080167	21636	0.11037739356317164	1.4021920883120689	4	2	4	2	TRUE	okulik	lik	FALSE
okád	okád	[/V][Prs.NDef.3Sg]	969	8570080167	6834	0.05333889259280745	0.9016900900047862	4	2	4	2	TRUE	okádik	NA	FALSE
olajoz	olajoz	[/V][Prs.NDef.3Sg]	142	8570080167	7142	-0.7806965400749013	0.9208349613988052	6	3	6	3	TRUE	olajozik	zik	FALSE
old	old	[/V][Prs.NDef.3Sg]	55277	8570080167	572652	1.809559580465344	2.8249058973828483	3	1	3	1	TRUE	oldik	NA	FALSE
oldalaz	oldalaz	[/V][Prs.NDef.3Sg]	338	8570080167	4044	-0.4040681841803031	0.6738262624610056	7	3	7	3	TRUE	oldalazik	zik	FALSE
oldoz	oldoz	[/V][Prs.NDef.3Sg]	256	8570080167	3256	-0.5247449191461083	0.5796995117592058	5	2	5	2	TRUE	oldozik	zik	FALSE
ollóz	ollóz	[/V][Prs.NDef.3Sg]	94	8570080167	838	-0.9598570308582592	-0.00974086582768134	5	2	5	2	TRUE	ollózik	zik	FALSE
oltalmaz	oltalmaz	[/V][Prs.NDef.3Sg]	2526	8570080167	13310	0.4694484617613542	1.1911931710167172	8	3	8	3	TRUE	oltalmazik	zik	FALSE
olvad	olvad	[/V][Prs.NDef.3Sg]	26804	8570080167	70268	1.495214724805919	1.9137727081667129	5	2	5	2	TRUE	olvadik	NA	FALSE
omol	omol	[/V][Prs.NDef.3Sg]	193	8570080167	341	-0.647427575450184	-0.4002305054654602	4	2	4	2	TRUE	omolik	lik	FALSE
onanizál	onanizál	[/V][Prs.NDef.3Sg]	106	8570080167	295	-0.9076790191931876	-0.4631628684797948	8	4	8	4	TRUE	onanizálik	lik	FALSE
ondolál	ondolál	[/V][Prs.NDef.3Sg]	7	8570080167	113	-2.087886844443701	-0.8799064409745381	7	3	7	3	TRUE	ondolálik	lik	FALSE
opalizál	opalizál	[/V][Prs.NDef.3Sg]	21	8570080167	36	-1.6107655897240385	-1.3766823836906703	8	4	8	4	TRUE	opalizálik	lik	FALSE
operál	operál	[/V][Prs.NDef.3Sg]	12204	8570080167	42204	1.1535173145124116	1.6923687299066097	6	3	6	3	TRUE	operálik	lik	FALSE
opponál	opponál	[/V][Prs.NDef.3Sg]	108	8570080167	827	-0.8995611289710082	-0.01547937490541114	7	3	7	3	TRUE	opponálik	lik	FALSE
optimalizál	optimalizál	[/V][Prs.NDef.3Sg]	913	8570080167	81615	0.02748589307634108	1.978785100503628	11	5	11	5	TRUE	optimalizálik	lik	FALSE
optimizál	optimizál	[/V][Prs.NDef.3Sg]	23	8570080167	847	-1.571257048440365	-0.00510147412725094	9	4	9	4	TRUE	optimizálik	lik	FALSE
optál	optál	[/V][Prs.NDef.3Sg]	22	8570080167	169	-1.5905622036357516	-0.7050981798442842	5	2	5	2	TRUE	optálik	lik	FALSE
ordibál	ordibál	[/V][Prs.NDef.3Sg]	2723	8570080167	10737	0.5020627568820067	1.097898068651709	7	3	7	3	TRUE	ordibálik	lik	FALSE
ordítoz	ordítoz	[/V][Prs.NDef.3Sg]	18	8570080167	18	-1.6777123793546518	-1.6777123793546518	7	3	7	3	TRUE	ordítozik	zik	TRUE
organizál	organizál	[/V][Prs.NDef.3Sg]	58	8570080167	580	-1.169556890895021	-0.16955689089502057	9	4	9	4	TRUE	organizálik	lik	FALSE
orgonál	orgonál	[/V][Prs.NDef.3Sg]	516	8570080167	2465	-0.22033518283074652	0.45883203915529097	7	3	7	3	TRUE	orgonálik	lik	FALSE
orientál	orientál	[/V][Prs.NDef.3Sg]	840	8570080167	9065	-0.00870559839607616	1.0243829239735696	8	4	8	4	TRUE	orientálik	lik	FALSE
oroz	oroz	[/V][Prs.NDef.3Sg]	202	8570080167	2274	-0.627633515011334	0.42380557589375817	4	2	4	2	TRUE	orozik	zik	FALSE
orrol	orrol	[/V][Prs.NDef.3Sg]	282	8570080167	1368	-0.4827357761385967	0.20310121292613956	5	2	5	2	TRUE	orrolik	lik	FALSE
országol	országol	[/V][Prs.NDef.3Sg]	210	8570080167	493	-0.6107655897240386	-0.24013796518072783	8	3	8	3	TRUE	országolik	lik	FALSE
orsóz	orsóz	[/V][Prs.NDef.3Sg]	3	8570080167	169	-2.455863629738295	-0.7050981798442842	5	2	5	2	TRUE	orsózik	zik	FALSE
orvosol	orvosol	[/V][Prs.NDef.3Sg]	1477	8570080167	89263	0.23639561085399163	2.01768659429965	7	3	7	3	TRUE	orvosolik	lik	FALSE
ostoroz	ostoroz	[/V][Prs.NDef.3Sg]	468	8570080167	15876	-0.2627390313838338	1.267756205777168	7	3	7	3	TRUE	ostorozik	zik	FALSE
ostromol	ostromol	[/V][Prs.NDef.3Sg]	990	8570080167	29198	0.0626503101395921	1.532368219774318	8	3	8	3	TRUE	ostromolik	lik	FALSE
oszcillál	oszcillál	[/V][Prs.NDef.3Sg]	571	8570080167	1117	-0.1763487762121098	0.11506828865765122	9	3	9	3	TRUE	oszcillálik	lik	FALSE
oszol	oszol	[/V][Prs.NDef.3Sg]	90	8570080167	190	-0.9787423750186328	-0.6542312835051288	5	2	5	2	TRUE	oszolik	lik	FALSE
osztályoz	osztályoz	[/V][Prs.NDef.3Sg]	1035	8570080167	28163	0.08195546533497876	1.516694030715593	9	3	9	3	TRUE	osztályozik	zik	FALSE
ottmarad	ottmarad	[/V][Prs.NDef.3Sg]	2520	8570080167	6619	0.4684156563235863	0.8878074966302459	8	3	8	3	TRUE	ottmaradik	NA	FALSE
ottragad	ottragad	[/V][Prs.NDef.3Sg]	180	8570080167	965	-0.6777123793546518	0.05154242888583474	8	3	8	3	TRUE	ottragadik	NA	FALSE
oxidál	oxidál	[/V][Prs.NDef.3Sg]	297	8570080167	4037	-0.4602284351407455	0.6730738649523565	6	3	6	3	TRUE	oxidálik	lik	FALSE
pacifikál	pacifikál	[/V][Prs.NDef.3Sg]	18	8570080167	789	-1.6777123793546518	-0.03590788124853755	9	4	9	4	TRUE	pacifikálik	lik	FALSE
pacskol	pacskol	[/V][Prs.NDef.3Sg]	21	8570080167	158	-1.6107655897240385	-0.7343277975035353	7	2	7	2	TRUE	pacskolik	lik	FALSE
pacsmagol	pacsmagol	[/V][Prs.NDef.3Sg]	59	8570080167	640	-1.1621328728158136	-0.12680491047407064	9	3	9	3	TRUE	pacsmagolik	lik	FALSE
pacáz	pacáz	[/V][Prs.NDef.3Sg]	20	8570080167	54	-1.6319548887939763	-1.2005911246349894	5	2	5	2	TRUE	pacázik	zik	FALSE
padlóz	padlóz	[/V][Prs.NDef.3Sg]	10	8570080167	576	-1.9329848844579576	-0.1725624010347458	6	2	6	2	TRUE	padlózik	zik	FALSE
padol	padol	[/V][Prs.NDef.3Sg]	12	8570080167	50	-1.853803638410333	-1.234014880121939	5	2	5	2	TRUE	padolik	lik	FALSE
pakol	pakol	[/V][Prs.NDef.3Sg]	6104	8570080167	138415	0.8526296404888662	2.20819827260088	5	2	5	2	TRUE	pakolik	lik	FALSE
paktál	paktál	[/V][Prs.NDef.3Sg]	269	8570080167	1262	-0.5032326044555498	0.16807447045015764	6	2	6	2	TRUE	paktálik	lik	FALSE
palackoz	palackoz	[/V][Prs.NDef.3Sg]	331	8570080167	8923	-0.4131568906822391	1.0175260085280389	8	3	8	3	TRUE	palackozik	zik	FALSE
paliz	paliz	[/V][Prs.NDef.3Sg]	7	8570080167	170	-2.087886844443701	-0.7025359630796839	5	2	5	2	TRUE	palizik	zik	TRUE
palléroz	palléroz	[/V][Prs.NDef.3Sg]	18	8570080167	2143	-1.6777123793546518	0.3980372865838709	8	3	8	3	TRUE	pallérozik	zik	FALSE
pallóz	pallóz	[/V][Prs.NDef.3Sg]	2	8570080167	25	-2.6319548887939765	-1.5350448757859203	6	2	6	2	TRUE	pallózik	zik	FALSE
palántál	palántál	[/V][Prs.NDef.3Sg]	7	8570080167	185	-2.087886844443701	-0.6658131560549441	8	3	8	3	TRUE	palántálik	lik	FALSE
palántáz	palántáz	[/V][Prs.NDef.3Sg]	20	8570080167	1262	-1.6319548887939763	0.16807447045015764	8	3	8	3	TRUE	palántázik	zik	FALSE
palástol	palástol	[/V][Prs.NDef.3Sg]	116	8570080167	6840	-0.8685268952310394	0.9020712172621584	8	3	8	3	TRUE	palástolik	lik	FALSE
pamacsol	pamacsol	[/V][Prs.NDef.3Sg]	26	8570080167	349	-1.5180115364871398	-0.3901594574987779	8	3	8	3	TRUE	pamacsolik	lik	FALSE
panaszol	panaszol	[/V][Prs.NDef.3Sg]	391	8570080167	17252	-0.340808127062091	1.3038545650159563	8	3	8	3	TRUE	panaszolik	lik	FALSE
pancsol	pancsol	[/V][Prs.NDef.3Sg]	697	8570080167	10735	-0.08975210635994839	1.0978171643143095	7	2	7	2	TRUE	pancsolik	lik	FALSE
paníroz	paníroz	[/V][Prs.NDef.3Sg]	67	8570080167	2688	-1.1069100817571311	0.4964443799238298	7	3	7	3	TRUE	panírozik	zik	FALSE
papol	papol	[/V][Prs.NDef.3Sg]	1604	8570080167	7823	0.2722194794901869	0.960388445788067	5	2	5	2	TRUE	papolik	lik	FALSE
paprikáz	paprikáz	[/V][Prs.NDef.3Sg]	21	8570080167	649	-1.6107655897240385	-0.12074018765758858	8	3	8	3	TRUE	paprikázik	zik	FALSE
parafál	parafál	[/V][Prs.NDef.3Sg]	8	8570080167	350	-2.0298948974660145	-0.3889168401076822	7	3	7	3	TRUE	parafálik	lik	FALSE
paralizál	paralizál	[/V][Prs.NDef.3Sg]	25	8570080167	265	-1.5350448757859203	-0.50973901052115	9	4	9	4	TRUE	paralizálik	lik	FALSE
parametrizál	parametrizál	[/V][Prs.NDef.3Sg]	2	8570080167	114	-2.6319548887939765	-0.8760800331214852	12	5	12	5	TRUE	parametrizálik	lik	FALSE
parancsnokol	parancsnokol	[/V][Prs.NDef.3Sg]	79	8570080167	579	-1.0353577931675164	-0.17030632073052163	12	4	12	4	TRUE	parancsnokolik	lik	FALSE
parancsol	parancsol	[/V][Prs.NDef.3Sg]	11758	8570080167	83034	1.137348571395105	1.986271075253615	9	3	9	3	TRUE	parancsolik	lik	FALSE
parcelláz	parcelláz	[/V][Prs.NDef.3Sg]	25	8570080167	1065	-1.5350448757859203	0.09436472331679864	9	3	9	3	TRUE	parcellázik	zik	FALSE
parfümöz	parfümöz	[/V][Prs.NDef.3Sg]	4	8570080167	155	-2.3309248931299953	-0.7426531862876663	8	3	8	3	TRUE	parfümözik	zik	FALSE
parittyáz	parittyáz	[/V][Prs.NDef.3Sg]	3	8570080167	127	-2.455863629738295	-0.829181163502001	9	3	9	3	TRUE	parittyázik	zik	FALSE
parkettáz	parkettáz	[/V][Prs.NDef.3Sg]	4	8570080167	763	-2.3309248931299953	-0.05046034650307736	9	3	9	3	TRUE	parkettázik	zik	FALSE
parkol	parkol	[/V][Prs.NDef.3Sg]	10571	8570080167	79029	1.0911311883688126	1.9648016021348216	6	2	6	2	TRUE	parkolik	lik	FALSE
parkoz	parkoz	[/V][Prs.NDef.3Sg]	14	8570080167	28	-1.7868568487797198	-1.4858268531157386	6	2	6	2	TRUE	parkozik	zik	FALSE
parkíroz	parkíroz	[/V][Prs.NDef.3Sg]	13	8570080167	459	-1.819041532151121	-0.2711721989206966	8	3	8	3	TRUE	parkírozik	zik	FALSE
parodizál	parodizál	[/V][Prs.NDef.3Sg]	367	8570080167	5053	-0.3683188202058685	0.7705644137802726	9	4	9	4	TRUE	parodizálik	lik	FALSE
paroláz	paroláz	[/V][Prs.NDef.3Sg]	47	8570080167	756	-1.2608870265222405	-0.05446308895675132	7	3	7	3	TRUE	parolázik	zik	FALSE
particionál	particionál	[/V][Prs.NDef.3Sg]	25	8570080167	738	-1.5350448757859203	-0.06492852263491627	11	5	11	5	TRUE	particionálik	lik	FALSE
paríroz	paríroz	[/V][Prs.NDef.3Sg]	80	8570080167	372	-1.0298948974660145	-0.3624419445760603	7	3	7	3	TRUE	parírozik	zik	FALSE
paskol	paskol	[/V][Prs.NDef.3Sg]	107	8570080167	3681	-0.9036011067727482	0.6329809329887088	6	2	6	2	TRUE	paskolik	lik	FALSE
passzol	passzol	[/V][Prs.NDef.3Sg]	61686	8570080167	137991	1.857201725075215	2.206865877466477	7	2	7	2	TRUE	passzolik	lik	FALSE
passzíroz	passzíroz	[/V][Prs.NDef.3Sg]	106	8570080167	4691	-0.9076790191931876	0.7382805484892005	9	3	9	3	TRUE	passzírozik	zik	FALSE
pasztörizál	pasztörizál	[/V][Prs.NDef.3Sg]	2	8570080167	675	-2.6319548887939765	-0.10368111162693291	11	4	11	4	TRUE	pasztörizálik	lik	FALSE
pasztőröz	pasztőröz	[/V][Prs.NDef.3Sg]	11	8570080167	602	-1.8915921992997329	-0.1533883932001333	9	3	9	3	TRUE	pasztőrözik	zik	FALSE
patkol	patkol	[/V][Prs.NDef.3Sg]	242	8570080167	1913	-0.5491695184775266	0.34873008556933804	6	2	6	2	TRUE	patkolik	lik	FALSE
patronál	patronál	[/V][Prs.NDef.3Sg]	197	8570080167	1833	-0.6385186582963649	0.3301775805042588	8	3	8	3	TRUE	patronálik	lik	FALSE
pauperizál	pauperizál	[/V][Prs.NDef.3Sg]	5	8570080167	12	-2.234014880121939	-1.853803638410333	10	5	10	5	TRUE	pauperizálik	lik	FALSE
pauzál	pauzál	[/V][Prs.NDef.3Sg]	7	8570080167	66	-2.087886844443701	-1.1134409489160892	6	3	6	3	TRUE	pauzálik	lik	FALSE
pazarol	pazarol	[/V][Prs.NDef.3Sg]	2749	8570080167	42367	0.5061898553855106	1.6940428283140232	7	3	7	3	TRUE	pazarolik	lik	FALSE
peckel	peckel	[/V][Prs.NDef.3Sg]	2	8570080167	132	-2.6319548887939765	-0.812410953252108	6	2	6	2	TRUE	peckelik	lik	FALSE
pecsétel	pecsétel	[/V][Prs.NDef.3Sg]	883	8570080167	18801	0.01297581911961071	1.3411960649616756	8	3	8	3	TRUE	pecsételik	lik	FALSE
pecáz	pecáz	[/V][Prs.NDef.3Sg]	5	8570080167	165	-2.234014880121939	-0.7155009402440515	5	2	5	2	TRUE	pecázik	zik	TRUE
pedikűröz	pedikűröz	[/V][Prs.NDef.3Sg]	8	8570080167	208	-2.0298948974660145	-0.6149215494951963	9	4	9	4	TRUE	pedikűrözik	zik	FALSE
pedz	pedz	[/V][Prs.NDef.3Sg]	43	8570080167	5801	-1.2995164288783714	0.8305179810096391	4	1	4	1	TRUE	pedzik	zik	FALSE
pedáloz	pedáloz	[/V][Prs.NDef.3Sg]	74	8570080167	940	-1.0637531647269816	0.04014296914174083	7	3	7	3	TRUE	pedálozik	zik	TRUE
pelenkáz	pelenkáz	[/V][Prs.NDef.3Sg]	277	8570080167	2097	-0.4905051153935094	0.3886135460073859	8	3	8	3	TRUE	pelenkázik	zik	FALSE
pellengérez	pellengérez	[/V][Prs.NDef.3Sg]	25	8570080167	612	-1.5350448757859203	-0.14623346231239667	11	4	11	4	TRUE	pellengérezik	zik	FALSE
penderül	penderül	[/V][Prs.NDef.3Sg]	151	8570080167	615	-0.7540079371647884	-0.14410976868254108	8	3	8	3	TRUE	penderülik	lik	FALSE
pendül	pendül	[/V][Prs.NDef.3Sg]	958	8570080167	4101	0.04838062462058657	0.6799048848295269	6	2	6	2	TRUE	pendülik	lik	FALSE
pepecsel	pepecsel	[/V][Prs.NDef.3Sg]	336	8570080167	5661	-0.40664560706811376	0.8199082704266359	8	3	8	3	TRUE	pepecselik	lik	FALSE
percipiál	percipiál	[/V][Prs.NDef.3Sg]	7	8570080167	146	-2.087886844443701	-0.7686320286735208	9	4	9	4	TRUE	percipiálik	lik	FALSE
perdül	perdül	[/V][Prs.NDef.3Sg]	2145	8570080167	12143	0.3984424120627853	1.1513411105588691	6	2	6	2	TRUE	perdülik	lik	FALSE
perel	perel	[/V][Prs.NDef.3Sg]	4004	8570080167	37982	0.6695091843493232	1.6465929449818764	5	2	5	2	TRUE	perelik	lik	FALSE
peremez	peremez	[/V][Prs.NDef.3Sg]	16	8570080167	302	-1.728864901802033	-0.4529779415008072	7	3	7	3	TRUE	peremezik	zik	FALSE
perfektuál	perfektuál	[/V][Prs.NDef.3Sg]	1	8570080167	59	-2.932984884457958	-1.1621328728158136	10	4	10	4	TRUE	perfektuálik	lik	FALSE
perforál	perforál	[/V][Prs.NDef.3Sg]	87	8570080167	2261	-0.9934656318393392	0.4213156778874019	8	3	8	3	TRUE	perforálik	lik	FALSE
pergel	pergel	[/V][Prs.NDef.3Sg]	1875	8570080167	2042	0.34001638760577985	0.3770708532929336	6	2	6	2	TRUE	pergelik	lik	FALSE
pergőtűz	pergőtűz	[/V][Prs.NDef.3Sg]	14	8570080167	1763	-1.7868568487797198	0.31326742784136413	8	3	8	3	TRUE	pergőtűzik	zik	FALSE
perkál	perkál	[/V][Prs.NDef.3Sg]	356	8570080167	2902	-0.38153488648508266	0.5297125236437592	6	2	6	2	TRUE	perkálik	lik	FALSE
permetez	permetez	[/V][Prs.NDef.3Sg]	1301	8570080167	23065	0.18129241210362845	1.4299685744863275	8	3	8	3	TRUE	permetezik	zik	FALSE
permutál	permutál	[/V][Prs.NDef.3Sg]	13	8570080167	191	-1.819041532151121	-0.6519515172102303	8	3	8	3	TRUE	permutálik	lik	FALSE
perorál	perorál	[/V][Prs.NDef.3Sg]	19	8570080167	59	-1.654231283505129	-1.1621328728158136	7	3	7	3	TRUE	perorálik	lik	FALSE
perselyez	perselyez	[/V][Prs.NDef.3Sg]	17	8570080167	233	-1.702535963079684	-0.5656289634319388	9	3	9	3	TRUE	perselyezik	zik	FALSE
persziflál	persziflál	[/V][Prs.NDef.3Sg]	1	8570080167	37	-2.932984884457958	-1.3647831603909628	10	3	10	3	TRUE	persziflálik	lik	FALSE
perszonifikál	perszonifikál	[/V][Prs.NDef.3Sg]	8	8570080167	68	-2.0298948974660145	-1.1004759717517214	13	5	13	5	TRUE	perszonifikálik	lik	FALSE
pertraktál	pertraktál	[/V][Prs.NDef.3Sg]	6	8570080167	114	-2.1548336340743144	-0.8760800331214852	10	3	10	3	TRUE	pertraktálik	lik	FALSE
perzsel	perzsel	[/V][Prs.NDef.3Sg]	1546	8570080167	6315	0.2562246051243483	0.8673884704333917	7	2	7	2	TRUE	perzselik	lik	FALSE
pesztrál	pesztrál	[/V][Prs.NDef.3Sg]	35	8570080167	827	-1.388916840107682	-0.01547937490541114	8	2	8	2	TRUE	pesztrálik	lik	FALSE
peticionál	peticionál	[/V][Prs.NDef.3Sg]	1	8570080167	4	-2.932984884457958	-2.3309248931299953	10	5	10	5	TRUE	peticionálik	lik	FALSE
pettyez	pettyez	[/V][Prs.NDef.3Sg]	15	8570080167	629	-1.756893625402277	-0.1343342390126889	7	2	7	2	TRUE	pettyezik	zik	FALSE
petél	petél	[/V][Prs.NDef.3Sg]	6	8570080167	34	-2.1548336340743144	-1.4015059674157029	5	2	5	2	TRUE	petélik	lik	FALSE
pezsdül	pezsdül	[/V][Prs.NDef.3Sg]	410	8570080167	1093	-0.32020102773822234	0.105635277491745	7	2	7	2	TRUE	pezsdülik	lik	FALSE
pfujol	pfujol	[/V][Prs.NDef.3Sg]	25	8570080167	297	-1.5350448757859203	-0.4602284351407455	6	2	6	2	TRUE	pfujolik	lik	FALSE
pfujoz	pfujoz	[/V][Prs.NDef.3Sg]	2	8570080167	16	-2.6319548887939765	-1.728864901802033	6	2	6	2	TRUE	pfujozik	zik	FALSE
piacol	piacol	[/V][Prs.NDef.3Sg]	14	8570080167	425	-1.7868568487797198	-0.3045959544076463	6	3	6	3	TRUE	piacolik	lik	FALSE
pikkel	pikkel	[/V][Prs.NDef.3Sg]	645	8570080167	1643	-0.1234251698226901	0.2826526789771039	6	2	6	2	TRUE	pikkelik	lik	FALSE
pikkelyez	pikkelyez	[/V][Prs.NDef.3Sg]	8	8570080167	269	-2.0298948974660145	-0.5032326044555498	9	3	9	3	TRUE	pikkelyezik	zik	FALSE
pilled	pilled	[/V][Prs.NDef.3Sg]	34	8570080167	298	-1.4015059674157029	-0.4587686203817026	6	2	6	2	TRUE	pilledik	Vdik	FALSE
pingel	pingel	[/V][Prs.NDef.3Sg]	50	8570080167	869	-1.234014880121939	0.00603489199070864	6	2	6	2	TRUE	pingelik	lik	FALSE
pingpongoz	pingpongoz	[/V][Prs.NDef.3Sg]	5	8570080167	7	-2.234014880121939	-2.087886844443701	10	3	10	3	TRUE	pingpongozik	zik	TRUE
pingál	pingál	[/V][Prs.NDef.3Sg]	291	8570080167	4829	-0.46909189547205055	0.7508723209423885	6	2	6	2	TRUE	pingálik	lik	FALSE
piperéz	piperéz	[/V][Prs.NDef.3Sg]	4	8570080167	74	-2.3309248931299953	-1.0637531647269816	7	3	7	3	TRUE	piperézik	zik	FALSE
pipil	pipil	[/V][Prs.NDef.3Sg]	57	8570080167	251	-1.1771100287854663	-0.5333111629769197	5	2	5	2	TRUE	pipilik	lik	FALSE
pipál	pipál	[/V][Prs.NDef.3Sg]	480	8570080167	18032	-0.2517436470823706	1.3230590142440737	5	2	5	2	TRUE	pipálik	lik	FALSE
pipáz	pipáz	[/V][Prs.NDef.3Sg]	12	8570080167	218	-1.853803638410333	-0.594528390853353	5	2	5	2	TRUE	pipázik	zik	TRUE
pirkad	pirkad	[/V][Prs.NDef.3Sg]	1226	8570080167	2529	0.1555055857244384	0.46996394488644694	6	2	6	2	TRUE	pirkadik	NA	FALSE
pirosul	pirosul	[/V][Prs.NDef.3Sg]	18	8570080167	42	-1.6777123793546518	-1.3097355940600577	7	3	7	3	TRUE	pirosulik	lik	FALSE
piruettez	piruettez	[/V][Prs.NDef.3Sg]	1	8570080167	76	-2.932984884457958	-1.0521712921771664	9	4	9	4	TRUE	piruettezik	zik	FALSE
pirul	pirul	[/V][Prs.NDef.3Sg]	5920	8570080167	24375	0.839336822264962	1.4539597399126163	5	2	5	2	TRUE	pirulik	lik	FALSE
pisil	pisil	[/V][Prs.NDef.3Sg]	3834	8570080167	27131	0.650667224084086	1.500480916914333	5	2	5	2	TRUE	pisilik	lik	FALSE
pislákol	pislákol	[/V][Prs.NDef.3Sg]	3392	8570080167	7929	0.5974709591267183	0.966233533393415	8	3	8	3	TRUE	pislákolik	lik	FALSE
piszkol	piszkol	[/V][Prs.NDef.3Sg]	161	8570080167	1742	-0.7261590084261081	0.30806326621368657	7	2	7	2	TRUE	piszkolik	lik	FALSE
piszkál	piszkál	[/V][Prs.NDef.3Sg]	1696	8570080167	35299	0.2964409634627372	1.6147775177957713	7	2	7	2	TRUE	piszkálik	lik	FALSE
pisál	pisál	[/V][Prs.NDef.3Sg]	299	8570080167	2292	-0.4573136961335282	0.4272297288373946	5	2	5	2	TRUE	pisálik	lik	FALSE
pitiz	pitiz	[/V][Prs.NDef.3Sg]	9	8570080167	190	-1.978742375018633	-0.6542312835051288	5	2	5	2	TRUE	pitizik	zik	TRUE
pityizál	pityizál	[/V][Prs.NDef.3Sg]	3	8570080167	37	-2.455863629738295	-1.3647831603909628	8	3	8	3	TRUE	pityizálik	lik	FALSE
pitykéz	pitykéz	[/V][Prs.NDef.3Sg]	2	8570080167	24	-2.6319548887939765	-1.552773642746352	7	2	7	2	TRUE	pitykézik	zik	FALSE
piál	piál	[/V][Prs.NDef.3Sg]	705	8570080167	4000	-0.08479576746655913	0.6690751068700046	4	2	4	2	TRUE	piálik	lik	FALSE
plagizál	plagizál	[/V][Prs.NDef.3Sg]	284	8570080167	3025	-0.4796665444109201	0.5477404945305299	8	3	8	3	TRUE	plagizálik	lik	FALSE
plakátoz	plakátoz	[/V][Prs.NDef.3Sg]	5	8570080167	302	-2.234014880121939	-0.4529779415008072	8	3	8	3	TRUE	plakátozik	zik	FALSE
planíroz	planíroz	[/V][Prs.NDef.3Sg]	3	8570080167	96	-2.455863629738295	-0.9507136514183894	8	3	8	3	TRUE	planírozik	zik	FALSE
plazmid	plazmid	[/V][Prs.NDef.3Sg]	20	8570080167	1911	-1.6319548887939763	0.34827580259705504	7	2	7	2	TRUE	plazmidik	NA	FALSE
pletykál	pletykál	[/V][Prs.NDef.3Sg]	826	8570080167	11255	-0.0160048371375756	1.118360614878581	8	2	8	2	TRUE	pletykálik	lik	FALSE
pletykáz	pletykáz	[/V][Prs.NDef.3Sg]	3	8570080167	59	-2.455863629738295	-1.1621328728158136	8	2	8	2	TRUE	pletykázik	zik	FALSE
plombál	plombál	[/V][Prs.NDef.3Sg]	8	8570080167	421	-2.0298948974660145	-0.30870278862228956	7	2	7	2	TRUE	plombálik	lik	FALSE
plántál	plántál	[/V][Prs.NDef.3Sg]	383	8570080167	4678	-0.3497861104893351	0.7370753330151764	7	2	7	2	TRUE	plántálik	lik	FALSE
pocskol	pocskol	[/V][Prs.NDef.3Sg]	24	8570080167	127	-1.552773642746352	-0.829181163502001	7	2	7	2	TRUE	pocskolik	lik	FALSE
pocskondiáz	pocskondiáz	[/V][Prs.NDef.3Sg]	150	8570080167	3249	-0.7568936254022766	0.5787648268870249	11	4	11	4	TRUE	pocskondiázik	zik	FALSE
pocsol	pocsol	[/V][Prs.NDef.3Sg]	28	8570080167	147	-1.4858268531157386	-0.7656675497097818	6	2	6	2	TRUE	pocsolik	lik	FALSE
pocsékol	pocsékol	[/V][Prs.NDef.3Sg]	310	8570080167	5886	-0.4416231906236851	0.8368353733056343	8	3	8	3	TRUE	pocsékolik	lik	FALSE
poentíroz	poentíroz	[/V][Prs.NDef.3Sg]	60	8570080167	229	-1.1548336340743142	-0.5731494021180699	9	4	9	4	TRUE	poentírozik	zik	FALSE
pofoz	pofoz	[/V][Prs.NDef.3Sg]	401	8570080167	8973	-0.3298405118377755	1.0199527832930229	5	2	5	2	TRUE	pofozik	zik	FALSE
pofáz	pofáz	[/V][Prs.NDef.3Sg]	54	8570080167	3763	-1.2005911246349894	0.6425493338619065	5	2	5	2	TRUE	pofázik	zik	FALSE
poharaz	poharaz	[/V][Prs.NDef.3Sg]	30	8570080167	940	-1.4558636297382954	0.04014296914174083	7	3	7	3	TRUE	poharazik	zik	FALSE
polarizál	polarizál	[/V][Prs.NDef.3Sg]	163	8570080167	3619	-0.720797280054	0.6256036986502416	9	4	9	4	TRUE	polarizálik	lik	FALSE
polcol	polcol	[/V][Prs.NDef.3Sg]	6	8570080167	992	-2.1548336340743144	0.06352678769622086	6	2	6	2	TRUE	polcolik	lik	FALSE
polemizál	polemizál	[/V][Prs.NDef.3Sg]	371	8570080167	2038	-0.363610974842912	0.37621929521244973	9	4	9	4	TRUE	polemizálik	lik	FALSE
politizál	politizál	[/V][Prs.NDef.3Sg]	7098	8570080167	32336	0.918151110553616	1.576701411713271	9	4	9	4	TRUE	politizálik	lik	FALSE
politúroz	politúroz	[/V][Prs.NDef.3Sg]	7	8570080167	133	-2.087886844443701	-0.809133243490872	9	4	9	4	TRUE	politúrozik	zik	FALSE
políroz	políroz	[/V][Prs.NDef.3Sg]	181	8570080167	10193	-0.6753063095887734	1.0753171397540435	7	3	7	3	TRUE	polírozik	zik	FALSE
pompáz	pompáz	[/V][Prs.NDef.3Sg]	59	8570080167	113	-1.1621328728158136	-0.8799064409745381	6	2	6	2	TRUE	pompázik	zik	TRUE
poncol	poncol	[/V][Prs.NDef.3Sg]	4	8570080167	61	-2.3309248931299953	-1.1476550494471909	6	2	6	2	TRUE	poncolik	lik	FALSE
pontifikál	pontifikál	[/V][Prs.NDef.3Sg]	71	8570080167	306	-1.0817265357388826	-0.44726345797637784	10	4	10	4	TRUE	pontifikálik	lik	FALSE
pontoz	pontoz	[/V][Prs.NDef.3Sg]	1673	8570080167	26412	0.2905110565044367	1.488816404143015	6	2	6	2	TRUE	pontozik	zik	FALSE
popularizál	popularizál	[/V][Prs.NDef.3Sg]	2	8570080167	121	-2.6319548887939765	-0.8501995141415077	11	5	11	5	TRUE	popularizálik	lik	FALSE
porcióz	porcióz	[/V][Prs.NDef.3Sg]	50	8570080167	2084	-1.234014880121939	0.385912830169529	7	3	7	3	TRUE	porciózik	zik	FALSE
porlad	porlad	[/V][Prs.NDef.3Sg]	1116	8570080167	3148	0.11467931014360214	0.5650498392290692	6	2	6	2	TRUE	porladik	NA	FALSE
porol	porol	[/V][Prs.NDef.3Sg]	813	8570080167	5660	-0.02289433886388969	0.8198315467303136	5	2	5	2	TRUE	porolik	lik	FALSE
poroszkál	poroszkál	[/V][Prs.NDef.3Sg]	1063	8570080167	3454	0.09354838006533894	0.6053374487734822	9	3	9	3	TRUE	poroszkálik	lik	FALSE
poroz	poroz	[/V][Prs.NDef.3Sg]	150	8570080167	2245	-0.7568936254022766	0.4182314608813842	5	2	5	2	TRUE	porozik	zik	FALSE
portretíroz	portretíroz	[/V][Prs.NDef.3Sg]	2	8570080167	18	-2.6319548887939765	-1.6777123793546518	11	4	11	4	TRUE	portretírozik	zik	FALSE
portyáz	portyáz	[/V][Prs.NDef.3Sg]	16	8570080167	3563	-1.728864901802033	0.6188309378930578	7	2	7	2	TRUE	portyázik	zik	FALSE
portál	portál	[/V][Prs.NDef.3Sg]	3	8570080167	439537	-2.455863629738295	2.7100105551781715	6	2	6	2	TRUE	portálik	lik	FALSE
poshad	poshad	[/V][Prs.NDef.3Sg]	185	8570080167	1020	-0.6658131560549441	0.07561528730395975	6	2	6	2	TRUE	poshadik	NA	FALSE
postáz	postáz	[/V][Prs.NDef.3Sg]	2863	8570080167	50259	0.5238364635636408	1.7682289587559723	6	2	6	2	TRUE	postázik	zik	FALSE
posztol	posztol	[/V][Prs.NDef.3Sg]	4775	8570080167	54190	0.7459884914618073	1.800934266554433	7	2	7	2	TRUE	posztolik	lik	FALSE
posztulál	posztulál	[/V][Prs.NDef.3Sg]	94	8570080167	721	-0.9598570308582592	-0.07504961973852878	9	3	9	3	TRUE	posztulálik	lik	FALSE
potyáz	potyáz	[/V][Prs.NDef.3Sg]	4	8570080167	407	-2.3309248931299953	-0.3233904752327378	6	2	6	2	TRUE	potyázik	zik	FALSE
povedál	povedál	[/V][Prs.NDef.3Sg]	24	8570080167	126	-1.552773642746352	-0.832614339340395	7	3	7	3	TRUE	povedálik	lik	FALSE
pozicionál	pozicionál	[/V][Prs.NDef.3Sg]	260	8570080167	10233	-0.5180115364871398	1.0770180896691015	10	5	10	5	TRUE	pozicionálik	lik	FALSE
praktizál	praktizál	[/V][Prs.NDef.3Sg]	2138	8570080167	5927	0.39702281641480136	0.8398500427810603	9	3	9	3	TRUE	praktizálik	lik	FALSE
predestinál	predestinál	[/V][Prs.NDef.3Sg]	22	8570080167	284	-1.5905622036357516	-0.4796665444109201	11	4	11	4	TRUE	predestinálik	lik	FALSE
predesztinál	predesztinál	[/V][Prs.NDef.3Sg]	772	8570080167	8198	-0.04536758412222169	0.9807230295225252	12	4	12	4	TRUE	predesztinálik	lik	FALSE
prediszponál	prediszponál	[/V][Prs.NDef.3Sg]	20	8570080167	106	-1.6319548887939763	-0.9076790191931876	12	4	12	4	TRUE	prediszponálik	lik	FALSE
preferál	preferál	[/V][Prs.NDef.3Sg]	1746	8570080167	45159	0.30905935491159303	1.7217594318930598	8	3	8	3	TRUE	preferálik	lik	FALSE
prelegál	prelegál	[/V][Prs.NDef.3Sg]	14	8570080167	63	-1.7868568487797198	-1.133644335004376	8	3	8	3	TRUE	prelegálik	lik	FALSE
premizál	premizál	[/V][Prs.NDef.3Sg]	13	8570080167	375	-1.819041532151121	-0.35895361673023896	8	3	8	3	TRUE	premizálik	lik	FALSE
preparál	preparál	[/V][Prs.NDef.3Sg]	82	8570080167	2100	-1.019171032074241	0.38923441027596145	8	3	8	3	TRUE	preparálik	lik	FALSE
presszionál	presszionál	[/V][Prs.NDef.3Sg]	90	8570080167	1395	-0.9787423750186328	0.21158932315165851	11	4	11	4	TRUE	presszionálik	lik	FALSE
prezentál	prezentál	[/V][Prs.NDef.3Sg]	2389	8570080167	39603	0.44523126529192	1.6647432013184775	9	3	9	3	TRUE	prezentálik	lik	FALSE
priorál	priorál	[/V][Prs.NDef.3Sg]	13	8570080167	135	-1.819041532151121	-0.8026511159629518	7	3	7	3	TRUE	priorálik	lik	FALSE
privatizál	privatizál	[/V][Prs.NDef.3Sg]	229	8570080167	9974	-0.5731494021180699	1.0658844794243865	10	4	10	4	TRUE	privatizálik	lik	FALSE
privilegizál	privilegizál	[/V][Prs.NDef.3Sg]	27	8570080167	392	-1.5016211202989704	-0.3396988174375006	12	5	12	5	TRUE	privilegizálik	lik	FALSE
proccol	proccol	[/V][Prs.NDef.3Sg]	34	8570080167	92	-1.4015059674157029	-0.9691970571124026	7	2	7	2	TRUE	proccolik	lik	FALSE
produkál	produkál	[/V][Prs.NDef.3Sg]	38918	8570080167	203852	1.6571656292739716	2.376330092231385	8	3	8	3	TRUE	produkálik	lik	FALSE
profanizál	profanizál	[/V][Prs.NDef.3Sg]	34	8570080167	507	-1.4015059674157029	-0.2279769251246219	10	4	10	4	TRUE	profanizálik	lik	FALSE
profanál	profanál	[/V][Prs.NDef.3Sg]	1	8570080167	43	-2.932984884457958	-1.2995164288783714	8	3	8	3	TRUE	profanálik	lik	FALSE
profetizál	profetizál	[/V][Prs.NDef.3Sg]	3	8570080167	19	-2.455863629738295	-1.654231283505129	10	4	10	4	TRUE	profetizálik	lik	FALSE
profiloz	profiloz	[/V][Prs.NDef.3Sg]	14	8570080167	260	-1.7868568487797198	-0.5180115364871398	8	3	8	3	TRUE	profilozik	zik	FALSE
profilíroz	profilíroz	[/V][Prs.NDef.3Sg]	2	8570080167	211	-2.6319548887939765	-0.6087024291602652	10	4	10	4	TRUE	profilírozik	zik	FALSE
profitál	profitál	[/V][Prs.NDef.3Sg]	8441	8570080167	52049	0.9934090158117244	1.7834275055143636	8	3	8	3	TRUE	profitálik	lik	FALSE
prognosztizál	prognosztizál	[/V][Prs.NDef.3Sg]	2538	8570080167	15145	0.4715067333007281	1.2472843932109168	13	4	13	4	TRUE	prognosztizálik	lik	FALSE
programoz	programoz	[/V][Prs.NDef.3Sg]	1810	8570080167	51179	0.32469369041122664	1.7761069113815096	9	3	9	3	TRUE	programozik	zik	FALSE
proklamál	proklamál	[/V][Prs.NDef.3Sg]	27	8570080167	761	-1.5016211202989704	-0.05160022768738502	9	3	9	3	TRUE	proklamálik	lik	FALSE
prolongál	prolongál	[/V][Prs.NDef.3Sg]	8	8570080167	735	-2.0298948974660145	-0.06669754537376292	9	3	9	3	TRUE	prolongálik	lik	FALSE
propagál	propagál	[/V][Prs.NDef.3Sg]	855	8570080167	13145	-0.00101876972978518	1.1857757059844236	8	3	8	3	TRUE	propagálik	lik	FALSE
proponál	proponál	[/V][Prs.NDef.3Sg]	30	8570080167	524	-1.4558636297382954	-0.21365359747423115	8	3	8	3	TRUE	proponálik	lik	FALSE
prosperál	prosperál	[/V][Prs.NDef.3Sg]	1119	8570080167	2868	0.1158452020703922	0.5245942625378046	9	3	9	3	TRUE	prosperálik	lik	FALSE
prostituál	prostituál	[/V][Prs.NDef.3Sg]	22	8570080167	669	-1.5905622036357516	-0.10755876669013475	10	4	10	4	TRUE	prostituálik	lik	FALSE
protestál	protestál	[/V][Prs.NDef.3Sg]	386	8570080167	2293	-0.3463975797862029	0.427419170271981	9	3	9	3	TRUE	protestálik	lik	FALSE
protezsál	protezsál	[/V][Prs.NDef.3Sg]	37	8570080167	579	-1.3647831603909628	-0.17030632073052163	9	3	9	3	TRUE	protezsálik	lik	FALSE
provideál	provideál	[/V][Prs.NDef.3Sg]	11	8570080167	57	-1.8915921992997329	-1.1771100287854663	9	4	9	4	TRUE	provideálik	lik	FALSE
provokál	provokál	[/V][Prs.NDef.3Sg]	4006	8570080167	32880	0.6697260604995996	1.583946924410055	8	3	8	3	TRUE	provokálik	lik	FALSE
prédikál	prédikál	[/V][Prs.NDef.3Sg]	5640	8570080167	30060	0.8182942195253845	1.5450040917929315	8	3	8	3	TRUE	prédikálik	lik	FALSE
prédál	prédál	[/V][Prs.NDef.3Sg]	27	8570080167	644	-1.5016211202989704	-0.12409901709814572	6	2	6	2	TRUE	prédálik	lik	FALSE
prémez	prémez	[/V][Prs.NDef.3Sg]	1	8570080167	73	-2.932984884457958	-1.069662024337502	6	2	6	2	TRUE	prémezik	zik	FALSE
présel	présel	[/V][Prs.NDef.3Sg]	1467	8570080167	49681	0.2334452293853249	1.763205444459983	6	2	6	2	TRUE	préselik	lik	FALSE
prézsmitál	prézsmitál	[/V][Prs.NDef.3Sg]	20	8570080167	56	-1.6319548887939763	-1.1847968574517571	10	3	10	3	TRUE	prézsmitálik	lik	FALSE
próbál	próbál	[/V][Prs.NDef.3Sg]	173598	8570080167	2432831	2.306559832961045	3.453127056648507	6	2	6	2	TRUE	próbálik	lik	FALSE
prófétál	prófétál	[/V][Prs.NDef.3Sg]	799	8570080167	5907	-0.03043810514396646	0.8383820863998228	8	3	8	3	TRUE	prófétálik	lik	FALSE
prüszköl	prüszköl	[/V][Prs.NDef.3Sg]	993	8570080167	3974	0.06396436403742334	0.6662429783158386	8	2	8	2	TRUE	prüszkölik	lik	FALSE
prűd	prűd	[/V][Prs.NDef.3Sg]	10	8570080167	5397	-1.9329848844579576	0.799167533607256	4	1	4	1	TRUE	prűdik	NA	FALSE
publikál	publikál	[/V][Prs.NDef.3Sg]	12057	8570080167	122631	1.1482543764537394	2.1556153852930957	8	3	8	3	TRUE	publikálik	lik	FALSE
pucol	pucol	[/V][Prs.NDef.3Sg]	758	8570080167	22712	-0.05331567882590429	1.423270495059843	5	2	5	2	TRUE	pucolik	lik	FALSE
puffad	puffad	[/V][Prs.NDef.3Sg]	1313	8570080167	4229	0.18527984163152153	0.6932528006889426	6	2	6	2	TRUE	puffadik	NA	FALSE
pufferel	pufferel	[/V][Prs.NDef.3Sg]	97	8570080167	653	-0.946213150191713	-0.1180717031828839	8	3	8	3	TRUE	pufferelik	lik	FALSE
pufferol	pufferol	[/V][Prs.NDef.3Sg]	9	8570080167	167	-1.978742375018633	-0.7102684133103745	8	3	8	3	TRUE	pufferolik	lik	FALSE
puhatol	puhatol	[/V][Prs.NDef.3Sg]	43	8570080167	848	-1.2995164288783714	-0.00458903220124401	7	3	7	3	TRUE	puhatolik	lik	FALSE
puhul	puhul	[/V][Prs.NDef.3Sg]	7812	8570080167	17925	0.9597773501578588	1.3204742798818798	5	2	5	2	TRUE	puhulik	lik	FALSE
pukkad	pukkad	[/V][Prs.NDef.3Sg]	414	8570080167	2147	-0.3159845433370589	0.3988471599782909	6	2	6	2	TRUE	pukkadik	NA	FALSE
pulzál	pulzál	[/V][Prs.NDef.3Sg]	1979	8570080167	4257	0.3634609097484384	0.6961187657191785	6	2	6	2	TRUE	pulzálik	lik	FALSE
pumpol	pumpol	[/V][Prs.NDef.3Sg]	29	8570080167	528	-1.4705868865590015	-0.21035096192414557	6	2	6	2	TRUE	pumpolik	lik	FALSE
pumpál	pumpál	[/V][Prs.NDef.3Sg]	2868	8570080167	20247	0.5245942625378046	1.3733757984030937	6	2	6	2	TRUE	pumpálik	lik	FALSE
pungál	pungál	[/V][Prs.NDef.3Sg]	1	8570080167	46	-2.932984884457958	-1.2702270527763837	6	2	6	2	TRUE	pungálik	lik	FALSE
punul	punul	[/V][Prs.NDef.3Sg]	1	8570080167	2	-2.932984884457958	-2.6319548887939765	5	2	5	2	TRUE	punulik	lik	FALSE
purgál	purgál	[/V][Prs.NDef.3Sg]	18	8570080167	220	-1.6777123793546518	-0.5905622036357516	6	2	6	2	TRUE	purgálik	lik	FALSE
purifikál	purifikál	[/V][Prs.NDef.3Sg]	8	8570080167	188	-2.0298948974660145	-0.658827035194278	9	4	9	4	TRUE	purifikálik	lik	FALSE
puskatűz	puskatűz	[/V][Prs.NDef.3Sg]	7	8570080167	568	-2.087886844443701	-0.17863654874693893	8	3	8	3	TRUE	puskatűzik	zik	FALSE
puskáz	puskáz	[/V][Prs.NDef.3Sg]	28	8570080167	31	-1.4858268531157386	-1.4416231906236852	6	2	6	2	TRUE	puskázik	zik	TRUE
puszil	puszil	[/V][Prs.NDef.3Sg]	544	8570080167	11154	-0.1973859847597779	1.1144457556975844	6	2	6	2	TRUE	puszilik	lik	FALSE
pusziz	pusziz	[/V][Prs.NDef.3Sg]	1	8570080167	24	-2.932984884457958	-1.552773642746352	6	2	6	2	TRUE	puszizik	zik	FALSE
pusztul	pusztul	[/V][Prs.NDef.3Sg]	17132	8570080167	78155	1.3008231812665738	1.959971882963756	7	2	7	2	TRUE	pusztulik	lik	FALSE
pácol	pácol	[/V][Prs.NDef.3Sg]	90	8570080167	10844	-0.9787423750186328	1.1022046244504902	5	2	5	2	TRUE	pácolik	lik	FALSE
páhol	páhol	[/V][Prs.NDef.3Sg]	49	8570080167	626	-1.2427888044294442	-0.13641055124752818	5	2	5	2	TRUE	páholik	lik	FALSE
pályáz	pályáz	[/V][Prs.NDef.3Sg]	446	8570080167	10525	-0.283650025745816	1.089237220049748	6	2	6	2	TRUE	pályázik	zik	TRUE
páncéloz	páncéloz	[/V][Prs.NDef.3Sg]	3	8570080167	330	-2.455863629738295	-0.4144709445800704	8	3	8	3	TRUE	páncélozik	zik	FALSE
pántol	pántol	[/V][Prs.NDef.3Sg]	9	8570080167	231	-1.978742375018633	-0.5693729045658135	6	2	6	2	TRUE	pántolik	lik	FALSE
pántoz	pántoz	[/V][Prs.NDef.3Sg]	1	8570080167	11	-2.932984884457958	-1.8915921992997329	6	2	6	2	TRUE	pántozik	zik	FALSE
pányváz	pányváz	[/V][Prs.NDef.3Sg]	2	8570080167	203	-2.6319548887939765	-0.6254888465447449	7	2	7	2	TRUE	pányvázik	zik	FALSE
párbajoz	párbajoz	[/V][Prs.NDef.3Sg]	6	8570080167	1211	-2.1548336340743144	0.1501592586850944	8	3	8	3	TRUE	párbajozik	zik	TRUE
párnáz	párnáz	[/V][Prs.NDef.3Sg]	22	8570080167	1578	-1.5905622036357516	0.26512211441544364	6	2	6	2	TRUE	párnázik	zik	FALSE
párol	párol	[/V][Prs.NDef.3Sg]	453	8570080167	74531	-0.27688668244512593	1.9393520638428463	5	2	5	2	TRUE	párolik	lik	FALSE
párosul	párosul	[/V][Prs.NDef.3Sg]	48904	8570080167	82065	1.756359498323766	1.9811730893751929	7	3	7	3	TRUE	párosulik	lik	FALSE
pártfogol	pártfogol	[/V][Prs.NDef.3Sg]	239	8570080167	3593	-0.5545869835098202	0.6224723327466917	9	3	9	3	TRUE	pártfogolik	lik	FALSE
pártol	pártol	[/V][Prs.NDef.3Sg]	1433	8570080167	19042	0.22326130593938665	1.346727676362968	6	2	6	2	TRUE	pártolik	lik	FALSE
pásztorol	pásztorol	[/V][Prs.NDef.3Sg]	73	8570080167	1026	-1.069662024337502	0.07816247631783964	9	3	9	3	TRUE	pásztorolik	lik	FALSE
pásztáz	pásztáz	[/V][Prs.NDef.3Sg]	600	8570080167	10904	-0.1548336340743142	1.1046009583686591	7	2	7	2	TRUE	pásztázik	zik	FALSE
pécéz	pécéz	[/V][Prs.NDef.3Sg]	93	8570080167	2407	-0.9645019359040228	0.4484912058170722	5	2	5	2	TRUE	pécézik	zik	FALSE
példáz	példáz	[/V][Prs.NDef.3Sg]	1321	8570080167	34531	0.18791793315656935	1.60522427101844	6	2	6	2	TRUE	példázik	zik	FALSE
pénzel	pénzel	[/V][Prs.NDef.3Sg]	3395	8570080167	15295	0.5978548941585626	1.2515645968627396	6	2	6	2	TRUE	pénzelik	lik	FALSE
pókhálóz	pókhálóz	[/V][Prs.NDef.3Sg]	41	8570080167	300	-1.3202010277382223	-0.4558636297382954	8	3	8	3	TRUE	pókhálózik	zik	FALSE
pólyál	pólyál	[/V][Prs.NDef.3Sg]	39	8570080167	449	-1.3419202774314587	-0.28073854345463467	6	2	6	2	TRUE	pólyálik	lik	FALSE
pólyáz	pólyáz	[/V][Prs.NDef.3Sg]	1	8570080167	352	-2.932984884457958	-0.3864422209798268	6	2	6	2	TRUE	pólyázik	zik	FALSE
pótol	pótol	[/V][Prs.NDef.3Sg]	5669	8570080167	306210	0.8205215725330122	2.553034485032644	5	2	5	2	TRUE	pótolik	lik	FALSE
póz	póz	[/V][Prs.NDef.3Sg]	1	8570080167	57334	-2.932984884457958	1.8254273576364048	3	1	3	1	TRUE	pózik	zik	FALSE
pózol	pózol	[/V][Prs.NDef.3Sg]	8437	8570080167	27092	0.9932031646492482	1.499856182476366	5	2	5	2	TRUE	pózolik	lik	FALSE
pöcköl	pöcköl	[/V][Prs.NDef.3Sg]	80	8570080167	2847	-1.0298948974660145	0.5214025826889973	6	2	6	2	TRUE	pöckölik	lik	FALSE
pöfékel	pöfékel	[/V][Prs.NDef.3Sg]	609	8570080167	3173	-0.14836759182508247	0.5684851876424544	7	3	7	3	TRUE	pöfékelik	lik	FALSE
pöndörül	pöndörül	[/V][Prs.NDef.3Sg]	4	8570080167	13	-2.3309248931299953	-1.819041532151121	8	3	8	3	TRUE	pöndörülik	lik	FALSE
pördül	pördül	[/V][Prs.NDef.3Sg]	470	8570080167	2561	-0.2608870265222404	0.4754246940104718	6	2	6	2	TRUE	pördülik	lik	FALSE
pörköl	pörköl	[/V][Prs.NDef.3Sg]	288	8570080167	6375	-0.473592396698727	0.8714953046480349	6	2	6	2	TRUE	pörkölik	lik	FALSE
pörzsöl	pörzsöl	[/V][Prs.NDef.3Sg]	52	8570080167	310	-1.2169815408231586	-0.4416231906236851	7	2	7	2	TRUE	pörzsölik	lik	FALSE
pöröl	pöröl	[/V][Prs.NDef.3Sg]	559	8570080167	2072	-0.18557307657153457	0.3834048666152376	5	2	5	2	TRUE	pörölik	lik	FALSE
pöszéz	pöszéz	[/V][Prs.NDef.3Sg]	2	8570080167	12	-2.6319548887939765	-1.853803638410333	6	2	6	2	TRUE	pöszézik	zik	FALSE
pöttyöz	pöttyöz	[/V][Prs.NDef.3Sg]	42	8570080167	1033	-1.3097355940600577	0.08111543706166276	7	2	7	2	TRUE	pöttyözik	zik	FALSE
púderez	púderez	[/V][Prs.NDef.3Sg]	11	8570080167	867	-1.8915921992997329	0.00503421301825244	7	3	7	3	TRUE	púderezik	zik	FALSE
púderoz	púderoz	[/V][Prs.NDef.3Sg]	2	8570080167	138	-2.6319548887939765	-0.7931057980567213	7	3	7	3	TRUE	púderozik	zik	FALSE
púpoz	púpoz	[/V][Prs.NDef.3Sg]	8	8570080167	650	-2.0298948974660145	-0.12007152781510227	5	2	5	2	TRUE	púpozik	zik	FALSE
püffed	püffed	[/V][Prs.NDef.3Sg]	50	8570080167	192	-1.234014880121939	-0.6496836557544082	6	2	6	2	TRUE	püffedik	Vdik	FALSE
püföl	püföl	[/V][Prs.NDef.3Sg]	263	8570080167	7811	-0.5130291359682	0.9597217533477076	5	2	5	2	TRUE	püfölik	lik	FALSE
rabol	rabol	[/V][Prs.NDef.3Sg]	3864	8570080167	59914	0.6540522332854979	1.8445434306246	5	2	5	2	TRUE	rabolik	lik	FALSE
raccsol	raccsol	[/V][Prs.NDef.3Sg]	241	8570080167	750	-0.5509678418830894	-0.05792362106625776	7	2	7	2	TRUE	raccsolik	lik	FALSE
racionalizál	racionalizál	[/V][Prs.NDef.3Sg]	186	8570080167	6192	-0.6634719402400415	0.8588460632168784	12	6	12	6	TRUE	racionalizálik	lik	FALSE
radíroz	radíroz	[/V][Prs.NDef.3Sg]	885	8570080167	5704	0.01395838623986757	0.8231946323858513	7	3	7	3	TRUE	radírozik	zik	FALSE
raffol	raffol	[/V][Prs.NDef.3Sg]	2	8570080167	67	-2.6319548887939765	-1.1069100817571311	6	2	6	2	TRUE	raffolik	lik	FALSE
rafinál	rafinál	[/V][Prs.NDef.3Sg]	52	8570080167	449	-1.2169815408231586	-0.28073854345463467	7	3	7	3	TRUE	rafinálik	lik	FALSE
ragad	ragad	[/V][Prs.NDef.3Sg]	50616	8570080167	333129	1.7713029369931346	2.5896275566744102	5	2	5	2	TRUE	ragadik	NA	FALSE
ragadoz	ragadoz	[/V][Prs.NDef.3Sg]	430	8570080167	946	-0.2995164288783713	0.0429062519438349	7	3	7	3	TRUE	ragadozik	zik	FALSE
ragoz	ragoz	[/V][Prs.NDef.3Sg]	417	8570080167	18011	-0.31284882948420034	1.3225529417666455	5	2	5	2	TRUE	ragozik	zik	FALSE
rajcsúroz	rajcsúroz	[/V][Prs.NDef.3Sg]	3	8570080167	71	-2.455863629738295	-1.0817265357388826	9	3	9	3	TRUE	rajcsúrozik	zik	FALSE
rajtol	rajtol	[/V][Prs.NDef.3Sg]	12345	8570080167	44874	1.1585062098099932	1.7190098991491216	6	2	6	2	TRUE	rajtolik	lik	FALSE
rajzol	rajzol	[/V][Prs.NDef.3Sg]	23270	8570080167	251322	1.433811498828772	2.467245622679799	6	2	6	2	TRUE	rajzolik	lik	FALSE
raktároz	raktároz	[/V][Prs.NDef.3Sg]	2680	8570080167	20456	0.495149909570831	1.377835830560321	8	3	8	3	TRUE	raktározik	zik	FALSE
randalíroz	randalíroz	[/V][Prs.NDef.3Sg]	33	8570080167	2587	-1.4144709445800705	0.4798115442585856	10	4	10	4	TRUE	randalírozik	zik	FALSE
randomizál	randomizál	[/V][Prs.NDef.3Sg]	11	8570080167	1167	-1.8915921992997329	0.13408597158741234	10	4	10	4	TRUE	randomizálik	lik	FALSE
rangsorol	rangsorol	[/V][Prs.NDef.3Sg]	1678	8570080167	31085	0.2918070720347236	1.5595659872462169	9	3	9	3	TRUE	rangsorolik	lik	FALSE
ratifikál	ratifikál	[/V][Prs.NDef.3Sg]	53	8570080167	9422	-1.2087090148571689	1.0411582154442571	9	4	9	4	TRUE	ratifikálik	lik	FALSE
ravataloz	ravataloz	[/V][Prs.NDef.3Sg]	47	8570080167	1995	-1.2608870265222405	0.3669580155648092	9	4	9	4	TRUE	ravatalozik	zik	FALSE
razziáz	razziáz	[/V][Prs.NDef.3Sg]	9	8570080167	292	-1.978742375018633	-0.4676020330095395	7	3	7	3	TRUE	razziázik	zik	FALSE
reagál	reagál	[/V][Prs.NDef.3Sg]	114992	8570080167	547336	2.1276827430547147	2.8052691295299135	6	3	6	3	TRUE	reagálik	lik	FALSE
reaktivál	reaktivál	[/V][Prs.NDef.3Sg]	16	8570080167	1663	-1.728864901802033	0.2879073647615614	9	4	9	4	TRUE	reaktiválik	lik	FALSE
realizál	realizál	[/V][Prs.NDef.3Sg]	2149	8570080167	34102	0.3992515310334855	1.5997949656047157	8	4	8	4	TRUE	realizálik	lik	FALSE
recenzeál	recenzeál	[/V][Prs.NDef.3Sg]	2	8570080167	180	-2.6319548887939765	-0.6777123793546518	9	4	9	4	TRUE	recenzeálik	lik	FALSE
recidivál	recidivál	[/V][Prs.NDef.3Sg]	76	8570080167	172	-1.0521712921771664	-0.6974564375504089	9	4	9	4	TRUE	recidiválik	lik	FALSE
recitál	recitál	[/V][Prs.NDef.3Sg]	118	8570080167	1982	-0.8611028771518324	0.3641187656912987	7	3	7	3	TRUE	recitálik	lik	FALSE
recéz	recéz	[/V][Prs.NDef.3Sg]	3	8570080167	460	-2.455863629738295	-0.27022705277638376	5	2	5	2	TRUE	recézik	zik	FALSE
redukál	redukál	[/V][Prs.NDef.3Sg]	257	8570080167	17210	-0.5230517611266633	1.3027959858696023	7	3	7	3	TRUE	redukálik	lik	FALSE
redőz	redőz	[/V][Prs.NDef.3Sg]	6	8570080167	810	-2.1548336340743144	-0.02449986557930809	5	2	5	2	TRUE	redőzik	zik	FALSE
referál	referál	[/V][Prs.NDef.3Sg]	2759	8570080167	6221	0.5077668160212276	0.8608753168847117	7	3	7	3	TRUE	referálik	lik	FALSE
reflektál	reflektál	[/V][Prs.NDef.3Sg]	13151	8570080167	43580	1.185973893308476	1.7063023414522789	9	3	9	3	TRUE	reflektálik	lik	FALSE
reformál	reformál	[/V][Prs.NDef.3Sg]	179	8570080167	7601	-0.6801318534780646	0.9478858480744656	8	3	8	3	TRUE	reformálik	lik	FALSE
regenerál	regenerál	[/V][Prs.NDef.3Sg]	2959	8570080167	25454	0.5381600807026752	1.472771155315998	9	4	9	4	TRUE	regenerálik	lik	FALSE
regisztrál	regisztrál	[/V][Prs.NDef.3Sg]	16934	8570080167	372648	1.2957746709776778	2.6383139102581983	10	3	10	3	TRUE	regisztrálik	lik	FALSE
regnál	regnál	[/V][Prs.NDef.3Sg]	474	8570080167	1162	-0.2572065427838728	0.1322212435963541	6	2	6	2	TRUE	regnálik	lik	FALSE
reguláz	reguláz	[/V][Prs.NDef.3Sg]	26	8570080167	1242	-1.5180115364871398	0.16113671138260358	7	3	7	3	TRUE	regulázik	zik	FALSE
regél	regél	[/V][Prs.NDef.3Sg]	1678	8570080167	7881	0.2918070720347236	0.9635964430477748	5	2	5	2	TRUE	regélik	lik	FALSE
regöl	regöl	[/V][Prs.NDef.3Sg]	27	8570080167	254	-1.5016211202989704	-0.5281511678380197	5	2	5	2	TRUE	regölik	lik	FALSE
rehabilitál	rehabilitál	[/V][Prs.NDef.3Sg]	169	8570080167	11668	-0.7050981798442842	1.134011535991737	11	5	11	5	TRUE	rehabilitálik	lik	FALSE
rejtjelez	rejtjelez	[/V][Prs.NDef.3Sg]	67	8570080167	659	-1.1069100817571311	-0.11409946986394796	9	3	9	3	TRUE	rejtjelezik	zik	FALSE
rekapitulál	rekapitulál	[/V][Prs.NDef.3Sg]	4	8570080167	123	-2.3309248931299953	-0.84307977301856	11	5	11	5	TRUE	rekapitulálik	lik	FALSE
reked	reked	[/V][Prs.NDef.3Sg]	3556	8570080167	16973	0.6179768678402182	1.2967737267634154	5	2	5	2	TRUE	rekedik	Vdik	FALSE
rekeszel	rekeszel	[/V][Prs.NDef.3Sg]	32	8570080167	510	-1.427834906138052	-0.22541470836002145	8	3	8	3	TRUE	rekeszelik	lik	FALSE
reklamál	reklamál	[/V][Prs.NDef.3Sg]	2776	8570080167	24380	0.5104345773248594	1.4540488168244052	8	3	8	3	TRUE	reklamálik	lik	FALSE
reklámoz	reklámoz	[/V][Prs.NDef.3Sg]	9491	8570080167	74423	1.0443270889389682	1.938722288042737	8	3	8	3	TRUE	reklámozik	zik	FALSE
rekognoszkál	rekognoszkál	[/V][Prs.NDef.3Sg]	1	8570080167	16	-2.932984884457958	-1.728864901802033	12	4	12	4	TRUE	rekognoszkálik	lik	FALSE
rekompenzál	rekompenzál	[/V][Prs.NDef.3Sg]	2	8570080167	31	-2.6319548887939765	-1.4416231906236852	11	4	11	4	TRUE	rekompenzálik	lik	FALSE
rekonstruál	rekonstruál	[/V][Prs.NDef.3Sg]	362	8570080167	29344	-0.3742763139247921	1.5345344295319692	11	4	11	4	TRUE	rekonstruálik	lik	FALSE
rekontráz	rekontráz	[/V][Prs.NDef.3Sg]	3	8570080167	41	-2.455863629738295	-1.3202010277382223	9	3	9	3	TRUE	rekontrázik	zik	FALSE
rektifikál	rektifikál	[/V][Prs.NDef.3Sg]	5	8570080167	64	-2.234014880121939	-1.1268049104740707	10	4	10	4	TRUE	rektifikálik	lik	FALSE
rekvirál	rekvirál	[/V][Prs.NDef.3Sg]	49	8570080167	1230	-1.2427888044294442	0.15692022698144012	8	3	8	3	TRUE	rekvirálik	lik	FALSE
relativizál	relativizál	[/V][Prs.NDef.3Sg]	206	8570080167	4746	-0.6191176640888044	0.7433428494233624	11	5	11	5	TRUE	relativizálik	lik	FALSE
relaxál	relaxál	[/V][Prs.NDef.3Sg]	1789	8570080167	15274	0.3196254561094151	1.2509679018086222	7	3	7	3	TRUE	relaxálik	lik	FALSE
remekel	remekel	[/V][Prs.NDef.3Sg]	6386	8570080167	27984	0.8722440297454682	1.5139249076766434	7	3	7	3	TRUE	remekelik	lik	FALSE
remilitarizál	remilitarizál	[/V][Prs.NDef.3Sg]	1	8570080167	12	-2.932984884457958	-1.853803638410333	13	6	13	6	TRUE	remilitarizálik	lik	FALSE
remonstrál	remonstrál	[/V][Prs.NDef.3Sg]	2	8570080167	16	-2.6319548887939765	-1.728864901802033	10	3	10	3	TRUE	remonstrálik	lik	FALSE
remél	remél	[/V][Prs.NDef.3Sg]	15112	8570080167	1169763	1.2463370604558193	3.1351129959049926	5	2	5	2	TRUE	remélik	lik	FALSE
rendel	rendel	[/V][Prs.NDef.3Sg]	69735	8570080167	852113	1.9104659207808103	2.997512306579092	6	2	6	2	TRUE	rendelik	lik	FALSE
rendez	rendez	[/V][Prs.NDef.3Sg]	62786	8570080167	1260629	1.8648779312447148	3.1676024091257915	6	2	6	2	TRUE	rendezik	zik	FALSE
rendszabályoz	rendszabályoz	[/V][Prs.NDef.3Sg]	36	8570080167	943	-1.3766823836906703	0.04152680827937052	13	4	13	4	TRUE	rendszabályozik	zik	FALSE
rendszerez	rendszerez	[/V][Prs.NDef.3Sg]	2426	8570080167	39741	0.45190591207259634	1.6662539065749675	10	3	10	3	TRUE	rendszerezik	zik	FALSE
rendül	rendül	[/V][Prs.NDef.3Sg]	1142	8570080167	4986	0.1246812194518714	0.7647673897097969	6	2	6	2	TRUE	rendülik	lik	FALSE
renovál	renovál	[/V][Prs.NDef.3Sg]	68	8570080167	9677	-1.1004759717517214	1.052755856592117	7	3	7	3	TRUE	renoválik	lik	FALSE
reorganizál	reorganizál	[/V][Prs.NDef.3Sg]	4	8570080167	294	-2.3309248931299953	-0.4646375540458006	11	5	11	5	TRUE	reorganizálik	lik	FALSE
reparál	reparál	[/V][Prs.NDef.3Sg]	44	8570080167	896	-1.2895322079717704	0.0193231252041674	7	3	7	3	TRUE	reparálik	lik	FALSE
repatriál	repatriál	[/V][Prs.NDef.3Sg]	20	8570080167	409	-1.6319548887939763	-0.32126157645061604	9	4	9	4	TRUE	repatriálik	lik	FALSE
reped	reped	[/V][Prs.NDef.3Sg]	5164	8570080167	21968	0.7800013491364248	1.408805635434722	5	2	5	2	TRUE	repedik	Vdik	FALSE
repetál	repetál	[/V][Prs.NDef.3Sg]	15	8570080167	100	-1.756893625402277	-0.9329848844579578	7	3	7	3	TRUE	repetálik	lik	FALSE
repked	repked	[/V][Prs.NDef.3Sg]	2938	8570080167	19517	0.5350669069962798	1.357428177664975	6	2	6	2	TRUE	repkedik	Vdik	FALSE
replikáz	replikáz	[/V][Prs.NDef.3Sg]	99	8570080167	316	-0.937349689860408	-0.433297801839554	8	3	8	3	TRUE	replikázik	zik	FALSE
reprezentál	reprezentál	[/V][Prs.NDef.3Sg]	3145	8570080167	38734	0.5646357653233299	1.6551074637604175	11	4	11	4	TRUE	reprezentálik	lik	FALSE
reprodukál	reprodukál	[/V][Prs.NDef.3Sg]	483	8570080167	23869	-0.2490377537064457	1.4448493400125908	10	4	10	4	TRUE	reprodukálik	lik	FALSE
repül	repül	[/V][Prs.NDef.3Sg]	53637	8570080167	256901	1.7964795946417904	2.476780910324685	5	2	5	2	TRUE	repülik	lik	FALSE
respektál	respektál	[/V][Prs.NDef.3Sg]	95	8570080167	4005	-0.95526127916911	0.6696176359622986	9	3	9	3	TRUE	respektálik	lik	FALSE
restaurál	restaurál	[/V][Prs.NDef.3Sg]	266	8570080167	15581	-0.5081032478268909	1.2596104431112538	9	4	9	4	TRUE	restaurálik	lik	FALSE
restell	restell	[/V][Prs.NDef.3Sg]	598	8570080167	6012	-0.156283700469547	0.8460340874569128	7	2	7	2	TRUE	restellik	NA	FALSE
reszel	reszel	[/V][Prs.NDef.3Sg]	993	8570080167	46335	0.06396436403742334	1.732924282899174	6	2	6	2	TRUE	reszelik	lik	FALSE
reszkíroz	reszkíroz	[/V][Prs.NDef.3Sg]	42	8570080167	659	-1.3097355940600577	-0.11409946986394796	9	3	9	3	TRUE	reszkírozik	zik	FALSE
retardál	retardál	[/V][Prs.NDef.3Sg]	22	8570080167	1344	-1.5905622036357516	0.1954143842598486	8	3	8	3	TRUE	retardálik	lik	FALSE
reteszel	reteszel	[/V][Prs.NDef.3Sg]	327	8570080167	2556	-0.4184371317976717	0.4745759650284047	8	3	8	3	TRUE	reteszelik	lik	FALSE
retirál	retirál	[/V][Prs.NDef.3Sg]	44	8570080167	224	-1.2895322079717704	-0.5827368661237949	7	3	7	3	TRUE	retirálik	lik	FALSE
retusál	retusál	[/V][Prs.NDef.3Sg]	192	8570080167	5599	-0.6496836557544082	0.815125583037026	7	3	7	3	TRUE	retusálik	lik	FALSE
revanzsál	revanzsál	[/V][Prs.NDef.3Sg]	2	8570080167	11	-2.6319548887939765	-1.8915921992997329	9	3	9	3	TRUE	revanzsálik	lik	FALSE
revelál	revelál	[/V][Prs.NDef.3Sg]	57	8570080167	204	-1.1771100287854663	-0.623354717032059	7	3	7	3	TRUE	revelálik	lik	FALSE
revideál	revideál	[/V][Prs.NDef.3Sg]	35	8570080167	2928	-1.388916840107682	0.5335861879283964	8	4	8	4	TRUE	revideálik	lik	FALSE
revolverez	revolverez	[/V][Prs.NDef.3Sg]	29	8570080167	501	-1.4705868865590015	-0.23314715859071208	10	4	10	4	TRUE	revolverezik	zik	FALSE
rezdül	rezdül	[/V][Prs.NDef.3Sg]	1867	8570080167	4880	0.3381594334911205	0.7554349375447528	6	2	6	2	TRUE	rezdülik	lik	FALSE
rezel	rezel	[/V][Prs.NDef.3Sg]	65	8570080167	1038	-1.1200715278151023	0.08321246905448124	5	2	5	2	TRUE	rezelik	lik	FALSE
rezervál	rezervál	[/V][Prs.NDef.3Sg]	24	8570080167	261	-1.552773642746352	-0.5163443771196768	8	3	8	3	TRUE	rezerválik	lik	FALSE
rezez	rezez	[/V][Prs.NDef.3Sg]	1	8570080167	29	-2.932984884457958	-1.4705868865590015	5	2	5	2	TRUE	rezezik	zik	FALSE
rezignál	rezignál	[/V][Prs.NDef.3Sg]	19	8570080167	183	-1.654231283505129	-0.6705337947275284	8	3	8	3	TRUE	rezignálik	lik	FALSE
rezonál	rezonál	[/V][Prs.NDef.3Sg]	4006	8570080167	8670	0.6697260604995996	1.0050342130182526	7	3	7	3	TRUE	rezonálik	lik	FALSE
riad	riad	[/V][Prs.NDef.3Sg]	12754	8570080167	42275	1.1726615281932784	1.6930987318118216	4	2	4	2	TRUE	riadik	NA	FALSE
ricsajoz	ricsajoz	[/V][Prs.NDef.3Sg]	14	8570080167	110	-1.7868568487797198	-0.8915921992997328	8	3	8	3	TRUE	ricsajozik	zik	TRUE
rigliz	rigliz	[/V][Prs.NDef.3Sg]	1	8570080167	35	-2.932984884457958	-1.388916840107682	6	2	6	2	TRUE	riglizik	zik	FALSE
rigolíroz	rigolíroz	[/V][Prs.NDef.3Sg]	1	8570080167	9	-2.932984884457958	-1.978742375018633	9	4	9	4	TRUE	rigolírozik	zik	FALSE
rikoltoz	rikoltoz	[/V][Prs.NDef.3Sg]	206	8570080167	1797	-0.6191176640888044	0.32156319265101596	8	3	8	3	TRUE	rikoltozik	zik	FALSE
rikácsol	rikácsol	[/V][Prs.NDef.3Sg]	544	8570080167	3122	-0.1973859847597779	0.5614480142684409	8	3	8	3	TRUE	rikácsolik	lik	FALSE
riposztoz	riposztoz	[/V][Prs.NDef.3Sg]	7	8570080167	44	-2.087886844443701	-1.2895322079717704	9	3	9	3	TRUE	riposztozik	zik	TRUE
riszál	riszál	[/V][Prs.NDef.3Sg]	307	8570080167	2852	-0.4458465089807714	0.5221646367218701	6	2	6	2	TRUE	riszálik	lik	FALSE
ritkul	ritkul	[/V][Prs.NDef.3Sg]	2531	8570080167	9325	0.4703072607002964	1.0366639560227673	6	2	6	2	TRUE	ritkulik	lik	FALSE
ritmizál	ritmizál	[/V][Prs.NDef.3Sg]	72	8570080167	797	-1.0756523880266893	-0.03152656306184548	8	3	8	3	TRUE	ritmizálik	lik	FALSE
rivalizál	rivalizál	[/V][Prs.NDef.3Sg]	797	8570080167	4146	-0.03152656306184548	0.6846444132998842	9	4	9	4	TRUE	rivalizálik	lik	FALSE
rivall	rivall	[/V][Prs.NDef.3Sg]	560	8570080167	2352	-0.18479685745175745	0.438452432946143	6	2	6	2	TRUE	rivallik	NA	FALSE
rizsporoz	rizsporoz	[/V][Prs.NDef.3Sg]	1	8570080167	28	-2.932984884457958	-1.4858268531157386	9	3	9	3	TRUE	rizsporozik	zik	FALSE
rizsáz	rizsáz	[/V][Prs.NDef.3Sg]	5	8570080167	610	-2.234014880121939	-0.1476550494471908	6	2	6	2	TRUE	rizsázik	zik	FALSE
roborál	roborál	[/V][Prs.NDef.3Sg]	116	8570080167	269	-0.8685268952310394	-0.5032326044555498	7	3	7	3	TRUE	roborálik	lik	FALSE
robotol	robotol	[/V][Prs.NDef.3Sg]	1503	8570080167	7054	0.24397409612895032	0.915450570873513	7	3	7	3	TRUE	robotolik	lik	FALSE
rohad	rohad	[/V][Prs.NDef.3Sg]	8487	8570080167	24438	0.9957693177186954	1.4550807760116835	5	2	5	2	TRUE	rohadik	NA	FALSE
rohamoz	rohamoz	[/V][Prs.NDef.3Sg]	497	8570080167	8143	-0.23662849572462577	0.9777995503348792	7	3	7	3	TRUE	rohamozik	zik	FALSE
rohangál	rohangál	[/V][Prs.NDef.3Sg]	7405	8570080167	37339	0.9365401783992694	1.6391777981883793	8	3	8	3	TRUE	rohangálik	lik	FALSE
rojtoz	rojtoz	[/V][Prs.NDef.3Sg]	4	8570080167	174	-2.3309248931299953	-0.6924356361753581	6	2	6	2	TRUE	rojtozik	zik	FALSE
rokonszenvez	rokonszenvez	[/V][Prs.NDef.3Sg]	606	8570080167	5560	-0.1505122602916716	0.8120899071240997	12	4	12	4	TRUE	rokonszenvezik	zik	FALSE
rombol	rombol	[/V][Prs.NDef.3Sg]	6857	8570080167	73660	0.903149265007417	1.9342468300609363	6	2	6	2	TRUE	rombolik	lik	FALSE
romol	romol	[/V][Prs.NDef.3Sg]	122	8570080167	142	-0.8466250537832096	-0.7806965400749013	5	2	5	2	TRUE	romolik	lik	FALSE
roncsol	roncsol	[/V][Prs.NDef.3Sg]	602	8570080167	14847	-0.1533883932001333	1.2386538240728608	7	2	7	2	TRUE	roncsolik	lik	FALSE
rongyol	rongyol	[/V][Prs.NDef.3Sg]	329	8570080167	1779	-0.4157889865079835	0.3171910636259673	7	2	7	2	TRUE	rongyolik	lik	FALSE
rongál	rongál	[/V][Prs.NDef.3Sg]	676	8570080167	19631	-0.1030381885163219	1.359957538596978	6	2	6	2	TRUE	rongálik	lik	FALSE
roskad	roskad	[/V][Prs.NDef.3Sg]	1980	8570080167	9634	0.3636803058035733	1.0508217575204577	6	2	6	2	TRUE	roskadik	NA	FALSE
rosszabbul	rosszabbul	[/V][Prs.NDef.3Sg]	392	8570080167	398	-0.3396988174375006	-0.33310181238427	10	3	10	3	TRUE	rosszabbulik	lik	FALSE
rosszall	rosszall	[/V][Prs.NDef.3Sg]	135	8570080167	1644	-0.8026511159629518	0.28291692874607377	8	2	8	2	TRUE	rosszallik	NA	FALSE
rostokol	rostokol	[/V][Prs.NDef.3Sg]	461	8570080167	2433	-0.26928395906830965	0.45315722447286066	8	3	8	3	TRUE	rostokolik	lik	FALSE
rostál	rostál	[/V][Prs.NDef.3Sg]	184	8570080167	2509	-0.6681670614484213	0.4665157768566527	6	2	6	2	TRUE	rostálik	lik	FALSE
rothad	rothad	[/V][Prs.NDef.3Sg]	1804	8570080167	4763	0.3232516487479651	0.7448956970536327	6	2	6	2	TRUE	rothadik	NA	FALSE
rovancsol	rovancsol	[/V][Prs.NDef.3Sg]	10	8570080167	77	-1.9329848844579576	-1.046494159285476	9	3	9	3	TRUE	rovancsolik	lik	FALSE
rovatol	rovatol	[/V][Prs.NDef.3Sg]	7	8570080167	20	-2.087886844443701	-1.6319548887939763	7	3	7	3	TRUE	rovatolik	lik	FALSE
rovátkol	rovátkol	[/V][Prs.NDef.3Sg]	15	8570080167	141	-1.756893625402277	-0.783765771802578	8	3	8	3	TRUE	rovátkolik	lik	FALSE
rubrikáz	rubrikáz	[/V][Prs.NDef.3Sg]	3	8570080167	20	-2.455863629738295	-1.6319548887939763	8	3	8	3	TRUE	rubrikázik	zik	FALSE
rudal	rudal	[/V][Prs.NDef.3Sg]	9	8570080167	31	-1.978742375018633	-1.4416231906236852	5	2	5	2	TRUE	rudalik	lik	FALSE
rudaz	rudaz	[/V][Prs.NDef.3Sg]	2	8570080167	68	-2.6319548887939765	-1.1004759717517214	5	2	5	2	TRUE	rudazik	zik	FALSE
rugdal	rugdal	[/V][Prs.NDef.3Sg]	279	8570080167	3268	-0.48738068118436023	0.5812971634024201	6	2	6	2	TRUE	rugdalik	lik	FALSE
rugóz	rugóz	[/V][Prs.NDef.3Sg]	8	8570080167	1309	-2.0298948974660145	0.18395476209279796	5	2	5	2	TRUE	rugózik	zik	FALSE
ruház	ruház	[/V][Prs.NDef.3Sg]	4184	8570080167	67739	0.68860679140126	1.8978538966063736	5	2	5	2	TRUE	ruházik	zik	FALSE
rukkol	rukkol	[/V][Prs.NDef.3Sg]	7250	8570080167	47037	0.927353122113036	1.739454730374718	6	2	6	2	TRUE	rukkolik	lik	FALSE
rábíz	rábíz	[/V][Prs.NDef.3Sg]	333	8570080167	37332	-0.410540650951638	1.6390963726983705	5	2	5	2	TRUE	rábízik	zik	FALSE
rácsavaroz	rácsavaroz	[/V][Prs.NDef.3Sg]	2	8570080167	380	-2.6319548887939765	-0.3532012878411476	10	4	10	4	TRUE	rácsavarozik	zik	FALSE
rácsoz	rácsoz	[/V][Prs.NDef.3Sg]	3	8570080167	540	-2.455863629738295	-0.20059112463498935	6	2	6	2	TRUE	rácsozik	zik	FALSE
rágalmaz	rágalmaz	[/V][Prs.NDef.3Sg]	954	8570080167	6592	0.04656349024613732	0.8860323142311015	8	3	8	3	TRUE	rágalmazik	zik	FALSE
rágcsál	rágcsál	[/V][Prs.NDef.3Sg]	1261	8570080167	19543	0.1677302021151238	1.3580063475675448	7	2	7	2	TRUE	rágcsálik	lik	FALSE
rágicsál	rágicsál	[/V][Prs.NDef.3Sg]	51	8570080167	680	-1.2254147083600215	-0.10047597175172152	8	3	8	3	TRUE	rágicsálik	lik	FALSE
rálőcsöl	rálőcsöl	[/V][Prs.NDef.3Sg]	5	8570080167	336	-2.234014880121939	-0.40664560706811376	8	3	8	3	TRUE	rálőcsölik	lik	FALSE
rámol	rámol	[/V][Prs.NDef.3Sg]	238	8570080167	4137	-0.5564079274014458	0.6837006364375544	5	2	5	2	TRUE	rámolik	lik	FALSE
rámáz	rámáz	[/V][Prs.NDef.3Sg]	5	8570080167	175	-2.234014880121939	-0.6899468357716634	5	2	5	2	TRUE	rámázik	zik	FALSE
ráncigál	ráncigál	[/V][Prs.NDef.3Sg]	262	8570080167	4812	-0.5146835931382123	0.7493407342098493	8	3	8	3	TRUE	ráncigálik	lik	FALSE
ráncol	ráncol	[/V][Prs.NDef.3Sg]	75	8570080167	7510	-1.0579236210662577	0.9426550525462104	6	2	6	2	TRUE	ráncolik	lik	FALSE
rándul	rándul	[/V][Prs.NDef.3Sg]	3209	8570080167	10147	0.5733848326375462	1.073352775916593	6	2	6	2	TRUE	rándulik	lik	FALSE
ráspolyoz	ráspolyoz	[/V][Prs.NDef.3Sg]	5	8570080167	61	-2.234014880121939	-1.1476550494471909	9	3	9	3	TRUE	ráspolyozik	zik	FALSE
ráz	ráz	[/V][Prs.NDef.3Sg]	8939	8570080167	123141	1.0183040528197145	2.157417791618347	3	1	3	1	TRUE	rázik	zik	FALSE
régről	régről	[/V][Prs.NDef.3Sg]	14	8570080167	14372	-1.7868568487797198	1.2245323240746542	6	2	6	2	TRUE	régrőlik	lik	FALSE
régtől	régtől	[/V][Prs.NDef.3Sg]	13	8570080167	4785	-1.819041532151121	0.7468970576549046	6	2	6	2	TRUE	régtőlik	lik	FALSE
rémül	rémül	[/V][Prs.NDef.3Sg]	838	8570080167	9028	-0.00974086582768134	1.0226066659477666	5	2	5	2	TRUE	rémülik	lik	FALSE
résel	résel	[/V][Prs.NDef.3Sg]	12	8570080167	266	-1.853803638410333	-0.5081032478268909	5	2	5	2	TRUE	réselik	lik	FALSE
részegül	részegül	[/V][Prs.NDef.3Sg]	53	8570080167	403	-1.2087090148571689	-0.3276798383168484	8	3	8	3	TRUE	részegülik	lik	FALSE
részel	részel	[/V][Prs.NDef.3Sg]	326	8570080167	688	-0.4197672843900188	-0.0953964462224465	6	2	6	2	TRUE	részelik	lik	FALSE
részesül	részesül	[/V][Prs.NDef.3Sg]	119105	8570080167	508175	2.142945108988127	2.7730284113821098	8	3	8	3	TRUE	részesülik	lik	FALSE
részletez	részletez	[/V][Prs.NDef.3Sg]	1085	8570080167	94697	0.10244485372659046	2.043351336318461	9	3	9	3	TRUE	részletezik	zik	FALSE
rétegez	rétegez	[/V][Prs.NDef.3Sg]	99	8570080167	12861	-0.937349689860408	1.1762898537723372	7	3	7	3	TRUE	rétegezik	zik	FALSE
réved	réved	[/V][Prs.NDef.3Sg]	1294	8570080167	4140	0.17894939187472375	0.6840154566629412	5	2	5	2	TRUE	révedik	Vdik	FALSE
révül	révül	[/V][Prs.NDef.3Sg]	153	8570080167	572	-0.748293453640359	-0.17558885566493362	5	2	5	2	TRUE	révülik	lik	FALSE
réz	réz	[/V][Prs.NDef.3Sg]	2	8570080167	100413	-2.6319548887939765	2.068805058060002	3	1	3	1	TRUE	rézik	zik	FALSE
rímel	rímel	[/V][Prs.NDef.3Sg]	5957	8570080167	10316	0.8420427156408868	1.080526449007942	5	2	5	2	TRUE	rímelik	lik	FALSE
rókáz	rókáz	[/V][Prs.NDef.3Sg]	2	8570080167	205	-2.6319548887939765	-0.6212310234022035	5	2	5	2	TRUE	rókázik	zik	FALSE
rögtönöz	rögtönöz	[/V][Prs.NDef.3Sg]	878	8570080167	10500	0.01050963144814468	1.0882044146119805	8	3	8	3	TRUE	rögtönözik	zik	FALSE
rögzül	rögzül	[/V][Prs.NDef.3Sg]	10331	8570080167	35708	1.081157477087048	1.6197806416438658	6	2	6	2	TRUE	rögzülik	lik	FALSE
röhécsel	röhécsel	[/V][Prs.NDef.3Sg]	21	8570080167	153	-1.6107655897240385	-0.748293453640359	8	3	8	3	TRUE	röhécselik	lik	FALSE
röntgenez	röntgenez	[/V][Prs.NDef.3Sg]	10	8570080167	755	-1.9329848844579576	-0.05503793282876957	9	3	9	3	TRUE	röntgenezik	zik	FALSE
röpköd	röpköd	[/V][Prs.NDef.3Sg]	1295	8570080167	19940	0.17928488395931275	1.3667402695176791	6	2	6	2	TRUE	röpködik	Vdik	FALSE
röpül	röpül	[/V][Prs.NDef.3Sg]	2770	8570080167	10711	0.5094948846064907	1.0968451348527006	5	2	5	2	TRUE	röpülik	lik	FALSE
röstell	röstell	[/V][Prs.NDef.3Sg]	160	8570080167	3563	-0.728864901802033	0.6188309378930578	7	2	7	2	TRUE	röstellik	NA	FALSE
rövidell	rövidell	[/V][Prs.NDef.3Sg]	3	8570080167	26	-2.455863629738295	-1.5180115364871398	8	3	8	3	TRUE	rövidellik	NA	FALSE
rövidül	rövidül	[/V][Prs.NDef.3Sg]	5917	8570080167	19028	0.8391166848190541	1.3464082582899062	7	3	7	3	TRUE	rövidülik	lik	FALSE
rúgkapál	rúgkapál	[/V][Prs.NDef.3Sg]	504	8570080167	1482	-0.23055434801243255	0.2378633191853515	8	3	8	3	TRUE	rúgkapálik	lik	FALSE
rútul	rútul	[/V][Prs.NDef.3Sg]	408	8570080167	422	-0.3223247213680779	-0.307672433496284	5	2	5	2	TRUE	rútulik	lik	FALSE
rúzsoz	rúzsoz	[/V][Prs.NDef.3Sg]	22	8570080167	667	-1.5905622036357516	-0.10885905054140886	6	2	6	2	TRUE	rúzsozik	zik	FALSE
rühell	rühell	[/V][Prs.NDef.3Sg]	234	8570080167	11444	-0.5637690270478151	1.1255929646752671	6	2	6	2	TRUE	rühellik	NA	FALSE
ről	ről	[/V][Prs.NDef.3Sg]	905	8570080167	39978	0.02366369474724546	1.6688361791938222	3	1	3	1	TRUE	rőlik	lik	FALSE
rőtvad	rőtvad	[/V][Prs.NDef.3Sg]	3	8570080167	129	-2.455863629738295	-0.8223951741587089	6	2	6	2	TRUE	rőtvadik	NA	FALSE
saccol	saccol	[/V][Prs.NDef.3Sg]	198	8570080167	11855	-0.6363196941964268	1.140916673856249	6	2	6	2	TRUE	saccolik	lik	FALSE
sajdul	sajdul	[/V][Prs.NDef.3Sg]	328	8570080167	569	-0.4171110407462787	-0.17787261806288668	6	2	6	2	TRUE	sajdulik	lik	FALSE
sajnál	sajnál	[/V][Prs.NDef.3Sg]	3396	8570080167	357615	0.5979827971139572	2.6204308423342795	6	2	6	2	TRUE	sajnálik	lik	FALSE
sajtol	sajtol	[/V][Prs.NDef.3Sg]	318	8570080167	15698	-0.4305577644735252	1.262859440289324	6	2	6	2	TRUE	sajtolik	lik	FALSE
sakterol	sakterol	[/V][Prs.NDef.3Sg]	1	8570080167	4	-2.932984884457958	-2.3309248931299953	8	3	8	3	TRUE	sakterolik	lik	FALSE
sarabol	sarabol	[/V][Prs.NDef.3Sg]	32	8570080167	171	-1.427834906138052	-0.6999887740658041	7	3	7	3	TRUE	sarabolik	lik	FALSE
sarcol	sarcol	[/V][Prs.NDef.3Sg]	150	8570080167	2672	-0.7568936254022766	0.49385156934555025	6	2	6	2	TRUE	sarcolik	lik	FALSE
sarjad	sarjad	[/V][Prs.NDef.3Sg]	2979	8570080167	7907	0.5410856187570858	0.9650268543395438	6	2	6	2	TRUE	sarjadik	NA	FALSE
sarkal	sarkal	[/V][Prs.NDef.3Sg]	759	8570080167	5473	-0.05274310856247746	0.8052405636845472	6	2	6	2	TRUE	sarkalik	lik	FALSE
sarkall	sarkall	[/V][Prs.NDef.3Sg]	9430	8570080167	40364	1.0415268082793705	1.673009313043713	7	2	7	2	TRUE	sarkallik	NA	FALSE
sarkantyúz	sarkantyúz	[/V][Prs.NDef.3Sg]	31	8570080167	455	-1.4416231906236852	-0.27497348780084546	10	3	10	3	TRUE	sarkantyúzik	zik	FALSE
sarlóz	sarlóz	[/V][Prs.NDef.3Sg]	5	8570080167	91	-2.234014880121939	-0.9739434921368644	6	2	6	2	TRUE	sarlózik	zik	FALSE
satnyul	satnyul	[/V][Prs.NDef.3Sg]	267	8570080167	602	-0.5064736230933826	-0.1533883932001333	7	2	7	2	TRUE	satnyulik	lik	FALSE
satíroz	satíroz	[/V][Prs.NDef.3Sg]	89	8570080167	4290	-0.983594877813045	0.6994724077267664	7	3	7	3	TRUE	satírozik	zik	FALSE
sebesül	sebesül	[/V][Prs.NDef.3Sg]	348	8570080167	3859	-0.3914056405113769	0.6534898941134388	7	3	7	3	TRUE	sebesülik	lik	FALSE
sebez	sebez	[/V][Prs.NDef.3Sg]	4798	8570080167	19720	0.7480753591738539	1.3619220261472345	5	2	5	2	TRUE	sebezik	zik	FALSE
seftel	seftel	[/V][Prs.NDef.3Sg]	266	8570080167	1042	-0.5081032478268909	0.0848828345055478	6	2	6	2	TRUE	seftelik	lik	FALSE
seggel	seggel	[/V][Prs.NDef.3Sg]	61	8570080167	460	-1.1476550494471909	-0.27022705277638376	6	2	6	2	TRUE	seggelik	lik	FALSE
segél	segél	[/V][Prs.NDef.3Sg]	75	8570080167	3076	-1.0579236210662577	0.5550014466714356	5	2	5	2	TRUE	segélik	lik	FALSE
segélyez	segélyez	[/V][Prs.NDef.3Sg]	136	8570080167	1549	-0.7994459760877403	0.2570665333012482	8	3	8	3	TRUE	segélyezik	zik	FALSE
selejtez	selejtez	[/V][Prs.NDef.3Sg]	783	8570080167	8623	-0.03922312240001442	1.0026735016426764	8	3	8	3	TRUE	selejtezik	zik	FALSE
sematizál	sematizál	[/V][Prs.NDef.3Sg]	43	8570080167	329	-1.2995164288783714	-0.4157889865079835	9	4	9	4	TRUE	sematizálik	lik	FALSE
semaz	semaz	[/V][Prs.NDef.3Sg]	27	8570080167	107	-1.5016211202989704	-0.9036011067727482	5	2	5	2	TRUE	semazik	zik	FALSE
semmisül	semmisül	[/V][Prs.NDef.3Sg]	2025	8570080167	10740	0.3734401430927295	1.098019396905579	8	3	8	3	TRUE	semmisülik	lik	FALSE
semmiz	semmiz	[/V][Prs.NDef.3Sg]	41	8570080167	658	-1.3202010277382223	-0.11475899084400232	6	2	6	2	TRUE	semmizik	zik	FALSE
senyved	senyved	[/V][Prs.NDef.3Sg]	947	8570080167	2549	0.0433650945453156	0.4733849510113097	7	2	7	2	TRUE	senyvedik	Vdik	FALSE
seprűz	seprűz	[/V][Prs.NDef.3Sg]	20	8570080167	214	-1.6319548887939763	-0.602571111108767	6	2	6	2	TRUE	seprűzik	zik	FALSE
serdül	serdül	[/V][Prs.NDef.3Sg]	848	8570080167	3151	-0.00458903220124401	0.5654635187160418	6	2	6	2	TRUE	serdülik	lik	FALSE
serevényfűz	serevényfűz	[/V][Prs.NDef.3Sg]	6	8570080167	44	-2.1548336340743144	-1.2895322079717704	11	4	11	4	TRUE	serevényfűzik	zik	FALSE
serked	serked	[/V][Prs.NDef.3Sg]	141	8570080167	249	-0.783765771802578	-0.5367855373622215	6	2	6	2	TRUE	serkedik	Vdik	FALSE
sertepertél	sertepertél	[/V][Prs.NDef.3Sg]	662	8570080167	2895	-0.1121268950182579	0.5286636836054972	11	4	11	4	TRUE	sertepertélik	lik	FALSE
sifríroz	sifríroz	[/V][Prs.NDef.3Sg]	5	8570080167	46	-2.234014880121939	-1.2702270527763837	8	3	8	3	TRUE	sifrírozik	zik	FALSE
sikerül	sikerül	[/V][Prs.NDef.3Sg]	572806	8570080167	2966716	2.825022673992058	3.5392910893828993	7	3	7	3	TRUE	sikerülik	lik	FALSE
sikkad	sikkad	[/V][Prs.NDef.3Sg]	812	8570080167	2056	-0.02342885521678251	0.3800382258652803	6	2	6	2	TRUE	sikkadik	NA	FALSE
sikoltoz	sikoltoz	[/V][Prs.NDef.3Sg]	132	8570080167	136	-0.812410953252108	-0.7994459760877403	8	3	8	3	TRUE	sikoltozik	zik	TRUE
sikál	sikál	[/V][Prs.NDef.3Sg]	110	8570080167	5021	-0.8915921992997328	0.7678053369163891	5	2	5	2	TRUE	sikálik	lik	FALSE
sikítoz	sikítoz	[/V][Prs.NDef.3Sg]	5	8570080167	155	-2.234014880121939	-0.7426531862876663	7	3	7	3	TRUE	sikítozik	zik	TRUE
silabizál	silabizál	[/V][Prs.NDef.3Sg]	36	8570080167	1342	-1.3766823836906703	0.19476763137501543	9	4	9	4	TRUE	silabizálik	lik	FALSE
silbakol	silbakol	[/V][Prs.NDef.3Sg]	29	8570080167	117	-1.4705868865590015	-0.8647990227117962	8	3	8	3	TRUE	silbakolik	lik	FALSE
silányul	silányul	[/V][Prs.NDef.3Sg]	1170	8570080167	2050	0.1352009772882038	0.3787689765977965	8	3	8	3	TRUE	silányulik	lik	FALSE
silóz	silóz	[/V][Prs.NDef.3Sg]	4	8570080167	150	-2.3309248931299953	-0.7568936254022766	5	2	5	2	TRUE	silózik	zik	FALSE
simul	simul	[/V][Prs.NDef.3Sg]	11824	8570080167	30920	1.1397795365927927	1.5572546007883294	5	2	5	2	TRUE	simulik	lik	FALSE
simáz	simáz	[/V][Prs.NDef.3Sg]	4	8570080167	129	-2.3309248931299953	-0.8223951741587089	5	2	5	2	TRUE	simázik	zik	FALSE
sinkófál	sinkófál	[/V][Prs.NDef.3Sg]	2	8570080167	122	-2.6319548887939765	-0.8466250537832096	8	3	8	3	TRUE	sinkófálik	lik	FALSE
sipákol	sipákol	[/V][Prs.NDef.3Sg]	229	8570080167	1050	-0.5731494021180699	0.08820441461198028	7	3	7	3	TRUE	sipákolik	lik	FALSE
siserehad	siserehad	[/V][Prs.NDef.3Sg]	57	8570080167	879	-1.1771100287854663	0.01100399061581407	9	4	9	4	TRUE	siserehadik	NA	FALSE
skalpol	skalpol	[/V][Prs.NDef.3Sg]	33	8570080167	466	-1.4144709445800705	-0.26459896776795766	7	2	7	2	TRUE	skalpolik	lik	FALSE
skandál	skandál	[/V][Prs.NDef.3Sg]	240	8570080167	12378	-0.5527736427463518	1.1596655938988374	7	2	7	2	TRUE	skandálik	lik	FALSE
skatulyáz	skatulyáz	[/V][Prs.NDef.3Sg]	113	8570080167	2387	-0.8799064409745381	0.44486753454879674	9	3	9	3	TRUE	skatulyázik	zik	FALSE
skiccel	skiccel	[/V][Prs.NDef.3Sg]	80	8570080167	1264	-1.0298948974660145	0.16876218948840835	7	2	7	2	TRUE	skiccelik	lik	FALSE
skrupulizál	skrupulizál	[/V][Prs.NDef.3Sg]	8	8570080167	10	-2.0298948974660145	-1.9329848844579576	11	4	11	4	TRUE	skrupulizálik	lik	FALSE
skubiz	skubiz	[/V][Prs.NDef.3Sg]	4	8570080167	490	-2.3309248931299953	-0.24278880442944417	6	2	6	2	TRUE	skubizik	zik	FALSE
skáláz	skáláz	[/V][Prs.NDef.3Sg]	120	8570080167	2486	-0.853803638410333	0.46251623984766815	6	2	6	2	TRUE	skálázik	zik	FALSE
slingel	slingel	[/V][Prs.NDef.3Sg]	5	8570080167	72	-2.234014880121939	-1.0756523880266893	7	2	7	2	TRUE	slingelik	lik	FALSE
slisszol	slisszol	[/V][Prs.NDef.3Sg]	40	8570080167	456	-1.3309248931299955	-0.27402004179352285	8	2	8	2	TRUE	slisszolik	lik	FALSE
slukkol	slukkol	[/V][Prs.NDef.3Sg]	49	8570080167	295	-1.2427888044294442	-0.4631628684797948	7	2	7	2	TRUE	slukkolik	lik	FALSE
smakkol	smakkol	[/V][Prs.NDef.3Sg]	337	8570080167	513	-0.40535498358661926	-0.22286751934614157	7	2	7	2	TRUE	smakkolik	lik	FALSE
sminkel	sminkel	[/V][Prs.NDef.3Sg]	1204	8570080167	20962	0.1476416024638479	1.3884478321899014	7	2	7	2	TRUE	sminkelik	lik	FALSE
smirgliz	smirgliz	[/V][Prs.NDef.3Sg]	12	8570080167	307	-1.853803638410333	-0.4458465089807714	8	2	8	2	TRUE	smirglizik	zik	FALSE
smárol	smárol	[/V][Prs.NDef.3Sg]	420	8570080167	3149	-0.30973559406005735	0.5651877761785861	6	2	6	2	TRUE	smárolik	lik	FALSE
sokall	sokall	[/V][Prs.NDef.3Sg]	519	8570080167	16032	-0.21781752660949996	1.272002819729194	6	2	6	2	TRUE	sokallik	NA	FALSE
sokfelől	sokfelől	[/V][Prs.NDef.3Sg]	4	8570080167	2351	-2.3309248931299953	0.43826774466698154	8	3	8	3	TRUE	sokfelőlik	lik	FALSE
sokkol	sokkol	[/V][Prs.NDef.3Sg]	2214	8570080167	34481	0.41219273208474616	1.6045949680596898	6	2	6	2	TRUE	sokkolik	lik	FALSE
sokszoroz	sokszoroz	[/V][Prs.NDef.3Sg]	102	8570080167	3876	-0.9243847126960404	0.6553988839207698	9	3	9	3	TRUE	sokszorozik	zik	FALSE
somfordál	somfordál	[/V][Prs.NDef.3Sg]	621	8570080167	1677	-0.13989328428137762	0.2915481781481279	9	3	9	3	TRUE	somfordálik	lik	FALSE
sorjáz	sorjáz	[/V][Prs.NDef.3Sg]	133	8570080167	8937	-0.809133243490872	1.0182068734767482	6	2	6	2	TRUE	sorjázik	zik	FALSE
sorol	sorol	[/V][Prs.NDef.3Sg]	12534	8570080167	507577	1.1651048059059943	2.7725170500848972	5	2	5	2	TRUE	sorolik	lik	FALSE
soroz	soroz	[/V][Prs.NDef.3Sg]	381	8570080167	8200	-0.35205990878233856	0.9808289679257588	5	2	5	2	TRUE	sorozik	zik	FALSE
sorsol	sorsol	[/V][Prs.NDef.3Sg]	2922	8570080167	43564	0.5326953271403201	1.7061428649125625	6	2	6	2	TRUE	sorsolik	lik	FALSE
sorszámoz	sorszámoz	[/V][Prs.NDef.3Sg]	36	8570080167	3594	-1.3766823836906703	0.6225931883149972	9	3	9	3	TRUE	sorszámozik	zik	FALSE
sortűz	sortűz	[/V][Prs.NDef.3Sg]	79	8570080167	12306	-1.0353577931675164	1.157132026294052	6	2	6	2	TRUE	sortűzik	zik	FALSE
sorvad	sorvad	[/V][Prs.NDef.3Sg]	1877	8570080167	5553	0.34047938816338846	0.8115427890146087	6	2	6	2	TRUE	sorvadik	NA	FALSE
sorvadoz	sorvadoz	[/V][Prs.NDef.3Sg]	679	8570080167	730	-0.10111511017745618	-0.06966202433750192	8	3	8	3	TRUE	sorvadozik	zik	FALSE
spannol	spannol	[/V][Prs.NDef.3Sg]	58	8570080167	731	-1.169556890895021	-0.06906750750009735	7	2	7	2	TRUE	spannolik	lik	FALSE
specializál	specializál	[/V][Prs.NDef.3Sg]	37	8570080167	2908	-1.3647831603909628	0.5306095177290424	11	5	11	5	TRUE	specializálik	lik	FALSE
specifikál	specifikál	[/V][Prs.NDef.3Sg]	204	8570080167	3687	-0.623354717032059	0.6336882531481587	10	4	10	4	TRUE	specifikálik	lik	FALSE
spektál	spektál	[/V][Prs.NDef.3Sg]	1	8570080167	9	-2.932984884457958	-1.978742375018633	7	2	7	2	TRUE	spektálik	lik	FALSE
spekulál	spekulál	[/V][Prs.NDef.3Sg]	1637	8570080167	10396	0.2810637949539836	1.0838813863710173	8	3	8	3	TRUE	spekulálik	lik	FALSE
spendíroz	spendíroz	[/V][Prs.NDef.3Sg]	3	8570080167	47	-2.455863629738295	-1.2608870265222405	9	3	9	3	TRUE	spendírozik	zik	FALSE
spiccel	spiccel	[/V][Prs.NDef.3Sg]	62	8570080167	495	-1.140593194959704	-0.2383796855243891	7	2	7	2	TRUE	spiccelik	lik	FALSE
spiritualizál	spiritualizál	[/V][Prs.NDef.3Sg]	4	8570080167	189	-2.3309248931299953	-0.6565230802847137	13	6	13	6	TRUE	spiritualizálik	lik	FALSE
sportol	sportol	[/V][Prs.NDef.3Sg]	19487	8570080167	143051	1.3567601006971584	2.2225060136355355	7	2	7	2	TRUE	sportolik	lik	FALSE
spriccel	spriccel	[/V][Prs.NDef.3Sg]	2157	8570080167	11940	0.4008652606445872	1.1440194423353924	8	2	8	2	TRUE	spriccelik	lik	FALSE
sprintel	sprintel	[/V][Prs.NDef.3Sg]	596	8570080167	4240	-0.15773862471772138	0.6943809721347748	8	2	8	2	TRUE	sprintelik	lik	FALSE
sprőd	sprőd	[/V][Prs.NDef.3Sg]	4	8570080167	2031	-2.3309248931299953	0.3747250389468489	5	1	5	1	TRUE	sprődik	NA	FALSE
spékel	spékel	[/V][Prs.NDef.3Sg]	38	8570080167	3269	-1.3532012878411477	0.5814300361224112	6	2	6	2	TRUE	spékelik	lik	FALSE
spórol	spórol	[/V][Prs.NDef.3Sg]	13631	8570080167	178971	1.2015428333393805	2.3197977802632006	6	2	6	2	TRUE	spórolik	lik	FALSE
sraffoz	sraffoz	[/V][Prs.NDef.3Sg]	5	8570080167	75	-2.234014880121939	-1.0579236210662577	7	2	7	2	TRUE	sraffozik	zik	FALSE
srófol	srófol	[/V][Prs.NDef.3Sg]	47	8570080167	1862	-1.2608870265222405	0.33699479218736594	6	2	6	2	TRUE	srófolik	lik	FALSE
stabilizál	stabilizál	[/V][Prs.NDef.3Sg]	588	8570080167	38051	-0.16360755838181937	1.647381190282671	10	4	10	4	TRUE	stabilizálik	lik	FALSE
stafíroz	stafíroz	[/V][Prs.NDef.3Sg]	8	8570080167	327	-2.0298948974660145	-0.4184371317976717	8	3	8	3	TRUE	stafírozik	zik	FALSE
stagnál	stagnál	[/V][Prs.NDef.3Sg]	14279	8570080167	34153	1.22171290913843	1.6004439736685652	7	2	7	2	TRUE	stagnálik	lik	FALSE
standardizál	standardizál	[/V][Prs.NDef.3Sg]	20	8570080167	2365	-1.6319548887939763	0.4408462606158725	12	4	12	4	TRUE	standardizálik	lik	FALSE
startol	startol	[/V][Prs.NDef.3Sg]	8612	8570080167	15739	1.0021191366934918	1.2639922509171608	7	2	7	2	TRUE	startolik	lik	FALSE
statisztál	statisztál	[/V][Prs.NDef.3Sg]	289	8570080167	2289	-0.47208704170141	0.42666090821658503	10	3	10	3	TRUE	statisztálik	lik	FALSE
statuál	statuál	[/V][Prs.NDef.3Sg]	295	8570080167	4036	-0.4631628684797948	0.672966273106915	7	3	7	3	TRUE	statuálik	lik	FALSE
stempliz	stempliz	[/V][Prs.NDef.3Sg]	21	8570080167	87	-1.6107655897240385	-0.9934656318393392	8	2	8	2	TRUE	stemplizik	zik	FALSE
stencilez	stencilez	[/V][Prs.NDef.3Sg]	9	8570080167	523	-1.978742375018633	-0.2144831955906836	9	3	9	3	TRUE	stencilezik	zik	TRUE
steppel	steppel	[/V][Prs.NDef.3Sg]	87	8570080167	1135	-0.9934656318393392	0.12201097707118368	7	2	7	2	TRUE	steppelik	lik	FALSE
sterilez	sterilez	[/V][Prs.NDef.3Sg]	17	8570080167	125	-1.702535963079684	-0.8360748714499014	8	3	8	3	TRUE	sterilezik	zik	FALSE
sterilizál	sterilizál	[/V][Prs.NDef.3Sg]	266	8570080167	4921	-0.5081032478268909	0.759068480576123	10	4	10	4	TRUE	sterilizálik	lik	FALSE
stilizál	stilizál	[/V][Prs.NDef.3Sg]	226	8570080167	2538	-0.5788764453105569	0.4715067333007281	8	3	8	3	TRUE	stilizálik	lik	FALSE
stimmel	stimmel	[/V][Prs.NDef.3Sg]	53530	8570080167	69539	1.7956123589254738	1.909243556597298	7	2	7	2	TRUE	stimmelik	lik	FALSE
stimulál	stimulál	[/V][Prs.NDef.3Sg]	1043	8570080167	34274	0.08529942396857305	1.601979907936708	8	3	8	3	TRUE	stimulálik	lik	FALSE
stopperol	stopperol	[/V][Prs.NDef.3Sg]	6	8570080167	77	-2.1548336340743144	-1.046494159285476	9	3	9	3	TRUE	stopperolik	lik	FALSE
stoppol	stoppol	[/V][Prs.NDef.3Sg]	704	8570080167	6705	-0.08541222531584564	0.89341389772966	7	2	7	2	TRUE	stoppolik	lik	FALSE
strandol	strandol	[/V][Prs.NDef.3Sg]	460	8570080167	15025	-0.27022705277638376	1.243829596216819	8	2	8	2	TRUE	strandolik	lik	FALSE
strapál	strapál	[/V][Prs.NDef.3Sg]	6	8570080167	1649	-2.1548336340743144	0.28423577118656096	7	2	7	2	TRUE	strapálik	lik	FALSE
striguláz	striguláz	[/V][Prs.NDef.3Sg]	18	8570080167	462	-1.6777123793546518	-0.2683429089018323	9	3	9	3	TRUE	strigulázik	zik	FALSE
strukturál	strukturál	[/V][Prs.NDef.3Sg]	128	8570080167	5369	-0.8257749148100895	0.79690851950528	10	3	10	3	TRUE	strukturálik	lik	FALSE
strázsál	strázsál	[/V][Prs.NDef.3Sg]	282	8570080167	1225	-0.4827357761385967	0.15515120424259346	8	2	8	2	TRUE	strázsálik	lik	FALSE
stuccol	stuccol	[/V][Prs.NDef.3Sg]	6	8570080167	95	-2.1548336340743144	-0.95526127916911	7	2	7	2	TRUE	stuccolik	lik	FALSE
studíroz	studíroz	[/V][Prs.NDef.3Sg]	5	8570080167	171	-2.234014880121939	-0.6999887740658041	8	3	8	3	TRUE	studírozik	zik	FALSE
stíröl	stíröl	[/V][Prs.NDef.3Sg]	108	8570080167	1373	-0.8995611289710082	0.20468565277879724	6	2	6	2	TRUE	stírölik	lik	FALSE
stószol	stószol	[/V][Prs.NDef.3Sg]	1	8570080167	40	-2.932984884457958	-1.3309248931299955	7	2	7	2	TRUE	stószolik	lik	FALSE
sugall	sugall	[/V][Prs.NDef.3Sg]	18477	8570080167	125809	1.333646574351959	2.166726825892367	6	2	6	2	TRUE	sugallik	NA	FALSE
sugalmaz	sugalmaz	[/V][Prs.NDef.3Sg]	720	8570080167	5969	-0.07565238802668936	0.8429166944337165	8	3	8	3	TRUE	sugalmazik	zik	FALSE
sugaraz	sugaraz	[/V][Prs.NDef.3Sg]	90	8570080167	425	-0.9787423750186328	-0.3045959544076463	7	3	7	3	TRUE	sugarazik	zik	FALSE
sugároz	sugároz	[/V][Prs.NDef.3Sg]	35915	8570080167	106925	1.62229098631136	2.09609437447089	7	3	7	3	TRUE	sugározik	zik	FALSE
sulykol	sulykol	[/V][Prs.NDef.3Sg]	515	8570080167	14208	-0.2211776554167668	1.219548063976568	7	2	7	2	TRUE	sulykolik	lik	FALSE
summáz	summáz	[/V][Prs.NDef.3Sg]	212	8570080167	6041	-0.6066490235292064	0.8481239512715086	6	2	6	2	TRUE	summázik	zik	FALSE
sumákol	sumákol	[/V][Prs.NDef.3Sg]	485	8570080167	2068	-0.24724314585569415	0.38256564996394704	7	3	7	3	TRUE	sumákolik	lik	FALSE
susmusol	susmusol	[/V][Prs.NDef.3Sg]	16	8570080167	120	-1.728864901802033	-0.853803638410333	8	3	8	3	TRUE	susmusolik	lik	FALSE
suvad	suvad	[/V][Prs.NDef.3Sg]	37	8570080167	100	-1.3647831603909628	-0.9329848844579578	5	2	5	2	TRUE	suvadik	NA	FALSE
suvikszol	suvikszol	[/V][Prs.NDef.3Sg]	4	8570080167	91	-2.3309248931299953	-0.9739434921368644	9	3	9	3	TRUE	suvikszolik	lik	FALSE
svindliz	svindliz	[/V][Prs.NDef.3Sg]	4	8570080167	28	-2.3309248931299953	-1.4858268531157386	8	2	8	2	TRUE	svindlizik	zik	FALSE
szabad	szabad	[/V][Prs.NDef.3Sg]	776880	8570080167	2904813	2.9573690566562214	3.530133295062835	6	2	6	2	TRUE	szabadik	NA	FALSE
szabadalmaz	szabadalmaz	[/V][Prs.NDef.3Sg]	26	8570080167	2898	-1.5180115364871398	0.5291134966771979	11	4	11	4	TRUE	szabadalmazik	zik	FALSE
szabadságol	szabadságol	[/V][Prs.NDef.3Sg]	37	8570080167	1288	-1.3647831603909628	0.17693097856583548	11	4	11	4	TRUE	szabadságolik	lik	FALSE
szabadul	szabadul	[/V][Prs.NDef.3Sg]	30090	8570080167	218163	1.5454373032821227	2.4057962125808943	8	3	8	3	TRUE	szabadulik	lik	FALSE
szabdal	szabdal	[/V][Prs.NDef.3Sg]	190	8570080167	9786	-0.6542312835051288	1.0576203269659616	7	2	7	2	TRUE	szabdalik	lik	FALSE
szabotál	szabotál	[/V][Prs.NDef.3Sg]	333	8570080167	8930	-0.410540650951638	1.0178665744305886	8	3	8	3	TRUE	szabotálik	lik	FALSE
szabályoz	szabályoz	[/V][Prs.NDef.3Sg]	11537	8570080167	333904	1.1291080081722111	2.590636737254461	9	3	9	3	TRUE	szabályozik	zik	FALSE
szaglál	szaglál	[/V][Prs.NDef.3Sg]	14	8570080167	82	-1.7868568487797198	-1.019171032074241	7	2	7	2	TRUE	szaglálik	lik	FALSE
szaglász	szaglász	[/V][Prs.NDef.3Sg]	186	8570080167	5302	-0.6634719402400415	0.7914548389391168	8	2	8	2	TRUE	szaglászik	szik	FALSE
szagol	szagol	[/V][Prs.NDef.3Sg]	914	8570080167	19880	0.0279613112758736	1.3654314956033369	6	2	6	2	TRUE	szagolik	lik	FALSE
szajkóz	szajkóz	[/V][Prs.NDef.3Sg]	269	8570080167	10564	-0.5032326044555498	1.0908435080769283	7	2	7	2	TRUE	szajkózik	zik	FALSE
szajréz	szajréz	[/V][Prs.NDef.3Sg]	1	8570080167	24	-2.932984884457958	-1.552773642746352	7	2	7	2	TRUE	szajrézik	zik	FALSE
szakad	szakad	[/V][Prs.NDef.3Sg]	62241	8570080167	207620	1.8610916772067256	2.384284302248662	6	2	6	2	TRUE	szakadik	NA	FALSE
szalad	szalad	[/V][Prs.NDef.3Sg]	29303	8570080167	136755	1.5339272006316378	2.2029583293973287	6	2	6	2	TRUE	szaladik	NA	FALSE
szaladgál	szaladgál	[/V][Prs.NDef.3Sg]	7378	8570080167	35369	0.9349537664328268	1.6156378965719105	9	3	9	3	TRUE	szaladgálik	lik	FALSE
szalagoz	szalagoz	[/V][Prs.NDef.3Sg]	105	8570080167	971	-0.9117955853880196	0.054234345450047	8	3	8	3	TRUE	szalagozik	zik	FALSE
szalmáz	szalmáz	[/V][Prs.NDef.3Sg]	12	8570080167	49	-1.853803638410333	-1.2427888044294442	7	2	7	2	TRUE	szalmázik	zik	FALSE
szalonnáz	szalonnáz	[/V][Prs.NDef.3Sg]	5	8570080167	107	-2.234014880121939	-0.9036011067727482	9	3	9	3	TRUE	szalonnázik	zik	FALSE
szalutál	szalutál	[/V][Prs.NDef.3Sg]	315	8570080167	1454	-0.4346743306683573	0.2295795220650612	8	3	8	3	TRUE	szalutálik	lik	FALSE
szamaragol	szamaragol	[/V][Prs.NDef.3Sg]	20	8570080167	129	-1.6319548887939763	-0.8223951741587089	10	4	10	4	TRUE	szamaragolik	lik	FALSE
szankcionál	szankcionál	[/V][Prs.NDef.3Sg]	1084	8570080167	16776	0.10204439774441028	1.2917035329993296	11	4	11	4	TRUE	szankcionálik	lik	FALSE
szanál	szanál	[/V][Prs.NDef.3Sg]	32	8570080167	1943	-1.427834906138052	0.3554879161418247	6	2	6	2	TRUE	szanálik	lik	FALSE
szaporul	szaporul	[/V][Prs.NDef.3Sg]	83	8570080167	99	-1.0139067920818838	-0.937349689860408	8	3	8	3	TRUE	szaporulik	lik	FALSE
szaporáz	szaporáz	[/V][Prs.NDef.3Sg]	34	8570080167	1522	-1.4015059674157029	0.24942976797659616	8	3	8	3	TRUE	szaporázik	zik	FALSE
szappanoz	szappanoz	[/V][Prs.NDef.3Sg]	44	8570080167	1324	-1.2895322079717704	0.1889031006457233	9	3	9	3	TRUE	szappanozik	zik	FALSE
szapul	szapul	[/V][Prs.NDef.3Sg]	233	8570080167	9195	-0.5656289634319388	1.0305668491161384	6	2	6	2	TRUE	szapulik	lik	FALSE
szarval	szarval	[/V][Prs.NDef.3Sg]	12	8570080167	83	-1.853803638410333	-1.0139067920818838	7	2	7	2	TRUE	szarvalik	lik	FALSE
szarvaz	szarvaz	[/V][Prs.NDef.3Sg]	10	8570080167	147	-1.9329848844579576	-0.7656675497097818	7	2	7	2	TRUE	szarvazik	zik	FALSE
szaszerol	szaszerol	[/V][Prs.NDef.3Sg]	1	8570080167	26	-2.932984884457958	-1.5180115364871398	9	3	9	3	TRUE	szaszerolik	lik	FALSE
szatirizál	szatirizál	[/V][Prs.NDef.3Sg]	3	8570080167	77	-2.455863629738295	-1.046494159285476	10	4	10	4	TRUE	szatirizálik	lik	FALSE
szaturál	szaturál	[/V][Prs.NDef.3Sg]	26	8570080167	266	-1.5180115364871398	-0.5081032478268909	8	3	8	3	TRUE	szaturálik	lik	FALSE
szaval	szaval	[/V][Prs.NDef.3Sg]	3062	8570080167	25003	0.5530203019042844	1.465007236425238	6	2	6	2	TRUE	szavalik	lik	FALSE
szavatol	szavatol	[/V][Prs.NDef.3Sg]	5981	8570080167	35545	0.8437889179541492	1.6177936341062984	8	3	8	3	TRUE	szavatolik	lik	FALSE
szavaz	szavaz	[/V][Prs.NDef.3Sg]	35764	8570080167	493710	1.6204612017502973	2.7604870394009007	6	2	6	2	TRUE	szavazik	zik	FALSE
szceníroz	szceníroz	[/V][Prs.NDef.3Sg]	6	8570080167	349	-2.1548336340743144	-0.3901594574987779	9	3	9	3	TRUE	szcenírozik	zik	FALSE
szecskáz	szecskáz	[/V][Prs.NDef.3Sg]	9	8570080167	281	-1.978742375018633	-0.48427856455287793	8	2	8	2	TRUE	szecskázik	zik	FALSE
szed	szed	[/V][Prs.NDef.3Sg]	44203	8570080167	807552	1.7124668608918627	2.974185612595894	4	1	4	1	TRUE	szedik	Vdik	FALSE
szegdel	szegdel	[/V][Prs.NDef.3Sg]	3	8570080167	54	-2.455863629738295	-1.2005911246349894	7	2	7	2	TRUE	szegdelik	lik	FALSE
szegecsel	szegecsel	[/V][Prs.NDef.3Sg]	18	8570080167	1495	-1.6777123793546518	0.24165630820249065	9	3	9	3	TRUE	szegecselik	lik	FALSE
szegel	szegel	[/V][Prs.NDef.3Sg]	46	8570080167	882	-1.2702270527763837	0.01248370067386189	6	2	6	2	TRUE	szegelik	lik	FALSE
szegez	szegez	[/V][Prs.NDef.3Sg]	1391	8570080167	30062	0.2103422455340885	1.545032986006834	6	2	6	2	TRUE	szegezik	zik	FALSE
szegmentál	szegmentál	[/V][Prs.NDef.3Sg]	56	8570080167	2339	-1.1847968574517571	0.4360453373511952	10	3	10	3	TRUE	szegmentálik	lik	FALSE
szegélyez	szegélyez	[/V][Prs.NDef.3Sg]	825	8570080167	18006	-0.01653093590803274	1.3224323613505384	9	3	9	3	TRUE	szegélyezik	zik	FALSE
szegényül	szegényül	[/V][Prs.NDef.3Sg]	32	8570080167	50	-1.427834906138052	-1.234014880121939	9	3	9	3	TRUE	szegényülik	lik	FALSE
szegül	szegül	[/V][Prs.NDef.3Sg]	1268	8570080167	4816	0.17013436908775606	0.7497015937918102	6	2	6	2	TRUE	szegülik	lik	FALSE
szekerez	szekerez	[/V][Prs.NDef.3Sg]	11	8570080167	293	-1.8915921992997329	-0.4661172641038483	8	3	8	3	TRUE	szekerezik	zik	FALSE
szekularizál	szekularizál	[/V][Prs.NDef.3Sg]	12	8570080167	603	-1.853803638410333	-0.15266757231780653	12	5	12	5	TRUE	szekularizálik	lik	FALSE
szekundál	szekundál	[/V][Prs.NDef.3Sg]	84	8570080167	236	-1.0087055983960762	-0.5600728814878512	9	3	9	3	TRUE	szekundálik	lik	FALSE
szekál	szekál	[/V][Prs.NDef.3Sg]	212	8570080167	3256	-0.6066490235292064	0.5796995117592058	6	2	6	2	TRUE	szekálik	lik	FALSE
szekíroz	szekíroz	[/V][Prs.NDef.3Sg]	49	8570080167	572	-1.2427888044294442	-0.17558885566493362	8	3	8	3	TRUE	szekírozik	zik	FALSE
szel	szel	[/V][Prs.NDef.3Sg]	8827	8570080167	48379	1.0128282421293806	1.7516720027392478	4	1	4	1	TRUE	szelik	lik	FALSE
szeldel	szeldel	[/V][Prs.NDef.3Sg]	3	8570080167	987	-2.455863629738295	0.06133226821167893	7	2	7	2	TRUE	szeldelik	lik	FALSE
szelektál	szelektál	[/V][Prs.NDef.3Sg]	2576	8570080167	24066	0.47796097422981665	1.4484190279073326	9	3	9	3	TRUE	szelektálik	lik	FALSE
szelel	szelel	[/V][Prs.NDef.3Sg]	652	8570080167	1741	-0.11873728872603764	0.30781388665937337	6	2	6	2	TRUE	szelelik	lik	FALSE
szeletel	szeletel	[/V][Prs.NDef.3Sg]	527	8570080167	42634	-0.21117426924541124	1.6967711964048078	8	3	8	3	TRUE	szeletelik	lik	FALSE
szellemül	szellemül	[/V][Prs.NDef.3Sg]	66	8570080167	367	-1.1134409489160892	-0.3683188202058685	9	3	9	3	TRUE	szellemülik	lik	FALSE
szelídül	szelídül	[/V][Prs.NDef.3Sg]	1953	8570080167	8180	0.3577173588298966	0.9797684192133652	8	3	8	3	TRUE	szelídülik	lik	FALSE
szemcséz	szemcséz	[/V][Prs.NDef.3Sg]	1	8570080167	171	-2.932984884457958	-0.6999887740658041	8	2	8	2	TRUE	szemcsézik	zik	FALSE
szemel	szemel	[/V][Prs.NDef.3Sg]	1061	8570080167	16732	0.09273049944338284	1.2905629714506348	6	2	6	2	TRUE	szemelik	lik	FALSE
szemerkél	szemerkél	[/V][Prs.NDef.3Sg]	1153	8570080167	4679	0.12884442283674116	0.7371681607342224	9	3	9	3	TRUE	szemerkélik	lik	FALSE
szemetel	szemetel	[/V][Prs.NDef.3Sg]	2017	8570080167	10903	0.3717210137548077	1.104561127627869	8	3	8	3	TRUE	szemetelik	lik	FALSE
szemez	szemez	[/V][Prs.NDef.3Sg]	812	8570080167	16715	-0.02342885521678251	1.2901214964706296	6	2	6	2	TRUE	szemezik	zik	FALSE
szemlél	szemlél	[/V][Prs.NDef.3Sg]	2197	8570080167	127695	0.4088451724625525	2.173189007990094	7	2	7	2	TRUE	szemlélik	lik	FALSE
szemléz	szemléz	[/V][Prs.NDef.3Sg]	453	8570080167	8463	-0.27688668244512593	0.9945394564170708	7	2	7	2	TRUE	szemlézik	zik	FALSE
szemrevételez	szemrevételez	[/V][Prs.NDef.3Sg]	106	8570080167	6533	-0.9076790191931876	0.8821277737318547	13	5	13	5	TRUE	szemrevételezik	zik	FALSE
szenderül	szenderül	[/V][Prs.NDef.3Sg]	1318	8570080167	6857	0.18693052580003325	0.903149265007417	9	3	9	3	TRUE	szenderülik	lik	FALSE
szenel	szenel	[/V][Prs.NDef.3Sg]	8	8570080167	43	-2.0298948974660145	-1.2995164288783714	6	2	6	2	TRUE	szenelik	lik	FALSE
szennyez	szennyez	[/V][Prs.NDef.3Sg]	4191	8570080167	40712	0.6893327763758865	1.6767375534072804	8	2	8	2	TRUE	szennyezik	zik	FALSE
szentel	szentel	[/V][Prs.NDef.3Sg]	20311	8570080167	223316	1.3747464217036491	2.415934955777726	7	2	7	2	TRUE	szentelik	lik	FALSE
szentségel	szentségel	[/V][Prs.NDef.3Sg]	273	8570080167	1765	-0.49682223741720183	0.3137598252658836	10	3	10	3	TRUE	szentségelik	lik	FALSE
szenved	szenved	[/V][Prs.NDef.3Sg]	174567	8570080167	720180	2.3089772640041164	2.9244561720243456	7	2	7	2	TRUE	szenvedik	Vdik	FALSE
szeparál	szeparál	[/V][Prs.NDef.3Sg]	109	8570080167	4934	-0.8955583865173342	0.7602142606957594	8	3	8	3	TRUE	szeparálik	lik	FALSE
szerel	szerel	[/V][Prs.NDef.3Sg]	8568	8570080167	278564	0.9998945733658414	2.5119401055497006	6	2	6	2	TRUE	szerelik	lik	FALSE
szerepel	szerepel	[/V][Prs.NDef.3Sg]	873456	8570080167	1955482	3.0082561479995165	3.3582689382149256	8	3	8	3	TRUE	szerepelik	lik	FALSE
szerepez	szerepez	[/V][Prs.NDef.3Sg]	22	8570080167	95	-1.5905622036357516	-0.95526127916911	8	3	8	3	TRUE	szerepezik	zik	FALSE
szerez	szerez	[/V][Prs.NDef.3Sg]	115420	8570080167	1811387	2.129296185514686	3.325026362106273	6	2	6	2	TRUE	szerezik	zik	FALSE
szerszámoz	szerszámoz	[/V][Prs.NDef.3Sg]	2	8570080167	290	-2.6319548887939765	-0.47058688655900177	10	3	10	3	TRUE	szerszámozik	zik	FALSE
szervez	szervez	[/V][Prs.NDef.3Sg]	144488	8570080167	907556	2.2268468951592406	3.02488854786246	7	2	7	2	TRUE	szervezik	zik	FALSE
szerviz	szerviz	[/V][Prs.NDef.3Sg]	1	8570080167	212164	-2.932984884457958	2.3936868102453777	7	2	7	2	TRUE	szervizik	zik	FALSE
szervizel	szervizel	[/V][Prs.NDef.3Sg]	101	8570080167	12050	-0.9286635106753152	1.1480021624529293	9	3	9	3	TRUE	szervizelik	lik	FALSE
szervál	szervál	[/V][Prs.NDef.3Sg]	648	8570080167	3761	-0.12140987858736448	0.6423184489644412	7	2	7	2	TRUE	szerválik	lik	FALSE
szervíroz	szervíroz	[/V][Prs.NDef.3Sg]	284	8570080167	8110	-0.4796665444109201	0.9760359697531982	9	3	9	3	TRUE	szervírozik	zik	FALSE
szeszel	szeszel	[/V][Prs.NDef.3Sg]	36	8570080167	137	-1.3766823836906703	-0.796264317301551	7	2	7	2	TRUE	szeszelik	lik	FALSE
szeszez	szeszez	[/V][Prs.NDef.3Sg]	2	8570080167	12	-2.6319548887939765	-1.853803638410333	7	2	7	2	TRUE	szeszezik	zik	FALSE
szid	szid	[/V][Prs.NDef.3Sg]	1959	8570080167	78914	0.35904955153677853	1.9641691730402149	4	1	4	1	TRUE	szidik	NA	FALSE
szidalmaz	szidalmaz	[/V][Prs.NDef.3Sg]	405	8570080167	9728	-0.3255298612432893	1.055038677470702	9	3	9	3	TRUE	szidalmazik	zik	FALSE
szidoloz	szidoloz	[/V][Prs.NDef.3Sg]	1	8570080167	214	-2.932984884457958	-0.602571111108767	8	3	8	3	TRUE	szidolozik	zik	FALSE
szigetel	szigetel	[/V][Prs.NDef.3Sg]	4566	8570080167	30827	0.7265510226962586	1.555946377964295	8	3	8	3	TRUE	szigetelik	lik	FALSE
szignál	szignál	[/V][Prs.NDef.3Sg]	519	8570080167	16162	-0.21781752660949996	1.2755102179718796	7	2	7	2	TRUE	szignálik	lik	FALSE
szigonyoz	szigonyoz	[/V][Prs.NDef.3Sg]	16	8570080167	117	-1.728864901802033	-0.8647990227117962	9	3	9	3	TRUE	szigonyozik	zik	FALSE
szikkad	szikkad	[/V][Prs.NDef.3Sg]	576	8570080167	3790	-0.1725624010347458	0.6456543255101145	7	2	7	2	TRUE	szikkadik	NA	FALSE
szil	szil	[/V][Prs.NDef.3Sg]	1	8570080167	10130	-2.932984884457958	1.0726245609023226	4	1	4	1	TRUE	szilik	lik	FALSE
szilveszterez	szilveszterez	[/V][Prs.NDef.3Sg]	7	8570080167	1619	-2.087886844443701	0.27626196429541594	13	4	13	4	TRUE	szilveszterezik	zik	FALSE
szilánkol	szilánkol	[/V][Prs.NDef.3Sg]	5	8570080167	20	-2.234014880121939	-1.6319548887939763	9	3	9	3	TRUE	szilánkolik	lik	FALSE
szilárdul	szilárdul	[/V][Prs.NDef.3Sg]	3816	8570080167	9440	0.6486234815740997	1.0419871098401112	9	3	9	3	TRUE	szilárdulik	lik	FALSE
szimatol	szimatol	[/V][Prs.NDef.3Sg]	1860	8570080167	9078	0.3365280597599585	1.0250052939488723	8	3	8	3	TRUE	szimatolik	lik	FALSE
szimbolizál	szimbolizál	[/V][Prs.NDef.3Sg]	5178	8570080167	57468	0.7811771616408955	1.8264411986322748	11	4	11	4	TRUE	szimbolizálik	lik	FALSE
szimpatizál	szimpatizál	[/V][Prs.NDef.3Sg]	4994	8570080167	17778	0.7654636535573711	1.3168980174057368	11	4	11	4	TRUE	szimpatizálik	lik	FALSE
szimplifikál	szimplifikál	[/V][Prs.NDef.3Sg]	23	8570080167	169	-1.571257048440365	-0.7050981798442842	12	4	12	4	TRUE	szimplifikálik	lik	FALSE
szimulál	szimulál	[/V][Prs.NDef.3Sg]	1547	8570080167	20026	0.2565054292414097	1.3686093273713988	8	3	8	3	TRUE	szimulálik	lik	FALSE
szinkronizál	szinkronizál	[/V][Prs.NDef.3Sg]	2716	8570080167	30775	0.5009448811505062	1.555213177145396	12	4	12	4	TRUE	szinkronizálik	lik	FALSE
szintetizál	szintetizál	[/V][Prs.NDef.3Sg]	787	8570080167	9751	-0.03701015209889327	1.0560642719802624	11	4	11	4	TRUE	szintetizálik	lik	FALSE
szintez	szintez	[/V][Prs.NDef.3Sg]	112	8570080167	1346	-0.8837668617877762	0.19606017543000023	7	2	7	2	TRUE	szintezik	zik	FALSE
szipolyoz	szipolyoz	[/V][Prs.NDef.3Sg]	77	8570080167	1234	-1.046494159285476	0.15833027523926502	9	3	9	3	TRUE	szipolyozik	zik	FALSE
szipákol	szipákol	[/V][Prs.NDef.3Sg]	110	8570080167	566	-0.8915921992997328	-0.1801684532696864	8	3	8	3	TRUE	szipákolik	lik	FALSE
szirénáz	szirénáz	[/V][Prs.NDef.3Sg]	15	8570080167	2454	-1.756893625402277	0.4568896739330277	8	3	8	3	TRUE	szirénázik	zik	FALSE
szisztematizál	szisztematizál	[/V][Prs.NDef.3Sg]	3	8570080167	90	-2.455863629738295	-0.9787423750186328	14	5	14	5	TRUE	szisztematizálik	lik	FALSE
szitál	szitál	[/V][Prs.NDef.3Sg]	2185	8570080167	16955	0.4064665568484828	1.2963129096561472	6	2	6	2	TRUE	szitálik	lik	FALSE
szivattyúz	szivattyúz	[/V][Prs.NDef.3Sg]	207	8570080167	5455	-0.6170145390010401	0.8038098704664028	10	3	10	3	TRUE	szivattyúzik	zik	FALSE
szkennel	szkennel	[/V][Prs.NDef.3Sg]	957	8570080167	14065	0.04792705331888575	1.215154852043262	8	2	8	2	TRUE	szkennelik	lik	FALSE
szlalomoz	szlalomoz	[/V][Prs.NDef.3Sg]	8	8570080167	2414	-2.0298948974660145	0.4497523813033726	9	3	9	3	TRUE	szlalomozik	zik	TRUE
szobroz	szobroz	[/V][Prs.NDef.3Sg]	15	8570080167	51	-1.756893625402277	-1.2254147083600215	7	2	7	2	TRUE	szobrozik	zik	TRUE
szobrászművész	szobrászművész	[/V][Prs.NDef.3Sg]	23	8570080167	36251	-1.571257048440365	1.6263351068212406	14	4	14	4	TRUE	szobrászművészik	szik	FALSE
szocializál	szocializál	[/V][Prs.NDef.3Sg]	344	8570080167	4960	-0.39642644188642767	0.7624967920322396	11	5	11	5	TRUE	szocializálik	lik	FALSE
szolgál	szolgál	[/V][Prs.NDef.3Sg]	400012	8570080167	1769877	2.6690881355090332	3.31495820106915	7	2	7	2	TRUE	szolgálik	lik	FALSE
szolmizál	szolmizál	[/V][Prs.NDef.3Sg]	28	8570080167	1474	-1.4858268531157386	0.2355125990650748	9	3	9	3	TRUE	szolmizálik	lik	FALSE
szomjaz	szomjaz	[/V][Prs.NDef.3Sg]	201	8570080167	10221	-0.629788827037469	1.076508503829582	7	2	7	2	TRUE	szomjazik	zik	FALSE
szomszédol	szomszédol	[/V][Prs.NDef.3Sg]	97	8570080167	993	-0.946213150191713	0.06396436403742334	10	3	10	3	TRUE	szomszédolik	lik	FALSE
szondál	szondál	[/V][Prs.NDef.3Sg]	1	8570080167	1	-2.932984884457958	-2.932984884457958	7	2	7	2	TRUE	szondálik	lik	FALSE
szondáz	szondáz	[/V][Prs.NDef.3Sg]	13	8570080167	2064	-1.819041532151121	0.38172480849721585	7	2	7	2	TRUE	szondázik	zik	FALSE
szorgalmaz	szorgalmaz	[/V][Prs.NDef.3Sg]	3623	8570080167	78922	0.626083449576579	1.9642131979250093	10	3	10	3	TRUE	szorgalmazik	zik	FALSE
szoroz	szoroz	[/V][Prs.NDef.3Sg]	4527	8570080167	29011	0.7228256100372945	1.529577814596234	6	2	6	2	TRUE	szorozik	zik	FALSE
szortíroz	szortíroz	[/V][Prs.NDef.3Sg]	146	8570080167	4605	-0.7686320286735208	0.7302447500749099	9	3	9	3	TRUE	szortírozik	zik	FALSE
szorul	szorul	[/V][Prs.NDef.3Sg]	127410	8570080167	300521	2.172218631252384	2.5448899408507155	6	2	6	2	TRUE	szorulik	lik	FALSE
szponzorál	szponzorál	[/V][Prs.NDef.3Sg]	1313	8570080167	10743	0.18527984163152153	1.0981406912736076	10	3	10	3	TRUE	szponzorálik	lik	FALSE
sztenografál	sztenografál	[/V][Prs.NDef.3Sg]	1	8570080167	11	-2.932984884457958	-1.8915921992997329	12	4	12	4	TRUE	sztenografálik	lik	FALSE
szteppel	szteppel	[/V][Prs.NDef.3Sg]	68	8570080167	497	-1.1004759717517214	-0.23662849572462577	8	2	8	2	TRUE	szteppelik	lik	FALSE
sztereotipizál	sztereotipizál	[/V][Prs.NDef.3Sg]	56	8570080167	401	-1.1847968574517571	-0.3298405118377755	14	6	14	6	TRUE	sztereotipizálik	lik	FALSE
sztorníroz	sztorníroz	[/V][Prs.NDef.3Sg]	8	8570080167	235	-2.0298948974660145	-0.5619170221862215	10	3	10	3	TRUE	sztornírozik	zik	FALSE
sztornóz	sztornóz	[/V][Prs.NDef.3Sg]	17	8570080167	1289	-1.702535963079684	0.17726803289544518	8	2	8	2	TRUE	sztornózik	zik	FALSE
sztrájkol	sztrájkol	[/V][Prs.NDef.3Sg]	1802	8570080167	14418	0.3227699021850864	1.2259201367295858	9	2	9	2	TRUE	sztrájkolik	lik	FALSE
sztárol	sztárol	[/V][Prs.NDef.3Sg]	86	8570080167	2873	-0.99848643321439	0.5253507415339896	7	2	7	2	TRUE	sztárolik	lik	FALSE
szublimál	szublimál	[/V][Prs.NDef.3Sg]	511	8570080167	1983	-0.22456398432324515	0.36433782974734485	9	3	9	3	TRUE	szublimálik	lik	FALSE
szubmartingál	szubmartingál	[/V][Prs.NDef.3Sg]	1	8570080167	4	-2.932984884457958	-2.3309248931299953	13	4	13	4	TRUE	szubmartingálik	lik	FALSE
szubvencionál	szubvencionál	[/V][Prs.NDef.3Sg]	16	8570080167	363	-1.728864901802033	-0.3730782594218453	13	5	13	5	TRUE	szubvencionálik	lik	FALSE
szuggerál	szuggerál	[/V][Prs.NDef.3Sg]	233	8570080167	3673	-0.5656289634319388	0.6320360438873359	9	3	9	3	TRUE	szuggerálik	lik	FALSE
szundikál	szundikál	[/V][Prs.NDef.3Sg]	941	8570080167	5187	0.04060473896929904	0.7819313635356272	9	3	9	3	TRUE	szundikálik	lik	FALSE
szunnyad	szunnyad	[/V][Prs.NDef.3Sg]	4428	8570080167	9625	0.7132227277487273	1.0504158537225805	8	2	8	2	TRUE	szunnyadik	NA	FALSE
szunyál	szunyál	[/V][Prs.NDef.3Sg]	135	8570080167	898	-0.8026511159629518	0.0202914522093465	7	2	7	2	TRUE	szunyálik	lik	FALSE
szunyókál	szunyókál	[/V][Prs.NDef.3Sg]	1107	8570080167	5647	0.11116273642076496	0.8188329032789213	9	3	9	3	TRUE	szunyókálik	lik	FALSE
szuperál	szuperál	[/V][Prs.NDef.3Sg]	2161	8570080167	3860	0.4016698824252835	0.6536024202137971	8	3	8	3	TRUE	szuperálik	lik	FALSE
szurdal	szurdal	[/V][Prs.NDef.3Sg]	7	8570080167	42	-2.087886844443701	-1.3097355940600577	7	2	7	2	TRUE	szurdalik	lik	FALSE
szurkapiszkál	szurkapiszkál	[/V][Prs.NDef.3Sg]	4	8570080167	43	-2.3309248931299953	-1.2995164288783714	13	4	13	4	TRUE	szurkapiszkálik	lik	FALSE
szurkol	szurkol	[/V][Prs.NDef.3Sg]	8186	8570080167	86493	0.9800868558512928	2.00399607636653	7	2	7	2	TRUE	szurkolik	lik	FALSE
szurkál	szurkál	[/V][Prs.NDef.3Sg]	480	8570080167	9821	-0.2517436470823706	1.0591708265846589	7	2	7	2	TRUE	szurkálik	lik	FALSE
szuszakol	szuszakol	[/V][Prs.NDef.3Sg]	22	8570080167	1560	-1.5905622036357516	0.26013971389650375	9	3	9	3	TRUE	szuszakolik	lik	FALSE
szuszpendál	szuszpendál	[/V][Prs.NDef.3Sg]	2	8570080167	250	-2.6319548887939765	-0.5350448757859202	11	3	11	3	TRUE	szuszpendálik	lik	FALSE
szvingel	szvingel	[/V][Prs.NDef.3Sg]	27	8570080167	101	-1.5016211202989704	-0.9286635106753152	8	2	8	2	TRUE	szvingelik	lik	FALSE
szádal	szádal	[/V][Prs.NDef.3Sg]	4	8570080167	4	-2.3309248931299953	-2.3309248931299953	6	2	6	2	TRUE	szádalik	lik	FALSE
száguld	száguld	[/V][Prs.NDef.3Sg]	12071	8570080167	42565	1.1487583654647633	1.6960677532704322	7	2	7	2	TRUE	száguldik	NA	FALSE
száguldoz	száguldoz	[/V][Prs.NDef.3Sg]	45	8570080167	429	-1.279772370682614	-0.30052759227323356	9	3	9	3	TRUE	száguldozik	zik	TRUE
szájal	szájal	[/V][Prs.NDef.3Sg]	248	8570080167	759	-0.5385332036317415	-0.05274310856247746	6	2	6	2	TRUE	szájalik	lik	FALSE
szákol	szákol	[/V][Prs.NDef.3Sg]	35	8570080167	1100	-1.388916840107682	0.10840780070026718	6	2	6	2	TRUE	szákolik	lik	FALSE
szálal	szálal	[/V][Prs.NDef.3Sg]	60	8570080167	123	-1.1548336340743142	-0.84307977301856	6	2	6	2	TRUE	szálalik	lik	FALSE
száll	száll	[/V][Prs.NDef.3Sg]	114394	8570080167	564360	2.1254183617190927	2.818571340335746	5	1	5	1	TRUE	szállik	NA	FALSE
szálldogál	szálldogál	[/V][Prs.NDef.3Sg]	194	8570080167	2163	-0.6451831545277318	0.4020716349811336	10	3	10	3	TRUE	szálldogálik	lik	FALSE
szállásol	szállásol	[/V][Prs.NDef.3Sg]	156	8570080167	8690	-0.7398602861034962	1.0060348919907087	9	3	9	3	TRUE	szállásolik	lik	FALSE
szállítmányoz	szállítmányoz	[/V][Prs.NDef.3Sg]	27	8570080167	288	-1.5016211202989704	-0.473592396698727	13	4	13	4	TRUE	szállítmányozik	zik	FALSE
számkiűz	számkiűz	[/V][Prs.NDef.3Sg]	2	8570080167	19	-2.6319548887939765	-1.654231283505129	8	3	8	3	TRUE	számkiűzik	zik	FALSE
számlál	számlál	[/V][Prs.NDef.3Sg]	13754	8570080167	38789	1.205444135548046	1.655723698955452	7	2	7	2	TRUE	számlálik	lik	FALSE
számláz	számláz	[/V][Prs.NDef.3Sg]	3897	8570080167	28527	0.6577455213347325	1.5222712176599942	7	2	7	2	TRUE	számlázik	zik	FALSE
számol	számol	[/V][Prs.NDef.3Sg]	137456	8570080167	1199432	2.205178817233492	3.1459907468689092	6	2	6	2	TRUE	számolik	lik	FALSE
számoz	számoz	[/V][Prs.NDef.3Sg]	62	8570080167	8241	-1.140593194959704	0.9829950296822664	6	2	6	2	TRUE	számozik	zik	FALSE
számítol	számítol	[/V][Prs.NDef.3Sg]	38	8570080167	151	-1.3532012878411477	-0.7540079371647884	8	3	8	3	TRUE	számítolik	lik	FALSE
száműz	száműz	[/V][Prs.NDef.3Sg]	351	8570080167	42846	-0.3876777679921337	1.6989253990004545	6	2	6	2	TRUE	száműzik	zik	FALSE
szándékol	szándékol	[/V][Prs.NDef.3Sg]	37	8570080167	1570	-1.3647831603909628	0.2629147679512759	9	3	9	3	TRUE	szándékolik	lik	FALSE
szárad	szárad	[/V][Prs.NDef.3Sg]	32156	8570080167	85188	1.5742771355323233	1.9973935377638277	6	2	6	2	TRUE	száradik	NA	FALSE
száraz	száraz	[/V][Prs.NDef.3Sg]	1	8570080167	641353	-2.932984884457958	2.8741122460821606	6	2	6	2	TRUE	szárazik	zik	FALSE
szárnyal	szárnyal	[/V][Prs.NDef.3Sg]	12450	8570080167	47777	1.1621844669737973	1.7462339917145868	8	2	8	2	TRUE	szárnyalik	lik	FALSE
százfelől	százfelől	[/V][Prs.NDef.3Sg]	1	8570080167	132	-2.932984884457958	-0.812410953252108	9	3	9	3	TRUE	százfelőlik	lik	FALSE
szédül	szédül	[/V][Prs.NDef.3Sg]	3743	8570080167	23632	0.6402349426564641	1.4405155935099163	6	2	6	2	TRUE	szédülik	lik	FALSE
szégyell	szégyell	[/V][Prs.NDef.3Sg]	2609	8570080167	97178	0.483489194642263	2.0545830722375222	8	2	8	2	TRUE	szégyellik	NA	FALSE
szégyenül	szégyenül	[/V][Prs.NDef.3Sg]	882	8570080167	2137	0.01248370067386189	0.3968196377061115	9	3	9	3	TRUE	szégyenülik	lik	FALSE
székel	székel	[/V][Prs.NDef.3Sg]	3394	8570080167	6871	0.5977269535236992	0.9040350640829504	6	2	6	2	TRUE	székelik	lik	FALSE
széled	széled	[/V][Prs.NDef.3Sg]	185	8570080167	1707	-0.6658131560549441	0.2992486366567758	6	2	6	2	TRUE	széledik	Vdik	FALSE
széledez	széledez	[/V][Prs.NDef.3Sg]	3	8570080167	40	-2.455863629738295	-1.3309248931299955	8	3	8	3	TRUE	széledezik	zik	FALSE
szélesül	szélesül	[/V][Prs.NDef.3Sg]	183	8570080167	321	-0.6705337947275284	-0.42647985205308575	8	3	8	3	TRUE	szélesülik	lik	FALSE
szélez	szélez	[/V][Prs.NDef.3Sg]	30	8570080167	105	-1.4558636297382954	-0.9117955853880196	6	2	6	2	TRUE	szélezik	zik	FALSE
szépül	szépül	[/V][Prs.NDef.3Sg]	5360	8570080167	18624	0.7961799052348122	1.3370880785118366	6	2	6	2	TRUE	szépülik	lik	FALSE
szíjaz	szíjaz	[/V][Prs.NDef.3Sg]	20	8570080167	1656	-1.6319548887939763	0.2860754479909035	6	2	6	2	TRUE	szíjazik	zik	FALSE
színez	színez	[/V][Prs.NDef.3Sg]	1833	8570080167	54715	0.3301775805042588	1.805121519100156	6	2	6	2	TRUE	színezik	zik	FALSE
színlel	színlel	[/V][Prs.NDef.3Sg]	1191	8570080167	10249	0.14292687702481963	1.0776966086734858	7	2	7	2	TRUE	színlelik	lik	FALSE
szível	szível	[/V][Prs.NDef.3Sg]	1433	8570080167	3676	0.22326130593938665	0.6323906182561159	6	2	6	2	TRUE	szívelik	lik	FALSE
szívlel	szívlel	[/V][Prs.NDef.3Sg]	120	8570080167	6062	-0.853803638410333	0.8496310475736456	7	2	7	2	TRUE	szívlelik	lik	FALSE
szól	szól	[/V][Prs.NDef.3Sg]	1296306	8570080167	3049959	3.17972264672557	3.5513091167926185	4	1	4	1	TRUE	szólik	lik	FALSE
szólal	szólal	[/V][Prs.NDef.3Sg]	37450	8570080167	184693	1.6404669375775274	2.3334655512151863	6	2	6	2	TRUE	szólalik	lik	FALSE
szólóz	szólóz	[/V][Prs.NDef.3Sg]	1	8570080167	1204	-2.932984884457958	0.1476416024638479	6	2	6	2	TRUE	szólózik	zik	FALSE
szónokol	szónokol	[/V][Prs.NDef.3Sg]	2125	8570080167	9614	0.3943740499283725	1.0499192333346703	8	3	8	3	TRUE	szónokolik	lik	FALSE
szótagol	szótagol	[/V][Prs.NDef.3Sg]	56	8570080167	2000	-1.1847968574517571	0.3680451112060234	8	3	8	3	TRUE	szótagolik	lik	FALSE
szótáraz	szótáraz	[/V][Prs.NDef.3Sg]	25	8570080167	948	-1.5350448757859203	0.04382345288010841	8	3	8	3	TRUE	szótárazik	zik	FALSE
szótároz	szótároz	[/V][Prs.NDef.3Sg]	13	8570080167	218	-1.819041532151121	-0.594528390853353	8	3	8	3	TRUE	szótározik	zik	FALSE
szögel	szögel	[/V][Prs.NDef.3Sg]	103	8570080167	2630	-0.9201476597527856	0.4869708640318	6	2	6	2	TRUE	szögelik	lik	FALSE
szögez	szögez	[/V][Prs.NDef.3Sg]	545	8570080167	82120	-0.1965883821813154	1.9814640562405963	6	2	6	2	TRUE	szögezik	zik	FALSE
szökdel	szökdel	[/V][Prs.NDef.3Sg]	220	8570080167	1253	-0.5905622036357516	0.16496618653619216	7	2	7	2	TRUE	szökdelik	lik	FALSE
szökdécsel	szökdécsel	[/V][Prs.NDef.3Sg]	311	8570080167	1804	-0.4402244954311203	0.3232516487479651	10	3	10	3	TRUE	szökdécselik	lik	FALSE
szökell	szökell	[/V][Prs.NDef.3Sg]	642	8570080167	2500	-0.12544985638910458	0.4649551242140798	7	2	7	2	TRUE	szökellik	NA	FALSE
szörföz	szörföz	[/V][Prs.NDef.3Sg]	20	8570080167	8384	-1.6319548887939763	0.9904663851816936	7	2	7	2	TRUE	szörfözik	zik	FALSE
szörnyed	szörnyed	[/V][Prs.NDef.3Sg]	68	8570080167	421	-1.1004759717517214	-0.30870278862228956	8	2	8	2	TRUE	szörnyedik	Vdik	FALSE
szörnyethal	szörnyethal	[/V][Prs.NDef.3Sg]	435	8570080167	3352	-0.29449562750332053	0.5923191255002811	11	3	11	3	TRUE	szörnyethalik	lik	FALSE
szörpöl	szörpöl	[/V][Prs.NDef.3Sg]	10	8570080167	133	-1.9329848844579576	-0.809133243490872	7	2	7	2	TRUE	szörpölik	lik	FALSE
szöszmötöl	szöszmötöl	[/V][Prs.NDef.3Sg]	620	8570080167	3776	-0.14059319495970393	0.6440471011680735	10	3	10	3	TRUE	szöszmötölik	lik	FALSE
szöszöl	szöszöl	[/V][Prs.NDef.3Sg]	458	8570080167	3206	-0.27211940645408866	0.5729786335601682	7	2	7	2	TRUE	szöszölik	lik	FALSE
szövegel	szövegel	[/V][Prs.NDef.3Sg]	988	8570080167	4018	0.06177206012967028	0.6710250479542725	8	3	8	3	TRUE	szövegelik	lik	FALSE
szövegez	szövegez	[/V][Prs.NDef.3Sg]	92	8570080167	1816	-0.9691970571124026	0.3261309597271084	8	3	8	3	TRUE	szövegezik	zik	FALSE
szükségel	szükségel	[/V][Prs.NDef.3Sg]	87	8570080167	23028	-0.9934656318393392	1.4292713363251386	9	3	9	3	TRUE	szükségelik	lik	FALSE
szül	szül	[/V][Prs.NDef.3Sg]	172411	8570080167	338760	2.3035800863515092	2.5969072397365864	4	1	4	1	TRUE	szülik	lik	FALSE
szülőföld	szülőföld	[/V][Prs.NDef.3Sg]	4	8570080167	60227	-2.3309248931299953	1.846806346371688	9	3	9	3	TRUE	szülőföldik	NA	FALSE
szünetel	szünetel	[/V][Prs.NDef.3Sg]	41308	8570080167	66640	1.6830492838909206	1.8907501039407733	8	3	8	3	TRUE	szünetelik	lik	FALSE
szürcsöl	szürcsöl	[/V][Prs.NDef.3Sg]	425	8570080167	11786	-0.3045959544076463	1.1383815523011724	8	2	8	2	TRUE	szürcsölik	lik	FALSE
szüretel	szüretel	[/V][Prs.NDef.3Sg]	585	8570080167	19245	-0.16582901837577738	1.351333030972652	8	3	8	3	TRUE	szüretelik	lik	FALSE
szürkül	szürkül	[/V][Prs.NDef.3Sg]	1289	8570080167	4008	0.17726803289544518	0.6699428284012315	7	2	7	2	TRUE	szürkülik	lik	FALSE
sződd	sződd	[/V][Prs.NDef.3Sg]	2	8570080167	4	-2.6319548887939765	-2.3309248931299953	5	1	5	1	TRUE	sződdik	NA	FALSE
szőkül	szőkül	[/V][Prs.NDef.3Sg]	237	8570080167	567	-0.558236538447854	-0.17940182556505124	6	2	6	2	TRUE	szőkülik	lik	FALSE
szőröz	szőröz	[/V][Prs.NDef.3Sg]	24	8570080167	686	-1.552773642746352	-0.09666076875120616	6	2	6	2	TRUE	szőrözik	zik	FALSE
szősz	szősz	[/V][Prs.NDef.3Sg]	1	8570080167	161	-2.932984884457958	-0.7261590084261081	5	1	5	1	TRUE	szőszik	szik	FALSE
szűköl	szűköl	[/V][Prs.NDef.3Sg]	473	8570080167	2040	-0.2581237437201463	0.376645282967941	6	2	6	2	TRUE	szűkölik	lik	FALSE
szűkül	szűkül	[/V][Prs.NDef.3Sg]	13784	8570080167	32273	1.206390379982014	1.575854453517617	6	2	6	2	TRUE	szűkülik	lik	FALSE
szűz	szűz	[/V][Prs.NDef.3Sg]	129	8570080167	197921	-0.8223951741587089	2.3635069921146017	4	1	4	1	TRUE	szűzik	zik	FALSE
sáncol	sáncol	[/V][Prs.NDef.3Sg]	44	8570080167	1036	-1.2895322079717704	0.08237487095125638	6	2	6	2	TRUE	sáncolik	lik	FALSE
sántikál	sántikál	[/V][Prs.NDef.3Sg]	1895	8570080167	6377	0.3446243298461333	0.8716315325292973	8	3	8	3	TRUE	sántikálik	lik	FALSE
sántul	sántul	[/V][Prs.NDef.3Sg]	49	8570080167	324	-1.2427888044294442	-0.4224398742513457	6	2	6	2	TRUE	sántulik	lik	FALSE
sápad	sápad	[/V][Prs.NDef.3Sg]	556	8570080167	1354	-0.1879100928759004	0.19863377989116768	5	2	5	2	TRUE	sápadik	NA	FALSE
sárgul	sárgul	[/V][Prs.NDef.3Sg]	2929	8570080167	9153	0.5337344872236408	1.0285785779041117	6	2	6	2	TRUE	sárgulik	lik	FALSE
sároz	sároz	[/V][Prs.NDef.3Sg]	67	8570080167	1437	-1.1069100817571311	0.22447188367626783	5	2	5	2	TRUE	sározik	zik	FALSE
sátoroz	sátoroz	[/V][Prs.NDef.3Sg]	47	8570080167	3760	-1.2608870265222405	0.6422029604697033	7	3	7	3	TRUE	sátorozik	zik	FALSE
sávoz	sávoz	[/V][Prs.NDef.3Sg]	5	8570080167	65	-2.234014880121939	-1.1200715278151023	5	2	5	2	TRUE	sávozik	zik	FALSE
sérelmez	sérelmez	[/V][Prs.NDef.3Sg]	215	8570080167	19400	-0.6005464245423525	1.3548168454722682	8	3	8	3	TRUE	sérelmezik	zik	FALSE
sérül	sérül	[/V][Prs.NDef.3Sg]	38352	8570080167	200277	1.6508031322316208	2.368646192910397	5	2	5	2	TRUE	sérülik	lik	FALSE
sétafikál	sétafikál	[/V][Prs.NDef.3Sg]	123	8570080167	770	-0.84307977301856	-0.04649415928547599	9	4	9	4	TRUE	sétafikálik	lik	FALSE
sétifikál	sétifikál	[/V][Prs.NDef.3Sg]	11	8570080167	67	-1.8915921992997329	-1.1069100817571311	9	4	9	4	TRUE	sétifikálik	lik	FALSE
sétál	sétál	[/V][Prs.NDef.3Sg]	23569	8570080167	318982	1.4393562719443875	2.5707812922630686	5	2	5	2	TRUE	sétálik	lik	FALSE
síbol	síbol	[/V][Prs.NDef.3Sg]	18	8570080167	384	-1.6777123793546518	-0.34865366009042703	5	2	5	2	TRUE	síbolik	lik	FALSE
síel	síel	[/V][Prs.NDef.3Sg]	1726	8570080167	28983	0.304055906921233	1.5291584523712398	4	2	4	2	TRUE	síelik	lik	FALSE
síkraszáll	síkraszáll	[/V][Prs.NDef.3Sg]	415	8570080167	1302	-0.31493678774586514	0.1816260997742153	10	3	10	3	TRUE	síkraszállik	NA	FALSE
sípol	sípol	[/V][Prs.NDef.3Sg]	3615	8570080167	8268	0.6251234171725918	0.9844155834972927	5	2	5	2	TRUE	sípolik	lik	FALSE
sírdogál	sírdogál	[/V][Prs.NDef.3Sg]	1701	8570080167	6194	0.2977194291546112	0.8589863165628101	8	3	8	3	TRUE	sírdogálik	lik	FALSE
sóderol	sóderol	[/V][Prs.NDef.3Sg]	7	8570080167	41	-2.087886844443701	-1.3202010277382223	7	3	7	3	TRUE	sóderolik	lik	FALSE
sóz	sóz	[/V][Prs.NDef.3Sg]	535	8570080167	100289	-0.2046311024367294	2.068268416445986	3	1	3	1	TRUE	sózik	zik	FALSE
sörétez	sörétez	[/V][Prs.NDef.3Sg]	1	8570080167	5	-2.932984884457958	-2.234014880121939	7	3	7	3	TRUE	sörétezik	zik	FALSE
söröz	söröz	[/V][Prs.NDef.3Sg]	126	8570080167	140	-0.832614339340395	-0.7868568487797198	5	2	5	2	TRUE	sörözik	zik	TRUE
sötétül	sötétül	[/V][Prs.NDef.3Sg]	812	8570080167	1531	-0.02342885521678251	0.2519903062403032	7	3	7	3	TRUE	sötétülik	lik	FALSE
súlyoz	súlyoz	[/V][Prs.NDef.3Sg]	315	8570080167	8107	-0.4346743306683573	0.9758752885593188	6	2	6	2	TRUE	súlyozik	zik	FALSE
súrol	súrol	[/V][Prs.NDef.3Sg]	593	8570080167	26715	-0.15993019109369525	1.493770294060967	5	2	5	2	TRUE	súrolik	lik	FALSE
süketel	süketel	[/V][Prs.NDef.3Sg]	125	8570080167	505	-0.8360748714499014	-0.22969350633929644	7	3	7	3	TRUE	süketelik	lik	FALSE
süketül	süketül	[/V][Prs.NDef.3Sg]	84	8570080167	734	-1.0087055983960762	-0.0672888245418873	7	3	7	3	TRUE	süketülik	lik	FALSE
sül	sül	[/V][Prs.NDef.3Sg]	43409	8570080167	121431	1.7045948967853903	2.1513446870448583	3	1	3	1	TRUE	sülik	lik	FALSE
süllyed	süllyed	[/V][Prs.NDef.3Sg]	23259	8570080167	94330	1.433606154231212	2.041664949980764	7	2	7	2	TRUE	süllyedik	Vdik	FALSE
süpped	süpped	[/V][Prs.NDef.3Sg]	1474	8570080167	5724	0.2355125990650748	0.8247147406297809	6	2	6	2	TRUE	süppedik	Vdik	FALSE
süppedez	süppedez	[/V][Prs.NDef.3Sg]	7	8570080167	59	-2.087886844443701	-1.1621328728158136	8	3	8	3	TRUE	süppedezik	zik	FALSE
sürgönyöz	sürgönyöz	[/V][Prs.NDef.3Sg]	33	8570080167	595	-1.4144709445800705	-0.15846791872940827	9	3	9	3	TRUE	sürgönyözik	zik	FALSE
süvegel	süvegel	[/V][Prs.NDef.3Sg]	30	8570080167	429	-1.4558636297382954	-0.30052759227323356	7	3	7	3	TRUE	süvegelik	lik	FALSE
tabulál	tabulál	[/V][Prs.NDef.3Sg]	8	8570080167	67	-2.0298948974660145	-1.1069100817571311	7	3	7	3	TRUE	tabulálik	lik	FALSE
tagad	tagad	[/V][Prs.NDef.3Sg]	8089	8570080167	234626	0.9749099509583252	2.437391252182873	5	2	5	2	TRUE	tagadik	NA	FALSE
taglal	taglal	[/V][Prs.NDef.3Sg]	1300	8570080167	38951	0.1809584678488789	1.6575337274583783	6	2	6	2	TRUE	taglalik	lik	FALSE
taglóz	taglóz	[/V][Prs.NDef.3Sg]	180	8570080167	856	-0.6777123793546518	-5.111197808046327e-4	6	2	6	2	TRUE	taglózik	zik	FALSE
tagol	tagol	[/V][Prs.NDef.3Sg]	637	8570080167	21128	-0.12884545212260742	1.3918735037409098	5	2	5	2	TRUE	tagolik	lik	FALSE
tagoz	tagoz	[/V][Prs.NDef.3Sg]	126	8570080167	366	-0.832614339340395	-0.3695037990635472	5	2	5	2	TRUE	tagozik	zik	FALSE
tajtékoz	tajtékoz	[/V][Prs.NDef.3Sg]	3	8570080167	862	-2.455863629738295	0.00252238136675494	8	3	8	3	TRUE	tajtékozik	zik	FALSE
takarmányoz	takarmányoz	[/V][Prs.NDef.3Sg]	30	8570080167	912	-1.4558636297382954	0.02700995387045835	11	4	11	4	TRUE	takarmányozik	zik	FALSE
taksál	taksál	[/V][Prs.NDef.3Sg]	166	8570080167	3970	-0.7128767964179027	0.6658056223051572	6	2	6	2	TRUE	taksálik	lik	FALSE
talicskáz	talicskáz	[/V][Prs.NDef.3Sg]	21	8570080167	893	-1.6107655897240385	0.01786657443058855	9	3	9	3	TRUE	talicskázik	zik	FALSE
taligáz	taligáz	[/V][Prs.NDef.3Sg]	5	8570080167	26	-2.234014880121939	-1.5180115364871398	7	3	7	3	TRUE	taligázik	zik	FALSE
tallóz	tallóz	[/V][Prs.NDef.3Sg]	636	8570080167	6096	-0.12952776880954395	0.8520600738735863	6	2	6	2	TRUE	tallózik	zik	FALSE
talpal	talpal	[/V][Prs.NDef.3Sg]	370	8570080167	2915	-0.3647831603909628	0.531653674637075	6	2	6	2	TRUE	talpalik	lik	FALSE
talál	talál	[/V][Prs.NDef.3Sg]	348088	8570080167	4867898	2.6087041671986	3.7543565851614393	5	2	5	2	TRUE	találik	lik	FALSE
tamponál	tamponál	[/V][Prs.NDef.3Sg]	5	8570080167	582	-2.234014880121939	-0.16806189980806932	8	3	8	3	TRUE	tamponálik	lik	FALSE
tankol	tankol	[/V][Prs.NDef.3Sg]	2016	8570080167	34062	0.3715056433155299	1.5992852601510987	6	2	6	2	TRUE	tankolik	lik	FALSE
tanul	tanul	[/V][Prs.NDef.3Sg]	126743	8570080167	1684728	2.169939098179977	3.293544909393626	5	2	5	2	TRUE	tanulik	lik	FALSE
tanulmányoz	tanulmányoz	[/V][Prs.NDef.3Sg]	1282	8570080167	169349	0.17490314072484076	2.2957977520363366	11	4	11	4	TRUE	tanulmányozik	zik	FALSE
tanyáz	tanyáz	[/V][Prs.NDef.3Sg]	408	8570080167	410	-0.3223247213680779	-0.32020102773822234	6	2	6	2	TRUE	tanyázik	zik	TRUE
tanácsol	tanácsol	[/V][Prs.NDef.3Sg]	5526	8570080167	110698	0.8094259961225347	2.1111548900177817	8	3	8	3	TRUE	tanácsolik	lik	FALSE
tapad	tapad	[/V][Prs.NDef.3Sg]	33641	8570080167	80451	1.5938840125379228	1.9725465622590392	5	2	5	2	TRUE	tapadik	NA	FALSE
tapaszol	tapaszol	[/V][Prs.NDef.3Sg]	2	8570080167	173	-2.6319548887939765	-0.6949387813291624	8	3	8	3	TRUE	tapaszolik	lik	FALSE
tapasztal	tapasztal	[/V][Prs.NDef.3Sg]	36297	8570080167	740188	1.6268858469889858	2.9363571555337376	9	3	9	3	TRUE	tapasztalik	lik	FALSE
taperol	taperol	[/V][Prs.NDef.3Sg]	58	8570080167	1021	-1.169556890895021	0.07604085762895241	7	3	7	3	TRUE	taperolik	lik	FALSE
tapicskol	tapicskol	[/V][Prs.NDef.3Sg]	247	8570080167	2215	-0.5402879311982921	0.4123888461011305	9	3	9	3	TRUE	tapicskolik	lik	FALSE
tapicskál	tapicskál	[/V][Prs.NDef.3Sg]	13	8570080167	61	-1.819041532151121	-1.1476550494471909	9	3	9	3	TRUE	tapicskálik	lik	FALSE
tapiz	tapiz	[/V][Prs.NDef.3Sg]	32	8570080167	1822	-1.427834906138052	0.32756348817902164	5	2	5	2	TRUE	tapizik	zik	FALSE
tapod	tapod	[/V][Prs.NDef.3Sg]	232	8570080167	6318	-0.5674968995670582	0.8675947371111723	5	2	5	2	TRUE	tapodik	Vdik	FALSE
tapsikol	tapsikol	[/V][Prs.NDef.3Sg]	698	8570080167	4285	-0.08912946183479677	0.6989659418012591	8	3	8	3	TRUE	tapsikolik	lik	FALSE
tapsol	tapsol	[/V][Prs.NDef.3Sg]	5942	8570080167	50365	0.8409477630096874	1.769143953828923	6	2	6	2	TRUE	tapsolik	lik	FALSE
tapétáz	tapétáz	[/V][Prs.NDef.3Sg]	52	8570080167	2160	-1.2169815408231586	0.40146886669297305	7	3	7	3	TRUE	tapétázik	zik	FALSE
tarhál	tarhál	[/V][Prs.NDef.3Sg]	142	8570080167	904	-0.7806965400749013	0.02318354601740549	6	2	6	2	TRUE	tarhálik	lik	FALSE
tarisznyáz	tarisznyáz	[/V][Prs.NDef.3Sg]	3	8570080167	30	-2.455863629738295	-1.4558636297382954	10	3	10	3	TRUE	tarisznyázik	zik	FALSE
tarkáz	tarkáz	[/V][Prs.NDef.3Sg]	5	8570080167	304	-2.234014880121939	-0.4501113008492041	6	2	6	2	TRUE	tarkázik	zik	FALSE
tarlóz	tarlóz	[/V][Prs.NDef.3Sg]	4	8570080167	26	-2.3309248931299953	-1.5180115364871398	6	2	6	2	TRUE	tarlózik	zik	FALSE
tarol	tarol	[/V][Prs.NDef.3Sg]	5247	8570080167	31506	0.7869261797403811	1.5654083842127429	5	2	5	2	TRUE	tarolik	lik	FALSE
tartalmaz	tartalmaz	[/V][Prs.NDef.3Sg]	1066568	8570080167	2880728	3.095003665044629	3.526517369422676	9	3	9	3	TRUE	tartalmazik	zik	FALSE
tartalékol	tartalékol	[/V][Prs.NDef.3Sg]	1064	8570080167	12803	0.09395674350107154	1.1743268610327158	10	4	10	4	TRUE	tartalékolik	lik	FALSE
tasakol	tasakol	[/V][Prs.NDef.3Sg]	2	8570080167	52	-2.6319548887939765	-1.2169815408231586	7	3	7	3	TRUE	tasakolik	lik	FALSE
taszigál	taszigál	[/V][Prs.NDef.3Sg]	191	8570080167	2888	-0.6519515172102303	0.5276123044396437	8	3	8	3	TRUE	taszigálik	lik	FALSE
tataroz	tataroz	[/V][Prs.NDef.3Sg]	62	8570080167	2563	-1.140593194959704	0.4757637217262862	7	3	7	3	TRUE	tatarozik	zik	FALSE
tebelőled	tebelőled	[/V][Prs.NDef.3Sg]	1	8570080167	3	-2.932984884457958	-2.455863629738295	9	4	9	4	TRUE	tebelőledik	Vdik	FALSE
teelőtted	teelőtted	[/V][Prs.NDef.3Sg]	1	8570080167	8	-2.932984884457958	-2.0298948974660145	9	4	9	4	TRUE	teelőttedik	Vdik	FALSE
tegez	tegez	[/V][Prs.NDef.3Sg]	845	8570080167	10939	-0.00612817550826548	1.105992737874734	5	2	5	2	TRUE	tegezik	zik	FALSE
tejel	tejel	[/V][Prs.NDef.3Sg]	1003	8570080167	3230	0.06831604856246029	0.5762176378731451	5	2	5	2	TRUE	tejelik	lik	FALSE
tekercsel	tekercsel	[/V][Prs.NDef.3Sg]	247	8570080167	2623	-0.5402879311982921	0.48581340613239576	9	3	9	3	TRUE	tekercselik	lik	FALSE
telefonoz	telefonoz	[/V][Prs.NDef.3Sg]	69	8570080167	1292	-1.0941357937207026	0.17827762920110743	9	4	9	4	TRUE	telefonozik	zik	FALSE
telefonál	telefonál	[/V][Prs.NDef.3Sg]	10383	8570080167	86909	1.0833379695558325	2.006079868376749	9	4	9	4	TRUE	telefonálik	lik	FALSE
telegrafál	telegrafál	[/V][Prs.NDef.3Sg]	5	8570080167	100	-2.234014880121939	-0.9329848844579578	10	4	10	4	TRUE	telegrafálik	lik	FALSE
telekkönyvez	telekkönyvez	[/V][Prs.NDef.3Sg]	1	8570080167	196	-2.932984884457958	-0.6407288131014818	12	4	12	4	TRUE	telekkönyvezik	zik	FALSE
telel	telel	[/V][Prs.NDef.3Sg]	4892	8570080167	15777	0.75650156390629	1.265039541075162	5	2	5	2	TRUE	telelik	lik	FALSE
települ	települ	[/V][Prs.NDef.3Sg]	7652	8570080167	51102	0.9507900768973004	1.7754530131712054	7	3	7	3	TRUE	települik	lik	FALSE
teljesül	teljesül	[/V][Prs.NDef.3Sg]	61775	8570080167	191550	1.8578278696161592	2.349297271861139	8	3	8	3	TRUE	teljesülik	lik	FALSE
temperál	temperál	[/V][Prs.NDef.3Sg]	87	8570080167	5235	-0.9934656318393392	0.7859318015569033	8	3	8	3	TRUE	temperálik	lik	FALSE
templomoz	templomoz	[/V][Prs.NDef.3Sg]	7	8570080167	22	-2.087886844443701	-1.5905622036357516	9	3	9	3	TRUE	templomozik	zik	FALSE
tempíroz	tempíroz	[/V][Prs.NDef.3Sg]	1	8570080167	46	-2.932984884457958	-1.2702270527763837	8	3	8	3	TRUE	tempírozik	zik	FALSE
tendál	tendál	[/V][Prs.NDef.3Sg]	2183	8570080167	4280	0.4060688512511813	0.6984588845552142	6	2	6	2	TRUE	tendálik	lik	FALSE
tenmagad	tenmagad	[/V][Prs.NDef.3Sg]	148	8570080167	446	-0.7627231690630004	-0.283650025745816	8	3	8	3	TRUE	tenmagadik	NA	FALSE
tentikél	tentikél	[/V][Prs.NDef.3Sg]	4	8570080167	18	-2.3309248931299953	-1.6777123793546518	8	3	8	3	TRUE	tentikélik	lik	FALSE
tenyerel	tenyerel	[/V][Prs.NDef.3Sg]	255	8570080167	2194	-0.5264447040240027	0.4082517387807345	8	3	8	3	TRUE	tenyerelik	lik	FALSE
tercel	tercel	[/V][Prs.NDef.3Sg]	148	8570080167	319	-0.7627231690630004	-0.4291942014007767	6	2	6	2	TRUE	tercelik	lik	FALSE
tereferél	tereferél	[/V][Prs.NDef.3Sg]	56	8570080167	483	-1.1847968574517571	-0.2490377537064457	9	4	9	4	TRUE	tereferélik	lik	FALSE
terel	terel	[/V][Prs.NDef.3Sg]	4994	8570080167	137234	0.7654636535573711	2.204476837576616	5	2	5	2	TRUE	terelik	lik	FALSE
teremtettéz	teremtettéz	[/V][Prs.NDef.3Sg]	4	8570080167	20	-2.3309248931299953	-1.6319548887939763	11	4	11	4	TRUE	teremtettézik	zik	FALSE
terhel	terhel	[/V][Prs.NDef.3Sg]	17016	8570080167	414255	1.2978725924367147	2.684282874538799	6	2	6	2	TRUE	terhelik	lik	FALSE
terjed	terjed	[/V][Prs.NDef.3Sg]	265077	8570080167	532381	2.4903871623757756	2.7932376632041858	6	2	6	2	TRUE	terjedik	Vdik	FALSE
terjedez	terjedez	[/V][Prs.NDef.3Sg]	35	8570080167	98	-1.388916840107682	-0.9417588087654628	8	3	8	3	TRUE	terjedezik	zik	FALSE
termel	termel	[/V][Prs.NDef.3Sg]	82506	8570080167	313305	1.9835006479967048	2.562982441336873	6	2	6	2	TRUE	termelik	lik	FALSE
terminál	terminál	[/V][Prs.NDef.3Sg]	18	8570080167	98411	-1.6777123793546518	2.060058760439851	8	3	8	3	TRUE	terminálik	lik	FALSE
termékenyül	termékenyül	[/V][Prs.NDef.3Sg]	787	8570080167	1704	-0.03701015209889327	0.2984847059727235	11	4	11	4	TRUE	termékenyülik	lik	FALSE
termőföld	termőföld	[/V][Prs.NDef.3Sg]	25	8570080167	78935	-1.5350448757859203	1.964284728845748	9	3	9	3	TRUE	termőföldik	NA	FALSE
terrorizál	terrorizál	[/V][Prs.NDef.3Sg]	611	8570080167	10864	-0.14694367421540358	1.103004872478469	10	4	10	4	TRUE	terrorizálik	lik	FALSE
tervel	tervel	[/V][Prs.NDef.3Sg]	987	8570080167	3560	0.06133226821167893	0.6184651135149173	6	2	6	2	TRUE	tervelik	lik	FALSE
tervez	tervez	[/V][Prs.NDef.3Sg]	105488	8570080167	1266812	2.0902181739416696	3.169727284158162	6	2	6	2	TRUE	tervezik	zik	FALSE
terül	terül	[/V][Prs.NDef.3Sg]	40554	8570080167	64708	1.6750488123691791	1.8779730923633704	5	2	5	2	TRUE	terülik	lik	FALSE
tesped	tesped	[/V][Prs.NDef.3Sg]	351	8570080167	1771	-0.3876777679921337	0.31523367673211694	6	2	6	2	TRUE	tespedik	Vdik	FALSE
tessed	tessed	[/V][Prs.NDef.3Sg]	2	8570080167	7	-2.6319548887939765	-2.087886844443701	6	2	6	2	TRUE	tessedik	Vdik	FALSE
tessékel	tessékel	[/V][Prs.NDef.3Sg]	233	8570080167	3800	-0.5656289634319388	0.6467987121588523	8	3	8	3	TRUE	tessékelik	lik	FALSE
tessél	tessél	[/V][Prs.NDef.3Sg]	81	8570080167	92	-1.024499865579308	-0.9691970571124026	6	2	6	2	TRUE	tessélik	lik	FALSE
testesül	testesül	[/V][Prs.NDef.3Sg]	5424	8570080167	9661	0.8013347964010491	1.0520371976515774	8	3	8	3	TRUE	testesülik	lik	FALSE
testál	testál	[/V][Prs.NDef.3Sg]	110	8570080167	2477	-0.8915921992997328	0.4609411221278792	6	2	6	2	TRUE	testálik	lik	FALSE
tesz	tesz	[/V][Prs.NDef.3Sg]	1086612	8570080167	13867595	3.10308961239749	4.209016265238721	4	1	4	1	TRUE	teszik	szik	FALSE
teszel	teszel	[/V][Prs.NDef.3Sg]	1	8570080167	87	-2.932984884457958	-0.9934656318393392	6	2	6	2	TRUE	teszelik	lik	FALSE
tesztel	tesztel	[/V][Prs.NDef.3Sg]	8637	8570080167	253284	1.0033780351397863	2.4706228717313996	7	2	7	2	TRUE	tesztelik	lik	FALSE
tetejez	tetejez	[/V][Prs.NDef.3Sg]	1	8570080167	61	-2.932984884457958	-1.1476550494471909	7	3	7	3	TRUE	tetejezik	zik	FALSE
tetovál	tetovál	[/V][Prs.NDef.3Sg]	261	8570080167	20200	-0.5163443771196768	1.372366484988666	7	3	7	3	TRUE	tetoválik	lik	FALSE
tetéz	tetéz	[/V][Prs.NDef.3Sg]	1169	8570080167	27130	0.1348296267038823	1.5004649093036382	5	2	5	2	TRUE	tetézik	zik	FALSE
tetőled	tetőled	[/V][Prs.NDef.3Sg]	6	8570080167	13	-2.1548336340743144	-1.819041532151121	7	3	7	3	TRUE	tetőledik	Vdik	FALSE
tetőz	tetőz	[/V][Prs.NDef.3Sg]	237	8570080167	13145	-0.558236538447854	1.1857757059844236	5	2	5	2	TRUE	tetőzik	zik	FALSE
tezaurál	tezaurál	[/V][Prs.NDef.3Sg]	2	8570080167	29	-2.6319548887939765	-1.4705868865590015	8	4	8	4	TRUE	tezaurálik	lik	FALSE
tikkad	tikkad	[/V][Prs.NDef.3Sg]	87	8570080167	479	-0.9934656318393392	-0.25264937104339463	6	2	6	2	TRUE	tikkadik	NA	FALSE
tiktakol	tiktakol	[/V][Prs.NDef.3Sg]	44	8570080167	124	-1.2895322079717704	-0.8395631992957228	8	3	8	3	TRUE	tiktakolik	lik	FALSE
tilalmaz	tilalmaz	[/V][Prs.NDef.3Sg]	128	8570080167	1289	-0.8257749148100895	0.17726803289544518	8	3	8	3	TRUE	tilalmazik	zik	FALSE
tilol	tilol	[/V][Prs.NDef.3Sg]	19	8570080167	150	-1.654231283505129	-0.7568936254022766	5	2	5	2	TRUE	tilolik	lik	FALSE
tipizál	tipizál	[/V][Prs.NDef.3Sg]	136	8570080167	1848	-0.7994459760877403	0.3337170824261301	7	3	7	3	TRUE	tipizálik	lik	FALSE
tipologizál	tipologizál	[/V][Prs.NDef.3Sg]	7	8570080167	228	-2.087886844443701	-0.575050037457504	11	5	11	5	TRUE	tipologizálik	lik	FALSE
tippel	tippel	[/V][Prs.NDef.3Sg]	7619	8570080167	62045	0.9489130891150536	1.8597219044404003	6	2	6	2	TRUE	tippelik	lik	FALSE
tisztel	tisztel	[/V][Prs.NDef.3Sg]	10724	8570080167	255684	1.097371920852884	2.4747186674670028	7	2	7	2	TRUE	tisztelik	lik	FALSE
tisztul	tisztul	[/V][Prs.NDef.3Sg]	9234	8570080167	28071	1.0324049857571644	1.5152729997385108	7	2	7	2	TRUE	tisztulik	lik	FALSE
tisztáz	tisztáz	[/V][Prs.NDef.3Sg]	1164	8570080167	200631	0.13296809585591188	2.3694131533429643	7	2	7	2	TRUE	tisztázik	zik	FALSE
tisztítótűz	tisztítótűz	[/V][Prs.NDef.3Sg]	58	8570080167	8608	-1.169556890895021	1.001917373864356	11	4	11	4	TRUE	tisztítótűzik	zik	FALSE
titkol	titkol	[/V][Prs.NDef.3Sg]	2559	8570080167	66674	0.4750854014292276	1.8909716262520813	6	2	6	2	TRUE	titkolik	lik	FALSE
titrál	titrál	[/V][Prs.NDef.3Sg]	10	8570080167	616	-1.9329848844579576	-0.14340417229353233	6	2	6	2	TRUE	titrálik	lik	FALSE
titulál	titulál	[/V][Prs.NDef.3Sg]	764	8570080167	28635	-0.04989152588226789	1.52391230299139	7	3	7	3	TRUE	titulálik	lik	FALSE
tizedel	tizedel	[/V][Prs.NDef.3Sg]	95	8570080167	7092	-0.95526127916911	0.9177838424709224	7	3	7	3	TRUE	tizedelik	lik	FALSE
tiéid	tiéid	[/V][Prs.NDef.3Sg]	36	8570080167	621	-1.3766823836906703	-0.13989328428137762	5	3	5	3	TRUE	tiéidik	NA	FALSE
toboroz	toboroz	[/V][Prs.NDef.3Sg]	4610	8570080167	34306	0.7307160409316903	1.602385198821208	7	3	7	3	TRUE	toborozik	zik	FALSE
tojóz	tojóz	[/V][Prs.NDef.3Sg]	1	8570080167	29	-2.932984884457958	-1.4705868865590015	5	2	5	2	TRUE	tojózik	zik	FALSE
tol	tol	[/V][Prs.NDef.3Sg]	14710	8570080167	305857	1.2346277882695722	2.552533539975618	3	1	3	1	TRUE	tolik	lik	FALSE
told	told	[/V][Prs.NDef.3Sg]	3	8570080167	15107	-2.455863629738295	1.2461933447518363	4	1	4	1	TRUE	toldik	NA	FALSE
toldalékol	toldalékol	[/V][Prs.NDef.3Sg]	31	8570080167	408	-1.4416231906236852	-0.3223247213680779	10	4	10	4	TRUE	toldalékolik	lik	FALSE
toldoz	toldoz	[/V][Prs.NDef.3Sg]	54	8570080167	589	-1.2005911246349894	-0.1628695896708562	6	2	6	2	TRUE	toldozik	zik	FALSE
tolerál	tolerál	[/V][Prs.NDef.3Sg]	1837	8570080167	37300	0.3311242718478505	1.6387239473507298	7	3	7	3	TRUE	tolerálik	lik	FALSE
tollaz	tollaz	[/V][Prs.NDef.3Sg]	15	8570080167	172	-1.756893625402277	-0.6974564375504089	6	2	6	2	TRUE	tollazik	zik	FALSE
tolmácsol	tolmácsol	[/V][Prs.NDef.3Sg]	1415	8570080167	34756	0.2177715554023512	1.6080449040928948	9	3	9	3	TRUE	tolmácsolik	lik	FALSE
toloncol	toloncol	[/V][Prs.NDef.3Sg]	151	8570080167	4602	-0.7540079371647884	0.7299617298746668	8	3	8	3	TRUE	toloncolik	lik	FALSE
tolul	tolul	[/V][Prs.NDef.3Sg]	1165	8570080167	3422	0.13334104090407994	0.6012951207471237	5	2	5	2	TRUE	tolulik	lik	FALSE
tolvajol	tolvajol	[/V][Prs.NDef.3Sg]	4	8570080167	17	-2.3309248931299953	-1.702535963079684	8	3	8	3	TRUE	tolvajolik	lik	FALSE
tombol	tombol	[/V][Prs.NDef.3Sg]	28763	8570080167	64725	1.5258492968181705	1.878087174648952	6	2	6	2	TRUE	tombolik	lik	FALSE
tompul	tompul	[/V][Prs.NDef.3Sg]	1341	8570080167	4088	0.1944438933936411	0.6785260026686984	6	2	6	2	TRUE	tompulik	lik	FALSE
toporzékol	toporzékol	[/V][Prs.NDef.3Sg]	1117	8570080167	4313	0.11506828865765122	0.7017945736879938	10	4	10	4	TRUE	toporzékolik	lik	FALSE
topáz	topáz	[/V][Prs.NDef.3Sg]	23	8570080167	3159	-1.571257048440365	0.5665647414471912	5	2	5	2	TRUE	topázik	zik	FALSE
torlaszol	torlaszol	[/V][Prs.NDef.3Sg]	54	8570080167	2984	-1.2005911246349894	0.5418139343426733	9	3	9	3	TRUE	torlaszolik	lik	FALSE
tornyosul	tornyosul	[/V][Prs.NDef.3Sg]	4096	8570080167	12294	0.6793750635098165	1.1567083243268808	9	3	9	3	TRUE	tornyosulik	lik	FALSE
tornyoz	tornyoz	[/V][Prs.NDef.3Sg]	57	8570080167	867	-1.1771100287854663	0.00503421301825244	7	2	7	2	TRUE	tornyozik	zik	FALSE
torol	torol	[/V][Prs.NDef.3Sg]	558	8570080167	9673	-0.18635068552037903	1.0525763033153872	5	2	5	2	TRUE	torolik	lik	FALSE
torpedóz	torpedóz	[/V][Prs.NDef.3Sg]	19	8570080167	975	-1.654231283505129	0.056019731240579	8	3	8	3	TRUE	torpedózik	zik	FALSE
torzul	torzul	[/V][Prs.NDef.3Sg]	5689	8570080167	15416	0.8220510493098137	1.2549868171894387	6	2	6	2	TRUE	torzulik	lik	FALSE
totalizál	totalizál	[/V][Prs.NDef.3Sg]	14	8570080167	88	-1.7868568487797198	-0.9885022123077892	9	4	9	4	TRUE	totalizálik	lik	FALSE
továbbél	továbbél	[/V][Prs.NDef.3Sg]	645	8570080167	2910	-0.1234251698226901	0.5309081045279495	8	3	8	3	TRUE	továbbélik	lik	FALSE
traccsol	traccsol	[/V][Prs.NDef.3Sg]	25	8570080167	1433	-1.5350448757859203	0.22326130593938665	8	2	8	2	TRUE	traccsolik	lik	FALSE
trafikál	trafikál	[/V][Prs.NDef.3Sg]	50	8570080167	158	-1.234014880121939	-0.7343277975035353	8	3	8	3	TRUE	trafikálik	lik	FALSE
trafál	trafál	[/V][Prs.NDef.3Sg]	115	8570080167	1325	-0.8722870441043462	0.1892309938148688	6	2	6	2	TRUE	trafálik	lik	FALSE
traktál	traktál	[/V][Prs.NDef.3Sg]	461	8570080167	6110	-0.26928395906830965	0.8530563257845964	7	2	7	2	TRUE	traktálik	lik	FALSE
trancsíroz	trancsíroz	[/V][Prs.NDef.3Sg]	63	8570080167	835	-1.133644335004376	-0.01129840897435574	10	3	10	3	TRUE	trancsírozik	zik	FALSE
transzferál	transzferál	[/V][Prs.NDef.3Sg]	27	8570080167	1380	-1.5016211202989704	0.20689420194327868	11	3	11	3	TRUE	transzferálik	lik	FALSE
transzformál	transzformál	[/V][Prs.NDef.3Sg]	262	8570080167	5975	-0.5146835931382123	0.8433530251622174	12	3	12	3	TRUE	transzformálik	lik	FALSE
transzplantál	transzplantál	[/V][Prs.NDef.3Sg]	6	8570080167	1085	-2.1548336340743144	0.10244485372659046	13	3	13	3	TRUE	transzplantálik	lik	FALSE
transzponál	transzponál	[/V][Prs.NDef.3Sg]	46	8570080167	1623	-1.2702270527763837	0.27733363536827405	11	3	11	3	TRUE	transzponálik	lik	FALSE
trappol	trappol	[/V][Prs.NDef.3Sg]	552	8570080167	3147	-0.19104580672875893	0.5649118584552625	7	2	7	2	TRUE	trappolik	lik	FALSE
travesztál	travesztál	[/V][Prs.NDef.3Sg]	3	8570080167	53	-2.455863629738295	-1.2087090148571689	10	3	10	3	TRUE	travesztálik	lik	FALSE
treníroz	treníroz	[/V][Prs.NDef.3Sg]	109	8570080167	4032	-0.8955583865173342	0.6725356389795111	8	3	8	3	TRUE	trenírozik	zik	FALSE
tripláz	tripláz	[/V][Prs.NDef.3Sg]	42	8570080167	1620	-1.3097355940600577	0.2765301300846731	7	2	7	2	TRUE	triplázik	zik	FALSE
triumfál	triumfál	[/V][Prs.NDef.3Sg]	159	8570080167	600	-0.7315877601375064	-0.1548336340743142	8	3	8	3	TRUE	triumfálik	lik	FALSE
trombitál	trombitál	[/V][Prs.NDef.3Sg]	690	8570080167	4094	-0.09413579372070252	0.6791629538685291	9	3	9	3	TRUE	trombitálik	lik	FALSE
tromfol	tromfol	[/V][Prs.NDef.3Sg]	216	8570080167	1068	-0.5985311333070269	0.0955863682345798	7	2	7	2	TRUE	tromfolik	lik	FALSE
truccol	truccol	[/V][Prs.NDef.3Sg]	17	8570080167	53	-1.702535963079684	-1.2087090148571689	7	2	7	2	TRUE	truccolik	lik	FALSE
trágyáz	trágyáz	[/V][Prs.NDef.3Sg]	101	8570080167	3989	-0.9286635106753152	0.6678791518518817	7	2	7	2	TRUE	trágyázik	zik	FALSE
trébel	trébel	[/V][Prs.NDef.3Sg]	1	8570080167	64	-2.932984884457958	-1.1268049104740707	6	2	6	2	TRUE	trébelik	lik	FALSE
trécsel	trécsel	[/V][Prs.NDef.3Sg]	209	8570080167	1935	-0.6128385983469038	0.35369608489697235	7	2	7	2	TRUE	trécselik	lik	FALSE
tréfál	tréfál	[/V][Prs.NDef.3Sg]	1458	8570080167	7656	0.230772639523998	0.9510170403108292	6	2	6	2	TRUE	tréfálik	lik	FALSE
tréningez	tréningez	[/V][Prs.NDef.3Sg]	59	8570080167	5555	-1.1621328728158136	0.8116991788189286	9	3	9	3	TRUE	tréningezik	zik	FALSE
trógerol	trógerol	[/V][Prs.NDef.3Sg]	13	8570080167	202	-1.819041532151121	-0.627633515011334	8	3	8	3	TRUE	trógerolik	lik	FALSE
trónol	trónol	[/V][Prs.NDef.3Sg]	4296	8570080167	7640	0.7000793882335413	0.950108474117732	6	2	6	2	TRUE	trónolik	lik	FALSE
trüszköl	trüszköl	[/V][Prs.NDef.3Sg]	10	8570080167	20	-1.9329848844579576	-1.6319548887939763	8	2	8	2	TRUE	trüszkölik	lik	FALSE
tubákol	tubákol	[/V][Prs.NDef.3Sg]	26	8570080167	245	-1.5180115364871398	-0.5438188000934253	7	3	7	3	TRUE	tubákolik	lik	FALSE
tubál	tubál	[/V][Prs.NDef.3Sg]	2	8570080167	205	-2.6319548887939765	-0.6212310234022035	5	2	5	2	TRUE	tubálik	lik	FALSE
tud	tud	[/V][Prs.NDef.3Sg]	2396304	8570080167	23791975	3.4465570282357896	4.443445610374606	3	1	3	1	TRUE	tudik	NA	FALSE
tudakol	tudakol	[/V][Prs.NDef.3Sg]	29	8570080167	9198	-1.4705868865590015	1.030708520780061	7	3	7	3	TRUE	tudakolik	lik	FALSE
tudakoz	tudakoz	[/V][Prs.NDef.3Sg]	100	8570080167	768	-0.9329848844579578	-0.04762366442644582	7	3	7	3	TRUE	tudakozik	zik	TRUE
tukmál	tukmál	[/V][Prs.NDef.3Sg]	313	8570080167	5910	-0.43744054691150935	0.8386025964232975	6	2	6	2	TRUE	tukmálik	lik	FALSE
tulajdonol	tulajdonol	[/V][Prs.NDef.3Sg]	875	8570080167	4740	0.00902316856435538	0.7427934572161272	10	4	10	4	TRUE	tulajdonolik	lik	FALSE
tunkol	tunkol	[/V][Prs.NDef.3Sg]	101	8570080167	3351	-0.9286635106753152	0.5921895433773137	6	2	6	2	TRUE	tunkolik	lik	FALSE
tunyul	tunyul	[/V][Prs.NDef.3Sg]	49	8570080167	456	-1.2427888044294442	-0.27402004179352285	6	2	6	2	TRUE	tunyulik	lik	FALSE
tupíroz	tupíroz	[/V][Prs.NDef.3Sg]	32	8570080167	1369	-1.427834906138052	0.20341856367603217	7	3	7	3	TRUE	tupírozik	zik	FALSE
turbékol	turbékol	[/V][Prs.NDef.3Sg]	259	8570080167	1225	-0.519685120376706	0.15515120424259346	8	3	8	3	TRUE	turbékolik	lik	FALSE
turkál	turkál	[/V][Prs.NDef.3Sg]	1955	8570080167	15024	0.35816187727392773	1.243800690464078	6	2	6	2	TRUE	turkálik	lik	FALSE
tuskóz	tuskóz	[/V][Prs.NDef.3Sg]	1	8570080167	36	-2.932984884457958	-1.3766823836906703	6	2	6	2	TRUE	tuskózik	zik	FALSE
tusol	tusol	[/V][Prs.NDef.3Sg]	271	8570080167	4042	-0.5000155935835521	0.6736114247213273	5	2	5	2	TRUE	tusolik	lik	FALSE
tussol	tussol	[/V][Prs.NDef.3Sg]	29	8570080167	1074	-1.4705868865590015	0.09801939690557895	6	2	6	2	TRUE	tussolik	lik	FALSE
tuszkol	tuszkol	[/V][Prs.NDef.3Sg]	212	8570080167	6617	-0.6066490235292064	0.8876762501856377	7	2	7	2	TRUE	tuszkolik	lik	FALSE
tusáz	tusáz	[/V][Prs.NDef.3Sg]	2	8570080167	129	-2.6319548887939765	-0.8223951741587089	5	2	5	2	TRUE	tusázik	zik	FALSE
tutajoz	tutajoz	[/V][Prs.NDef.3Sg]	4	8570080167	84	-2.3309248931299953	-1.0087055983960762	7	3	7	3	TRUE	tutajozik	zik	FALSE
tutul	tutul	[/V][Prs.NDef.3Sg]	72	8570080167	333	-1.0756523880266893	-0.410540650951638	5	2	5	2	TRUE	tutulik	lik	FALSE
tvisztel	tvisztel	[/V][Prs.NDef.3Sg]	14	8570080167	79	-1.7868568487797198	-1.0353577931675164	8	2	8	2	TRUE	tvisztelik	lik	FALSE
tábláz	tábláz	[/V][Prs.NDef.3Sg]	30	8570080167	5671	-1.4558636297382954	0.8206747628280409	6	2	6	2	TRUE	táblázik	zik	FALSE
táboroz	táboroz	[/V][Prs.NDef.3Sg]	121	8570080167	143	-0.8501995141415077	-0.777648846992896	7	3	7	3	TRUE	táborozik	zik	TRUE
tágul	tágul	[/V][Prs.NDef.3Sg]	11804	8570080167	25571	1.139044316369964	1.4747628277682157	5	2	5	2	TRUE	tágulik	lik	FALSE
tájol	tájol	[/V][Prs.NDef.3Sg]	71	8570080167	4952	-1.0817265357388826	0.7617957515541037	5	2	5	2	TRUE	tájolik	lik	FALSE
tákol	tákol	[/V][Prs.NDef.3Sg]	161	8570080167	2773	-0.7261590084261081	0.5099649851199038	5	2	5	2	TRUE	tákolik	lik	FALSE
tálal	tálal	[/V][Prs.NDef.3Sg]	2381	8570080167	157190	0.4437745109469221	2.2634400294912376	5	2	5	2	TRUE	tálalik	lik	FALSE
támad	támad	[/V][Prs.NDef.3Sg]	94458	8570080167	523523	2.042253861375575	2.785950881888635	5	2	5	2	TRUE	támadik	NA	FALSE
táncol	táncol	[/V][Prs.NDef.3Sg]	29394	8570080167	214996	1.5352738053820163	2.399445495485147	6	2	6	2	TRUE	táncolik	lik	FALSE
tángál	tángál	[/V][Prs.NDef.3Sg]	12	8570080167	203	-1.853803638410333	-0.6254888465447449	6	2	6	2	TRUE	tángálik	lik	FALSE
tányéroz	tányéroz	[/V][Prs.NDef.3Sg]	8	8570080167	148	-2.0298948974660145	-0.7627231690630004	8	3	8	3	TRUE	tányérozik	zik	FALSE
táplál	táplál	[/V][Prs.NDef.3Sg]	16844	8570080167	150811	1.2934603482902696	2.2454481352261504	6	2	6	2	TRUE	táplálik	lik	FALSE
tárcsáz	tárcsáz	[/V][Prs.NDef.3Sg]	642	8570080167	17147	-0.12544985638910458	1.3012032633952442	7	2	7	2	TRUE	tárcsázik	zik	FALSE
tárgyal	tárgyal	[/V][Prs.NDef.3Sg]	36271	8570080167	379507	1.626574644888538	2.646234906401568	7	2	7	2	TRUE	tárgyalik	lik	FALSE
tárgyiasul	tárgyiasul	[/V][Prs.NDef.3Sg]	514	8570080167	1623	-0.2220217654626821	0.27733363536827405	10	4	10	4	TRUE	tárgyiasulik	lik	FALSE
tárol	tárol	[/V][Prs.NDef.3Sg]	32808	8570080167	447970	1.5829948718214704	2.718264046346637	5	2	5	2	TRUE	tárolik	lik	FALSE
tároz	tároz	[/V][Prs.NDef.3Sg]	37	8570080167	783	-1.3647831603909628	-0.03922312240001442	5	2	5	2	TRUE	tározik	zik	FALSE
társul	társul	[/V][Prs.NDef.3Sg]	66448	8570080167	119041	1.889497029307845	2.1427116820356615	6	2	6	2	TRUE	társulik	lik	FALSE
tárul	tárul	[/V][Prs.NDef.3Sg]	49670	8570080167	81379	1.7631092755372657	1.977527464402265	5	2	5	2	TRUE	tárulik	lik	FALSE
táviratoz	táviratoz	[/V][Prs.NDef.3Sg]	18	8570080167	19	-1.6777123793546518	-1.654231283505129	9	4	9	4	TRUE	táviratozik	zik	TRUE
téblábol	téblábol	[/V][Prs.NDef.3Sg]	1290	8570080167	5615	0.1776048258412911	0.8163648761395187	8	3	8	3	TRUE	téblábolik	lik	FALSE
tébolyul	tébolyul	[/V][Prs.NDef.3Sg]	8	8570080167	756	-2.0298948974660145	-0.05446308895675132	8	3	8	3	TRUE	tébolyulik	lik	FALSE
tégláz	tégláz	[/V][Prs.NDef.3Sg]	3	8570080167	91	-2.455863629738295	-0.9739434921368644	6	2	6	2	TRUE	téglázik	zik	FALSE
tékozol	tékozol	[/V][Prs.NDef.3Sg]	265	8570080167	2853	-0.50973901052115	0.5223168871991185	7	3	7	3	TRUE	tékozolik	lik	FALSE
tépdel	tépdel	[/V][Prs.NDef.3Sg]	16	8570080167	95	-1.728864901802033	-0.95526127916911	6	2	6	2	TRUE	tépdelik	lik	FALSE
tépked	tépked	[/V][Prs.NDef.3Sg]	152	8570080167	7914	-0.7511412965131853	0.9654111614720512	6	2	6	2	TRUE	tépkedik	Vdik	FALSE
tépáz	tépáz	[/V][Prs.NDef.3Sg]	84	8570080167	3505	-1.0087055983960762	0.6117031378447196	5	2	5	2	TRUE	tépázik	zik	FALSE
térdel	térdel	[/V][Prs.NDef.3Sg]	4492	8570080167	28310	0.7194548631314623	1.518954984907145	6	2	6	2	TRUE	térdelik	lik	FALSE
térdepel	térdepel	[/V][Prs.NDef.3Sg]	945	8570080167	4598	0.04244692405130512	0.7295840824753024	8	3	8	3	TRUE	térdepelik	lik	FALSE
térképez	térképez	[/V][Prs.NDef.3Sg]	212	8570080167	19148	-0.6066490235292064	1.349138534351953	8	3	8	3	TRUE	térképezik	zik	FALSE
térül	térül	[/V][Prs.NDef.3Sg]	12240	8570080167	23087	1.1547965333515846	1.4303826184855284	5	2	5	2	TRUE	térülik	lik	FALSE
tételez	tételez	[/V][Prs.NDef.3Sg]	3311	8570080167	31069	0.5869742962941106	1.5593423906357349	7	3	7	3	TRUE	tételezik	zik	FALSE
tétováz	tétováz	[/V][Prs.NDef.3Sg]	161	8570080167	10247	-0.7261590084261081	1.077611851748567	7	3	7	3	TRUE	tétovázik	zik	FALSE
téved	téved	[/V][Prs.NDef.3Sg]	43531	8570080167	243797	1.7058137594854164	2.45404347272489	5	2	5	2	TRUE	tévedik	Vdik	FALSE
tízszerez	tízszerez	[/V][Prs.NDef.3Sg]	2	8570080167	230	-2.6319548887939765	-0.571257048440365	9	3	9	3	TRUE	tízszerezik	zik	FALSE
tódul	tódul	[/V][Prs.NDef.3Sg]	2392	8570080167	9810	0.44577629085841536	1.0586841229219908	5	2	5	2	TRUE	tódulik	lik	FALSE
többszöröz	többszöröz	[/V][Prs.NDef.3Sg]	46	8570080167	5310	-1.2702270527763837	0.7921096366235112	10	3	10	3	TRUE	többszörözik	zik	FALSE
tököl	tököl	[/V][Prs.NDef.3Sg]	619	8570080167	20031	-0.1412942354378399	1.3687177464951872	5	2	5	2	TRUE	tökölik	lik	FALSE
töltőtoll	töltőtoll	[/V][Prs.NDef.3Sg]	1	8570080167	4194	-2.932984884457958	0.6896435416713672	9	3	9	3	TRUE	töltőtollik	NA	FALSE
tömjénez	tömjénez	[/V][Prs.NDef.3Sg]	54	8570080167	1200	-1.2005911246349894	0.146196361589667	8	3	8	3	TRUE	tömjénezik	zik	FALSE
tömköd	tömköd	[/V][Prs.NDef.3Sg]	110	8570080167	3331	-0.8915921992997328	0.589589748233219	6	2	6	2	TRUE	tömködik	Vdik	FALSE
tömörül	tömörül	[/V][Prs.NDef.3Sg]	2042	8570080167	17090	0.3770708532929336	1.299757178262779	7	3	7	3	TRUE	tömörülik	lik	FALSE
tönkremenetel	tönkremenetel	[/V][Prs.NDef.3Sg]	10	8570080167	6905	-1.9329848844579576	0.9061787984566922	13	5	13	5	TRUE	tönkremenetelik	lik	FALSE
tönkretesz	tönkretesz	[/V][Prs.NDef.3Sg]	2698	8570080167	100651	0.4980570608779276	2.069833209643263	10	3	10	3	TRUE	tönkreteszik	szik	FALSE
tönkrezúz	tönkrezúz	[/V][Prs.NDef.3Sg]	11	8570080167	264	-1.8915921992997329	-0.5113809575881267	9	3	9	3	TRUE	tönkrezúzik	zik	FALSE
töpped	töpped	[/V][Prs.NDef.3Sg]	137	8570080167	753	-0.796264317301551	-0.05618990825725725	6	2	6	2	TRUE	töppedik	Vdik	FALSE
tördel	tördel	[/V][Prs.NDef.3Sg]	387	8570080167	13567	-0.3452739194390464	1.1994989405426042	6	2	6	2	TRUE	tördelik	lik	FALSE
törpül	törpül	[/V][Prs.NDef.3Sg]	600	8570080167	1605	-0.1548336340743142	0.27249015228293305	6	2	6	2	TRUE	törpülik	lik	FALSE
törzskönyvel	törzskönyvel	[/V][Prs.NDef.3Sg]	176	8570080167	176	-0.687472216643808	-0.687472216643808	12	3	12	3	TRUE	törzskönyvelik	lik	FALSE
törzskönyvez	törzskönyvez	[/V][Prs.NDef.3Sg]	32	8570080167	3596	-1.427834906138052	0.6228347986032333	12	3	12	3	TRUE	törzskönyvezik	zik	FALSE
töröl	töröl	[/V][Prs.NDef.3Sg]	9621	8570080167	591419	1.050235330190145	2.838910388154543	5	2	5	2	TRUE	törölik	lik	FALSE
törül	törül	[/V][Prs.NDef.3Sg]	70	8570080167	2493	-1.087886844443701	0.4637373940458156	5	2	5	2	TRUE	törülik	lik	FALSE
túldimenzionál	túldimenzionál	[/V][Prs.NDef.3Sg]	9	8570080167	1906	-1.978742375018633	0.3471380118443498	14	6	14	6	TRUE	túldimenzionálik	lik	FALSE
túloz	túloz	[/V][Prs.NDef.3Sg]	2500	8570080167	21194	0.4649551242140798	1.3932280455414725	5	2	5	2	TRUE	túlozik	zik	FALSE
túlél	túlél	[/V][Prs.NDef.3Sg]	4627	8570080167	148218	0.7323146150419393	2.237916064299912	5	2	5	2	TRUE	túlélik	lik	FALSE
tükröz	tükröz	[/V][Prs.NDef.3Sg]	19436	8570080167	314133	1.3556220059330109	2.564128677426365	6	2	6	2	TRUE	tükrözik	zik	FALSE
tülköl	tülköl	[/V][Prs.NDef.3Sg]	158	8570080167	758	-0.7343277975035353	-0.05331567882590429	6	2	6	2	TRUE	tülkölik	lik	FALSE
tündököl	tündököl	[/V][Prs.NDef.3Sg]	8725	8570080167	30593	1.0077805511732596	1.5526371822476157	8	3	8	3	TRUE	tündökölik	lik	FALSE
tüszköl	tüszköl	[/V][Prs.NDef.3Sg]	94	8570080167	172	-0.9598570308582592	-0.6974564375504089	7	2	7	2	TRUE	tüszkölik	lik	FALSE
tüzel	tüzel	[/V][Prs.NDef.3Sg]	4399	8570080167	30493	0.7103690775189051	1.5512152693056735	5	2	5	2	TRUE	tüzelik	lik	FALSE
tőkehal	tőkehal	[/V][Prs.NDef.3Sg]	3	8570080167	5628	-2.455863629738295	0.8173692043047502	7	3	7	3	TRUE	tőkehalik	lik	FALSE
től	től	[/V][Prs.NDef.3Sg]	806	8570080167	55276	-0.02664984265286718	1.8095517237001384	3	1	3	1	TRUE	tőlik	lik	FALSE
tőled	tőled	[/V][Prs.NDef.3Sg]	460	8570080167	1622	-0.27022705277638376	0.27706596541717937	5	2	5	2	TRUE	tőledik	Vdik	FALSE
tőröz	tőröz	[/V][Prs.NDef.3Sg]	1	8570080167	22	-2.932984884457958	-1.5905622036357516	5	2	5	2	TRUE	tőrözik	zik	FALSE
tőzegel	tőzegel	[/V][Prs.NDef.3Sg]	2	8570080167	33	-2.6319548887939765	-1.4144709445800705	7	3	7	3	TRUE	tőzegelik	lik	FALSE
tűz	tűz	[/V][Prs.NDef.3Sg]	17518	8570080167	931641	1.3104996375485003	3.0362637084166475	3	1	3	1	TRUE	tűzik	zik	FALSE
tűzdel	tűzdel	[/V][Prs.NDef.3Sg]	48	8570080167	6853	-1.2517436470823706	0.9028958473594368	6	2	6	2	TRUE	tűzdelik	lik	FALSE
tűzköd	tűzköd	[/V][Prs.NDef.3Sg]	2	8570080167	230	-2.6319548887939765	-0.571257048440365	6	2	6	2	TRUE	tűzködik	Vdik	FALSE
tűzvész	tűzvész	[/V][Prs.NDef.3Sg]	3	8570080167	29512	-2.455863629738295	1.5370137577607892	7	2	7	2	TRUE	tűzvészik	szik	FALSE
udvarol	udvarol	[/V][Prs.NDef.3Sg]	3961	8570080167	20881	0.6648199579463351	1.3867664089183618	7	3	7	3	TRUE	udvarolik	lik	FALSE
ugarol	ugarol	[/V][Prs.NDef.3Sg]	3	8570080167	151	-2.455863629738295	-0.7540079371647884	6	3	6	3	TRUE	ugarolik	lik	FALSE
ugrabugrál	ugrabugrál	[/V][Prs.NDef.3Sg]	653	8570080167	3051	-0.1180717031828839	0.5514573231844492	10	4	10	4	TRUE	ugrabugrálik	lik	FALSE
ugrál	ugrál	[/V][Prs.NDef.3Sg]	16149	8570080167	79442	1.2751607500773925	1.967065284791075	5	2	5	2	TRUE	ugrálik	lik	FALSE
ugyanebből	ugyanebből	[/V][Prs.NDef.3Sg]	55	8570080167	171	-1.192622194963714	-0.6999887740658041	10	4	10	4	TRUE	ugyanebbőlik	lik	FALSE
ugyanerről	ugyanerről	[/V][Prs.NDef.3Sg]	24	8570080167	132	-1.552773642746352	-0.812410953252108	10	4	10	4	TRUE	ugyanerrőlik	lik	FALSE
ugyanettől	ugyanettől	[/V][Prs.NDef.3Sg]	25	8570080167	44	-1.5350448757859203	-1.2895322079717704	10	4	10	4	TRUE	ugyanettőlik	lik	FALSE
ul	ul	[/V][Prs.NDef.3Sg]	19465	8570080167	52516	1.356269523596223	1.787306755197032	2	1	2	1	TRUE	ulik	lik	FALSE
uniformizál	uniformizál	[/V][Prs.NDef.3Sg]	223	8570080167	1408	-0.5846800214097971	0.21561777034813556	11	5	11	5	TRUE	uniformizálik	lik	FALSE
unszol	unszol	[/V][Prs.NDef.3Sg]	307	8570080167	3453	-0.4458465089807714	0.6052116938914964	6	2	6	2	TRUE	unszolik	lik	FALSE
ural	ural	[/V][Prs.NDef.3Sg]	9820	8570080167	145011	1.0591266033289919	2.228416063005324	4	2	4	2	TRUE	uralik	lik	FALSE
uraz	uraz	[/V][Prs.NDef.3Sg]	25	8570080167	754	-1.5350448757859203	-0.05561353858818377	4	2	4	2	TRUE	urazik	zik	FALSE
urbanizál	urbanizál	[/V][Prs.NDef.3Sg]	4	8570080167	238	-2.3309248931299953	-0.5564079274014458	9	4	9	4	TRUE	urbanizálik	lik	FALSE
urizál	urizál	[/V][Prs.NDef.3Sg]	198	8570080167	815	-0.6363196941964268	-0.02182727571798122	6	3	6	3	TRUE	urizálik	lik	FALSE
utal	utal	[/V][Prs.NDef.3Sg]	369341	8570080167	940286	2.6344426362593856	3.040275085450411	4	2	4	2	TRUE	utalik	lik	FALSE
utalványoz	utalványoz	[/V][Prs.NDef.3Sg]	196	8570080167	2016	-0.6407288131014818	0.3715056433155299	10	4	10	4	TRUE	utalványozik	zik	FALSE
utilizál	utilizál	[/V][Prs.NDef.3Sg]	2	8570080167	18	-2.6319548887939765	-1.6777123793546518	8	4	8	4	TRUE	utilizálik	lik	FALSE
utál	utál	[/V][Prs.NDef.3Sg]	10153	8570080167	213316	1.0736095017261793	2.3960385469460235	4	2	4	2	TRUE	utálik	lik	FALSE
utánanéz	utánanéz	[/V][Prs.NDef.3Sg]	3623	8570080167	58222	0.626083449576579	1.832102235470754	8	4	8	4	TRUE	utánanézik	zik	FALSE
utánoz	utánoz	[/V][Prs.NDef.3Sg]	2552	8570080167	63014	0.4738957855911669	1.866452164158759	6	3	6	3	TRUE	utánozik	zik	FALSE
uzsonnál	uzsonnál	[/V][Prs.NDef.3Sg]	7	8570080167	43	-2.087886844443701	-1.2995164288783714	8	3	8	3	TRUE	uzsonnálik	lik	FALSE
vacakol	vacakol	[/V][Prs.NDef.3Sg]	1943	8570080167	13952	0.3554879161418247	1.211651583130534	7	3	7	3	TRUE	vacakolik	lik	FALSE
vacillál	vacillál	[/V][Prs.NDef.3Sg]	725	8570080167	5933	-0.07264687788696413	0.840289463879496	8	3	8	3	TRUE	vacillálik	lik	FALSE
vackol	vackol	[/V][Prs.NDef.3Sg]	103	8570080167	966	-0.9201476597527856	0.05199224195753548	6	2	6	2	TRUE	vackolik	lik	FALSE
vacsorál	vacsorál	[/V][Prs.NDef.3Sg]	278	8570080167	1937	-0.4889400885398816	0.354144736261153	8	3	8	3	TRUE	vacsorálik	lik	FALSE
vadul	vadul	[/V][Prs.NDef.3Sg]	98	8570080167	2797	-0.9417588087654628	0.5137075819135694	5	2	5	2	TRUE	vadulik	lik	FALSE
vagdal	vagdal	[/V][Prs.NDef.3Sg]	147	8570080167	6011	-0.7656675497097818	0.8459618435106588	6	2	6	2	TRUE	vagdalik	lik	FALSE
vagonoz	vagonoz	[/V][Prs.NDef.3Sg]	1	8570080167	8	-2.932984884457958	-2.0298948974660145	7	3	7	3	TRUE	vagonozik	zik	FALSE
vagoníroz	vagoníroz	[/V][Prs.NDef.3Sg]	9	8570080167	548	-1.978742375018633	-0.1942043259735887	9	4	9	4	TRUE	vagonírozik	zik	FALSE
vajaz	vajaz	[/V][Prs.NDef.3Sg]	48	8570080167	3534	-1.2517436470823706	0.6152816607127874	5	2	5	2	TRUE	vajazik	zik	FALSE
vakerol	vakerol	[/V][Prs.NDef.3Sg]	5	8570080167	48	-2.234014880121939	-1.2517436470823706	7	3	7	3	TRUE	vakerolik	lik	FALSE
vakol	vakol	[/V][Prs.NDef.3Sg]	136	8570080167	5817	-0.7994459760877403	0.83171417934041	5	2	5	2	TRUE	vakolik	lik	FALSE
vakszol	vakszol	[/V][Prs.NDef.3Sg]	3	8570080167	122	-2.455863629738295	-0.8466250537832096	7	2	7	2	TRUE	vakszolik	lik	FALSE
vakul	vakul	[/V][Prs.NDef.3Sg]	587	8570080167	3359	-0.16434678321034332	0.5932251193837065	5	2	5	2	TRUE	vakulik	lik	FALSE
vall	vall	[/V][Prs.NDef.3Sg]	65506	8570080167	539503	1.8832961964124604	2.7990089795374744	4	1	4	1	TRUE	vallik	NA	FALSE
valorizál	valorizál	[/V][Prs.NDef.3Sg]	15	8570080167	405	-1.756893625402277	-0.3255298612432893	9	4	9	4	TRUE	valorizálik	lik	FALSE
valósul	valósul	[/V][Prs.NDef.3Sg]	182343	8570080167	436620	2.327904211298641	2.7071187408471373	7	3	7	3	TRUE	valósulik	lik	FALSE
variál	variál	[/V][Prs.NDef.3Sg]	1187	8570080167	45040	0.1414658344966334	1.720613497385332	6	3	6	3	TRUE	variálik	lik	FALSE
varázsol	varázsol	[/V][Prs.NDef.3Sg]	22362	8570080167	230449	1.4165257586795257	2.429589943448777	8	3	8	3	TRUE	varázsolik	lik	FALSE
vasal	vasal	[/V][Prs.NDef.3Sg]	1432	8570080167	33122	0.22295813351387897	1.5871316683752756	5	2	5	2	TRUE	vasalik	lik	FALSE
vasaz	vasaz	[/V][Prs.NDef.3Sg]	2	8570080167	133	-2.6319548887939765	-0.809133243490872	5	2	5	2	TRUE	vasazik	zik	FALSE
vattáz	vattáz	[/V][Prs.NDef.3Sg]	1	8570080167	98	-2.932984884457958	-0.9417588087654628	6	2	6	2	TRUE	vattázik	zik	FALSE
vedel	vedel	[/V][Prs.NDef.3Sg]	900	8570080167	7771	0.02125762498136702	0.9574920245022128	5	2	5	2	TRUE	vedelik	lik	FALSE
vegetál	vegetál	[/V][Prs.NDef.3Sg]	3181	8570080167	9196	0.5695787846494055	1.0306140781392836	7	3	7	3	TRUE	vegetálik	lik	FALSE
vegyül	vegyül	[/V][Prs.NDef.3Sg]	10020	8570080167	24363	1.0678828370732691	1.4537458807518735	6	2	6	2	TRUE	vegyülik	lik	FALSE
vegzál	vegzál	[/V][Prs.NDef.3Sg]	221	8570080167	4917	-0.5885926107728471	0.7587153238322037	6	2	6	2	TRUE	vegzálik	lik	FALSE
vendégel	vendégel	[/V][Prs.NDef.3Sg]	235	8570080167	7110	-0.5619170221862215	0.9188847162718085	8	3	8	3	TRUE	vendégelik	lik	FALSE
vendégszerepel	vendégszerepel	[/V][Prs.NDef.3Sg]	5066	8570080167	15523	0.7716803009965714	1.2579907730272866	14	5	14	5	TRUE	vendégszerepelik	lik	FALSE
ventilál	ventilál	[/V][Prs.NDef.3Sg]	38	8570080167	227	-1.3532012878411477	-0.5769590272648352	8	3	8	3	TRUE	ventilálik	lik	FALSE
verbuvál	verbuvál	[/V][Prs.NDef.3Sg]	317	8570080167	3094	-0.4319256222402063	0.5575354249053909	8	3	8	3	TRUE	verbuválik	lik	FALSE
verifikál	verifikál	[/V][Prs.NDef.3Sg]	33	8570080167	850	-1.4144709445800705	-0.00356595874366508	9	4	9	4	TRUE	verifikálik	lik	FALSE
verkliz	verkliz	[/V][Prs.NDef.3Sg]	3	8570080167	51	-2.455863629738295	-1.2254147083600215	7	2	7	2	TRUE	verklizik	zik	FALSE
vermel	vermel	[/V][Prs.NDef.3Sg]	70	8570080167	578	-1.087886844443701	-0.17105704603742883	6	2	6	2	TRUE	vermelik	lik	FALSE
vernyákol	vernyákol	[/V][Prs.NDef.3Sg]	102	8570080167	307	-0.9243847126960404	-0.4458465089807714	9	3	9	3	TRUE	vernyákolik	lik	FALSE
versel	versel	[/V][Prs.NDef.3Sg]	1054	8570080167	5210	0.08985572641856995	0.7838528388415666	6	2	6	2	TRUE	verselik	lik	FALSE
versenyez	versenyez	[/V][Prs.NDef.3Sg]	23178	8570080167	173148	1.4320910740705062	2.305432595002571	9	3	9	3	TRUE	versenyezik	zik	FALSE
verzál	verzál	[/V][Prs.NDef.3Sg]	246	8570080167	366	-0.5420497773545787	-0.3695037990635472	6	2	6	2	TRUE	verzálik	lik	FALSE
vesszőz	vesszőz	[/V][Prs.NDef.3Sg]	10	8570080167	302	-1.9329848844579576	-0.4529779415008072	7	2	7	2	TRUE	vesszőzik	zik	FALSE
vesz	vesz	[/V][Prs.NDef.3Sg]	801215	8570080167	11427201	2.970764186912767	4.124954982060056	4	1	4	1	TRUE	veszik	szik	FALSE
vész	veszik	[/V][Prs.NDef.3Sg]	50187	8570080167	167484	1.7676063514236249	2.2909884400873817	4	1	6	2	TRUE	vészik	szik	FALSE
vesztegel	vesztegel	[/V][Prs.NDef.3Sg]	2775	8570080167	8756	0.5102781030007373	1.0093208684379362	9	3	9	3	TRUE	vesztegelik	lik	FALSE
veséz	veséz	[/V][Prs.NDef.3Sg]	53	8570080167	4443	-1.2087090148571689	0.714691428782913	5	2	5	2	TRUE	vesézik	zik	FALSE
veteményez	veteményez	[/V][Prs.NDef.3Sg]	47	8570080167	557	-1.2608870265222405	-0.1871296892842289	10	4	10	4	TRUE	veteményezik	zik	FALSE
vetél	vetél	[/V][Prs.NDef.3Sg]	296	8570080167	1789	-0.4616931733990192	0.3196254561094151	5	2	5	2	TRUE	vetélik	lik	FALSE
vetül	vetül	[/V][Prs.NDef.3Sg]	7126	8570080167	12766	0.9198609335570388	1.1730699556358286	5	2	5	2	TRUE	vetülik	lik	FALSE
vezekel	vezekel	[/V][Prs.NDef.3Sg]	825	8570080167	6716	-0.01653093590803274	0.8941258030080533	7	3	7	3	TRUE	vezekelik	lik	FALSE
vezényel	vezényel	[/V][Prs.NDef.3Sg]	12043	8570080167	88761	1.1477498018951853	2.015237301982088	8	3	8	3	TRUE	vezényelik	lik	FALSE
vezérel	vezérel	[/V][Prs.NDef.3Sg]	12737	8570080167	150041	1.1720822643521651	2.2432250655357544	7	3	7	3	TRUE	vezérelik	lik	FALSE
viaszol	viaszol	[/V][Prs.NDef.3Sg]	9	8570080167	749	-1.978742375018633	-0.05850306675849135	7	3	7	3	TRUE	viaszolik	lik	FALSE
viaszoz	viaszoz	[/V][Prs.NDef.3Sg]	3	8570080167	92	-2.455863629738295	-0.9691970571124026	7	3	7	3	TRUE	viaszozik	zik	FALSE
vibrál	vibrál	[/V][Prs.NDef.3Sg]	7500	8570080167	14563	0.9420763789337424	1.2302659650546728	6	2	6	2	TRUE	vibrálik	lik	FALSE
viccel	viccel	[/V][Prs.NDef.3Sg]	50	8570080167	34359	-1.234014880121939	1.6030556309805892	6	2	6	2	TRUE	viccelik	lik	FALSE
vidul	vidul	[/V][Prs.NDef.3Sg]	326	8570080167	1640	-0.4197672843900188	0.28185896358974005	5	2	5	2	TRUE	vidulik	lik	FALSE
vigad	vigad	[/V][Prs.NDef.3Sg]	1139	8570080167	6314	0.12353883962114257	0.8673196930982408	5	2	5	2	TRUE	vigadik	NA	FALSE
vigasztal	vigasztal	[/V][Prs.NDef.3Sg]	8469	8570080167	50181	0.994847248408624	1.767554427166999	9	3	9	3	TRUE	vigasztalik	lik	FALSE
vigyáz	vigyáz	[/V][Prs.NDef.3Sg]	38095	8570080167	423581	1.6478830934510722	2.693951586854216	6	2	6	2	TRUE	vigyázik	zik	FALSE
viharoz	viharoz	[/V][Prs.NDef.3Sg]	8	8570080167	117	-2.0298948974660145	-0.8647990227117962	7	3	7	3	TRUE	viharozik	zik	FALSE
viháncol	viháncol	[/V][Prs.NDef.3Sg]	290	8570080167	2043	-0.47058688655900177	0.37728348217448976	8	3	8	3	TRUE	viháncolik	lik	FALSE
vikszel	vikszel	[/V][Prs.NDef.3Sg]	10	8570080167	64	-1.9329848844579576	-1.1268049104740707	7	2	7	2	TRUE	vikszelik	lik	FALSE
villamoz	villamoz	[/V][Prs.NDef.3Sg]	1	8570080167	8	-2.932984884457958	-2.0298948974660145	8	3	8	3	TRUE	villamozik	zik	FALSE
villanyoz	villanyoz	[/V][Prs.NDef.3Sg]	310	8570080167	2206	-0.4416231906236851	0.41062062364621393	9	3	9	3	TRUE	villanyozik	zik	FALSE
világol	világol	[/V][Prs.NDef.3Sg]	1083	8570080167	1903	0.10164357216736256	0.3464539038290626	7	3	7	3	TRUE	világolik	lik	FALSE
vindikál	vindikál	[/V][Prs.NDef.3Sg]	171	8570080167	1876	-0.6999887740658041	0.3402479495850878	8	3	8	3	TRUE	vindikálik	lik	FALSE
virrad	virrad	[/V][Prs.NDef.3Sg]	3320	8570080167	9070	0.5881531992460785	1.024622402602137	6	2	6	2	TRUE	virradik	NA	FALSE
virul	virul	[/V][Prs.NDef.3Sg]	9187	8570080167	17325	1.0301888319172938	1.3056883588258863	5	2	5	2	TRUE	virulik	lik	FALSE
virágoz	virágoz	[/V][Prs.NDef.3Sg]	18	8570080167	22	-1.6777123793546518	-1.5905622036357516	7	3	7	3	TRUE	virágozik	zik	TRUE
visel	visel	[/V][Prs.NDef.3Sg]	63475	8570080167	848951	1.869617825087802	2.995897739774527	5	2	5	2	TRUE	viselik	lik	FALSE
vissz	vissz	[/V][Prs.NDef.3Sg]	260	8570080167	2684	-0.5180115364871398	0.4957976270389966	5	1	5	1	TRUE	visszik	szik	FALSE
visszacsempész	visszacsempész	[/V][Prs.NDef.3Sg]	35	8570080167	3263	-1.388916840107682	0.5806321893299171	14	4	14	4	TRUE	visszacsempészik	szik	FALSE
visszakézből	visszakézből	[/V][Prs.NDef.3Sg]	6	8570080167	36	-2.1548336340743144	-1.3766823836906703	12	4	12	4	TRUE	visszakézbőlik	lik	FALSE
visszaél	visszaél	[/V][Prs.NDef.3Sg]	8961	8570080167	53836	1.019371592865833	1.7980878999960397	8	3	8	3	TRUE	visszaélik	lik	FALSE
visszhangoz	visszhangoz	[/V][Prs.NDef.3Sg]	122	8570080167	9598	-0.8466250537832096	1.0491958611384449	11	3	11	3	TRUE	visszhangozik	zik	FALSE
visszleszámítol	visszleszámítol	[/V][Prs.NDef.3Sg]	14	8570080167	17	-1.7868568487797198	-1.702535963079684	15	5	15	5	TRUE	visszleszámítolik	lik	FALSE
visz	visz	[/V][Prs.NDef.3Sg]	163769	8570080167	2117193	2.2812468127034182	3.3927755649712297	4	1	4	1	TRUE	viszik	szik	FALSE
viszonoz	viszonoz	[/V][Prs.NDef.3Sg]	468	8570080167	39216	-0.2627390313838338	1.6604784094500449	8	3	8	3	TRUE	viszonozik	zik	FALSE
viszonyul	viszonyul	[/V][Prs.NDef.3Sg]	29543	8570080167	87853	1.5374697100146413	2.0107717118935615	9	3	9	3	TRUE	viszonyulik	lik	FALSE
visítoz	visítoz	[/V][Prs.NDef.3Sg]	9	8570080167	10	-1.978742375018633	-1.9329848844579576	7	3	7	3	TRUE	visítozik	zik	TRUE
vitelez	vitelez	[/V][Prs.NDef.3Sg]	19	8570080167	897	-1.654231283505129	0.01980755858613425	7	3	7	3	TRUE	vitelezik	zik	FALSE
vitáz	vitáz	[/V][Prs.NDef.3Sg]	127	8570080167	23434	-0.829181163502001	1.4368615411282433	5	2	5	2	TRUE	vitázik	zik	FALSE
vivátoz	vivátoz	[/V][Prs.NDef.3Sg]	6	8570080167	21	-2.1548336340743144	-1.6107655897240385	7	3	7	3	TRUE	vivátozik	zik	FALSE
vizel	vizel	[/V][Prs.NDef.3Sg]	1678	8570080167	8565	0.2918070720347236	0.9997424828435716	5	2	5	2	TRUE	vizelik	lik	FALSE
vizez	vizez	[/V][Prs.NDef.3Sg]	52	8570080167	3780	-1.2169815408231586	0.6445069153792675	5	2	5	2	TRUE	vizezik	zik	FALSE
vizionál	vizionál	[/V][Prs.NDef.3Sg]	2972	8570080167	17710	0.5400639206305798	1.3152336767321169	8	4	8	4	TRUE	vizionálik	lik	FALSE
vizitel	vizitel	[/V][Prs.NDef.3Sg]	154	8570080167	1430	-0.7454641636214947	0.222351153007104	7	3	7	3	TRUE	vizitelik	lik	FALSE
vizitál	vizitál	[/V][Prs.NDef.3Sg]	449	8570080167	1649	-0.28073854345463467	0.28423577118656096	7	3	7	3	TRUE	vizitálik	lik	FALSE
vizsgál	vizsgál	[/V][Prs.NDef.3Sg]	13631	8570080167	991610	1.2015428333393805	3.0633560133503317	7	2	7	2	TRUE	vizsgálik	lik	FALSE
voksol	voksol	[/V][Prs.NDef.3Sg]	2937	8570080167	42392	0.5349190620648424	1.6942990220483154	6	2	6	2	TRUE	voksolik	lik	FALSE
vonalaz	vonalaz	[/V][Prs.NDef.3Sg]	39	8570080167	463	-1.3419202774314587	-0.26740389344000476	7	3	7	3	TRUE	vonalazik	zik	FALSE
vonalkáz	vonalkáz	[/V][Prs.NDef.3Sg]	1	8570080167	96	-2.932984884457958	-0.9507136514183894	8	3	8	3	TRUE	vonalkázik	zik	FALSE
vonaloz	vonaloz	[/V][Prs.NDef.3Sg]	7	8570080167	21	-2.087886844443701	-1.6107655897240385	7	3	7	3	TRUE	vonalozik	zik	FALSE
vonatol	vonatol	[/V][Prs.NDef.3Sg]	1	8570080167	5	-2.932984884457958	-2.234014880121939	7	3	7	3	TRUE	vonatolik	lik	FALSE
vonszol	vonszol	[/V][Prs.NDef.3Sg]	889	8570080167	19099	0.01591687651225587	1.3480257442635255	7	2	7	2	TRUE	vonszolik	lik	FALSE
vonul	vonul	[/V][Prs.NDef.3Sg]	41237	8570080167	331272	1.6823021782922922	2.587199845238106	5	2	5	2	TRUE	vonulik	lik	FALSE
vonz	vonz	[/V][Prs.NDef.3Sg]	55618	8570080167	266603	1.8122304833031808	2.4928801476270666	4	1	4	1	TRUE	vonzik	zik	FALSE
vulgarizál	vulgarizál	[/V][Prs.NDef.3Sg]	6	8570080167	164	-2.1548336340743144	-0.71814103641026	10	4	10	4	TRUE	vulgarizálik	lik	FALSE
vulkanizál	vulkanizál	[/V][Prs.NDef.3Sg]	20	8570080167	344	-1.6319548887939763	-0.39642644188642767	10	4	10	4	TRUE	vulkanizálik	lik	FALSE
vádol	vádol	[/V][Prs.NDef.3Sg]	7239	8570080167	165138	0.9266936921704904	2.2848621360573333	5	2	5	2	TRUE	vádolik	lik	FALSE
vájkál	vájkál	[/V][Prs.NDef.3Sg]	506	8570080167	2718	-0.22883436761815876	0.5012645679385177	6	2	6	2	TRUE	vájkálik	lik	FALSE
válaszol	válaszol	[/V][Prs.NDef.3Sg]	141678	8570080167	1118492	2.218317533041575	3.115647997699966	8	3	8	3	TRUE	válaszolik	lik	FALSE
váll	váll	[/V][Prs.NDef.3Sg]	4	8570080167	352613	-2.3309248931299953	2.614313435201855	4	1	4	1	TRUE	vállik	NA	FALSE
vállal	vállal	[/V][Prs.NDef.3Sg]	379639	8570080167	1735065	2.6463859363014532	3.306330864762623	6	2	6	2	TRUE	vállalik	lik	FALSE
vámkezel	vámkezel	[/V][Prs.NDef.3Sg]	22	8570080167	1327	-1.5905622036357516	0.1898860384064777	8	3	8	3	TRUE	vámkezelik	lik	FALSE
vámol	vámol	[/V][Prs.NDef.3Sg]	29	8570080167	1532	-1.4705868865590015	0.2522738808386273	5	2	5	2	TRUE	vámolik	lik	FALSE
vándorol	vándorol	[/V][Prs.NDef.3Sg]	15494	8570080167	79860	1.2571786671727472	1.9693444214003608	8	3	8	3	TRUE	vándorolik	lik	FALSE
ványol	ványol	[/V][Prs.NDef.3Sg]	16	8570080167	90	-1.728864901802033	-0.9787423750186328	6	2	6	2	TRUE	ványolik	lik	FALSE
vásárol	vásárol	[/V][Prs.NDef.3Sg]	96498	8570080167	1223253	2.051533427870655	3.154531405072606	7	3	7	3	TRUE	vásárolik	lik	FALSE
vázlatol	vázlatol	[/V][Prs.NDef.3Sg]	4	8570080167	139	-2.3309248931299953	-0.7899700842038627	8	3	8	3	TRUE	vázlatolik	lik	FALSE
vázol	vázol	[/V][Prs.NDef.3Sg]	5017	8570080167	64459	0.7674592165697937	1.8762986792400669	5	2	5	2	TRUE	vázolik	lik	FALSE
véd	véd	[/V][Prs.NDef.3Sg]	85520	8570080167	750932	1.999082807742764	2.9426157271642497	3	1	3	1	TRUE	védik	NA	FALSE
védelmez	védelmez	[/V][Prs.NDef.3Sg]	2932	8570080167	45792	0.5341790815111325	1.7278047276217243	8	3	8	3	TRUE	védelmezik	zik	FALSE
végez	végez	[/V][Prs.NDef.3Sg]	230530	8570080167	3074085	2.4297425658172416	3.5547309873331585	5	2	5	2	TRUE	végezik	zik	FALSE
véghezvisz	véghezvisz	[/V][Prs.NDef.3Sg]	1608	8570080167	31217	0.2733011599544746	1.5614062799299329	10	3	10	3	TRUE	véghezviszik	szik	FALSE
végigböngész	végigböngész	[/V][Prs.NDef.3Sg]	13	8570080167	7067	-1.819041532151121	0.9162502068567646	12	4	12	4	TRUE	végigböngészik	szik	FALSE
végül	végül	[/V][Prs.NDef.3Sg]	1	8570080167	2129482	-2.932984884457958	3.395289088980355	5	2	5	2	TRUE	végülik	lik	FALSE
vékonyul	vékonyul	[/V][Prs.NDef.3Sg]	50	8570080167	88	-1.234014880121939	-0.9885022123077892	8	3	8	3	TRUE	vékonyulik	lik	FALSE
vél	vél	[/V][Prs.NDef.3Sg]	8336	8570080167	591235	0.9879728214974914	2.83877525110632	3	1	3	1	TRUE	vélik	lik	FALSE
vélelmez	vélelmez	[/V][Prs.NDef.3Sg]	406	8570080167	16416	-0.3244588508807637	1.2822824589737645	8	3	8	3	TRUE	vélelmezik	zik	FALSE
véleményez	véleményez	[/V][Prs.NDef.3Sg]	1752	8570080167	67371	0.3105492173741041	1.8954881092545055	10	4	10	4	TRUE	véleményezik	zik	FALSE
vénül	vénül	[/V][Prs.NDef.3Sg]	442	8570080167	1425	-0.28756261510886594	0.2208299798865712	5	2	5	2	TRUE	vénülik	lik	FALSE
vérez	vérez	[/V][Prs.NDef.3Sg]	161	8570080167	344	-0.7261590084261081	-0.39642644188642767	5	2	5	2	TRUE	vérezik	zik	FALSE
vértez	vértez	[/V][Prs.NDef.3Sg]	272	8570080167	10487	-0.4984159804237591	1.087666383546384	6	2	6	2	TRUE	vértezik	zik	FALSE
vészel	vészel	[/V][Prs.NDef.3Sg]	167	8570080167	20259	-0.7102684133103745	1.373633119981887	6	2	6	2	TRUE	vészelik	lik	FALSE
vételez	vételez	[/V][Prs.NDef.3Sg]	1282	8570080167	6707	0.17490314072484076	0.8935434218826936	7	3	7	3	TRUE	vételezik	zik	FALSE
vétóz	vétóz	[/V][Prs.NDef.3Sg]	142	8570080167	1753	-0.7806965400749013	0.31079703163583705	5	2	5	2	TRUE	vétózik	zik	FALSE
vízszintez	vízszintez	[/V][Prs.NDef.3Sg]	5	8570080167	157	-2.234014880121939	-0.7370852320487241	10	3	10	3	TRUE	vízszintezik	zik	FALSE
völgyel	völgyel	[/V][Prs.NDef.3Sg]	34	8570080167	52	-1.4015059674157029	-1.2169815408231586	7	2	7	2	TRUE	völgyelik	lik	FALSE
xeroxoz	xeroxoz	[/V][Prs.NDef.3Sg]	4	8570080167	27	-2.3309248931299953	-1.5016211202989704	7	3	7	3	TRUE	xeroxozik	zik	FALSE
zabol	zabol	[/V][Prs.NDef.3Sg]	79	8570080167	114	-1.0353577931675164	-0.8760800331214852	5	2	5	2	TRUE	zabolik	lik	FALSE
zaboláz	zaboláz	[/V][Prs.NDef.3Sg]	47	8570080167	1637	-1.2608870265222405	0.2810637949539836	7	3	7	3	TRUE	zabolázik	zik	FALSE
zabrál	zabrál	[/V][Prs.NDef.3Sg]	16	8570080167	309	-1.728864901802033	-0.4430264050331232	6	2	6	2	TRUE	zabrálik	lik	FALSE
zabál	zabál	[/V][Prs.NDef.3Sg]	3630	8570080167	25475	0.6269217405781548	1.473129308220506	5	2	5	2	TRUE	zabálik	lik	FALSE
zacskóz	zacskóz	[/V][Prs.NDef.3Sg]	10	8570080167	528	-1.9329848844579576	-0.21035096192414557	7	2	7	2	TRUE	zacskózik	zik	FALSE
zagyvál	zagyvál	[/V][Prs.NDef.3Sg]	297	8570080167	1262	-0.4602284351407455	0.16807447045015764	7	2	7	2	TRUE	zagyválik	lik	FALSE
zakatol	zakatol	[/V][Prs.NDef.3Sg]	6161	8570080167	12661	0.8566663243354518	1.169483124330059	7	3	7	3	TRUE	zakatolik	lik	FALSE
zarándokol	zarándokol	[/V][Prs.NDef.3Sg]	1599	8570080167	13493	0.27086357928827687	1.1971236359029789	10	4	10	4	TRUE	zarándokolik	lik	FALSE
zendül	zendül	[/V][Prs.NDef.3Sg]	1429	8570080167	2585	0.22204734433301243	0.4794756629720035	6	2	6	2	TRUE	zendülik	lik	FALSE
zengedez	zengedez	[/V][Prs.NDef.3Sg]	237	8570080167	1674	-0.558236538447854	0.29077056919928335	8	3	8	3	TRUE	zengedezik	zik	FALSE
zenél	zenél	[/V][Prs.NDef.3Sg]	12838	8570080167	95694	1.1755124868903013	2.0478998239711292	5	2	5	2	TRUE	zenélik	lik	FALSE
zihál	zihál	[/V][Prs.NDef.3Sg]	1521	8570080167	10492	0.24914432959504057	1.087873397460358	5	2	5	2	TRUE	zihálik	lik	FALSE
zilál	zilál	[/V][Prs.NDef.3Sg]	96	8570080167	2497	-0.9507136514183894	0.46443365789339	5	2	5	2	TRUE	zilálik	lik	FALSE
zománcoz	zománcoz	[/V][Prs.NDef.3Sg]	3	8570080167	224	-2.455863629738295	-0.5827368661237949	8	3	8	3	TRUE	zománcozik	zik	FALSE
zongorál	zongorál	[/V][Prs.NDef.3Sg]	27	8570080167	176	-1.5016211202989704	-0.687472216643808	8	3	8	3	TRUE	zongorálik	lik	FALSE
zrikál	zrikál	[/V][Prs.NDef.3Sg]	44	8570080167	827	-1.2895322079717704	-0.01547937490541114	6	2	6	2	TRUE	zrikálik	lik	FALSE
zsaluz	zsaluz	[/V][Prs.NDef.3Sg]	7	8570080167	225	-2.087886844443701	-0.5808023663465953	6	2	6	2	TRUE	zsaluzik	zik	FALSE
zsarol	zsarol	[/V][Prs.NDef.3Sg]	1955	8570080167	20411	0.35816187727392773	1.3768793982514	6	2	6	2	TRUE	zsarolik	lik	FALSE
zsebel	zsebel	[/V][Prs.NDef.3Sg]	773	8570080167	18124	-0.04480539053963291	1.3252691690491905	6	2	6	2	TRUE	zsebelik	lik	FALSE
zsendül	zsendül	[/V][Prs.NDef.3Sg]	417	8570080167	810	-0.31284882948420034	-0.02449986557930809	7	2	7	2	TRUE	zsendülik	lik	FALSE
zseníroz	zseníroz	[/V][Prs.NDef.3Sg]	25	8570080167	134	-1.5350448757859203	-0.8058800860931502	8	3	8	3	TRUE	zsenírozik	zik	FALSE
zsibbad	zsibbad	[/V][Prs.NDef.3Sg]	4180	8570080167	8023	0.6881913973170773	0.9713519077445372	7	2	7	2	TRUE	zsibbadik	NA	FALSE
zsibbadoz	zsibbadoz	[/V][Prs.NDef.3Sg]	15	8570080167	59	-1.756893625402277	-1.1621328728158136	9	3	9	3	TRUE	zsibbadozik	zik	FALSE
zsigerel	zsigerel	[/V][Prs.NDef.3Sg]	39	8570080167	1395	-1.3419202774314587	0.21158932315165851	8	3	8	3	TRUE	zsigerelik	lik	FALSE
zsinatol	zsinatol	[/V][Prs.NDef.3Sg]	13	8570080167	129	-1.819041532151121	-0.8223951741587089	8	3	8	3	TRUE	zsinatolik	lik	FALSE
zsindelyez	zsindelyez	[/V][Prs.NDef.3Sg]	4	8570080167	169	-2.3309248931299953	-0.7050981798442842	10	3	10	3	TRUE	zsindelyezik	zik	FALSE
zsinegel	zsinegel	[/V][Prs.NDef.3Sg]	6	8570080167	31	-2.1548336340743144	-1.4416231906236852	8	3	8	3	TRUE	zsinegelik	lik	FALSE
zsinóroz	zsinóroz	[/V][Prs.NDef.3Sg]	5	8570080167	109	-2.234014880121939	-0.8955583865173342	8	3	8	3	TRUE	zsinórozik	zik	FALSE
zsirál	zsirál	[/V][Prs.NDef.3Sg]	3	8570080167	13	-2.455863629738295	-1.819041532151121	6	2	6	2	TRUE	zsirálik	lik	FALSE
zsolozsmáz	zsolozsmáz	[/V][Prs.NDef.3Sg]	7	8570080167	602	-2.087886844443701	-0.1533883932001333	10	3	10	3	TRUE	zsolozsmázik	zik	FALSE
zsuppol	zsuppol	[/V][Prs.NDef.3Sg]	3	8570080167	386	-2.455863629738295	-0.3463975797862029	7	2	7	2	TRUE	zsuppolik	lik	FALSE
zsurmol	zsurmol	[/V][Prs.NDef.3Sg]	1	8570080167	8	-2.932984884457958	-2.0298948974660145	7	2	7	2	TRUE	zsurmolik	lik	FALSE
zsákmányol	zsákmányol	[/V][Prs.NDef.3Sg]	1131	8570080167	16141	0.1204777204674975	1.2749455530550131	10	3	10	3	TRUE	zsákmányolik	lik	FALSE
zsákol	zsákol	[/V][Prs.NDef.3Sg]	367	8570080167	3652	-0.3683188202058685	0.6295458844043035	6	2	6	2	TRUE	zsákolik	lik	FALSE
zsémbel	zsémbel	[/V][Prs.NDef.3Sg]	117	8570080167	436	-0.8647990227117962	-0.2934983951893718	7	2	7	2	TRUE	zsémbelik	lik	FALSE
zsíroz	zsíroz	[/V][Prs.NDef.3Sg]	96	8570080167	4148	-0.9507136514183894	0.6848538632590455	6	2	6	2	TRUE	zsírozik	zik	FALSE
zsörtöl	zsörtöl	[/V][Prs.NDef.3Sg]	60	8570080167	97	-1.1548336340743142	-0.946213150191713	7	2	7	2	TRUE	zsörtölik	lik	FALSE
zsúfol	zsúfol	[/V][Prs.NDef.3Sg]	169	8570080167	9225	-0.7050981798442842	1.03198149037314	6	2	6	2	TRUE	zsúfolik	lik	FALSE
zsúpol	zsúpol	[/V][Prs.NDef.3Sg]	2	8570080167	17	-2.6319548887939765	-1.702535963079684	6	2	6	2	TRUE	zsúpolik	lik	FALSE
zsűriz	zsűriz	[/V][Prs.NDef.3Sg]	79	8570080167	6664	-1.0353577931675164	0.8907501039407734	6	2	6	2	TRUE	zsűrizik	zik	TRUE
zuhanyoz	zuhanyoz	[/V][Prs.NDef.3Sg]	103	8570080167	898	-0.9201476597527856	0.0202914522093465	8	3	8	3	TRUE	zuhanyozik	zik	TRUE
zupál	zupál	[/V][Prs.NDef.3Sg]	5	8570080167	35	-2.234014880121939	-1.388916840107682	5	2	5	2	TRUE	zupálik	lik	FALSE
zálogol	zálogol	[/V][Prs.NDef.3Sg]	9	8570080167	50	-1.978742375018633	-1.234014880121939	7	3	7	3	TRUE	zálogolik	lik	FALSE
záporoz	záporoz	[/V][Prs.NDef.3Sg]	94	8570080167	8974	-0.9598570308582592	1.0200011807390976	7	3	7	3	TRUE	záporozik	zik	FALSE
zápul	zápul	[/V][Prs.NDef.3Sg]	37	8570080167	107	-1.3647831603909628	-0.9036011067727482	5	2	5	2	TRUE	zápulik	lik	FALSE
záradékol	záradékol	[/V][Prs.NDef.3Sg]	28	8570080167	2121	-1.4858268531157386	0.393555784058604	9	4	9	4	TRUE	záradékolik	lik	FALSE
zárol	zárol	[/V][Prs.NDef.3Sg]	498	8570080167	32679	-0.2357555416982403	1.5812838738942594	5	2	5	2	TRUE	zárolik	lik	FALSE
zárul	zárul	[/V][Prs.NDef.3Sg]	66827	8570080167	189091	1.8919670807404052	2.343685974141952	5	2	5	2	TRUE	zárulik	lik	FALSE
zárójelez	zárójelez	[/V][Prs.NDef.3Sg]	4	8570080167	220	-2.3309248931299953	-0.5905622036357516	9	4	9	4	TRUE	zárójelezik	zik	FALSE
zárótűz	zárótűz	[/V][Prs.NDef.3Sg]	12	8570080167	908	-1.853803638410333	0.02510096406312724	7	3	7	3	TRUE	zárótűzik	zik	FALSE
zászlóz	zászlóz	[/V][Prs.NDef.3Sg]	3	8570080167	121	-2.455863629738295	-0.8501995141415077	7	2	7	2	TRUE	zászlózik	zik	FALSE
zöcsköl	zöcsköl	[/V][Prs.NDef.3Sg]	3	8570080167	12	-2.455863629738295	-1.853803638410333	7	2	7	2	TRUE	zöcskölik	lik	FALSE
zöldell	zöldell	[/V][Prs.NDef.3Sg]	2056	8570080167	5789	0.3800382258652803	0.8296186651088456	7	2	7	2	TRUE	zöldellik	NA	FALSE
zöldül	zöldül	[/V][Prs.NDef.3Sg]	1874	8570080167	4745	0.3397847020938016	0.7432513323053537	6	2	6	2	TRUE	zöldülik	lik	FALSE
zöngicsél	zöngicsél	[/V][Prs.NDef.3Sg]	25	8570080167	67	-1.5350448757859203	-1.1069100817571311	9	3	9	3	TRUE	zöngicsélik	lik	FALSE
zördül	zördül	[/V][Prs.NDef.3Sg]	98	8570080167	456	-0.9417588087654628	-0.27402004179352285	6	2	6	2	TRUE	zördülik	lik	FALSE
zörömböl	zörömböl	[/V][Prs.NDef.3Sg]	44	8570080167	188	-1.2895322079717704	-0.658827035194278	8	3	8	3	TRUE	zörömbölik	lik	FALSE
zötyköl	zötyköl	[/V][Prs.NDef.3Sg]	32	8570080167	107	-1.427834906138052	-0.9036011067727482	7	2	7	2	TRUE	zötykölik	lik	FALSE
zúdul	zúdul	[/V][Prs.NDef.3Sg]	8787	8570080167	24662	1.0108557419433033	1.4590434089592217	5	2	5	2	TRUE	zúdulik	lik	FALSE
zúz	zúz	[/V][Prs.NDef.3Sg]	2194	8570080167	28156	0.4082517387807345	1.516586072073253	3	1	3	1	TRUE	zúzik	zik	FALSE
ábrándul	ábrándul	[/V][Prs.NDef.3Sg]	249	8570080167	2295	-0.5367855373622215	0.42779780541532225	8	3	8	3	TRUE	ábrándulik	lik	FALSE
ábrázol	ábrázol	[/V][Prs.NDef.3Sg]	27289	8570080167	216846	1.5030027368682553	2.4031665309871655	7	3	7	3	TRUE	ábrázolik	lik	FALSE
ácsol	ácsol	[/V][Prs.NDef.3Sg]	332	8570080167	4935	-0.4118468007539215	0.7603022725476977	5	2	5	2	TRUE	ácsolik	lik	FALSE
ágyal	ágyal	[/V][Prs.NDef.3Sg]	149	8570080167	198	-0.7597986160456838	-0.6363196941964268	5	2	5	2	TRUE	ágyalik	lik	FALSE
ágyaz	ágyaz	[/V][Prs.NDef.3Sg]	1161	8570080167	24734	0.13184733528061598	1.4603094719943712	5	2	5	2	TRUE	ágyazik	zik	FALSE
ágyútűz	ágyútűz	[/V][Prs.NDef.3Sg]	163	8570080167	2268	-0.720797280054	0.4226581657629111	7	3	7	3	TRUE	ágyútűzik	zik	FALSE
ágyúz	ágyúz	[/V][Prs.NDef.3Sg]	21	8570080167	1330	-1.6107655897240385	0.19086675650912793	5	2	5	2	TRUE	ágyúzik	zik	FALSE
ágál	ágál	[/V][Prs.NDef.3Sg]	1422	8570080167	5083	0.21991471193578968	0.7731352252447458	4	2	4	2	TRUE	ágálik	lik	FALSE
ájul	ájul	[/V][Prs.NDef.3Sg]	903	8570080167	13417	0.02270286585554792	1.194670535317249	4	2	4	2	TRUE	ájulik	lik	FALSE
álcáz	álcáz	[/V][Prs.NDef.3Sg]	199	8570080167	23501	-0.6341318080482512	1.438101458036836	5	2	5	2	TRUE	álcázik	zik	FALSE
áld	áld	[/V][Prs.NDef.3Sg]	3047	8570080167	82743	0.5508875697647158	1.9847463785340496	3	1	3	1	TRUE	áldik	NA	FALSE
áldoz	áldoz	[/V][Prs.NDef.3Sg]	9026	8570080167	128969	1.0225104447261693	2.1775004479586477	5	2	5	2	TRUE	áldozik	zik	FALSE
áll	áll	[/V][Prs.NDef.3Sg]	3663747	8570080167	7886892	3.630940591373665	3.9639210093508	3	1	3	1	TRUE	állik	NA	FALSE
álldogál	álldogál	[/V][Prs.NDef.3Sg]	4798	8570080167	20598	0.7480753591738539	1.3808401693514358	8	3	8	3	TRUE	álldogálik	lik	FALSE
állványoz	állványoz	[/V][Prs.NDef.3Sg]	7	8570080167	825	-2.087886844443701	-0.01653093590803274	9	3	9	3	TRUE	állványozik	zik	FALSE
általad	általad	[/V][Prs.NDef.3Sg]	153437	8570080167	153842	2.2529452141265645	2.254090032789872	7	3	7	3	TRUE	általadik	NA	FALSE
ámul	ámul	[/V][Prs.NDef.3Sg]	1622	8570080167	21851	0.27706596541717937	1.4064864325713258	4	2	4	2	TRUE	ámulik	lik	FALSE
ápol	ápol	[/V][Prs.NDef.3Sg]	25485	8570080167	174723	1.4732997534667691	2.309365193482095	4	2	4	2	TRUE	ápolik	lik	FALSE
árad	árad	[/V][Prs.NDef.3Sg]	47218	8570080167	80515	1.741122703380921	1.972891912808925	4	2	4	2	TRUE	áradik	NA	FALSE
áradoz	áradoz	[/V][Prs.NDef.3Sg]	52	8570080167	2127	-1.2169815408231586	0.3947826054447711	6	3	6	3	TRUE	áradozik	zik	FALSE
áramol	áramol	[/V][Prs.NDef.3Sg]	107	8570080167	117	-0.9036011067727482	-0.8647990227117962	6	3	6	3	TRUE	áramolik	lik	FALSE
áraz	áraz	[/V][Prs.NDef.3Sg]	767	8570080167	14513	-0.04818952050897688	1.2287723108037694	4	2	4	2	TRUE	árazik	zik	FALSE
árendál	árendál	[/V][Prs.NDef.3Sg]	22	8570080167	150	-1.5905622036357516	-0.7568936254022766	7	3	7	3	TRUE	árendálik	lik	FALSE
árkol	árkol	[/V][Prs.NDef.3Sg]	38	8570080167	566	-1.3532012878411477	-0.1801684532696864	5	2	5	2	TRUE	árkolik	lik	FALSE
árnyal	árnyal	[/V][Prs.NDef.3Sg]	707	8570080167	33599	-0.0835654706610584	1.5933414673085309	6	2	6	2	TRUE	árnyalik	lik	FALSE
árnyékol	árnyékol	[/V][Prs.NDef.3Sg]	1333	8570080167	18579	0.1918452649559014	1.336037450271276	8	3	8	3	TRUE	árnyékolik	lik	FALSE
árnyékoz	árnyékoz	[/V][Prs.NDef.3Sg]	188	8570080167	273	-0.658827035194278	-0.49682223741720183	8	3	8	3	TRUE	árnyékozik	zik	FALSE
árul	árul	[/V][Prs.NDef.3Sg]	34093	8570080167	339829	1.599680334022933	2.5982755530608532	4	2	4	2	TRUE	árulik	lik	FALSE
árverez	árverez	[/V][Prs.NDef.3Sg]	2342	8570080167	9201	0.43660200627838647	1.03085014624419	7	3	7	3	TRUE	árverezik	zik	FALSE
árvul	árvul	[/V][Prs.NDef.3Sg]	53	8570080167	286	-1.2087090148571689	-0.4766188513289148	5	2	5	2	TRUE	árvulik	lik	FALSE
áskál	áskál	[/V][Prs.NDef.3Sg]	20	8570080167	113	-1.6319548887939763	-0.8799064409745381	5	2	5	2	TRUE	áskálik	lik	FALSE
átall	átall	[/V][Prs.NDef.3Sg]	1488	8570080167	8725	0.23961804675190207	1.0077805511732596	5	2	5	2	TRUE	átallik	NA	FALSE
átböngész	átböngész	[/V][Prs.NDef.3Sg]	16	8570080167	3801	-1.728864901802033	0.646912985145146	9	3	9	3	TRUE	átböngészik	szik	FALSE
átdolgoz	átdolgoz	[/V][Prs.NDef.3Sg]	105	8570080167	30303	-0.9117955853880196	1.5485007413694556	8	3	8	3	TRUE	átdolgozik	zik	FALSE
átfed	átfed	[/V][Prs.NDef.3Sg]	622	8570080167	5306	-0.13919449976713916	0.7917823611883525	5	2	5	2	TRUE	átfedik	Vdik	FALSE
átkoz	átkoz	[/V][Prs.NDef.3Sg]	827	8570080167	10631	-0.01547937490541114	1.0935892336923765	5	2	5	2	TRUE	átkozik	zik	FALSE
átlagol	átlagol	[/V][Prs.NDef.3Sg]	1196	8570080167	9863	0.1447462951944342	1.0610241486656553	7	3	7	3	TRUE	átlagolik	lik	FALSE
átlábol	átlábol	[/V][Prs.NDef.3Sg]	22	8570080167	115	-1.5905622036357516	-0.8722870441043462	7	3	7	3	TRUE	átlábolik	lik	FALSE
átél	átél	[/V][Prs.NDef.3Sg]	4163	8570080167	182716	0.6864215264288196	2.328791694681447	4	2	4	2	TRUE	átélik	lik	FALSE
átível	átível	[/V][Prs.NDef.3Sg]	2690	8570080167	7482	0.49676739554445015	0.9410328194042284	6	3	6	3	TRUE	átívelik	lik	FALSE
ébred	ébred	[/V][Prs.NDef.3Sg]	40895	8570080167	206263	1.6786853280689211	2.381436445614153	5	2	5	2	TRUE	ébredik	Vdik	FALSE
éjjelez	éjjelez	[/V][Prs.NDef.3Sg]	17	8570080167	98	-1.702535963079684	-0.9417588087654628	7	3	7	3	TRUE	éjjelezik	zik	FALSE
éjszakáz	éjszakáz	[/V][Prs.NDef.3Sg]	16	8570080167	17	-1.728864901802033	-1.702535963079684	8	3	8	3	TRUE	éjszakázik	zik	TRUE
ékel	ékel	[/V][Prs.NDef.3Sg]	183	8570080167	3304	-0.6705337947275284	0.5860551541903868	4	2	4	2	TRUE	ékelik	lik	FALSE
ékez	ékez	[/V][Prs.NDef.3Sg]	4	8570080167	64	-2.3309248931299953	-1.1268049104740707	4	2	4	2	TRUE	ékezik	zik	FALSE
ékszerdoboz	ékszerdoboz	[/V][Prs.NDef.3Sg]	12	8570080167	11744	-1.853803638410333	1.1368311581140376	11	4	11	4	TRUE	ékszerdobozik	zik	FALSE
él	él	[/V][Prs.NDef.3Sg]	998178	8570080167	5123954	3.0662231092589898	3.776620337778657	2	1	2	1	TRUE	élik	lik	FALSE
élből	élből	[/V][Prs.NDef.3Sg]	7	8570080167	49	-2.087886844443701	-1.2427888044294442	5	2	5	2	TRUE	élbőlik	lik	FALSE
élcel	élcel	[/V][Prs.NDef.3Sg]	28	8570080167	74	-1.4858268531157386	-1.0637531647269816	5	2	5	2	TRUE	élcelik	lik	FALSE
éldegél	éldegél	[/V][Prs.NDef.3Sg]	3277	8570080167	11443	0.582491556924418	1.1255550134818229	7	3	7	3	TRUE	éldegélik	lik	FALSE
éled	éled	[/V][Prs.NDef.3Sg]	21863	8570080167	30507	1.4067248703218749	1.551414617595949	4	2	4	2	TRUE	éledik	Vdik	FALSE
élelmez	élelmez	[/V][Prs.NDef.3Sg]	25	8570080167	1533	-1.5350448757859203	0.25255727039641734	7	3	7	3	TRUE	élelmezik	zik	FALSE
élez	élez	[/V][Prs.NDef.3Sg]	241	8570080167	8295	-0.5509678418830894	0.9858315059024216	4	2	4	2	TRUE	élezik	zik	FALSE
éljenez	éljenez	[/V][Prs.NDef.3Sg]	358	8570080167	4361	-0.37910185781408345	0.7066012022154686	7	3	7	3	TRUE	éljenezik	zik	FALSE
élvez	élvez	[/V][Prs.NDef.3Sg]	49962	8570080167	882560	1.7656549305839837	3.012759355701779	5	2	5	2	TRUE	élvezik	zik	FALSE
élénkül	élénkül	[/V][Prs.NDef.3Sg]	3668	8570080167	9381	0.6314444425400256	1.0392642515046375	7	3	7	3	TRUE	élénkülik	lik	FALSE
énekel	énekel	[/V][Prs.NDef.3Sg]	70643	8570080167	474208	1.9160842497098065	2.742983991895617	6	3	6	3	TRUE	énekelik	lik	FALSE
épül	épül	[/V][Prs.NDef.3Sg]	335435	8570080167	925838	2.592623491384628	3.033550117492863	4	2	4	2	TRUE	épülik	lik	FALSE
érdekel	érdekel	[/V][Prs.NDef.3Sg]	428575	8570080167	1072429	2.69904194935305	3.097383664949944	7	3	7	3	TRUE	érdekelik	lik	FALSE
érdemel	érdemel	[/V][Prs.NDef.3Sg]	82044	8570080167	234882	1.981061941489705	2.4378648517738712	7	3	7	3	TRUE	érdemelik	lik	FALSE
érdemesül	érdemesül	[/V][Prs.NDef.3Sg]	82	8570080167	726	-1.019171032074241	-0.07204826375786409	9	4	9	4	TRUE	érdemesülik	lik	FALSE
érez	érez	[/V][Prs.NDef.3Sg]	104487	8570080167	3983846	2.086077375563567	3.6673176574817345	4	2	4	2	TRUE	érezik	zik	FALSE
érlel	érlel	[/V][Prs.NDef.3Sg]	4252	8570080167	31506	0.6956083713933013	1.5654083842127429	5	2	5	2	TRUE	érlelik	lik	FALSE
értelmez	értelmez	[/V][Prs.NDef.3Sg]	5305	8570080167	349378	0.7917005037794016	2.610310669939917	8	3	8	3	TRUE	értelmezik	zik	FALSE
értesül	értesül	[/V][Prs.NDef.3Sg]	16424	8570080167	289228	1.2824940519045775	2.5282554500043037	7	3	7	3	TRUE	értesülik	lik	FALSE
értékel	értékel	[/V][Prs.NDef.3Sg]	13070	8570080167	662383	1.1832907031225866	2.888124293333157	7	3	7	3	TRUE	értékelik	lik	FALSE
érvel	érvel	[/V][Prs.NDef.3Sg]	23263	8570080167	116436	1.433680836228198	2.1331023929703883	5	2	5	2	TRUE	érvelik	lik	FALSE
érvényesül	érvényesül	[/V][Prs.NDef.3Sg]	92446	8570080167	237296	2.0329032401717972	2.442305533099588	10	4	10	4	TRUE	érvényesülik	lik	FALSE
érzékel	érzékel	[/V][Prs.NDef.3Sg]	19825	8570080167	279728	1.3642283115316836	2.513751055767232	7	3	7	3	TRUE	érzékelik	lik	FALSE
érzékenyül	érzékenyül	[/V][Prs.NDef.3Sg]	197	8570080167	1595	-0.6385186582963649	0.2697758029352421	10	4	10	4	TRUE	érzékenyülik	lik	FALSE
észlel	észlel	[/V][Prs.NDef.3Sg]	43781	8570080167	237393	1.7083007925894418	2.44248302432155	6	2	6	2	TRUE	észlelik	lik	FALSE
észrevesz	észrevesz	[/V][Prs.NDef.3Sg]	6211	8570080167	345875	0.8601766447875929	2.6059342876910505	9	3	9	3	TRUE	észreveszik	szik	FALSE
észrevételez	észrevételez	[/V][Prs.NDef.3Sg]	58	8570080167	2826	-1.169556890895021	0.518187273054582	12	5	12	5	TRUE	észrevételezik	zik	FALSE
évül	évül	[/V][Prs.NDef.3Sg]	4972	8570080167	9951	0.7635462355116494	1.064881841781187	4	2	4	2	TRUE	évülik	lik	FALSE
íjaz	íjaz	[/V][Prs.NDef.3Sg]	10	8570080167	127	-1.9329848844579576	-0.829181163502001	4	2	4	2	TRUE	íjazik	zik	FALSE
írdogál	írdogál	[/V][Prs.NDef.3Sg]	32	8570080167	95	-1.427834906138052	-0.95526127916911	7	3	7	3	TRUE	írdogálik	lik	FALSE
írel	írel	[/V][Prs.NDef.3Sg]	3	8570080167	5	-2.455863629738295	-2.234014880121939	4	2	4	2	TRUE	írelik	lik	FALSE
írez	írez	[/V][Prs.NDef.3Sg]	1	8570080167	16	-2.932984884457958	-1.728864901802033	4	2	4	2	TRUE	írezik	zik	FALSE
ítél	ítél	[/V][Prs.NDef.3Sg]	19131	8570080167	562725	1.3487527872489598	2.817311325383907	4	2	4	2	TRUE	ítélik	lik	FALSE
ível	ível	[/V][Prs.NDef.3Sg]	12465	8570080167	21230	1.1627073983818343	1.393965109708041	4	2	4	2	TRUE	ívelik	lik	FALSE
ízel	ízel	[/V][Prs.NDef.3Sg]	35	8570080167	263	-1.388916840107682	-0.5130291359682	4	2	4	2	TRUE	ízelik	lik	FALSE
ízlel	ízlel	[/V][Prs.NDef.3Sg]	372	8570080167	22357	-0.3624419445760603	1.4164286423567738	5	2	5	2	TRUE	ízlelik	lik	FALSE
ócsárol	ócsárol	[/V][Prs.NDef.3Sg]	229	8570080167	6394	-0.5731494021180699	0.8727877474777113	7	3	7	3	TRUE	ócsárolik	lik	FALSE
ókumlál	ókumlál	[/V][Prs.NDef.3Sg]	8	8570080167	114	-2.0298948974660145	-0.8760800331214852	7	3	7	3	TRUE	ókumlálik	lik	FALSE
ólmoz	ólmoz	[/V][Prs.NDef.3Sg]	3	8570080167	56	-2.455863629738295	-1.1847968574517571	5	2	5	2	TRUE	ólmozik	zik	FALSE
öblöz	öblöz	[/V][Prs.NDef.3Sg]	4	8570080167	84	-2.3309248931299953	-1.0087055983960762	5	2	5	2	TRUE	öblözik	zik	FALSE
öklel	öklel	[/V][Prs.NDef.3Sg]	166	8570080167	961	-0.7128767964179027	0.04973850321058749	5	2	5	2	TRUE	öklelik	lik	FALSE
öklend	öklend	[/V][Prs.NDef.3Sg]	19	8570080167	65	-1.654231283505129	-1.1200715278151023	6	2	6	2	TRUE	öklendik	NA	FALSE
öklendez	öklendez	[/V][Prs.NDef.3Sg]	60	8570080167	3736	-1.1548336340743142	0.6394219831000979	8	3	8	3	TRUE	öklendezik	zik	FALSE
öklöz	öklöz	[/V][Prs.NDef.3Sg]	130	8570080167	1427	-0.8190415321511211	0.22143908865668913	5	2	5	2	TRUE	öklözik	zik	FALSE
öl	öl	[/V][Prs.NDef.3Sg]	26253	8570080167	340526	1.4861940541030998	2.599165392511685	2	1	2	1	TRUE	ölik	lik	FALSE
öldököl	öldököl	[/V][Prs.NDef.3Sg]	238	8570080167	2033	-0.5564079274014458	0.3751524941800808	7	3	7	3	TRUE	öldökölik	lik	FALSE
ölel	ölel	[/V][Prs.NDef.3Sg]	35030	8570080167	141462	1.6114552528597346	2.21765490941871	4	2	4	2	TRUE	ölelik	lik	FALSE
öltözőasztal	öltözőasztal	[/V][Prs.NDef.3Sg]	1	8570080167	517	-2.932984884457958	-0.21949434136401536	12	5	12	5	TRUE	öltözőasztalik	lik	FALSE
ömöl	ömöl	[/V][Prs.NDef.3Sg]	75	8570080167	162	-1.0579236210662577	-0.7234698699153269	4	2	4	2	TRUE	ömölik	lik	FALSE
öntöz	öntöz	[/V][Prs.NDef.3Sg]	1783	8570080167	43824	0.31816645871739674	1.7087271304519285	5	2	5	2	TRUE	öntözik	zik	FALSE
önöz	önöz	[/V][Prs.NDef.3Sg]	11	8570080167	167	-1.8915921992997329	-0.7102684133103745	4	2	4	2	TRUE	önözik	zik	FALSE
öregbül	öregbül	[/V][Prs.NDef.3Sg]	19	8570080167	59	-1.654231283505129	-1.1621328728158136	7	3	7	3	TRUE	öregbülik	lik	FALSE
örvend	örvend	[/V][Prs.NDef.3Sg]	52982	8570080167	112797	1.7911434638514907	2.1193126646506104	6	2	6	2	TRUE	örvendik	NA	FALSE
örvendez	örvendez	[/V][Prs.NDef.3Sg]	402	8570080167	49454	-0.32875883137348777	1.7612165400429132	8	3	8	3	TRUE	örvendezik	zik	FALSE
örököl	örököl	[/V][Prs.NDef.3Sg]	4813	8570080167	75460	0.7494309772194007	1.944731916407019	6	3	6	3	TRUE	örökölik	lik	FALSE
örömtűz	örömtűz	[/V][Prs.NDef.3Sg]	1	8570080167	1502	-2.932984884457958	0.24368504821019177	7	3	7	3	TRUE	örömtűzik	zik	FALSE
örül	örül	[/V][Prs.NDef.3Sg]	100611	8570080167	1002120	2.069660581134107	3.067934845274266	4	2	4	2	TRUE	örülik	lik	FALSE
összecsavaroz	összecsavaroz	[/V][Prs.NDef.3Sg]	6	8570080167	758	-2.1548336340743144	-0.05331567882590429	13	5	13	5	TRUE	összecsavarozik	zik	FALSE
összegez	összegez	[/V][Prs.NDef.3Sg]	3579	8570080167	110804	0.6207768139320465	2.1115705541526064	8	3	8	3	TRUE	összegezik	zik	FALSE
összpontosul	összpontosul	[/V][Prs.NDef.3Sg]	13499	8570080167	24554	1.1973167128838869	1.4571373670487426	12	4	12	4	TRUE	összpontosulik	lik	FALSE
össztűz	össztűz	[/V][Prs.NDef.3Sg]	112	8570080167	4464	-0.8837668617877762	0.7167393014715645	7	2	7	2	TRUE	össztűzik	zik	FALSE
ösztökél	ösztökél	[/V][Prs.NDef.3Sg]	1982	8570080167	13372	0.3641187656912987	1.193211483462573	8	3	8	3	TRUE	ösztökélik	lik	FALSE
ösztönöz	ösztönöz	[/V][Prs.NDef.3Sg]	29815	8570080167	238495	1.5414499292238002	2.444494394116617	8	3	8	3	TRUE	ösztönözik	zik	FALSE
ötvöz	ötvöz	[/V][Prs.NDef.3Sg]	4060	8570080167	118708	0.6755411491192364	2.1414951035680763	5	2	5	2	TRUE	ötvözik	zik	FALSE
ötöl	ötöl	[/V][Prs.NDef.3Sg]	108	8570080167	268	-0.8995611289710082	-0.5048500904291691	4	2	4	2	TRUE	ötölik	lik	FALSE
övez	övez	[/V][Prs.NDef.3Sg]	4731	8570080167	85250	0.7419680635906075	1.9977095032065777	4	2	4	2	TRUE	övezik	zik	FALSE
özvegyül	özvegyül	[/V][Prs.NDef.3Sg]	46	8570080167	416	-1.2702270527763837	-0.3138915538312151	8	3	8	3	TRUE	özvegyülik	lik	FALSE
újoncoz	újoncoz	[/V][Prs.NDef.3Sg]	2	8570080167	22	-2.6319548887939765	-1.5905622036357516	7	3	7	3	TRUE	újoncozik	zik	FALSE
újráz	újráz	[/V][Prs.NDef.3Sg]	30	8570080167	2274	-1.4558636297382954	0.42380557589375817	5	2	5	2	TRUE	újrázik	zik	FALSE
újságol	újságol	[/V][Prs.NDef.3Sg]	43	8570080167	10128	-1.2995164288783714	1.072538808215322	7	3	7	3	TRUE	újságolik	lik	FALSE
újul	újul	[/V][Prs.NDef.3Sg]	14123	8570080167	49266	1.2169420746556323	1.759562418055472	4	2	4	2	TRUE	újulik	lik	FALSE
úszkál	úszkál	[/V][Prs.NDef.3Sg]	3135	8570080167	18573	0.5632526607087774	1.3358971742746095	6	2	6	2	TRUE	úszkálik	lik	FALSE
üdvöz	üdvöz	[/V][Prs.NDef.3Sg]	225	8570080167	470	-0.5808023663465953	-0.2608870265222404	5	2	5	2	TRUE	üdvözik	zik	FALSE
üdvözöl	üdvözöl	[/V][Prs.NDef.3Sg]	5154	8570080167	161651	0.779159529756928	2.2755935111158996	7	3	7	3	TRUE	üdvözölik	lik	FALSE
üdvözül	üdvözül	[/V][Prs.NDef.3Sg]	3788	8570080167	17350	0.645425085873278	1.3063145946689347	7	3	7	3	TRUE	üdvözülik	lik	FALSE
üdül	üdül	[/V][Prs.NDef.3Sg]	1617	8570080167	10142	0.2757251354484433	1.0731387217538966	4	2	4	2	TRUE	üdülik	lik	FALSE
ügyel	ügyel	[/V][Prs.NDef.3Sg]	18563	8570080167	230375	1.3356632802136443	2.4294504637691725	5	2	5	2	TRUE	ügyelik	lik	FALSE
ügynököl	ügynököl	[/V][Prs.NDef.3Sg]	28	8570080167	91	-1.4858268531157386	-0.9739434921368644	8	3	8	3	TRUE	ügynökölik	lik	FALSE
ül	ül	[/V][Prs.NDef.3Sg]	214648	8570080167	1154184	2.3987419618025947	3.1292901651023888	2	1	2	1	TRUE	ülik	lik	FALSE
üldögél	üldögél	[/V][Prs.NDef.3Sg]	8163	8570080167	50241	0.9788649120414624	1.7680733905816868	7	3	7	3	TRUE	üldögélik	lik	FALSE
üldöz	üldöz	[/V][Prs.NDef.3Sg]	5290	8570080167	82320	0.7904707875772279	1.982520477296419	5	2	5	2	TRUE	üldözik	zik	FALSE
ültéből	ültéből	[/V][Prs.NDef.3Sg]	1	8570080167	16	-2.932984884457958	-1.728864901802033	7	3	7	3	TRUE	ültébőlik	lik	FALSE
ünnepel	ünnepel	[/V][Prs.NDef.3Sg]	17303	8570080167	463543	1.305136523323554	2.7331051426882085	7	3	7	3	TRUE	ünnepelik	lik	FALSE
üregel	üregel	[/V][Prs.NDef.3Sg]	2	8570080167	41	-2.6319548887939765	-1.3202010277382223	6	3	6	3	TRUE	üregelik	lik	FALSE
ürül	ürül	[/V][Prs.NDef.3Sg]	13767	8570080167	24146	1.205854427956364	1.449860311838303	4	2	4	2	TRUE	ürülik	lik	FALSE
ütemez	ütemez	[/V][Prs.NDef.3Sg]	186	8570080167	12027	-0.6634719402400415	1.1471724265122265	6	3	6	3	TRUE	ütemezik	zik	FALSE
ütlegel	ütlegel	[/V][Prs.NDef.3Sg]	298	8570080167	6320	-0.4587686203817026	0.8677321938244271	7	3	7	3	TRUE	ütlegelik	lik	FALSE
üvegez	üvegez	[/V][Prs.NDef.3Sg]	33	8570080167	2675	-1.4144709445800705	0.4943389018992894	6	3	6	3	TRUE	üvegezik	zik	FALSE
üvöltöz	üvöltöz	[/V][Prs.NDef.3Sg]	69	8570080167	11270	-1.0941357937207026	1.118939031588149	7	3	7	3	TRUE	üvöltözik	zik	FALSE
üzemel	üzemel	[/V][Prs.NDef.3Sg]	90398	8570080167	183031	2.0231739376261197	2.329539768052516	6	3	6	3	TRUE	üzemelik	lik	FALSE
üzletel	üzletel	[/V][Prs.NDef.3Sg]	2728	8570080167	13591	0.5028594815264835	1.200266528014362	7	3	7	3	TRUE	üzletelik	lik	FALSE
őriz	őriz	[/V][Prs.NDef.3Sg]	23370	8570080167	476566	1.4356738279342691	2.745138170465817	4	2	4	2	TRUE	őrizik	zik	FALSE
őrtűz	őrtűz	[/V][Prs.NDef.3Sg]	10	8570080167	875	-1.9329848844579576	0.00902316856435538	5	2	5	2	TRUE	őrtűzik	zik	FALSE
őröl	őröl	[/V][Prs.NDef.3Sg]	1709	8570080167	42637	0.299757178262779	1.6968017550577204	4	2	4	2	TRUE	őrölik	lik	FALSE
őrül	őrül	[/V][Prs.NDef.3Sg]	1313	8570080167	11370	0.18527984163152153	1.122775580229777	4	2	4	2	TRUE	őrülik	lik	FALSE
ősz	ősz	[/V][Prs.NDef.3Sg]	305	8570080167	705010	-0.448685045111172	2.915210392695169	3	1	3	1	TRUE	őszik	szik	FALSE
őszül	őszül	[/V][Prs.NDef.3Sg]	1261	8570080167	4375	0.1677302021151238	0.7079931729003742	5	2	5	2	TRUE	őszülik	lik	FALSE
őz	őz	[/V][Prs.NDef.3Sg]	21	8570080167	30509	-1.6107655897240385	1.551443088454875	2	1	2	1	TRUE	őzik	zik	FALSE
űz	űz	[/V][Prs.NDef.3Sg]	11363	8570080167	120042	1.1225081222198878	2.1463483380640014	2	1	2	1	TRUE	űzik	zik	FALSE
