lemma	Reference	Left	KWIC	Right	heuristic_call
alszik	doc#0	NA	alszom	már fél	indefinite
alszik	doc#1	, és	alszom	rá egy jó	indefinite
úszik	doc#3	: ha	úszom	el , felém	indefinite
cselekszik	doc#4	hát magam	cselekszem	! - vágta fel	indefinite
cselekszik	doc#4	bosszúból	cselekszem	. </s><s> Ha	indefinite
úszik	doc#4	? </s><s> Fülig	úszom	az	indefinite
cselekszik	doc#9	gyakrabban	cselekszem	, ha	indefinite
igyekszik	doc#11	. </s><s> Elnökként	igyekszem	mindent	indefinite
törekszik	doc#15	sem	törekszem	a	indefinite
alszik	doc#22	)	alszom	. </s><s> Aki méget	indefinite
cselekszik	doc#22	, én	cselekszem	. </s><s> Közbe	indefinite
igyekszik	doc#22	képemre	igyekszem	formálni a	indefinite
törekszik	doc#22	mindig arra	törekszem	, hogy	indefinite
igyekszik	doc#23	, ezért	igyekszem	NA	indefinite
igyekszik	doc#23	papírokat ,	igyekszem	levezetni	indefinite
cselekszik	doc#23	szerint	cselekszem	. </s><s> Néha	indefinite
igyekszik	doc#23	van rám . </s><s>	Igyekszem	NA	indefinite
igyekszik	doc#26	, hanem	igyekszem	NA	indefinite
igyekszik	doc#26	tegyek , bár	igyekszem	mindvégig a	indefinite
úszik	doc#28	lebegve	úszom	az Atya elé . </s>	indefinite
alszik	doc#33	én majd kint	alszom	az utcán . </s>	indefinite
cselekszik	doc#33	a jót . </s><s> Ha jót	cselekszem	, az csupán	indefinite
alszik	doc#33	. </s><s> - Akkor	alszom	még . </s><s> -	indefinite
alszik	doc#33	, édesdeden	alszom	-e még , elég	indefinite
alszik	doc#33	ruha nélkül	alszom	, de nem	indefinite
alszik	doc#38	parancsára	alszom	itt ,	indefinite
alszik	doc#38	. </s><s> Azt hitte ,	alszom	, pedig nem	indefinite
úszik	doc#39	, hogy nem	úszom	meg , mert a	indefinite
alszik	doc#43	<s> Az irodában	alszom	, mint a	indefinite
igyekszik	doc#43	[ uár ] 13 . </s><s>	Igyekszem	elkerülni	indefinite
alszik	doc#43	nem jól	alszom	. </s><s> Márpedig	indefinite
igyekszik	doc#44	, érted ? </s><s> (	Igyekszem	. ) </s>	indefinite
alszik	doc#44	nem	alszom	, három és	indefinite
igyekszik	doc#44	mintha ) . </s><s>	Igyekszem	,	indefinite
alszik	doc#44	 nem	alszom	el a bal	indefinite
hugyozik	doc#44	arcon	hugyozom	magam	indefinite
alszik	doc#51	nem	alszom	, így a jobb . </s>	indefinite
igyekszik	doc#52	. </s><s> - Azon	igyekszem	-	indefinite
törekszik	doc#54	NA	törekszem	a	indefinite
igyekszik	doc#54	! </s><s> Kérését	igyekszem	NA	indefinite
igyekszik	doc#56	el , és	igyekszem	a közösség	indefinite
alszik	doc#61	vagy égben	alszom	el , a ringyó	indefinite
alszik	doc#62	ötig	alszom	,	indefinite
alszik	doc#62	, nem	alszom	, nézem a	indefinite
úszik	doc#62	 - a végén : ""	úszom	halálom	indefinite
úszik	doc#62	, szüntelen	úszom	virágzás	indefinite
törekszik	doc#62	jólétre nem	törekszem	. </s><s> Csak annyi	indefinite
igyekszik	doc#77	, hasonlót	igyekszem	csinálni ,	indefinite
alszik	doc#77	fővel	alszom	a táj vad	indefinite
alszik	doc#77	ágyadban	alszom	én """" . </s><s> Egy	indefinite
úszik	doc#77	 - a végén : ""	úszom	halálom	indefinite
úszik	doc#77	, szüntelen	úszom	virágzás	indefinite
igyekszik	doc#78	voltam . </s><s>	Igyekszem	NA	indefinite
igyekszik	doc#78	a Fő térre	igyekszem	. </s><s> Éppen egy	indefinite
igyekszik	doc#78	esik szó ? </s><s>	Igyekszem	szavaik	indefinite
alszik	doc#79	. </s><s> Reggel	alszom	kilencig ,	indefinite
alszik	doc#79	, hogy jót	alszom	éjszaka . </s>	indefinite
alszik	doc#79	NA	alszom	el . </s>	indefinite
alszik	doc#79	NA	alszom	el , és	indefinite
alszik	doc#79	milyen jól	alszom	majd , sokat	indefinite
alszik	doc#79	hitte már	alszom	, és	indefinite
alszik	doc#83	Egyedül	alszom	el hosszú	indefinite
alszik	doc#83	, nem	alszom	éjfél óta ,	indefinite
alszik	doc#83	ne bánts ! és	alszom	rá tovább . </s>	indefinite
alszik	doc#84	ha nem ? </s><s> Ott	alszom	én is . </s><s> - Itt	indefinite
alszik	doc#86	mellett	alszom	majd . </s>	indefinite
törekszik	doc#86	NA	törekszem	? </s><s> Fürödj ,	indefinite
alszik	doc#99	NA	alszom	. </s><s> Tél fed , de	indefinite
alszik	doc#99	. </s><s> Úgy	alszom	el , mintha	indefinite
alszik	doc#101	NA	alszom	, Tél fed , de	indefinite
úszik	doc#101	. </s><s>	Úszom	, bálna , a	indefinite
úszik	doc#101	közelebb . </s><s>	Úszom	a föld	indefinite
úszik	doc#101	a mezők . </s><s>	Úszom	a földben ,	indefinite
alszik	doc#103	. </s><s> Úgy	alszom	el , mintha	indefinite
alszik	doc#105	NA	alszom	. </s><s> Tél fed , de	indefinite
úszik	doc#105	. </s><s>	Úszom	, bálna , a	indefinite
úszik	doc#105	közelebb . </s><s>	Úszom	a föld	indefinite
úszik	doc#105	a mezők . </s><s>	Úszom	a földben ,	indefinite
alszik	doc#105	. </s><s> Úgy	alszom	el , mintha	indefinite
igyekszik	doc#106	? - kérdem , s	igyekszem	az asztal	indefinite
igyekszik	doc#106	mentén	igyekszem	felfedezni	indefinite
igyekszik	doc#107	ízét	igyekszem	felidézni ,	indefinite
igyekszik	doc#107	ügyeket . </s><s>	Igyekszem	elhitetni a	indefinite
igyekszik	doc#107	ülök , és	igyekszem	minél	indefinite
igyekszik	doc#107	, és	igyekszem	elképzelni	indefinite
úszik	doc#107	, hogy jót	úszom	, s minden	indefinite
igyekszik	doc#109	órákban	igyekszem	pontosan	indefinite
igyekszik	doc#109	,	igyekszem	, egyelőre	indefinite
igyekszik	doc#109	telem volt ,	igyekszem	NA	indefinite
igyekszik	doc#109	röviden	igyekszem	leírni ,	indefinite
igyekszik	doc#110	házhoz ,	igyekszem	elképzelni	indefinite
étkezik	doc#110	Csak itthon	étkezem	. </s><s> - Mi a	indefinite
igyekszik	doc#110	van , ír . </s><s> Én	igyekszem	ilyen	indefinite
igyekszik	doc#110	ház előtt , s	igyekszem	elképzelni	indefinite
alszik	doc#110	, még én is	alszom	. </s><s> Hatkor	indefinite
alszik	doc#110	, járkálva	alszom	. </s><s> Akkor	indefinite
alszik	doc#110	volt , vele	alszom	. </s><s> Álmomban a	indefinite
étkezik	doc#110	? </s><s> - Nem	étkezem	itthon ,	indefinite
igyekszik	doc#110	,	igyekszem	lerázni ,	indefinite
igyekszik	doc#110	csak lehet ,	igyekszem	jelen	indefinite
alszik	doc#110	,	alszom	egy kicsit . </s>	indefinite
igyekszik	doc#110	a lakásban	igyekszem	NA	indefinite
igyekszik	doc#110	élményt	igyekszem	kifejezni . </s>	indefinite
úszik	doc#110	,	úszom	, kajakozom	indefinite
igyekszik	doc#110	NA	igyekszem	NA	indefinite
étkezik	doc#110	? </s><s> - Itthon	étkezem	, a magyar	indefinite
törekszik	doc#110	. </s><s> Nem	törekszem	a céhbeli	indefinite
alszik	doc#111	? </s><s> Nehezen	alszom	el ,	indefinite
igyekszik	doc#111	bámulom , s	igyekszem	örökre	indefinite
alszik	doc#111	Szepezden	alszom	újra . </s><s> Éjfél	indefinite
igyekszik	doc#111	kérdéssel	igyekszem	körüljárni	indefinite
igyekszik	doc#111	az invázió . </s><s>	Igyekszem	befejezni a	indefinite
alszik	doc#111	. </s><s> Nehezen	alszom	el , mert	indefinite
cselekszik	doc#112	jobban	cselekszem	? </s><s> - Eszébe	indefinite
igyekszik	doc#112	, hogy	igyekszem	majd győzni	indefinite
alszik	doc#113	gatyában	alszom	, nem	indefinite
igyekszik	doc#114	, s arra	igyekszem	gondolni ,	indefinite
úszik	doc#114	még mindig	úszom	ezzel a	indefinite
alszik	doc#114	dőlve	alszom	, érzem ,	indefinite
alszik	doc#114	? </s><s> -	Alszom	- suttogtam	indefinite
alszik	doc#114	hiszem itt	alszom	nálad , majd	indefinite
alszik	doc#114	és itt	alszom	- mondta . </s><s> -	indefinite
alszik	doc#114	... </s><s> Itt	alszom	. </s><s> Egyél	indefinite
alszik	doc#114	hitte , hogy	alszom	, átkutatta	indefinite
igyekszik	doc#116	, s közben	igyekszem	elképzelni	indefinite
igyekszik	doc#116	, hogy hová	igyekszem	, miben	indefinite
alszik	doc#116	szinte alig	alszom	, mert a	indefinite
igyekszik	doc#116	. </s><s>	Igyekszem	megragadni	indefinite
igyekszik	doc#116	délelőtt . </s><s>	Igyekszem	a képet	definite
igyekszik	doc#116	pillantva	igyekszem	elképzelni	indefinite
alszik	doc#117	NA	alszom	, hazajárok	indefinite
úszik	doc#118	: - """" Éjszaka	úszom	, a	indefinite
alszik	doc#118	és nagyokat	alszom	. </s>	indefinite
alszik	doc#118	, lent is	alszom	... </s><s> De azt ,	indefinite
alszik	doc#118	valamit ,	alszom	... </s><s> A	indefinite
alszik	doc#118	... </s><s> Én is ott	alszom	, de ha	indefinite
igyekszik	doc#119	bánásmódot	igyekszem	magamnak	indefinite
igyekszik	doc#120	NA	igyekszem	szabadulni	indefinite
igyekszik	doc#120	NA	igyekszem	NA	indefinite
törekszik	doc#121	NA	törekszem	. </s><s> De ez most	indefinite
igyekszik	doc#122	újra és újra	igyekszem	arra	indefinite
alszik	doc#122	. </s><s> - Én nem	alszom	ott . </s><s> - Hát	indefinite
alszik	doc#123	. </s><s> JAKSA </s><s> Itt	alszom	nálad , és	indefinite
alszik	doc#123	. </s><s> Most ott	alszom	nálad , de	indefinite
alszik	doc#123	<s> Lefekszem ,	alszom	és kora	indefinite
alszik	doc#123	nővel nem	alszom	egy ágyban . </s>	indefinite
adakozik	doc#123	számára	adakozom	, de	indefinite
alszik	doc#123	<s> Persze hogy	alszom	. </s><s> Ez	indefinite
alszik	doc#124	kemencében	alszom	, s közben	indefinite
igyekszik	doc#125	mellé , és	igyekszem	Hujderékra	indefinite
igyekszik	doc#125	<s> Nem hallom . </s><s>	Igyekszem	a tanyás	indefinite
igyekszik	doc#125	falat . </s><s>	Igyekszem	a tanyás	indefinite
alszik	doc#126	. </s><s> - Nem	alszom	el , Gunics	indefinite
törekszik	doc#126	NA	törekszem	. </s><s> De ez most	indefinite
igyekszik	doc#127	NA	igyekszem	bekeríteni	indefinite
igyekszik	doc#127	Egy regényt	igyekszem	befejezni ,	indefinite
úszik	doc#127	úszni ,	úszom	. </s><s> Az a	indefinite
igyekszik	doc#127	, és	igyekszem	úgy	indefinite
alszik	doc#127	, utána	alszom	. </s><s> Délután	indefinite
alszik	doc#127	... </s><s> Alig	alszom	valamit . </s>	indefinite
igyekszik	doc#127	mozdulatot	igyekszem	könnyedén ,	indefinite
alszik	doc#127	között jól	alszom	, nyugodt az	indefinite
igyekszik	doc#127	ülünk . </s><s>	Igyekszem	felmérni a	indefinite
úszik	doc#127	. </s><s> Ott	úszom	NA	indefinite
igyekszik	doc#127	. </s><s> Akkor	igyekszem	felkelni ,	indefinite
alszik	doc#127	kétszer	alszom	NA	indefinite
alszik	doc#127	. </s><s> Keveset	alszom	, hajnalban	indefinite
alszik	doc#127	órát	alszom	és azt sem	indefinite
alszik	doc#127	altatókkal	alszom	, félek az	indefinite
alszik	doc#127	mélyen	alszom	. </s><s> Nagyon	indefinite
alszik	doc#127	órát	alszom	egy éjszaka	indefinite
igyekszik	doc#127	, és arra	igyekszem	, hogy	indefinite
alszik	doc#127	, itthon	alszom	egy órát ,	indefinite
alszik	doc#127	. </s><s> Ha otthon	alszom	, reggel	indefinite
alszik	doc#127	. </s><s> Nyugodtan	alszom	, tiszta a	indefinite
igyekszik	doc#127	árnyékában	igyekszem	újra	indefinite
igyekszik	doc#127	bámulok , s	igyekszem	felfedezni	indefinite
igyekszik	doc#128	kereséseit	igyekszem	nyomon	indefinite
igyekszik	doc#128	NA	igyekszem	beszámolni	indefinite
igyekszik	doc#128	ügyből	igyekszem	NA	indefinite
igyekszik	doc#128	félek . </s><s>	Igyekszem	elkerülni ,	indefinite
törekszik	doc#128	elérése . </s><s>	Törekszem	erre . </s>	indefinite
alszik	doc#128	vitorláson	alszom	. </s><s> A többiek	indefinite
alszik	doc#128	. </s><s> Délelőtt	alszom	... </s>	indefinite
igyekszik	doc#129	... </s><s>	Igyekszem	minden	indefinite
alszik	doc#129	hogy én kint	alszom	a kocsiban ,	indefinite
úszik	doc#129	kiabált : """"	Úszom	egyet , nagy	indefinite
úszik	doc#129	... </s><s>	Úszom	egyet ! """" </s>	indefinite
törekszik	doc#136	telik , arra	törekszem	, hogy atyai	indefinite
törekszik	doc#136	életre	törekszem	,	indefinite
alszik	doc#140	. </s><s> Nagyot	alszom	ma . </s><s> Meleg	indefinite
úszik	doc#147	. </s><s> A lépcsőig	úszom	</s><s> Lenyom a hó	indefinite
úszik	doc#147	a lépcsőig	úszom	, egy gyerek	indefinite
alszik	doc#150	. </s><s> Nagyot	alszom	ma . </s><s> ( 9) </s>	indefinite
alszik	doc#151	a konyhában	alszom	, a szoba	indefinite
alszik	doc#152	elég , hogy	alszom	, midőn a	indefinite
törekszik	doc#152	NA	törekszem	, hőseimben	indefinite
alszik	doc#154	a konyhában	alszom	, maga a	indefinite
alszik	doc#155	tovább	alszom	. </s><s> Reggel ,	indefinite
igyekszik	doc#157	. </s><s>	Igyekszem	... </s><s> NŐ . </s><s> Vagy	indefinite
alszik	doc#157	én sem	alszom	. </s><s> CUNCI . </s><s> Nem	indefinite
cselekszik	doc#158	mögött	cselekszem	. </s><s> Nem	indefinite
alszik	doc#158	. </s><s> - Akkor itt	alszom	- mondta . </s>	indefinite
alszik	doc#159	a konyhában	alszom	, maga a	indefinite
úszik	doc#160	, utána	úszom	, játszom	indefinite
alszik	doc#160	NA	alszom	el ,	indefinite
alszik	doc#160	Hold ma , nem	alszom	éjjel , nagy	indefinite
alszik	doc#160	<s>	Alszom	, ébredek ,	indefinite
alszik	doc#160	órán </s><s> Nem	alszom	ma sem .	indefinite
alszik	doc#163	órák </s><s> Nem	alszom	ma sem .	indefinite
igyekszik	doc#164	, hogy	igyekszem	NA	indefinite
cselekszik	doc#170	,	cselekszem	. </s><s> Ha viszont	indefinite
törekszik	doc#173	tehát arra	törekszem	, hogy a	indefinite
cselekszik	doc#174	botorul	cselekszem	? </s><s> A tanítónk	indefinite
alszik	doc#178	. </s><s> - Úgy	alszom	, mint a	indefinite
törekszik	doc#178	, amire	törekszem	, hanem	indefinite
cselekszik	doc#178	botorul	cselekszem	? </s><s> A tanítónk	indefinite
alszik	doc#178	aludj ! </s><s> Nem	alszom	el ! </s><s> Mintha	indefinite
alszik	doc#178	rosszul	alszom	, mint	indefinite
alszik	doc#178	. </s><s> Vagy ha	alszom	is ,	indefinite
igyekszik	doc#178	irányába	igyekszem	előretörni	indefinite
igyekszik	doc#179	ugyanezt	igyekszem	NA	indefinite
alszik	doc#181	, mert veled	alszom	el benne . </s>	indefinite
alszik	doc#181	vonat , nem	alszom	éjjeleket -	indefinite
alszik	doc#181	NA	alszom	el majd egy	indefinite
alszik	doc#181	<s>	Alszom	, ébredek ,	indefinite
alszik	doc#181	Hold ma , nem	alszom	éjjel , nagy	indefinite
alszik	doc#184	. </s><s> - Úgy	alszom	, mint a	indefinite
törekszik	doc#184	, amire	törekszem	, hanem	indefinite
cselekszik	doc#184	botorul	cselekszem	? </s><s> A tanítónk	indefinite
alszik	doc#184	aludj ! </s><s> Nem	alszom	el ! </s><s> Mintha	indefinite
alszik	doc#184	rosszul	alszom	, mint	indefinite
alszik	doc#184	. </s><s> Vagy ha	alszom	is ,	indefinite
igyekszik	doc#184	irányába	igyekszem	előretörni	indefinite
igyekszik	doc#185	tehetem ,	igyekszem	NA	indefinite
igyekszik	doc#187	, akkor azt	igyekszem	elolvasni ,	definite
igyekszik	doc#188	s tarts ott </s><s>	Igyekszem	hinni	indefinite
igyekszik	doc#190	, zavartan	igyekszem	szinkronba	indefinite
igyekszik	doc#190	dolgokat	igyekszem	játszani	indefinite
alszik	doc#190	méhében ,	alszom	délután Ne	indefinite
igyekszik	doc#190	. </s><s> S én majd	igyekszem	okosodni :	indefinite
igyekszik	doc#190	s ámulatom	igyekszem	eldadogni s	indefinite
igyekszik	doc#191	a horzsakő ,	igyekszem	: papi szent	indefinite
alszik	doc#191	fáj , ha	alszom	, járok , s	indefinite
igyekszik	doc#191	: már-már	igyekszem	, hogy	indefinite
igyekszik	doc#191	. Ámde majd	igyekszem	... </s><s> Örömmel	indefinite
alszik	doc#193	hogy nem	alszom	eleget ? </s>	indefinite
alszik	doc#194	, s azóta	alszom	, álomként	indefinite
alszik	doc#194	jól ! és	alszom	és eszem meg	indefinite
igyekszik	doc#195	<s> Nagyobbak . </s><s>	Igyekszem	NA	indefinite
igyekszik	doc#195	. </s><s> A jövőben	igyekszem	kevesebbet	indefinite
igyekszik	doc#195	azon túl is	igyekszem	nézni , és	indefinite
igyekszik	doc#195	kért rá . </s><s>	Igyekszem	bizalmának	indefinite
igyekszik	doc#195	keresem . </s><s>	Igyekszem	tehát arra ,	indefinite
igyekszik	doc#195	dolgairól	igyekszem	jelentést	indefinite
igyekszik	doc#195	NA	igyekszem	mindenféle	indefinite
igyekszik	doc#195	NA	igyekszem	majd	indefinite
törekszik	doc#195	NA	törekszem	. </s>	indefinite
törekszik	doc#195	erre	törekszem	. </s><s> A világ és	indefinite
igyekszik	doc#195	módon	igyekszem	ezt	definite
törekszik	doc#195	mindig	törekszem	, hogy a	indefinite
igyekszik	doc#195	, hogy	igyekszem	elkerülni a	indefinite
igyekszik	doc#195	pótolni	igyekszem	. </s><s> Bár mennyi	indefinite
úszik	doc#198	! </s><s> Vak gálya	úszom	parttalan	indefinite
alszik	doc#199	is utálom	alszom	s te is	indefinite
alszik	doc#201	bennem . Nem	alszom	. </s><s> Próbálom	indefinite
igyekszik	doc#203	elhelyezni	igyekszem	módokat	indefinite
igyekszik	doc#204	miatt	igyekszem	NA	indefinite
úszik	doc#206	! </s><s> Vak gálya	úszom	parttalan	indefinite
alszik	doc#206	, s azóta	alszom	, álomként	indefinite
alszik	doc#206	jól ! és	alszom	és eszem meg	indefinite
úszik	doc#206	látod , én is	úszom	, messze	indefinite
alszik	doc#206	, hogy	alszom	, ébredek ,	indefinite
alszik	doc#206	igazítja . </s><s>	Alszom	nagyokat ,	indefinite
igyekszik	doc#206	érzék lázát	igyekszem	szóvá tenni	indefinite
igyekszik	doc#206	igen	igyekszem	megmaradni	indefinite
igyekszik	doc#207	érzék lázát	igyekszem	szóvá tenni	indefinite
alszik	doc#207	igazítja . </s><s>	Alszom	nagyokat ,	indefinite
törekszik	doc#208	járt úton	törekszem	. </s><s> Ó pénz ,	indefinite
alszik	doc#208	míg el nem	alszom	</s>	indefinite
alszik	doc#209	NA	alszom	el s	indefinite
igyekszik	doc#209	nem hallani	igyekszem	</s><s> Önámítva </s><s> Ó	indefinite
alszik	doc#217	, hogy én , ha	alszom	is , egyik	indefinite
alszik	doc#220	, játszom ,	alszom	s ez alatt	indefinite
alszik	doc#222	idő óta	alszom	a	indefinite
alszik	doc#226	közben	alszom	, kelek ,	indefinite
alszik	doc#228	vagyok . </s><s> Már	alszom	! </s>	indefinite
igyekszik	doc#229	! </s><s> - Majd	igyekszem	! -	indefinite
igyekszik	doc#231	! </s><s> - Majd	igyekszem	! -	indefinite
igyekszik	doc#233	! </s><s> - Majd	igyekszem	! -	indefinite
igyekszik	doc#234	oka is van :	igyekszem	NA	indefinite
úszik	doc#234	. </s><s>	Úszom	benne	indefinite
alszik	doc#234	. </s><s> - És én hol	alszom	?! </s><s> És mi lesz	indefinite
alszik	doc#234	. </s><s> - Azért	alszom	itt , mivel	indefinite
alszik	doc#238	közben	alszom	, kelek ,	indefinite
kotorászik	doc#238	, pénzért	kotorászom	, majd mélán	indefinite
alszik	doc#238	, ha	alszom	, ha levegőt	indefinite
igyekszik	doc#238	, pedig	igyekszem	s biztatom	indefinite
alszik	doc#238	? </s><s> Félig	alszom	és csak	indefinite
alszik	doc#239	, hogy én , ha	alszom	is , egyik	indefinite
alszik	doc#242	. </s><s> - Na ! </s><s> Még	alszom	! </s><s> Hrr ! </s><s> Hrr ! -	indefinite
alszik	doc#242	, de közben	alszom	-	indefinite
alszik	doc#242	. </s><s> - Nem	alszom	! </s><s> Álmodozom	indefinite
igyekszik	doc#244	NA	igyekszem	pótolni . </s>	indefinite
igyekszik	doc#244	a görögé . </s><s> De	igyekszem	úgy	indefinite
alszik	doc#244	? </s><s> - Este nem	alszom	itthon ,	indefinite
alszik	doc#244	A börtönben	alszom	. </s><s> Szemét	indefinite
alszik	doc#245	én mélyen	alszom	, és arról	indefinite
igyekszik	doc#248	fel , akkor	igyekszem	nevetés	indefinite
alszik	doc#250	ujjaimmal	alszom	el . </s><s> Egyszer	indefinite
igyekszik	doc#250	kell . </s><s>	Igyekszem	olyan	indefinite
alszik	doc#251	azt hitték ,	alszom	, de csak úgy	indefinite
alszik	doc#251	én nem	alszom	... </s><s> - Már	indefinite
igyekszik	doc#253	világban , s	igyekszem	NA	indefinite
igyekszik	doc#253	bizalomra	igyekszem	NA	indefinite
igyekszik	doc#253	írogatok , s	igyekszem	szaporázni	indefinite
igyekszik	doc#254	bizalomra	igyekszem	NA	indefinite
alszik	doc#255	, vasalok ,	alszom	veled ... </s>	indefinite
alszik	doc#255	. </s><s> Délután	alszom	egy keveset	indefinite
igyekszik	doc#256	,	igyekszem	követni	indefinite
alszik	doc#256	sofőrékkel	alszom	- állt fel a	indefinite
igyekszik	doc#257	a munkám ,	igyekszem	. </s><s> - Az ember	indefinite
igyekszik	doc#258	világban , s	igyekszem	NA	indefinite
úszik	doc#258	én sem	úszom	meg szép	indefinite
alszik	doc#258	keveset	alszom	, így	indefinite
igyekszik	doc#259	szerint	igyekszem	NA	indefinite
igyekszik	doc#259	és új életet	igyekszem	teremteni . </s>	indefinite
igyekszik	doc#260	. </s><s> Hiába	igyekszem	egyenesen	indefinite
alszik	doc#261	, és	alszom	. </s><s> Ott jó	indefinite
igyekszik	doc#262	NA	igyekszem	nem kerülni	indefinite
igyekszik	doc#263	tartanom ,	igyekszem	mindenben	indefinite
igyekszik	doc#263	NA	igyekszem	NA	indefinite
alszik	doc#263	)	alszom	. </s><s> Aki méget	indefinite
cselekszik	doc#263	, én	cselekszem	. </s><s> Közbe	indefinite
baszik	doc#263	, hogy	baszom	a csucsáját	definite
igyekszik	doc#263	) ,	igyekszem	a jövőmet	definite
törekszik	doc#263	békességre	törekszem	. </s><s> Az inkább	indefinite
törekszik	doc#263	már inkább	törekszem	, szeretek	indefinite
alszik	doc#266	, de nem	alszom	, és nagyon	indefinite
alszik	doc#266	. </s><s> - Egyedül	alszom	. </s><s> - Ezt ne	indefinite
igyekszik	doc#269	. </s><s>	Igyekszem	majd a	indefinite
alszik	doc#270	többé nem	alszom	veled	indefinite
úszik	doc#270	értsd , hogy	úszom	az	indefinite
alszik	doc#270	féljen , nem	alszom	ott . </s><s> Van	indefinite
igyekszik	doc#270	. </s><s> -	Igyekszem	jó	indefinite
igyekszik	doc#270	. </s><s> Mutatom ,	igyekszem	nem	indefinite
igyekszik	doc#270	NA	igyekszem	nagyokat	indefinite
alszik	doc#270	is akkor még	alszom	. </s><s> Amikor	indefinite
úszik	doc#271	ezekkel nem	úszom	meg , mert	indefinite
igyekszik	doc#271	, hétfő </s><s>	Igyekszem	a Hivatalba	indefinite
baszik	doc#271	az órámon ,	baszom	a realista	indefinite
igyekszik	doc#271	) , és most	igyekszem	felfogni ,	indefinite
cselekszik	doc#271	dolgot	cselekszem	, de ezt az	indefinite
alszik	doc#271	. </s><s> Majd	alszom	én , ha véget	indefinite
alszik	doc#271	venni , már	alszom	, és jövök . </s>	indefinite
igyekszik	doc#271	? Ö , de ezt	igyekszem	G. elől	definite
törekszik	doc#271	NA	törekszem	NA	indefinite
alszik	doc#273	<s> Ha	alszom	ha ébren	indefinite
alszik	doc#274	NA	alszom	délután egy	indefinite
baszik	doc#274	, érted , az a	baszom	nagy teste ,	indefinite
igyekszik	doc#275	, azt	igyekszem	együvé	definite
igyekszik	doc#275	<s> A könyveket	igyekszem	NA	definite
alszik	doc#275	, ha el nem	alszom	. </s><s> Magukat	indefinite
alszik	doc#275	, aztán meg	alszom	. </s>	indefinite
igyekszik	doc#275	;	igyekszem	, tolakodom	indefinite
igyekszik	doc#276	magam . </s><s>	Igyekszem	a járásomat	definite
igyekszik	doc#276	környékén ,	igyekszem	szigorú , de	indefinite
igyekszik	doc#276	éven aluli . </s><s>	Igyekszem	a fiú	indefinite
igyekszik	doc#277	a kérdésre	igyekszem	válaszolni	indefinite
alszik	doc#277	<s> Toto : akkor	alszom	. </s><s> Mert	indefinite
alszik	doc#277	tüdőmet . </s><s> Ha	alszom	, csak	indefinite
alszik	doc#277	álmomat	alszom	majd egy jó	definite
alszik	doc#278	egyedül	alszom	. </s><s> Kemény	indefinite
úszik	doc#281	is , hogyan	úszom	meg az	indefinite
igyekszik	doc#281	mondatait	igyekszem	elhelyezni	indefinite
igyekszik	doc#282	. </s><s>	Igyekszem	őt	definite
igyekszik	doc#282	magam elé ,	igyekszem	az időt	definite
igyekszik	doc#282	, vagyis	igyekszem	NA	indefinite
alszik	doc#282	<s> Meztelenül	alszom	, a testem	indefinite
úszik	doc#282	, hogy	úszom	az örömben s	indefinite
igyekszik	doc#282	maradván	igyekszem	őt	definite
igyekszik	doc#284	. </s><s>	Igyekszem	csupáncsak	indefinite
alszik	doc#287	, míg	alszom	. </s><s> Én már	indefinite
baszik	doc#287	: """" Apróra	baszom	a csucsáját	definite
baszik	doc#287	,	baszom	a csucsáját	definite
igyekszik	doc#291	persze	igyekszem	NA	indefinite
igyekszik	doc#291	NA	igyekszem	a	indefinite
igyekszik	doc#291	, élni kell . </s><s>	Igyekszem	magamat ,	indefinite
adakozik	doc#292	kocsmát . </s><s>	Adakozom	. </s><s> Barátokat	indefinite
igyekszik	doc#292	tiszta . </s><s>	Igyekszem	tisztán	indefinite
alszik	doc#292	meztelenül	alszom	, sietve	indefinite
alszik	doc#293	, pihenek ,	alszom	és iszom . </s><s> Az	indefinite
alszik	doc#293	, - így	alszom	magam is ,	indefinite
igyekszik	doc#294	illet ,	igyekszem	élvezni az	indefinite
alszik	doc#295	, </s><s> pihenek ,	alszom	és iszom . </s><s> Az	indefinite
cselekszik	doc#296	bölcsebben	cselekszem	, ha nem	indefinite
úszik	doc#296	jóemberek ,	úszom	, merülök ,	indefinite
úszik	doc#296	, mert már	úszom	,	indefinite
alszik	doc#297	egymagam	alszom	... </s><s> Egy	indefinite
alszik	doc#297	NA	alszom	a sírban :	indefinite
úszik	doc#297	mögötted	úszom	, habár	indefinite
alszik	doc#297	cellájában	alszom	, hol egy ágy	indefinite
alszik	doc#297	. </s><s> Éjjel nem	alszom	. A holdas	indefinite
alszik	doc#297	, míg	alszom	. </s><s> Látomás	indefinite
alszik	doc#297	, nem	alszom	. </s><s> Legkisebb	indefinite
alszik	doc#297	, horkolva	alszom	, verset	indefinite
úszik	doc#297	NA	úszom	mindig , s	indefinite
alszik	doc#297	kínoz . Jól	alszom	. Nem gyötör	indefinite
alszik	doc#297	: most délig	alszom	, vagy	indefinite
alszik	doc#297	NA	alszom	, ahol	indefinite
alszik	doc#297	. </s><s> Sosem	alszom	Pekingben	indefinite
úszik	doc#298	<s> Hal vagyok ,	úszom	vízben ,	indefinite
étkezik	doc#299	egyszer	étkezem	. </s><s> Mentől	indefinite
igyekszik	doc#301	tartok . </s><s>	Igyekszem	tehát	indefinite
úszik	doc#301	ül , én	úszom	feléje a	indefinite
úszik	doc#301	látta , hogy	úszom	olyan jól ,	indefinite
alszik	doc#302	<s> Meztelenül	alszom	, és így is	indefinite
igyekszik	doc#302	NA	igyekszem	meggyőzni	indefinite
igyekszik	doc#302	, és	igyekszem	rávenni	indefinite
alszik	doc#302	NA	alszom	, szép , nagy	indefinite
igyekszik	doc#302	a nőt , és	igyekszem	naplója	indefinite
alszik	doc#302	nélkül	alszom	; én	indefinite
alszik	doc#302	kertben	alszom	: a szemembe	indefinite
alszik	doc#302	és mélyen	alszom	, még a	indefinite
alszik	doc#302	többet	alszom	, és	indefinite
alszik	doc#303	- mert ott	alszom	- a	indefinite
úszik	doc#303	vizében	úszom	én . </s><s> Így	indefinite
úszik	doc#303	én . </s><s> Így	úszom	még sok	indefinite
alszik	doc#303	<s> Éjszaka nem	alszom	. </s>	indefinite
úszik	doc#303	között	úszom	, de belső	indefinite
alszik	doc#303	, ha én is	alszom	. </s><s> Milyen	indefinite
alszik	doc#303	, pihenek ,	alszom	és iszom . </s><s> Az	indefinite
alszik	doc#303	. </s><s> S ha nem	alszom	el , az talán	indefinite
alszik	doc#303	. </s><s> Anyámnál	alszom	, a rövid	indefinite
étkezik	doc#303	egyszer	étkezem	. </s><s> Mentől	indefinite
alszik	doc#303	- így	alszom	magam is ,	indefinite
alszik	doc#303	, ha magam	alszom	, s ha nem :	indefinite
igyekszik	doc#303	akárhogy is	igyekszem	. </s><s> 24.	indefinite
alszik	doc#303	? </s><s> Mi van , ha	alszom	s lényem	indefinite
alszik	doc#303	halál . </s><s> S már	alszom	is . És	indefinite
alszik	doc#305	nálad	alszom	, szerelmem	indefinite
alszik	doc#306	. </s><s> Édesen	alszom	a hitvesi	indefinite
alszik	doc#306	át alig	alszom	. </s><s> Fáj a	indefinite
igyekszik	doc#306	betartani	igyekszem	,	indefinite
igyekszik	doc#306	így . </s><s> Csak	igyekszem	tudomásul	indefinite
igyekszik	doc#306	. </s><s> Majd	igyekszem	NA	indefinite
igyekszik	doc#306	. </s><s>	Igyekszem	, ne	indefinite
igyekszik	doc#306	. </s><s> Majd	igyekszem	röviden , ne	indefinite
igyekszik	doc#307	, lelkesen	igyekszem	bármily	indefinite
igyekszik	doc#307	NA	igyekszem	, az """" élte	indefinite
igyekszik	doc#307	ellenére	igyekszem	NA	indefinite
igyekszik	doc#307	író ? </s><s> Később	igyekszem	választ	indefinite
igyekszik	doc#307	, s	igyekszem	nem a	indefinite
igyekszik	doc#307	, akárhogy	igyekszem	is , csak	indefinite
igyekszik	doc#307	épp azt	igyekszem	megértetni	definite
úszik	doc#308	lovagolok ,	úszom	,	indefinite
alszik	doc#308	. </s><s> Ha nem	alszom	ki a nyolc	indefinite
étkezik	doc#309	, nem	étkezem	az ingyen	indefinite
alszik	doc#309	többé nem	alszom	, jaj , többé	indefinite
alszik	doc#309	, ha	alszom	, nem jókat	indefinite
igyekszik	doc#309	hasamat , de	igyekszem	legjobb	indefinite
úszik	doc#309	lovagolok ,	úszom	,	indefinite
alszik	doc#309	, ha nem	alszom	ki a nyolc	indefinite
alszik	doc#309	, nehezen	alszom	el . </s>	indefinite
igyekszik	doc#310	, így lesz ? </s><s> -	Igyekszem	, apám . </s><s> Újra	indefinite
igyekszik	doc#310	szárazon . </s><s> -	Igyekszem	, jól élek . </s>	indefinite
alszik	doc#310	. </s><s> Ebéd után	alszom	egyet . </s>	indefinite
alszik	doc#310	benne . </s><s>	Alszom	néhány	indefinite
alszik	doc#310	nálad	alszom	. </s><s> És Zimonyi	indefinite
úszik	doc#310	<s> - Minden nap	úszom	, szaunázom	indefinite
alszik	doc#310	! </s><s> Nálad	alszom	! </s><s> Sanyika	indefinite
igyekszik	doc#311	Zimi , várj . </s><s>	Igyekszem	szelíden ,	indefinite
igyekszik	doc#311	. </s><s> RÓSZ </s><s> Majd	igyekszem	. </s><s> Nem telt	indefinite
alszik	doc#311	nálad	alszom	. </s><s> ZIMONYI </s><s> (	indefinite
alszik	doc#311	, veled	alszom	. </s><s> A szeretőm	indefinite
igyekszik	doc#311	, Pierre ,	igyekszem	mindent	indefinite
alszik	doc#312	. </s><s> Édesen	alszom	a hitvesi	indefinite
alszik	doc#312	át alig	alszom	. </s><s> Fáj a	indefinite
igyekszik	doc#312	betartani	igyekszem	,	indefinite
igyekszik	doc#312	így . </s><s> Csak	igyekszem	tudomásul	indefinite
igyekszik	doc#312	. </s><s> Majd	igyekszem	NA	indefinite
igyekszik	doc#312	. </s><s>	Igyekszem	, ne	indefinite
igyekszik	doc#312	. </s><s> Majd	igyekszem	röviden , ne	indefinite
alszik	doc#313	, nehezen	alszom	el . </s><s> Vidám	indefinite
kotorászik	doc#313	, mikor így	kotorászom	, pergetem	indefinite
alszik	doc#313	meg	alszom	. </s><s> Fáradt	indefinite
alszik	doc#313	tudom , hol	alszom	. </s><s> Én is félek	indefinite
alszik	doc#313	, elbújok és	alszom	. </s><s> Ettől és a	indefinite
igyekszik	doc#314	, lelkesen	igyekszem	bármily	indefinite
igyekszik	doc#314	NA	igyekszem	, az """" élte	indefinite
igyekszik	doc#314	ellenére	igyekszem	NA	indefinite
igyekszik	doc#314	író ? </s><s> Később	igyekszem	választ	indefinite
igyekszik	doc#314	, s	igyekszem	nem a	indefinite
igyekszik	doc#314	, akárhogy	igyekszem	is , csak	indefinite
igyekszik	doc#314	épp azt	igyekszem	megértetni	definite
úszik	doc#315	lovagolok ,	úszom	,	indefinite
alszik	doc#315	. </s><s> Ha nem	alszom	ki a nyolc	indefinite
cselekszik	doc#316	dolgot	cselekszem	, ez igaz is . </s>	indefinite
igyekszik	doc#316	. </s><s> Csak	igyekszem	a párt által	indefinite
cselekszik	doc#316	NA	cselekszem	. </s><s> S valóban . </s>	indefinite
igyekszik	doc#317	... </s><s>	Igyekszem	röviden	indefinite
alszik	doc#317	a francban	alszom	. </s>	indefinite
alszik	doc#317	, hogy nem	alszom	el magamtól	indefinite
alszik	doc#318	óta nem	alszom	,	indefinite
cselekszik	doc#318	ideje jön ,	cselekszem	. </s><s> Lacika	indefinite
alszik	doc#319	, azon	alszom	. </s><s> Ő is nappal	indefinite
alszik	doc#319	tudom , hol	alszom	. </s><s> Én is félek	indefinite
alszik	doc#319	meg	alszom	. </s><s> Fáradt	indefinite
alszik	doc#320	, nehezen	alszom	el . </s><s> Vidám	indefinite
alszik	doc#320	tudom , hol	alszom	. </s><s> Én is félek	indefinite
igyekszik	doc#321	, miként	igyekszem	- továbbra	indefinite
igyekszik	doc#321	írásomban	igyekszem	majd	indefinite
igyekszik	doc#324	éppen ezért	igyekszem	bőven	indefinite
alszik	doc#325	nálam . </s><s>	Alszom	is most ,	indefinite
igyekszik	doc#325	hiába	igyekszem	ízlésemhez	indefinite
igyekszik	doc#326	. </s><s>	Igyekszem	majd	indefinite
alszik	doc#328	keveset	alszom	- írta	indefinite
étkezik	doc#328	egyszer	étkezem	, három	indefinite
törekszik	doc#329	magasabbra	törekszem	, s a célt	indefinite
alszik	doc#330	hét óta nem	alszom	-	indefinite
igyekszik	doc#332	, én azért	igyekszem	továbbra is	indefinite
igyekszik	doc#332	kötetekben	igyekszem	majd	indefinite
igyekszik	doc#335	legfeljebb	igyekszem	arcomra egy	indefinite
törekszik	doc#335	NA	törekszem	, amely	indefinite
igyekszik	doc#335	oldalról is	igyekszem	hidat	indefinite
igyekszik	doc#335	NA	igyekszem	szolgálni . </s>	indefinite
cselekszik	doc#336	semmit sem	cselekszem	titkon . </s><s> - Ön	indefinite
alszik	doc#336	ahogy lett . </s><s>	Alszom	, mint egy	indefinite
igyekszik	doc#337	ezt	igyekszem	NA	definite
igyekszik	doc#338	nem	igyekszem	majd	indefinite
igyekszik	doc#338	,	igyekszem	is	indefinite
igyekszik	doc#338	időben	igyekszem	NA	indefinite
igyekszik	doc#338	A különbség </s><s>	Igyekszem	igazodni a	indefinite
igyekszik	doc#338	készült . </s><s>	Igyekszem	minden	indefinite
igyekszik	doc#338	világot , én	igyekszem	legalább	indefinite
igyekszik	doc#339	évtizede	igyekszem	a költő	indefinite
igyekszik	doc#339	a költőhöz -	igyekszem	mindig azt	definite
igyekszik	doc#343	fel , s	igyekszem	NA	indefinite
igyekszik	doc#343	NA	igyekszem	majd	indefinite
igyekszik	doc#343	NA	igyekszem	jellemezni	indefinite
igyekszik	doc#343	ezt majd	igyekszem	NA	indefinite
igyekszik	doc#343	: én is	igyekszem	megkímélni	indefinite
törekszik	doc#344	magasabbra	törekszem	( ... ) </s>	indefinite
igyekszik	doc#344	kötetekben	igyekszem	majd	indefinite
igyekszik	doc#344	, én azért	igyekszem	továbbra is	indefinite
törekszik	doc#345	magasabbra	törekszem	... </s><s> Művész	indefinite
igyekszik	doc#346	is	igyekszem	új	indefinite
igyekszik	doc#346	NA	igyekszem	előadni	indefinite
törekszik	doc#346	NA	törekszem	. </s><s> Ezért	indefinite
törekszik	doc#346	NA	törekszem	. </s><s> Ebből a	indefinite
igyekszik	doc#348	seregéből ,	igyekszem	majd	indefinite
törekszik	doc#349	, erre sem	törekszem	; száraz	indefinite
igyekszik	doc#349	, de azt	igyekszem	majd	definite
igyekszik	doc#350	, ha nem	igyekszem	sáfárkodni	indefinite
étkezik	doc#350	a szobámban	étkezem	. </s><s> Miután	indefinite
igyekszik	doc#350	, és majd	igyekszem	is jobban	indefinite
törekszik	doc#350	arra	törekszem	, hogy ne	indefinite
cselekszik	doc#350	helyesen	cselekszem	-e . </s><s> Mert azt	indefinite
igyekszik	doc#352	elég , - én	igyekszem	ugyan	indefinite
cselekszik	doc#353	a díjat , jót	cselekszem	s öregkorom	definite
igyekszik	doc#353	? </s><s> Hogy hiába	igyekszem	feléje , épp	indefinite
törekszik	doc#353	én nem	törekszem	arra , hogy	indefinite
igyekszik	doc#353	,	igyekszem	úgy tenni ,	indefinite
törekszik	doc#353	az . </s><s> Én csak	törekszem	az	indefinite
törekszik	doc#353	, aztán arra	törekszem	, hogy	indefinite
igyekszik	doc#353	gondolatot	igyekszem	fagyott	indefinite
alszik	doc#353	. </s><s> S ha	alszom	, vagy ha	indefinite
alszik	doc#354	Tudja , hogy	alszom	én el ? </s><s> Oly	indefinite
cselekszik	doc#354	szerint	cselekszem	-e , ha a	indefinite
törekszik	doc#354	semmire se	törekszem	, - meg aztán	indefinite
igyekszik	doc#354	, - azon	igyekszem	, hogy	indefinite
alszik	doc#354	három órát	alszom	, - feleli a	indefinite
alszik	doc#355	a konyhában	alszom	. </s><s> SIRMA </s><s> (	indefinite
alszik	doc#355	... </s><s> Rosszul	alszom	... </s><s> DR. BECK </s>	indefinite
alszik	doc#355	... és nem is	alszom	mindig ... </s>	indefinite
igyekszik	doc#355	. ) </s><s> Majd	igyekszem	! </s><s> METELLUS </s>	indefinite
alszik	doc#355	) </s><s> Majd ha már	alszom	... </s><s> JOHANNA </s>	indefinite
igyekszik	doc#355	? </s><s> - Én	igyekszem	az összes	indefinite
alszik	doc#355	ön miatt nem	alszom	mostanában	indefinite
úszik	doc#356	, én remekül	úszom	, a kapitány	indefinite
igyekszik	doc#356	engem . </s><s>	Igyekszem	tehát	indefinite
cselekszik	doc#356	fordítva	cselekszem	. </s><s> Chin-chin	indefinite
igyekszik	doc#356	. ) </s><s> - Nem	igyekszem	én olyat	indefinite
törekszik	doc#356	<s> És én arra	törekszem	, hogy	indefinite
törekszik	doc#356	itt és arra	törekszem	, hogy	indefinite
úszik	doc#356	, - """"	úszom	 , ahogy	indefinite
igyekszik	doc#356	, hogy én	igyekszem	mindenben	indefinite
törekszik	doc#357	. </s><s> Arra	törekszem	, hogy e	indefinite
alszik	doc#357	eszem , nem	alszom	, nem	indefinite
törekszik	doc#357	NA	törekszem	, hanem a	indefinite
igyekszik	doc#357	, s	igyekszem	NA	indefinite
törekszik	doc#357	NA	törekszem	, azt az	indefinite
alszik	doc#359	: ha mélyen	alszom	és keveset (	indefinite
alszik	doc#359	napokon át	alszom	. </s><s> Fénytörő	indefinite
igyekszik	doc#359	sehogy :	igyekszem	minden	indefinite
alszik	doc#359	: mikor	alszom	, nem akarok	indefinite
törekszik	doc#359	arra	törekszem	, hogy ne	indefinite
törekszik	doc#359	már : nem	törekszem	többé	indefinite
igyekszik	doc#359	, jó - én is	igyekszem	jó lenni . </s><s> A	indefinite
alszik	doc#359	, vagy	alszom	, - örökké	indefinite
alszik	doc#359	,	alszom	, kigyúl az	indefinite
igyekszik	doc#359	volna : - nem	igyekszem	értelmes	indefinite
alszik	doc#359	bajom van ? </s><s>	Alszom	amíg	indefinite
alszik	doc#359	, - én	alszom	. </s><s> Régen	indefinite
igyekszik	doc#359	eszemből s	igyekszem	a jó	indefinite
alszik	doc#359	mélyen	alszom	, - s tíz év is	indefinite
igyekszik	doc#359	NA	igyekszem	viseltetni	indefinite
alszik	doc#359	eszem , vagy	alszom	, mint ő ,	indefinite
törekszik	doc#359	segíteni	törekszem	embereken s	indefinite
alszik	doc#359	fekszem és	alszom	. </s><s> A másik fal	indefinite
alszik	doc#359	haza ; - ha	alszom	, ne bánts ,	indefinite
igyekszik	doc#359	s nem	igyekszem	az	indefinite
alszik	doc#359	! </s><s> Ha keveset	alszom	, - jobban	indefinite
alszik	doc#359	, ha sokat	alszom	.... </s><s> S nem	indefinite
alszik	doc#359	. </s><s> - Rosszúl	alszom	. </s><s> Nagy szél	indefinite
alszik	doc#359	már nem igen	alszom	, - hát egy	indefinite
alszik	doc#359	és	alszom	, - más ebből	indefinite
igyekszik	doc#359	megintcsak	igyekszem	megmutatni	indefinite
alszik	doc#359	, - nem jól	alszom	- rádli	indefinite
alszik	doc#359	. </s><s> - S ma már ? </s><s>	Alszom	itt délután	indefinite
törekszik	doc#359	NA	törekszem	, - hanem	indefinite
cselekszik	doc#359	parancsára	cselekszem	.... </s><s> - Azt	indefinite
igyekszik	doc#359	félek : -	igyekszem	jól	indefinite
törekszik	doc#359	NA	törekszem	. </s><s> - Ő	indefinite
törekszik	doc#359	....	törekszem	reá , hogy	indefinite
igyekszik	doc#359	, - épp ezért	igyekszem	legalább	indefinite
törekszik	doc#359	ma már nem	törekszem	.... </s><s> A	indefinite
törekszik	doc#359	s arra	törekszem	, hogy	indefinite
igyekszik	doc#359	szóval	igyekszem	NA	indefinite
törekszik	doc#359	, ha arra	törekszem	, hogy	indefinite
alszik	doc#359	van s én	alszom	, - ezt	indefinite
alszik	doc#359	félálomban	alszom	.... nem a	indefinite
alszik	doc#359	<s> Ha négy órát	alszom	, nem vagyok	indefinite
úszik	doc#359	vagyok ,	úszom	így . </s><s> Aztán	indefinite
igyekszik	doc#359	szófosó ! </s><s> -	Igyekszem	ugyan most ,	indefinite
igyekszik	doc#359	között . </s><s>	Igyekszem	NA	indefinite
igyekszik	doc#359	irányba ? </s><s>	Igyekszem	befejezni	indefinite
alszik	doc#359	. </s><s> - Én már	alszom	. ) </s><s> - A IIben a	indefinite
igyekszik	doc#359	magam s	igyekszem	meghatott	indefinite
igyekszik	doc#359	azt , hogy	igyekszem	azzá lenni s	indefinite
törekszik	doc#359	, arra	törekszem	, hogy ne	indefinite
igyekszik	doc#359	.... s aztán	igyekszem	kínosan	indefinite
igyekszik	doc#359	NA	igyekszem	én is	indefinite
alszik	doc#359	. </s><s> Hát	alszom	? </s><s> Mikor ez	indefinite
igyekszik	doc#359	néz -e ? </s><s> S	igyekszem	olyan arcot	indefinite
igyekszik	doc#359	meg engem s	igyekszem	oly tisztán	indefinite
igyekszik	doc#359	őket ,	igyekszem	szeretni	indefinite
igyekszik	doc#359	velük ,	igyekszem	megmutatni	indefinite
igyekszik	doc#359	, azt	igyekszem	minden	definite
igyekszik	doc#359	, mint ezt	igyekszem	NA	definite
igyekszik	doc#359	velük ,	igyekszem	az embert	indefinite
alszik	doc#359	rám :	alszom	-e még , -	indefinite
törekszik	doc#359	már : - nem	törekszem	többé	indefinite
alszik	doc#359	hiszen most	alszom	! """" - eszembe	indefinite
törekszik	doc#359	uram - én nem	törekszem	arra , hogy	indefinite
igyekszik	doc#359	én is s	igyekszem	e	indefinite
igyekszik	doc#359	NA	igyekszem	elérni ,	indefinite
igyekszik	doc#359	s azt	igyekszem	NA	definite
alszik	doc#359	: másként	alszom	el , mint	indefinite
alszik	doc#359	már	alszom	. </s><s> Most	indefinite
igyekszik	doc#359	belenézek ,	igyekszem	legalábbis	indefinite
törekszik	doc#359	művészetre	törekszem	. ) - de	indefinite
igyekszik	doc#360	) mért is nem	igyekszem	jobbféle	indefinite
alszik	doc#360	: </s><s> - Ma még itt	alszom	az	indefinite
alszik	doc#360	talán	alszom	is egy	indefinite
igyekszik	doc#360	ülök , s	igyekszem	a	indefinite
igyekszik	doc#360	magam ? </s><s> Nem	igyekszem	NA	indefinite
igyekszik	doc#361	tudtam őt . </s><s>	Igyekszem	nyugodtan	indefinite
alszik	doc#361	: mélyen	alszom	olykor	indefinite
igyekszik	doc#361	. </s><s> S majd	igyekszem	, hogy szép	indefinite
alszik	doc#361	, s rosszul	alszom	. </s><s> Lakásomon	indefinite
alszik	doc#361	. </s><s> Alig	alszom	itt négy-öt	indefinite
alszik	doc#361	s mélyen	alszom	s akármikor	indefinite
igyekszik	doc#361	... </s><s>	Igyekszem	majd	indefinite
alszik	doc#362	tudok én , ha	alszom	is . ) </s><s> S	indefinite
igyekszik	doc#366	és fölfelé	igyekszem	- lefelé	indefinite
igyekszik	doc#366	róla ? </s><s> - Én	igyekszem	kifogni az	indefinite
igyekszik	doc#367	a refrént : """"	Igyekszem	, kísérjen	indefinite
törekszik	doc#367	, hogy arra	törekszem	, népszerű	indefinite
alszik	doc#369	. </s><s> Alig	alszom	ezen az	indefinite
alszik	doc#369	fegyverrel	alszom	. </s><s> - És hogy	indefinite
alszik	doc#369	 </s><s> Nagyon jól	alszom	. </s><s> Borzongó	indefinite
alszik	doc#369	 . </s><s> Nehezen	alszom	el , a szoba	indefinite
alszik	doc#369	. </s><s> Nehezen	alszom	el . </s><s> L.	indefinite
alszik	doc#369	NA	alszom	. </s><s> Reggel	indefinite
úszik	doc#370	, </s><s> lefelé	úszom	a	indefinite
igyekszik	doc#374	. </s><s> Leülünk ,	igyekszem	feltűnés	indefinite
alszik	doc#374	késő estig	alszom	. </s><s> A homályos	indefinite
igyekszik	doc#374	türelmes . </s><s>	Igyekszem	figyelni . </s>	indefinite
úszik	doc#376	, lefelé	úszom	a	indefinite
úszik	doc#377	, </s><s> lefelé	úszom	a	indefinite
úszik	doc#379	elég sokat	úszom	. </s><s> Tavaly	indefinite
úszik	doc#381	, lefelé	úszom	a	indefinite
úszik	doc#382	, lefelé	úszom	a	indefinite
alszik	doc#384	fegyverrel	alszom	. </s><s> - És hogy	indefinite
alszik	doc#386	hiszitek ,	alszom	. </s><s> - Detti ,	indefinite
alszik	doc#386	a kislány . </s><s> -	Alszom	egyet . </s><s> Ne	indefinite
igyekszik	doc#387	. </s><s> - Annyira	igyekszem	, Dani bácsi	indefinite
úszik	doc#388	, lefelé	úszom	a	indefinite
alszik	doc#388	azóta ébren	alszom	bokor	indefinite
igyekszik	doc#389	jelzem , s	igyekszem	NA	indefinite
igyekszik	doc#389	pártolom . </s><s> S	igyekszem	elkerülni	indefinite
igyekszik	doc#389	, irányából	igyekszem	NA	indefinite
alszik	doc#392	. </s><s> Én odahaza	alszom	. </s><s> Éjszaka . </s>	indefinite
igyekszik	doc#392	: kacér . </s><s> -	Igyekszem	haza . </s><s> A	indefinite
igyekszik	doc#393	korszakban	igyekszem	támaszt	indefinite
igyekszik	doc#393	most írni	igyekszem	. </s><s> Erre nincs	indefinite
igyekszik	doc#393	ha a rációt	igyekszem	kivetíteni	definite
alszik	doc#394	, én nem	alszom	. </s><s> És ha nem	indefinite
alszik	doc#394	. </s><s> És ha nem	alszom	, akkor	indefinite
igyekszik	doc#394	. </s><s> JULIS </s><s>	Igyekszem	. </s><s> Hosszú	indefinite
igyekszik	doc#394	. </s><s> JULIS </s><s>	Igyekszem	. </s><s> Csak egy	indefinite
igyekszik	doc#394	. </s><s> JULIS </s><s>	Igyekszem	. </s><s> És mindig	indefinite
alszik	doc#395	egy ágyban	alszom	veled ? </s><s> - A te	indefinite
igyekszik	doc#395	. </s><s> Hát	igyekszem	, hogy	indefinite
igyekszik	doc#396	. </s><s> És	igyekszem	NA	indefinite
igyekszik	doc#396	tudom , hová	igyekszem	, de oda	indefinite
alszik	doc#398	? </s><s> Éjjel	alszom	, nappal	indefinite
alszik	doc#399	<s> De azóta nem	alszom	éjjel , mert	indefinite
alszik	doc#399	és iszom ,	alszom	és felkelek	indefinite
alszik	doc#400	<s> De azóta nem	alszom	éjjel , mert	indefinite
alszik	doc#400	és iszom ,	alszom	és felkelek	indefinite
alszik	doc#400	, én máris	alszom	. </s><s> DON	indefinite
cselekszik	doc#400	rosszat	cselekszem	; most	indefinite
alszik	doc#400	. </s><s> Kiválóan	alszom	. </s><s> BENDER </s>	indefinite
igyekszik	doc#400	<s> JULIKA </s><s> Majd	igyekszem	, Annus néni	indefinite
alszik	doc#400	Én halottal	alszom	</s><s> Koporsó	indefinite
igyekszik	doc#401	jelzem , s	igyekszem	NA	indefinite
igyekszik	doc#401	pártolom . </s><s> S	igyekszem	elkerülni	indefinite
igyekszik	doc#401	, irányából	igyekszem	NA	indefinite
igyekszik	doc#403	annak okait	igyekszem	ábrázolni	indefinite
alszik	doc#404	, máris	alszom	. </s><s> Davceket a	indefinite
alszik	doc#404	, hogy én	alszom	a felsőben ,	indefinite
igyekszik	doc#404	leírnám ,	igyekszem	NA	indefinite
alszik	doc#404	, hogy	alszom	, hisz épp	indefinite
alszik	doc#404	nyugodtan	alszom	- mondta	indefinite
alszik	doc#404	nyugodtan	alszom	. </s><s> Maga még	indefinite
igyekszik	doc#404	, ha	igyekszem	megmenteni	indefinite
alszik	doc#404	, tudom , nem	alszom	az éjjel ,	indefinite
igyekszik	doc#405	portréját	igyekszem	NA	indefinite
igyekszik	doc#405	, s nem	igyekszem	NA	indefinite
igyekszik	doc#405	. </s><s> Nem	igyekszem	NA	indefinite
igyekszik	doc#405	lettem . </s><s>	Igyekszem	az is	indefinite
úszik	doc#406	van . </s><s>	Úszom	majd utánad	indefinite
alszik	doc#407	ez állt : """" Ma	alszom	!! """" ( két	indefinite
igyekszik	doc#409	. </s><s> És	igyekszem	NA	indefinite
igyekszik	doc#409	, hogy	igyekszem	NA	indefinite
törekszik	doc#409	NA	törekszem	. </s><s> Szívesen	indefinite
alszik	doc#411	<s> De azóta nem	alszom	éjjel , mert	indefinite
alszik	doc#411	és iszom ,	alszom	és felkelek	indefinite
alszik	doc#412	<s> De azóta nem	alszom	éjjel , mert	indefinite
alszik	doc#412	és iszom ,	alszom	és felkelek	indefinite
alszik	doc#412	, én máris	alszom	. </s><s> DON	indefinite
cselekszik	doc#412	rosszat	cselekszem	; most	indefinite
alszik	doc#412	. </s><s> Kiválóan	alszom	. </s><s> BENDER </s>	indefinite
igyekszik	doc#412	<s> JULIKA </s><s> Majd	igyekszem	, Annus néni	indefinite
alszik	doc#412	Én halottal	alszom	</s><s> Koporsó	indefinite
alszik	doc#413	, hogy	alszom	. </s><s> Mint a	indefinite
alszik	doc#415	<s> most	alszom	én """" majd	indefinite
alszik	doc#415	én """" majd	alszom	én """" jövőbe	indefinite
alszik	doc#422	-e ? </s><s> - Dehogy	alszom	. </s><s> - Pihensz ? </s>	indefinite
törekszik	doc#423	... </s><s> Erre	törekszem	... </s><s> Az	indefinite
alszik	doc#423	. </s><s> - Hát nem	alszom	én velük ! </s><s> -	indefinite
igyekszik	doc#423	, kérem . </s><s>	Igyekszem	, ahogy	indefinite
törekszik	doc#424	megoldásra	törekszem	 - mondta . </s><s> A	indefinite
alszik	doc#424	, ahogy	alszom	. </s><s> Elveszem	indefinite
alszik	doc#424	vagyok , sem	alszom	, ha nincs	indefinite
alszik	doc#424	senki , sem	alszom	. </s><s> Valami	indefinite
alszik	doc#424	? """" </s><s> """" Dehogy	alszom	, csak itt	indefinite
igyekszik	doc#424	. </s><s> """"	Igyekszem	, igazgató	indefinite
úszik	doc#424	. </s><s> Mióta	úszom	? </s><s> Nem az	indefinite
úszik	doc#424	ha víz alatt	úszom	egy darabig	indefinite
úszik	doc#424	ér . </s><s> Kicsit	úszom	. </s><s> Úszni jó . </s>	indefinite
igyekszik	doc#424	, sietek ,	igyekszem	, megteszem	indefinite
igyekszik	doc#424	nem annyira	igyekszem	hazafelé	indefinite
alszik	doc#424	nála	alszom	. </s><s> Annyira el	indefinite
alszik	doc#424	azóta nem	alszom	. </s><s> Nem a	indefinite
alszik	doc#424	sokszor nem	alszom	. </s><s> Öreg	indefinite
alszik	doc#425	? </s><s> - Hogy itt	alszom	. </s><s> - Ne	indefinite
alszik	doc#425	fél órát se	alszom	már naponta	indefinite
alszik	doc#425	, vagy	alszom	... </s><s> Adjon	indefinite
alszik	doc#425	<s> Persze hogy	alszom	. </s><s> Hát én is	indefinite
igyekszik	doc#425	lelkem , és	igyekszem	téged a	indefinite
alszik	doc#426	ha hagynak -	alszom	ütnek -	indefinite
cselekszik	doc#428	dolgot	cselekszem	? </s><s> LIZA </s><s> De	indefinite
igyekszik	doc#428	magam , hogy	igyekszem	NA	indefinite
alszik	doc#428	Tardyllal	alszom	, nem bírok	indefinite
alszik	doc#428	? </s><s> TOMI </s><s> Igen ,	alszom	. </s><s> KATI </s><s> (	indefinite
alszik	doc#428	? </s><s> TOMI </s><s>	Alszom	. </s><s> KATI </s><s> Nem	indefinite
alszik	doc#428	meztelenül	alszom	. </s><s> ANNA </s><s> Azt	indefinite
alszik	doc#428	<s> Éjszaka úgy	alszom	, hogy	indefinite
alszik	doc#428	éjszaka nem	alszom	. </s><s> Akár hiszi	indefinite
alszik	doc#428	fal mellett	alszom	. </s><s> Nem is	indefinite
alszik	doc#428	. </s><s> Mért	alszom	a fal	indefinite
igyekszik	doc#428	, hiába	igyekszem	. </s><s> BAKAI </s><s> Ibi ! </s>	indefinite
igyekszik	doc#428	. </s><s> IRODISTA </s><s>	Igyekszem	. </s><s> Talán ez is	indefinite
igyekszik	doc#428	<s> IRODISTA </s><s> Ha	igyekszem	. </s><s> BAKAI </s><s> Jó . </s>	indefinite
alszik	doc#428	. ) </s><s> Dehogy	alszom	,	indefinite
alszik	doc#428	, dehogy	alszom	, már megyek	indefinite
alszik	doc#428	, dehogy	alszom	én , jövök is	indefinite
alszik	doc#428	. ) </s><s> Dehogy	alszom	, Bata úr ,	indefinite
alszik	doc#428	, viszlát . </s><s>	Alszom	egy nagyot . </s>	indefinite
alszik	doc#428	<s> BATA </s><s> Sosem	alszom	. </s><s> VENCZEL </s><s> Ez	indefinite
alszik	doc#428	. </s><s> Megyek . </s><s> Á .	Alszom	egy akkorát	indefinite
alszik	doc#428	. ) </s><s> Dehogy	alszom	, főnök	indefinite
alszik	doc#429	. </s><s> - Dehogy	alszom	, dehogyis . </s>	indefinite
alszik	doc#429	, hogy	alszom	. </s><s> Mit	indefinite
alszik	doc#429	, viszlát . </s><s>	Alszom	egy nagyot -	indefinite
alszik	doc#429	... </s><s> - Sose	alszom	. </s><s> - Képletes	indefinite
alszik	doc#429	. </s><s> -	Alszom	egy akkorát	indefinite
igyekszik	doc#429	. </s><s> Mit	igyekszem	? </s><s> Ugyan hova	definite
igyekszik	doc#429	? </s><s> Ugyan hova	igyekszem	? </s>	indefinite
étkezik	doc#430	menzán	étkezem	, képzelje a	indefinite
alszik	doc#430	baj ? </s><s> Hát hol	alszom	? </s><s> EDIT	indefinite
alszik	doc#430	félórát se	alszom	már naponta	indefinite
alszik	doc#430	, vagy	alszom	... </s><s> Adjon	indefinite
alszik	doc#430	<s> Persze hogy	alszom	. </s><s> Hát én is	indefinite
alszik	doc#430	-, rosszul	alszom	, éjszaka	indefinite
úszik	doc#432	aki voltam	úszom	vízszintes	indefinite
alszik	doc#432	csak el nem	alszom	, amíg el nem	indefinite
alszik	doc#432	hogyha	alszom	saját	indefinite
úszik	doc#432	úszik , úgy	úszom	én szemben	indefinite
alszik	doc#432	rémületen	alszom	el . </s><s> De	indefinite
alszik	doc#432	<s> most	alszom	én """" majd	indefinite
alszik	doc#432	én """" majd	alszom	én """" jövőbe	indefinite
alszik	doc#433	se úgy	alszom	el mint	indefinite
alszik	doc#433	csak el nem	alszom	, amíg el nem	indefinite
alszik	doc#433	mesében	alszom	, mint tejbe	indefinite
igyekszik	doc#434	. </s><s> De	igyekszem	mielőbb	indefinite
igyekszik	doc#434	vagyok . </s><s>	Igyekszem	szolgai mód	indefinite
alszik	doc#435	, nem	alszom	, olyan	indefinite
úszik	doc#435	vagyok . </s><s> De	úszom	, láthatod . </s>	indefinite
úszik	doc#436	NA	úszom	a fák közt	indefinite
úszik	doc#437	azt nem	úszom	meg élve s	definite
igyekszik	doc#438	. </s><s> S akárhogy	igyekszem	, elfordul a	indefinite
úszik	doc#438	. </s><s> Víz alatt </s><s>	Úszom	, úszom a	indefinite
úszik	doc#438	<s> Úszom ,	úszom	a ferde víz	indefinite
úszik	doc#438	a víz alatt	úszom	meredeken . </s>	indefinite
alszik	doc#439	. </s><s> Magasan	alszom	, emeletes	indefinite
igyekszik	doc#439	tanulok . </s><s>	Igyekszem	. </s><s> Azt szokta	indefinite
igyekszik	doc#439	, igyekezz . </s><s>	Igyekszem	. </s><s> Még a	indefinite
igyekszik	doc#439	szereti , ha	igyekszem	. </s><s> Ha kimosom	indefinite
alszik	doc#439	-e ? </s><s> - Dehogy	alszom	. </s><s> - Pihensz ? </s>	indefinite
úszik	doc#441	a köröm és	úszom	az áron ,	indefinite
igyekszik	doc#441	s én is azon	igyekszem	, </s><s> ne legyek	indefinite
alszik	doc#442	-e ? </s><s> - Dehogy	alszom	. </s><s> - Pihensz ? </s>	indefinite
étkezik	doc#443	. </s><s> Lakom is ,	étkezem	. </s>	indefinite
alszik	doc#444	éjszaka nem	alszom	. </s><s> Akár hiszi	indefinite
igyekszik	doc#444	, hiába	igyekszem	. </s><s> F. TÓTH </s>	indefinite
alszik	doc#444	keveset	alszom	! </s><s> Mi az ? </s>	indefinite
alszik	doc#444	. </s><s> Én a földön	alszom	. </s><s> MÁRIA </s><s> Nem	indefinite
alszik	doc#444	én veled	alszom	... </s><s> Vagy a	indefinite
törekszik	doc#445	megoldásra	törekszem	 - mondta . </s><s> A	indefinite
alszik	doc#445	, ahogy	alszom	. </s><s> Elveszem	indefinite
alszik	doc#445	vagyok , sem	alszom	, ha nincs	indefinite
alszik	doc#445	senki , sem	alszom	. </s><s> Valami	indefinite
alszik	doc#445	? """" </s><s> """" Dehogy	alszom	, csak itt	indefinite
igyekszik	doc#445	. </s><s> """"	Igyekszem	, igazgató	indefinite
úszik	doc#445	. </s><s> Mióta	úszom	? </s><s> Nem az	indefinite
úszik	doc#445	ha víz alatt	úszom	egy darabig	indefinite
úszik	doc#445	ér . </s><s> Kicsit	úszom	. </s><s> Úszni jó . </s>	indefinite
igyekszik	doc#445	, sietek ,	igyekszem	, megteszem	indefinite
igyekszik	doc#445	nem annyira	igyekszem	hazafelé	indefinite
alszik	doc#445	nála	alszom	. </s><s> Annyira el	indefinite
alszik	doc#445	azóta nem	alszom	. </s><s> Nem a	indefinite
alszik	doc#445	sokszor nem	alszom	. </s><s> Öreg	indefinite
cselekszik	doc#448	rosszul	cselekszem	. </s><s> Így pedig	indefinite
törekszik	doc#449	. </s><s> Én arra	törekszem	, hogy	indefinite
étkezik	doc#449	menzán	étkezem	, képzelje a	indefinite
alszik	doc#449	baj ? </s><s> Hát hol	alszom	? </s><s> EDIT	indefinite
alszik	doc#449	félórát se	alszom	már naponta	indefinite
alszik	doc#449	, vagy	alszom	... </s><s> Adjon	indefinite
alszik	doc#449	<s> Persze hogy	alszom	. </s><s> Hát én is	indefinite
alszik	doc#449	-, rosszul	alszom	, éjszaka	indefinite
alszik	doc#450	se úgy	alszom	el mint	indefinite
alszik	doc#450	csak el nem	alszom	, amíg el nem	indefinite
alszik	doc#450	mesében	alszom	, mint tejbe	indefinite
alszik	doc#453	napja nem	alszom	, karikásak	indefinite
alszik	doc#453	és nem	alszom	: harisnyát	indefinite
igyekszik	doc#453	még ... </s><s> Majd	igyekszem	- </s><s> - Nálam	indefinite
igyekszik	doc#454	mosollyal	igyekszem	elsiklani a	indefinite
alszik	doc#455	? </s><s> Ha	alszom	, csődöt	indefinite
alszik	doc#455	,	alszom	. </s><s> MED . </s><s> UNIV . </s>	indefinite
alszik	doc#455	. </s><s>	Alszom	. </s><s> Z. Wund . </s><s> -	indefinite
alszik	doc#455	. </s><s> Nekem ! </s><s> Aki	alszom	! </s><s> Értsük meg	indefinite
alszik	doc#455	?! </s><s> én </s><s> - Mert	alszom	. </s><s> Kimondom ,	indefinite
alszik	doc#455	a Holdat . </s><s>	Alszom	. </s><s> Z. Wund . </s><s> (	indefinite
alszik	doc#455	, hogy	alszom	! </s><s> Z. Wund . </s><s> -	indefinite
alszik	doc#455	<s> - Bocsánat ,	alszom	. </s><s> - Nem baj ,	indefinite
alszik	doc#455	eszed . </s><s>	Alszom	. </s>	indefinite
alszik	doc#455	nem veled	alszom	benne ?! </s>	indefinite
alszik	doc#455	úr ! </s><s> Nem	alszom	. </s><s> Az	indefinite
törekszik	doc#456	<s> NEM IS	TÖREKSZEM	TÖBBÉ , DE	indefinite
úszik	doc#460	( ( én	úszom	körül magam	indefinite
igyekszik	doc#460	mindhiába	igyekszem	NA	indefinite
alszik	doc#461	- s olyankor	alszom	. </s>	indefinite
cselekszik	doc#461	, amiket	cselekszem	,	indefinite
igyekszik	doc#461	magam is oda	igyekszem	-	indefinite
törekszik	doc#461	erényére	törekszem	s tudom , a jó	indefinite
alszik	doc#462	szólok véle	alszom	s ébredek ! </s>	indefinite
alszik	doc#463	: hurokban	alszom	,	indefinite
alszik	doc#463	. Idomítva	alszom	. Reflexes	indefinite
igyekszik	doc#463	józanodni	igyekszem	: mi	indefinite
igyekszik	doc#464	látok ,	igyekszem	leszerelni	indefinite
alszik	doc#465	NA	alszom	/ jogom	indefinite
alszik	doc#465	jut ,	alszom	rá egyet , és	indefinite
alszik	doc#465	jut ,	alszom	rá egyet ; és	indefinite
cselekszik	doc#465	vagyok . </s><s> /	Cselekszem	és	indefinite
törekszik	doc#465	NA	törekszem	adathibák	indefinite
úszik	doc#466	hányódom	úszom	a zenetetőn	indefinite
alszik	doc#467	<s> - Ez olyan . </s><s> -	Alszom	én magamtól	indefinite
alszik	doc#467	, hogy alig	alszom	el ,	indefinite
alszik	doc#469	nagyot	alszom	napestelig </s>	indefinite
törekszik	doc#469	NA	törekszem	vágtató	indefinite
igyekszik	doc#470	cserébe én	igyekszem	NA	indefinite
alszik	doc#470	utána hétig	alszom	, mint a	indefinite
alszik	doc#470	<s> VV </s><s> Kardomon	alszom	el . </s>	indefinite
étkezik	doc#473	NA	étkezem	</s><s> mondják	indefinite
étkezik	doc#473	labdázom	étkezem	s lányfar	indefinite
alszik	doc#473	nehezebben	alszom	el mind	indefinite
alszik	doc#475	ébren -	alszom	. </s><s> A falakat	indefinite
alszik	doc#475	? </s><s> Ha	alszom	, csődöt	indefinite
alszik	doc#475	-	alszom	. </s>	indefinite
alszik	doc#475	, doktor úr . </s><s>	Alszom	. </s><s> Z. W.	indefinite
alszik	doc#475	mit mond ! </s><s>	Alszom	! </s><s> Ez a bajom ! </s>	indefinite
alszik	doc#475	?! </s><s> ÉN . </s><s> Mert	alszom	. </s><s> Kimondom ,	indefinite
alszik	doc#475	a Holdat . </s><s>	Alszom	. </s><s> Z. W.	indefinite
alszik	doc#475	, hogy	alszom	! </s><s> Z. W.	indefinite
alszik	doc#475	<s> - Bocsánat ,	alszom	. </s><s> - Nem baj ,	indefinite
alszik	doc#475	,	alszom	. </s><s> - Csak	indefinite
alszik	doc#475	eszedet . </s><s>	Alszom	. </s><s> Karcsica	indefinite
alszik	doc#475	mindig nem	alszom	; pálinkám	indefinite
alszik	doc#475	a világon . </s><s>	Alszom	. </s><s> ( Még nem	indefinite
igyekszik	doc#475	jobban	igyekszem	NA	indefinite
alszik	doc#475	poga ... </s><s> (	alszom	, alszom ) </s><s> A	indefinite
alszik	doc#475	<s> ( alszom ,	alszom	) </s><s> A csacsogó	indefinite
úszik	doc#475	. </s><s> Nem	úszom	meg . </s><s> Nem ,	indefinite
úszik	doc#475	alább nem	úszom	meg . </s><s> Már	indefinite
igyekszik	doc#476	és	igyekszem	NA	indefinite
alszik	doc#476	: amikor én	alszom	, nála	indefinite
alszik	doc#476	, hogy	alszom	egy sort -	indefinite
igyekszik	doc#476	hidd meg úgy	igyekszem	hogy neked	indefinite
alszik	doc#476	jobban	alszom	milyen jó	indefinite
igyekszik	doc#476	hűséggel	igyekszem	visszaadni	indefinite
úszik	doc#476	álmát . </s><s>	Úszom	az	indefinite
úszik	doc#476	rá és úgy	úszom	NA	indefinite
cselekszik	doc#476	NA	cselekszem	s ez a	indefinite
alszik	doc#478	nem	alszom	el	indefinite
úszik	doc#478	a többit sem	úszom	meg : a	indefinite
alszik	doc#478	: hurokban	alszom	,	indefinite
törekszik	doc#478	NA	törekszem	? </s><s> Művemre	indefinite
törekszik	doc#478	? </s><s> Művemre	törekszem	 . </s><s> Márpedig	indefinite
alszik	doc#478	és nem	alszom	: harisnyát	indefinite
alszik	doc#478	NA	alszom	; reggel	indefinite
igyekszik	doc#478	a felszínre	igyekszem	s azt se	indefinite
alszik	doc#478	, hátha még	alszom	. </s><s> Aludni	indefinite
törekszik	doc#478	is	törekszem	s ezzel	indefinite
igyekszik	doc#478	és én is	igyekszem	szerényen	indefinite
hazudozik	doc#478	, én nem	hazudozom	. </s><s> A	indefinite
cselekszik	doc#478	azonnal	cselekszem	) . </s><s> Az	indefinite
úszik	doc#478	hogy ezt nem	úszom	meg	definite
igyekszik	doc#478	és	igyekszem	NA	indefinite
alszik	doc#479	: </s><s> mélyen	alszom	mint	indefinite
törekszik	doc#480	NA	törekszem	, győződj	indefinite
törekszik	doc#480	NA	törekszem	erre , hogy	indefinite
igyekszik	doc#480	NA	igyekszem	, semmi	indefinite
alszik	doc#480	, amikor	alszom	. </s><s> Mert	indefinite
úszik	doc#480	én messzire	úszom	a szabad	indefinite
igyekszik	doc#482	<s> - Még nem . </s><s> De	igyekszem	. </s><s> - Ne	indefinite
igyekszik	doc#482	jónak . </s><s>	Igyekszem	más utakon	indefinite
alszik	doc#483	és nem	alszom	: harisnyát	indefinite
alszik	doc#483	?! </s><s> - Alatta	alszom	. </s><s> Az ég	indefinite
igyekszik	doc#484	azóta	igyekszem	el nem	indefinite
cselekszik	doc#484	cél , amiért	cselekszem	? </s><s> Az se	indefinite
alszik	doc#485	today ! ... </s><s>	Alszom	! </s><s> A Császár	indefinite
alszik	doc#485	éjszaka nem	alszom	... </s><s> Vagy ezt	indefinite
alszik	doc#486	! </s><s> Értük nem	alszom	éjszakákon	indefinite
alszik	doc#486	) </s><s> ... Ha	alszom	, álom	indefinite
alszik	doc#486	álom nélkül	alszom	... </s>	indefinite
alszik	doc#486	? ) </s><s> ... És ha	alszom	- mert az	indefinite
alszik	doc#486	szemmel	alszom	. </s><s> Így ... </s><s> Az	indefinite
igyekszik	doc#487	<s> Inkább	igyekszem	vissza . </s>	indefinite
igyekszik	doc#489	énekelni ? </s><s>	Igyekszem	menteni a	indefinite
igyekszik	doc#489	szó . </s><s> HENKER </s><s>	Igyekszem	. </s><s> VIKTOR </s><s> (	indefinite
igyekszik	doc#489	. </s><s> IMRE </s><s>	Igyekszem	. </s><s> DÓRA </s><s> ...	indefinite
igyekszik	doc#489	? </s><s> DÓRA </s><s> Majd	igyekszem	. </s><s> IMRE </s><s> Hamar	indefinite
igyekszik	doc#489	? </s><s> DÓRA </s><s> Majd	igyekszem	. </s><s> IMRE </s><s> A	indefinite
úszik	doc#489	<s> """" Pezsgőben	úszom	én , a	indefinite
úszik	doc#489	<s> """" Pezsgőben	úszom	én ! """" - erre a	indefinite
igyekszik	doc#489	, én meg majd	igyekszem	elkerülni a	indefinite
igyekszik	doc#489	? </s><s> MARGIT </s><s>	Igyekszem	. </s>	indefinite
igyekszik	doc#490	kértél . </s><s>	Igyekszem	majd jól	indefinite
igyekszik	doc#490	énekelni ? </s><s>	Igyekszem	menteni a	indefinite
igyekszik	doc#490	<s> HENKER </s><s> Majd	igyekszem	. </s><s> VIKTOR </s>	indefinite
igyekszik	doc#490	. </s><s> És is	igyekszem	NA	indefinite
igyekszik	doc#490	, azt már	igyekszem	NA	definite
alszik	doc#490	is remekül	alszom	. </s><s> Ha hagynak	indefinite
igyekszik	doc#491	. </s><s> Majd én	igyekszem	szószólója	indefinite
alszik	doc#491	. </s><s> DRAKHISZ </s><s>	Alszom	, papa ,	indefinite
alszik	doc#491	<s> Én meg akkor	alszom	, amikor	indefinite
alszik	doc#491	<s> Te is ! </s><s> Én nem	alszom	. </s><s> Azóta ... </s>	indefinite
igyekszik	doc#492	<s> Csak	igyekszem	pontosan	indefinite
alszik	doc#492	<s> Dehogy	alszom	. </s><s> A GRÓF </s><s> De	indefinite
alszik	doc#493	mögött , és	alszom	. </s><s> S csak	indefinite
úszik	doc#493	<s> Fülig	úszom	az	indefinite
igyekszik	doc#493	. </s><s> LÍVIA </s><s>	Igyekszem	... </s><s> BULCSÚ </s><s> (	indefinite
igyekszik	doc#495	, hívlak . </s><s> -	Igyekszem	hamar	indefinite
igyekszik	doc#496	tőlük . </s><s>	Igyekszem	másról	indefinite
igyekszik	doc#497	csakugyan	igyekszem	civilizált	indefinite
igyekszik	doc#497	. </s><s> FREUD </s><s>	Igyekszem	az lenni . </s><s> De	indefinite
igyekszik	doc#497	. </s><s> IMRE </s><s>	Igyekszem	. </s><s> DÓRA </s><s> ...	indefinite
igyekszik	doc#497	? </s><s> DÓRA </s><s> Majd	igyekszem	. </s><s> IMRE </s><s> Hamar	indefinite
igyekszik	doc#497	? </s><s> DÓRA </s><s> Majd	igyekszem	. </s><s> IMRE </s><s> A	indefinite
úszik	doc#497	<s> """" Pezsgőben	úszom	én , a	indefinite
úszik	doc#497	<s> """" Pezsgőben	úszom	én ! """" - erre a	indefinite
igyekszik	doc#497	épp hogy	igyekszem	meggyőzni	indefinite
igyekszik	doc#497	NA	igyekszem	leplezni . </s>	indefinite
úszik	doc#498	<s> Fülig	úszom	az	indefinite
igyekszik	doc#498	. </s><s> LÍVIA </s><s>	Igyekszem	... </s><s> BULCSÚ </s>	indefinite
alszik	doc#498	! </s><s> Értük nem	alszom	éjszakákon	indefinite
alszik	doc#498	mögött , és	alszom	. </s><s> S csak	indefinite
igyekszik	doc#498	. </s><s> Majd én	igyekszem	szószólója	indefinite
igyekszik	doc#498	amelyet itt	igyekszem	NA	indefinite
igyekszik	doc#498	. </s><s>	Igyekszem	vissza ,	indefinite
igyekszik	doc#499	kötetet ,	igyekszem	Babits	indefinite
alszik	doc#499	már nem	alszom	el - ezt	indefinite
alszik	doc#501	today ! ... </s><s>	Alszom	! </s><s> Kiabál . </s><s> A	indefinite
alszik	doc#501	éjszaka nem	alszom	... </s><s> De ezt	indefinite
igyekszik	doc#502	. </s><s> Ámde	igyekszem	én is , ahogy	indefinite
igyekszik	doc#502	, hívlak . </s><s> -	Igyekszem	hamar	indefinite
törekszik	doc#502	írok , arra	törekszem	, hogy egyre	indefinite
igyekszik	doc#502	meg Moreau . </s><s>	Igyekszem	még tovább	indefinite
igyekszik	doc#502	, én	igyekszem	NA	indefinite
igyekszik	doc#503	<s> Csak	igyekszem	pontosan	indefinite
igyekszik	doc#504	. </s><s>	Igyekszem	úgy	indefinite
alszik	doc#504	felé . </s><s>	Alszom	a vonatban . </s>	indefinite
igyekszik	doc#504	. </s><s>	Igyekszem	lassítani ,	indefinite
úszik	doc#504	reggel	úszom	egyet ,	indefinite
igyekszik	doc#504	várában ,	igyekszem	tehát	indefinite
alszik	doc#504	rosszul	alszom	. </s><s> Mintha	indefinite
igyekszik	doc#504	. </s><s>	Igyekszem	is kitenni	indefinite
alszik	doc#504	És boldogan	alszom	el , mint aki	indefinite
igyekszik	doc#504	utca felé	igyekszem	, hogy	indefinite
alszik	doc#505	NA	alszom	. </s><s> Az álom	indefinite
alszik	doc#505	rosszul	alszom	. </s><s> Mintha	indefinite
igyekszik	doc#505	utca felé	igyekszem	, hogy	indefinite
igyekszik	doc#505	telik ,	igyekszem	minden	indefinite
igyekszik	doc#505	vitassam . </s><s>	Igyekszem	NA	indefinite
igyekszik	doc#505	empátiával	igyekszem	átélni a	indefinite
igyekszik	doc#505	szemben	igyekszem	megvédeni	indefinite
igyekszik	doc#505	dátummal -,	igyekszem	felidézni	indefinite
alszik	doc#506	<s> Te is ! </s><s> Én nem	alszom	. </s><s> Azóta ... </s>	indefinite
alszik	doc#506	UTAS </s><s> Én most	alszom	, és	indefinite
igyekszik	doc#508	<s> Azt a dühöt	igyekszem	kijáratni	definite
igyekszik	doc#508	.	Igyekszem	méltó lenni	indefinite
igyekszik	doc#508	ismerem ? </s><s>	Igyekszem	úgy intézni	indefinite
úszik	doc#508	pocsékul	úszom	. </s><s> JÚLIA </s><s> Te ! </s>	indefinite
igyekszik	doc#508	sorsát ,	igyekszem	fényt	indefinite
igyekszik	doc#510	. </s><s> OLGA </s><s>	Igyekszem	. </s><s> KÁZMÉR </s>	indefinite
úszik	doc#510	, sőt búbig . </s><s>	Úszom	benne ,	indefinite
igyekszik	doc#512	ezután sem	igyekszem	a	indefinite
igyekszik	doc#512	belőle . </s><s>	Igyekszem	olyan arcot	indefinite
igyekszik	doc#512	ülünk . </s><s>	Igyekszem	felmérni a	indefinite
úszik	doc#512	. </s><s> Ott	úszom	NA	indefinite
igyekszik	doc#512	. </s><s> Akkor	igyekszem	felkelni ,	indefinite
igyekszik	doc#514	,	igyekszem	úrrá lenni	indefinite
törekszik	doc#514	mert többre	törekszem	 , azért nem	indefinite
igyekszik	doc#514	a telefon . </s><s>	Igyekszem	nem oda	indefinite
igyekszik	doc#514	, mert	igyekszem	mindenütt	indefinite
alszik	doc#514	. </s><s> N.-nél	alszom	. </s><s> Reggel	indefinite
igyekszik	doc#514	. </s><s> Azzal	igyekszem	megértetni	indefinite
igyekszik	doc#514	érdekében	igyekszem	én	indefinite
igyekszik	doc#515	. </s><s>	Igyekszem	NA	indefinite
alszik	doc#515	hat óra felé	alszom	el egy	indefinite
igyekszik	doc#515	, s	igyekszem	minél	indefinite
alszik	doc#516	sem	alszom	, ha valami	indefinite
igyekszik	doc#516	hangosan . </s><s>	Igyekszem	fölidézni ,	indefinite
úszik	doc#516	erdei úton . </s><s>	Úszom	, szó	indefinite
úszik	doc#516	merülve	úszom	most az	indefinite
igyekszik	doc#517	tovább	igyekszem	. </s><s> De már	indefinite
cselekszik	doc#517	magam ellen	cselekszem	. </s><s> Ily esetre	indefinite
igyekszik	doc#517	, szaladva	igyekszem	hozzá . </s><s> Jó	indefinite
igyekszik	doc#517	tíz órakor ,	igyekszem	elfeledni	indefinite
alszik	doc#518	. </s><s> Nem	alszom	, ha nem	indefinite
alszik	doc#518	, jó egy órát	alszom	. </s><s> Ebédre	indefinite
alszik	doc#518	NA	alszom	vissza ( ez a	indefinite
igyekszik	doc#518	is elmarad . </s><s>	Igyekszem	minél előbb	indefinite
alszik	doc#518	, éjfél felé	alszom	el , de most	indefinite
alszik	doc#518	óta így	alszom	el , hogy ne	indefinite
alszik	doc#518	, hogy ott	alszom	vele :	indefinite
alszik	doc#519	nehezen	alszom	el , a	indefinite
törekszik	doc#519	NA	törekszem	elérni . </s>	indefinite
alszik	doc#519	. </s><s> Ezzel	alszom	el ,	indefinite
alszik	doc#519	nyolckor	alszom	el , tízig ,	indefinite
alszik	doc#520	mindig nem	alszom	. </s><s> Már meg is	indefinite
igyekszik	doc#520	is . </s><s> Magam	igyekszem	tehát távol	indefinite
igyekszik	doc#520	tűri -	igyekszem	megszokni a	indefinite
alszik	doc#520	altatóval -	alszom	elég	indefinite
alszik	doc#520	. </s><s> Hogy lent	alszom	, nem	indefinite
alszik	doc#520	is . </s><s> Itt lent	alszom	s a	indefinite
igyekszik	doc#520	és taglalni	igyekszem	a bajokat . </s>	definite
igyekszik	doc#520	hogy vagy ? </s><s> """"	Igyekszem	, amíg lehet	indefinite
igyekszik	doc#520	sorsát ,	igyekszem	fényt	indefinite
alszik	doc#520	. </s><s> """" Ne """" , majd	alszom	rá . </s><s> Aztán a	indefinite
cselekszik	doc#521	, hogy mikor	cselekszem	helyesen és	indefinite
törekszik	doc#521	NA	törekszem	, hogy még	indefinite
alszik	doc#521	NA	alszom	el , nagy	indefinite
alszik	doc#521	. </s><s> Akkor is	alszom	el - mintegy	indefinite
alszik	doc#521	mamával	alszom	 . </s><s> Most	indefinite
cselekszik	doc#521	. </s><s> De nem így	cselekszem	. </s><s> Nem vagyok	indefinite
alszik	doc#521	NA	alszom	is . </s><s> Így ebéd	indefinite
igyekszik	doc#521	NA	igyekszem	magamba	indefinite
alszik	doc#522	arkhón . </s><s> Itt	alszom	én , tegnap	indefinite
igyekszik	doc#522	. </s><s> DIÁK </s><s>	Igyekszem	jóvátenni . </s>	indefinite
igyekszik	doc#522	, mint a nyű ,	igyekszem	ide hozzád ,	indefinite
igyekszik	doc#522	közben én	igyekszem	akkorát	indefinite
igyekszik	doc#522	. </s><s> PETŐFI </s><s>	Igyekszem	, hogy ne	indefinite
törekszik	doc#523	? </s><s> Ha nagyon	törekszem	, mire jutok	indefinite
törekszik	doc#524	. </s><s> Hűségre	törekszem	. </s><s> Egy lényeg	indefinite
cselekszik	doc#524	: azt nem	cselekszem	, amitől	definite
alszik	doc#524	van , nála	alszom	. </s><s> Ha nem ,	indefinite
alszik	doc#525	NA	alszom	, ha nem a	indefinite
törekszik	doc#525	. </s><s> Egyenesen	törekszem	, sőt török	indefinite
törekszik	doc#525	mert arra is	törekszem	-	indefinite
alszik	doc#526	gazda ? </s><s> - Nem	alszom	! - feleli	indefinite
igyekszik	doc#526	én is abban	igyekszem	! </s><s> Tartsunk	indefinite
alszik	doc#528	a nap . </s><s> Itt	alszom	évekig . </s>	indefinite
alszik	doc#528	évekig . </s><s>	Alszom	forrás	indefinite
igyekszik	doc#528	is sietve	igyekszem	vissza én	indefinite
úszik	doc#528	! </s><s> Halként	úszom	, aztán	indefinite
alszik	doc#528	fényben	alszom	el .	indefinite
alszik	doc#528	, de mégsem	alszom	el soha ,	indefinite
úszik	doc#528	világban	úszom	és	indefinite
úszik	doc#528	között	úszom	, mosakszom	indefinite
igyekszik	doc#528	is	igyekszem	, ki	indefinite
cselekszik	doc#528	csak s én	cselekszem	: utad utam ! </s>	indefinite
úszik	doc#528	tengeren	úszom	, ha nem	indefinite
úszik	doc#528	tengeren	úszom	és visz e	indefinite
alszik	doc#528	. Még nem	alszom	, de érzem ,	indefinite
cselekszik	doc#528	magam is így	cselekszem	: """" értsük	indefinite
alszik	doc#528	- már	alszom	és úgy	indefinite
alszik	doc#528	és úgy	alszom	el , a	indefinite
úszik	doc#528	magamban	úszom	körül s	indefinite
alszik	doc#528	gyerek . </s><s> Nem	alszom	, de már	indefinite
alszik	doc#528	, ugy	alszom	és akkor is ,	indefinite
törekszik	doc#529	jobban	törekszem	a	indefinite
igyekszik	doc#529	kapnak . </s><s>	Igyekszem	rögtön egy	indefinite
igyekszik	doc#529	<s> Március </s><s>	Igyekszem	a legkisebb	indefinite
igyekszik	doc#529	, hogy	igyekszem	NA	indefinite
igyekszik	doc#529	pillanatra	igyekszem	NA	indefinite
igyekszik	doc#529	csak úgy	igyekszem	képet és	indefinite
igyekszik	doc#529	NA	igyekszem	is rögtön	indefinite
úszik	doc#531	NA	úszom	meg . </s><s> Ki	indefinite
alszik	doc#531	hal , szinte	alszom	, nem szóval	indefinite
törekszik	doc#532	magasabbra	törekszem	, s a célt	indefinite
úszik	doc#532	gyanánt	Úszom	át a léget	indefinite
igyekszik	doc#535	NA	igyekszem	valamit	indefinite
igyekszik	doc#535	tart . </s><s>	Igyekszem	élettelen	indefinite
igyekszik	doc#535	, s	igyekszem	NA	indefinite
igyekszik	doc#535	utcán	igyekszem	kifelé . </s><s> Ez	indefinite
igyekszik	doc#537	délután . </s><s>	Igyekszem	minden	indefinite
cselekszik	doc#537	nem	cselekszem	egyebet ,	indefinite
alszik	doc#537	? </s><s> - Dehogy	alszom	-	indefinite
alszik	doc#537	,	alszom	-e már . </s><s> - Nem	indefinite
alszik	doc#541	NA	alszom	, s hogy mit	indefinite
igyekszik	doc#541	van , majd	igyekszem	! Most eredj	indefinite
cselekszik	doc#543	helyesen	cselekszem	-e , amikor	indefinite
úszik	doc#544	. </s><s> Nem	úszom	valami jól ,	indefinite
alszik	doc#544	s teveled	alszom	el , sokszor	indefinite
alszik	doc#547	? </s><s> - Dehogy	alszom	-	indefinite
alszik	doc#547	,	alszom	-e már . </s><s> - Nem	indefinite
úszik	doc#548	testetlen	úszom	át kihalt	indefinite
úszik	doc#548	fények közt	úszom	, mint a Hold	indefinite
alszik	doc#548	lehellve : """"	alszom	, alszom ,	indefinite
alszik	doc#548	: """" alszom ,	alszom	, szép álmom	indefinite
alszik	doc#548	az égig , így	alszom	majd ezer	indefinite
alszik	doc#548	NA	alszom	néma	indefinite
alszik	doc#548	<s> Meghaltam :	alszom	- vagy csak	indefinite
igyekszik	doc#549	hasztalan	igyekszem	NA	indefinite
úszik	doc#549	. </s><s> Nem	úszom	valami jól ,	indefinite
cselekszik	doc#549	magamért	cselekszem	- ha csak	indefinite
igyekszik	doc#549	,	igyekszem	beljebb	indefinite
igyekszik	doc#549	és nevével	igyekszem	NA	indefinite
igyekszik	doc#549	,	igyekszem	valamilyen	indefinite
úszik	doc#549	testetlen	úszom	át kihalt	indefinite
igyekszik	doc#549	NA	igyekszem	a valóságot	definite
igyekszik	doc#551	. </s><s> Én magam is	igyekszem	így	indefinite
igyekszik	doc#551	a művek . </s><s> Én	igyekszem	elolvasni	indefinite
törekszik	doc#551	tudásra	törekszem	, közelebb	indefinite
törekszik	doc#551	<s> Ez utóbbira	törekszem	egész	indefinite
törekszik	doc#551	. </s><s> Arra	törekszem	, hogy	indefinite
törekszik	doc#551	. </s><s> Arra	törekszem	, hogy az	indefinite
igyekszik	doc#552	. </s><s> """" Jobban	igyekszem	szeretni	indefinite
alszik	doc#552	és ott	alszom	el , ahová	indefinite
igyekszik	doc#552	gondolok ,	igyekszem	NA	indefinite
alszik	doc#553	... így sem	alszom	már ma éjjel	indefinite
alszik	doc#556	<s> Ahol én	alszom	. </s><s> Az a te	indefinite
alszik	doc#557	ágyban	alszom	. </s><s> Amíg ti	indefinite
alszik	doc#561	. </s><s> A képével	alszom	, a képével	indefinite
igyekszik	doc#561	az enyémet . </s><s>	Igyekszem	NA	indefinite
igyekszik	doc#561	NA	igyekszem	nem	indefinite
alszik	doc#561	csak hármat	alszom	- optimista	indefinite
igyekszik	doc#561	? </s><s> A jövőben ? </s><s>	Igyekszem	korrekt	indefinite
cselekszik	doc#561	NEM	CSELEKSZEM	SOHA ,	indefinite
alszik	doc#561	éjjel nem	alszom	! </s>	indefinite
törekszik	doc#561	<s> De legalább	törekszem	rá . </s><s> Nincs	indefinite
cselekszik	doc#561	-e , én is azt	cselekszem	. </s><s> Nem mást ,	definite
igyekszik	doc#561	. </s><s> De	igyekszem	azt az EGY	definite
alszik	doc#561	nem	alszom	, szúr a	indefinite
alszik	doc#561	, nem veled	alszom	?! """" ,	indefinite
alszik	doc#563	, ha	alszom	. </s>	indefinite
alszik	doc#564	. </s><s> - Majd én	alszom	a konyhában	indefinite
igyekszik	doc#564	<s> - Kösz . </s><s> Majd	igyekszem	... </s><s> - Aztán ,	indefinite
alszik	doc#564	meztelenül	alszom	mindig -	indefinite
alszik	doc#564	mindig is én	alszom	! </s><s> Ne	indefinite
igyekszik	doc#565	. </s><s> - Csak	igyekszem	az	indefinite
alszik	doc#565	a gyöpön	alszom	, de otthon	indefinite
alszik	doc#566	. </s><s> - És most	alszom	- motyogta	indefinite
alszik	doc#566	álmát	alszom	. </s><s> Azért is . </s><s> -	definite
alszik	doc#566	addig úgyse	alszom	el ... </s><s> - Irma	indefinite
alszik	doc#567	... </s><s> Ahol én	alszom	, az a te	indefinite
alszik	doc#567	. </s><s> Ha nem	alszom	hat órát ,	indefinite
alszik	doc#567	atyám , amíg	alszom	, vigyázz	indefinite
igyekszik	doc#567	még van :	igyekszem	vele jól	indefinite
igyekszik	doc#567	én	igyekszem	. </s><s> De nemhogy	indefinite
alszik	doc#567	, ha	alszom	. </s>	indefinite
cselekszik	doc#568	... és	cselekszem	...	indefinite
alszik	doc#568	Holnap bent	alszom	anyámnál -	indefinite
alszik	doc#568	addig úgyse	alszom	el ... </s><s> - Irma	indefinite
törekszik	doc#568	arra	törekszem	, hogy más	indefinite
alszik	doc#568	altatóval	alszom	, mindig	indefinite
törekszik	doc#568	. </s><s> Ámbár	törekszem	, hogy	indefinite
alszik	doc#568	-, éjjel	alszom	el . </s><s> És a	indefinite
cselekszik	doc#570	, amit most	cselekszem	. </s><s> A SZIKRÁZÓ	indefinite
alszik	doc#570	, ott is	alszom	. </s><s> Korni papa	indefinite
cselekszik	doc#570	, amit	cselekszem	, de azt	indefinite
alszik	doc#570	. </s><s> Amúgy se	alszom	három-négy	indefinite
alszik	doc#570	megint nem	alszom	. </s><s> Csak járok	indefinite
igyekszik	doc#571	a módszert	igyekszem	mindig	indefinite
igyekszik	doc#571	küzdelmeit	igyekszem	őszintén	indefinite
igyekszik	doc#571	az irányban	igyekszem	dolgozni ,	indefinite
igyekszik	doc#571	nélkül	igyekszem	írni . </s>	indefinite
cselekszik	doc#572	ezentúl nem	cselekszem	. </s><s> Bár előtte	indefinite
igyekszik	doc#572	gondoltam ;	igyekszem	NA	indefinite
alszik	doc#572	napja alig	alszom	, ráadásul	indefinite
igyekszik	doc#572	közösen ; én	igyekszem	, igyekszem	indefinite
igyekszik	doc#572	igyekszem ,	igyekszem	, figyelek	indefinite
cselekszik	doc#572	-, úgy	cselekszem	, ahogy a	indefinite
alszik	doc#572	nem is	alszom	- bólint	indefinite
alszik	doc#573	még sokat	alszom	. </s><s> És nem	indefinite
alszik	doc#573	tudom , ha	alszom	. </s><s> Anyu	indefinite
alszik	doc#573	<s> Azt hiszik ,	alszom	. </s><s> Ilyenkor	indefinite
alszik	doc#573	NA	alszom	, és Klári	indefinite
alszik	doc#573	ide , ahol	alszom	. </s><s> - Ez nem a te	indefinite
alszik	doc#573	sötéten	alszom	azóta . </s>	indefinite
cselekszik	doc#573	úgy	cselekszem	, ahogy a	indefinite
igyekszik	doc#573	legalábbis	igyekszem	. </s><s> Most az	indefinite
alszik	doc#573	én itthon	alszom	az ágyamban	indefinite
alszik	doc#573	még nem	alszom	, és amikor	indefinite
alszik	doc#573	is . </s><s> Ha	alszom	. </s><s> De ez	indefinite
alszik	doc#573	, ha el sem	alszom	. </s><s> A rádió	indefinite
úszik	doc#573	... </s><s> - Vagy	úszom	, vagy	indefinite
úszik	doc#573	Imri . </s><s> - Én	úszom	, én érem el	indefinite
alszik	doc#573	óta így	alszom	. </s><s> Altatóval	indefinite
úszik	doc#573	<s> Még remekül	úszom	. </s><s> A	indefinite
igyekszik	doc#573	a gyomrom . </s><s>	Igyekszem	mosolyogni	indefinite
alszik	doc#573	a vonatban	alszom	. </s>	indefinite
igyekszik	doc#573	. </s><s> És én ezt	igyekszem	NA	definite
alszik	doc#573	délig	alszom	NA	indefinite
igyekszik	doc#573	a kedvedre	igyekszem	... a	indefinite
alszik	doc#573	legjobb , ha	alszom	. </s><s> Aludni	indefinite
alszik	doc#573	. </s><s> Inkább	alszom	. </s><s> Amíg	indefinite
alszik	doc#573	. </s><s>	Alszom	. </s><s> Aludni jó . </s>	indefinite
alszik	doc#573	feküdni ,	alszom	, kipihenem	indefinite
alszik	doc#574	csak akkor	alszom	nyugodtan ,	indefinite
alszik	doc#574	. </s><s> """" Majd	alszom	én ... ha	indefinite
alszik	doc#574	<s> Ne félj , itt	alszom	, holnap már	indefinite
úszik	doc#574	! ) </s><s> Mária </s><s> ...	úszom	egyet . </s>	indefinite
igyekszik	doc#574	, úgy	igyekszem	. </s><s> ( Márió	indefinite
alszik	doc#574	félálomban	alszom	. </s><s> S mintha	indefinite
alszik	doc#574	! </s><s> Én	alszom	az első	indefinite
alszik	doc#574	jobban . </s><s>	Alszom	és valahogy	indefinite
alszik	doc#574	róla , hogy	alszom	. </s><s> Csak az az	indefinite
alszik	doc#574	. </s><s> Egyelőre	alszom	. </s><s> Légy velem	indefinite
igyekszik	doc#575	NA	igyekszem	megélni . </s>	indefinite
igyekszik	doc#575	többet	igyekszem	beszélni . </s>	indefinite
igyekszik	doc#575	NA	igyekszem	tehát	indefinite
törekszik	doc#575	, hogy erre	törekszem	, hogy ez a	indefinite
alszik	doc#580	, mintha	alszom	: </s><s> nincs	indefinite
úszik	doc#588	a Halálon	úszom	én ,	indefinite
alszik	doc#592	is tudlak ha	alszom	, </s><s> éjszakám	indefinite
alszik	doc#592	, veled	alszom	. </s><s> Napom ,	indefinite
alszik	doc#594	ájultan	alszom	szerelmes	indefinite
alszik	doc#594	állok . Nem	alszom	. </s><s> Meztelen	indefinite
alszik	doc#598	akármi ! </s><s> És	alszom	és élek és	indefinite
alszik	doc#598	és élek és	alszom	, amíg a	indefinite
alszik	doc#598	ki nem	alszom	! </s><s> Mert	indefinite
alszik	doc#599	akkor </s><s> is , ha	alszom	, s aludván	indefinite
cselekszik	doc#599	: költőként	cselekszem	. </s><s> Hirdetem </s>	indefinite
törekszik	doc#599	<s> halni nem	törekszem	, de az	indefinite
alszik	doc#599	! </s><s> Mért nem	alszom	el , ha	indefinite
alszik	doc#600	, ürítek ,	alszom	, verset	indefinite
törekszik	doc#602	. </s><s> Én is erre	törekszem	. </s>	indefinite
alszik	doc#602	, ahol	alszom	is persze ,	indefinite
cselekszik	doc#602	<s> Élek , s mert	cselekszem	érted világ	indefinite
cselekszik	doc#602	! </s><s> Akarok ! </s><s>	Cselekszem	! </s><s> Élek ! </s>	indefinite
igyekszik	doc#602	: én arra	igyekszem	, nem mindig	indefinite
úszik	doc#604	, hátha nem	úszom	meg épen . </s>	indefinite
étkezik	doc#605	! </s><s> Veletek	étkezem	</s><s> és vétkezem	indefinite
igyekszik	doc#608	tetőre </s><s>	igyekszem	. </s><s> Rajtam	indefinite
alszik	doc#609	, mélyen	alszom	. </s><s> Nem	indefinite
alszik	doc#609	órát </s><s>	alszom	naponta , ha	indefinite
alszik	doc#610	megnézni ,	alszom	-e ? </s><s> Végül	indefinite
úszik	doc#610	ott	úszom	italodban . </s>	indefinite
alszik	doc#612	, mikor	alszom	? </s><s> Kártyában	indefinite
úszik	doc#612	, s én lassan	úszom	, mint	indefinite
alszik	doc#613	, s ha	alszom	, mindig	indefinite
alszik	doc#613	, mikor	alszom	. </s><s> Kártyában	indefinite
úszik	doc#613	, s én lassan	úszom	, mint	indefinite
alszik	doc#614	, s ha	alszom	, mindig	indefinite
alszik	doc#614	, mikor	alszom	. </s><s> Kártyában	indefinite
úszik	doc#614	, s én lassan	úszom	, mint	indefinite
úszik	doc#619	, én hogy	úszom	. </s>	indefinite
alszik	doc#628	nyomottan	alszom	, és mindig	indefinite
igyekszik	doc#628	, de	igyekszem	szerét	indefinite
alszik	doc#630	<s> De hát úgyis	alszom	egyet	indefinite
igyekszik	doc#630	szerezni -	igyekszem	meggyőzni	indefinite
alszik	doc#633	nyomottan	alszom	, és mindig	indefinite
igyekszik	doc#633	, de	igyekszem	szerét	indefinite
alszik	doc#635	<s> De hát úgyis	alszom	egyet	indefinite
igyekszik	doc#635	szerezni -	igyekszem	meggyőzni	indefinite
alszik	doc#637	még itt	alszom	. </s><s> Anyámék	indefinite
alszik	doc#637	, ma én is itt	alszom	. </s><s> - Ezeket	indefinite
étkezik	doc#637	körében	étkezem	, és	indefinite
alszik	doc#637	ágyba , úgy	alszom	el , hogy	indefinite
alszik	doc#637	, ahol	alszom	, ahol	indefinite
alszik	doc#637	máshol is	alszom	. </s><s> De igaz ,	indefinite
alszik	doc#637	. </s><s> Éjjel úgy	alszom	félig ébren	indefinite
úszik	doc#638	madár	úszom	az űrben ,	indefinite
alszik	doc#638	és nem	alszom	hűvös szél	indefinite
alszik	doc#638	hallgatok	alszom	. </s><s> 64 [ Fekete	indefinite
alszik	doc#638	belém , amíg	alszom	egy	indefinite
alszik	doc#638	házban	alszom	mostanában	indefinite
alszik	doc#638	s amíg	alszom	,	indefinite
úszik	doc#638	önfeledten	úszom	egyik	indefinite
alszik	doc#638	nyár benned	alszom	el és benned	indefinite
alszik	doc#638	karodban	alszom	önfeledten	indefinite
alszik	doc#638	is . </s><s> S ha	alszom	mély fekete	indefinite
alszik	doc#638	vánkosán	alszom	boldogan s	indefinite
úszik	doc#638	nem	úszom	be álmaitok	indefinite
úszik	doc#638	szélén ,	úszom	tovább az ár	indefinite
úszik	doc#638	közt	úszom	a cél felé	indefinite
úszik	doc#638	cél ami felé	úszom	. </s>	indefinite
alszik	doc#638	ölében	alszom	még mindig	indefinite
alszik	doc#639	, mikor	alszom	, s talán	indefinite
alszik	doc#639	úr ? </s><s> - Nem	alszom	, de azért	indefinite
alszik	doc#639	: </s><s> -	Alszom	,	indefinite
alszik	doc#639	. </s><s>	Alszom	már ... </s>	indefinite
törekszik	doc#639	NA	törekszem	, de senkit	indefinite
alszik	doc#639	, még nem	alszom	. </s><s> - Hát miért	indefinite
cselekszik	doc#640	, nemigen	cselekszem	olyat , amit	indefinite
alszik	doc#640	fordultan	alszom	, vagy	indefinite
cselekszik	doc#640	volna mit	cselekszem	, a	definite
törekszik	doc#640	NA	törekszem	. </s><s> Lehet ,	indefinite
törekszik	doc#640	NA	törekszem	. </s><s> Mindennap	indefinite
igyekszik	doc#641	: így tehát	igyekszem	rövid lenni	indefinite
törekszik	doc#641	a kudarcra	törekszem	 . </s><s> Én ezt	indefinite
igyekszik	doc#641	szemben . </s><s>	Igyekszem	tartani	indefinite
igyekszik	doc#642	NA	igyekszem	megtalálni	indefinite
igyekszik	doc#645	: így tehát	igyekszem	rövid lenni	indefinite
igyekszik	doc#646	: így tehát	igyekszem	rövid lenni	indefinite
törekszik	doc#646	a kudarcra	törekszem	 . </s><s> Én ezt	indefinite
igyekszik	doc#646	szemben . </s><s>	Igyekszem	tartani	indefinite
igyekszik	doc#647	: így tehát	igyekszem	rövid lenni	indefinite
igyekszik	doc#648	vájva -,	igyekszem	NA	indefinite
igyekszik	doc#648	hever . </s><s>	Igyekszem	mind jobban	indefinite
igyekszik	doc#648	. </s><s> Ha nagyon	igyekszem	,	indefinite
igyekszik	doc#651	vele . </s><s>	Igyekszem	ezeken a	indefinite
igyekszik	doc#651	: így hát	igyekszem	rövid lenni	indefinite
cselekszik	doc#653	nem	cselekszem	alantasan )	indefinite
törekszik	doc#655	már rég nem	törekszem	arra , hogy	indefinite
törekszik	doc#655	én is erre	törekszem	, ha már	indefinite
alszik	doc#658	, no , most	alszom	egyet -	indefinite
alszik	doc#658	. </s><s> Hiába	alszom	, és	indefinite
alszik	doc#659	más ágyban	alszom	, egy közeli	indefinite
igyekszik	doc#659	, de nem	igyekszem	a közepükre	indefinite
igyekszik	doc#659	. </s><s>	Igyekszem	az emberi	indefinite
igyekszik	doc#659	részéről	igyekszem	NA	indefinite
igyekszik	doc#659	nem	igyekszem	lenni . </s><s> Csak	indefinite
étkezik	doc#659	. </s><s> Szívesen	étkezem	és	indefinite
alszik	doc#659	. </s><s> Nem	alszom	négy éven át	indefinite
alszik	doc#659	. </s><s> Most	alszom	először	indefinite
úszik	doc#659	, és	úszom	ki a	indefinite
alszik	doc#659	amelyen jól	alszom	, és	indefinite
igyekszik	doc#659	. </s><s>	Igyekszem	példás	indefinite
igyekszik	doc#659	is hozzám ,	igyekszem	sub specie	indefinite
úszik	doc#659	,	úszom	, súlyzózok	indefinite
alszik	doc#659	, többet	alszom	, kevesebb	indefinite
igyekszik	doc#659	nem	igyekszem	lenni . </s><s> Csak	indefinite
étkezik	doc#659	. </s><s> Szívesen	étkezem	és	indefinite
igyekszik	doc#659	valakivel ,	igyekszem	mielőbb	indefinite
alszik	doc#659	forog . </s><s>	Alszom	rá egyet ,	indefinite
igyekszik	doc#659	, hogy	igyekszem	nem	indefinite
törekszik	doc#660	, és amire	törekszem	, az út ,	indefinite
igyekszik	doc#660	iránt . </s><s>	Igyekszem	öntudatos	indefinite
alszik	doc#664	én nem	alszom	el , és nem	indefinite
igyekszik	doc#664	velük ,	igyekszem	lelépni . </s><s> Én	indefinite
igyekszik	doc#664	,	igyekszem	onnan hamar	indefinite
alszik	doc#664	 </s><s> "" Jó , akkor	alszom	nálatok """" -	indefinite
igyekszik	doc#664	, és	igyekszem	nem zavarni	indefinite
úszik	doc#665	lépkedek ,	úszom	,	indefinite
igyekszik	doc#665	NA	igyekszem	belső	indefinite
cselekszik	doc#665	, és mit	cselekszem	. </s>	definite
cselekszik	doc#665	, amit	cselekszem	. </s><s> A gyerekek	indefinite
igyekszik	doc#665	hazulról ? </s><s>	Igyekszem	nemsokára	indefinite
igyekszik	doc#665	mosolygok ,	igyekszem	a kedvében	indefinite
alszik	doc#665	,	alszom	rá egyet . </s><s> Ez	indefinite
alszik	doc#665	NA	alszom	,	indefinite
igyekszik	doc#667	ügyek . </s><s>	Igyekszem	ebben a	indefinite
igyekszik	doc#667	NA	igyekszem	a	indefinite
igyekszik	doc#667	templom . </s><s>	Igyekszem	nem tenni	indefinite
cselekszik	doc#667	, amikor	cselekszem	. </s><s> A tudatom	indefinite
igyekszik	doc#667	nem	igyekszem	feljebb , a	indefinite
étkezik	doc#667	étteremben	étkezem	,	indefinite
törekszik	doc#667	is	törekszem	a reflexió	indefinite
alszik	doc#667	én is mással	alszom	. </s><s> Megvívjuk	indefinite
alszik	doc#667	az ágyban	alszom	, amelyben	indefinite
igyekszik	doc#667	. </s><s>	Igyekszem	minél	indefinite
igyekszik	doc#667	. </s><s>	Igyekszem	összébb	indefinite
igyekszik	doc#667	dolgokat ,	igyekszem	minél	indefinite
alszik	doc#667	elme ,	alszom	a dologra	indefinite
igyekszik	doc#667	,	igyekszem	nem	indefinite
igyekszik	doc#667	, és	igyekszem	keveset	indefinite
igyekszik	doc#667	gondtól	igyekszem	NA	indefinite
igyekszik	doc#667	NA	igyekszem	elkerülni . </s>	indefinite
igyekszik	doc#667	. </s><s>	Igyekszem	összekötni	indefinite
igyekszik	doc#667	, én	igyekszem	uralkodni	indefinite
igyekszik	doc#668	önmagamat . </s><s>	Igyekszem	tisztelni	indefinite
igyekszik	doc#668	is	igyekszem	kerülni a	indefinite
igyekszik	doc#668	az én ügyem . </s><s>	Igyekszem	továbbá	indefinite
igyekszik	doc#668	beszélek ,	igyekszem	onnan hamar	indefinite
törekszik	doc#668	, arra sem	törekszem	, hogy	indefinite
alszik	doc#669	nem	alszom	el a	indefinite
igyekszik	doc#669	illúzió . </s><s>	Igyekszem	szinte meg	indefinite
igyekszik	doc#669	,	igyekszem	lépést	indefinite
igyekszik	doc#669	semmit ,	igyekszem	NA	indefinite
alszik	doc#669	. </s><s> Ha nem	alszom	legalább	indefinite
igyekszik	doc#670	látom ,	igyekszem	magamból	indefinite
alszik	doc#670	elé . </s><s> Még	alszom	, még nem	indefinite
alszik	doc#670	nagyot	alszom	egy zürichi	indefinite
cselekszik	doc#670	amit éppen	cselekszem	. </s><s> A valóság :	indefinite
alszik	doc#670	jobban	alszom	, mint a	indefinite
alszik	doc#670	, hogy	alszom	-e már , ha a	indefinite
alszik	doc#670	, ha egyedül	alszom	éjjel . </s><s> A	indefinite
úszik	doc#670	hazafelé	úszom	, a világító	indefinite
igyekszik	doc#671	,	igyekszem	jól	indefinite
igyekszik	doc#671	nem	igyekszem	lenni . </s><s> Csak	indefinite
igyekszik	doc#672	köré ;	igyekszem	azonban	indefinite
igyekszik	doc#672	várok , s	igyekszem	NA	indefinite
igyekszik	doc#672	az idő ,	igyekszem	hát	indefinite
alszik	doc#672	mellett	alszom	el , de még ha	indefinite
kotorászik	doc#672	, guggolok ,	kotorászom	,	indefinite
alszik	doc#673	, ha rajta	alszom	el ,	indefinite
cselekszik	doc#673	nem én	cselekszem	, a nyelv	indefinite
igyekszik	doc#673	a számon ,	igyekszem	NA	indefinite
törekszik	doc#673	sem	törekszem	a következő	indefinite
dudorászik	doc#674	könnyűek . </s><s>	Dudorászom	, ahogy	indefinite
alszik	doc#674	. </s><s> Nem sokat	alszom	, hajnali	indefinite
úszik	doc#674	, egyedül	úszom	fel-alá a	indefinite
igyekszik	doc#675	önmagamat . </s><s>	Igyekszem	tisztelni	indefinite
igyekszik	doc#675	is	igyekszem	kerülni a	indefinite
igyekszik	doc#675	öltem ,	igyekszem	elkerülni ,	indefinite
igyekszik	doc#676	lennem ,	igyekszem	az ablak	indefinite
igyekszik	doc#676	a mához nem . </s><s>	Igyekszem	rendben	indefinite
igyekszik	doc#676	mikrofont . </s><s>	Igyekszem	a	indefinite
alszik	doc#676	, inkább	alszom	. </s><s> A	indefinite
igyekszik	doc#676	,	igyekszem	bátorítani	indefinite
igyekszik	doc#676	. </s><s> Mindenütt	igyekszem	egy kicsit	indefinite
igyekszik	doc#676	? </s><s>	Igyekszem	nem	indefinite
kotorászik	doc#676	én is lassan	kotorászom	a	indefinite
alszik	doc#676	nem	alszom	el ,	indefinite
igyekszik	doc#676	igényel . </s><s>	Igyekszem	számos	indefinite
igyekszik	doc#676	azzal	igyekszem	nyugtatni	indefinite
igyekszik	doc#676	NA	igyekszem	a hazai	indefinite
alszik	doc#676	. </s><s> Dehogyis	alszom	, védekezik	indefinite
igyekszik	doc#676	, ha	igyekszem	jól tartani	indefinite
igyekszik	doc#677	. </s><s>	Igyekszem	megtartani	indefinite
igyekszik	doc#677	, ott	igyekszem	NA	indefinite
igyekszik	doc#677	,	igyekszem	jól	indefinite
igyekszik	doc#677	ami vagyok . </s><s>	Igyekszem	az emberi	indefinite
igyekszik	doc#677	éldegélni . </s><s>	Igyekszem	nem lenni	indefinite
igyekszik	doc#678	,	igyekszem	nem	indefinite
alszik	doc#678	. </s><s> Keveset	alszom	,	indefinite
alszik	doc#678	NA	alszom	és olvasok . </s>	indefinite
igyekszik	doc#678	,	igyekszem	NA	indefinite
úszik	doc#678	a lábam , még	úszom	és	indefinite
igyekszik	doc#679	darabig ,	igyekszem	nem	indefinite
igyekszik	doc#679	,	igyekszem	nem	indefinite
igyekszik	doc#679	a dolgokat . </s><s>	Igyekszem	NA	indefinite
igyekszik	doc#679	egyikében	igyekszem	- testemet	indefinite
cselekszik	doc#679	és mit	cselekszem	. </s>	definite
igyekszik	doc#694	alakulását	igyekszem	felvázolni	indefinite
igyekszik	doc#694	NA	igyekszem	minél	indefinite
igyekszik	doc#694	NA	igyekszem	elkerülni . </s>	indefinite
igyekszik	doc#694	pedig	igyekszem	majd	indefinite
úszik	doc#696	még ! </s><s> Csak	úszom	céltalan ,	indefinite
úszik	doc#701	. Váltok -	úszom	ernyedőn ,	indefinite
alszik	doc#708	, mélyen	alszom	a kék mezőn .	indefinite
alszik	doc#712	maniere jól	alszom	,	indefinite
alszik	doc#712	. </s><s> Állandóan	alszom	a	indefinite
igyekszik	doc#715	hevét	igyekszem	minden	indefinite
cselekszik	doc#717	, akkor	cselekszem	helyesen ,	indefinite
igyekszik	doc#719	, s írásban	igyekszem	neked	indefinite
igyekszik	doc#722	, de	igyekszem	nem	indefinite
igyekszik	doc#722	<s> távolodni	igyekszem	tőle , mert	indefinite
igyekszik	doc#722	fordulva	igyekszem	valahogy	indefinite
igyekszik	doc#723	, mondjuk ,	igyekszem	a lehető	indefinite
igyekszik	doc#723	mint eddig . </s><s>	Igyekszem	felhagyni	indefinite
alszik	doc#723	, hogy csak	alszom	meg írok ,	indefinite
igyekszik	doc#723	NA	igyekszem	egy új	indefinite
törekszik	doc#723	arra	törekszem	, hogy	indefinite
törekszik	doc#723	? </s><s> Igen , erre	törekszem	. </s><s> Hogy egy	indefinite
törekszik	doc#723	. </s><s> Mert nem	törekszem	arra , hogy	indefinite
törekszik	doc#723	? </s><s> Arra	törekszem	, hogy	indefinite
igyekszik	doc#723	, vissza is	igyekszem	menni ezért	indefinite
igyekszik	doc#723	, hiába	igyekszem	a	indefinite
törekszik	doc#723	, amire én	törekszem	, a	indefinite
törekszik	doc#723	NA	törekszem	, az egyre	indefinite
igyekszik	doc#723	ért alatta . </s><s>	Igyekszem	NA	indefinite
igyekszik	doc#723	-e . </s><s> Azt	igyekszem	megidézni ,	definite
igyekszik	doc#724	, képzeld ,	igyekszem	belé egy kis	indefinite
igyekszik	doc#724	el most ,	igyekszem	az őszinte	indefinite
igyekszik	doc#724	<s> Mert tudja ,	igyekszem	a figyelmét	definite
igyekszik	doc#724	hallván	igyekszem	megőrizni a	indefinite
igyekszik	doc#724	kolostort	igyekszem	felkeresni	indefinite
igyekszik	doc#724	,	igyekszem	NA	indefinite
alszik	doc#724	, soha nem	alszom	éjjel :	indefinite
igyekszik	doc#724	lehetett ,	igyekszem	emelni a	indefinite
alszik	doc#724	, és úgy	alszom	el , hogy még	indefinite
igyekszik	doc#725	ezt ? """" </s><s> """"	Igyekszem	elhinni """" -	indefinite
alszik	doc#725	napja nem	alszom	, órákat	indefinite
törekszik	doc#727	NA	törekszem	 . </s><s> Igaza van	indefinite
alszik	doc#732	Tündénél	alszom	, de erről	indefinite
cselekszik	doc#734	én helyesen	cselekszem	, verseim a	indefinite
igyekszik	doc#734	számára	igyekszem	vita közben	indefinite
kotorászik	doc#742	! </s><s> Én nem	kotorászom	, hogy mi az	indefinite
igyekszik	doc#743	NA	igyekszem	, kit	indefinite
igyekszik	doc#745	felé , feléd	igyekszem	, ha	indefinite
törekszik	doc#745	bontom , úgy	törekszem	- állandó	indefinite
igyekszik	doc#745	, róla	igyekszem	igen	indefinite
igyekszik	doc#746	. </s><s> Csak	igyekszem	elrejteni ,	indefinite
alszik	doc#746	! </s><s> Ha	alszom	, ne	indefinite
alszik	doc#747	a holnapból	alszom	el . </s>	indefinite
alszik	doc#747	. </s><s> Ezért	alszom	,	indefinite
alszik	doc#747	, eszem ,	alszom	,	indefinite
alszik	doc#747	, eszem ,	alszom	,	indefinite
igyekszik	doc#753	ébredek , és	igyekszem	derűsen	indefinite
alszik	doc#753	, ha nem	alszom	bele . </s><s> Ez	indefinite
alszik	doc#755	napja nem	alszom	, és immár	indefinite
alszik	doc#756	mikor én	alszom	, akkor -	indefinite
alszik	doc#757	azt hiszik -	alszom	, mélyet	indefinite
alszik	doc#757	lehet csak	alszom	és álmomban	indefinite
alszik	doc#757	feledek ; ha	alszom	, álmom	indefinite
alszik	doc#759	lehet csak	alszom	és álmomban	indefinite
alszik	doc#759	feledek , ha	alszom	, álmom	indefinite
igyekszik	doc#760	magam is	igyekszem	szolgálni ,	indefinite
alszik	doc#762	óta nem	alszom	. </s><s> Itt ülök a	indefinite
igyekszik	doc#762	mindig	igyekszem	NA	indefinite
igyekszik	doc#762	szárnyát , s	igyekszem	, mint a	indefinite
alszik	doc#762	, hogy nem	alszom	, lelkem ,	indefinite
alszik	doc#762	. </s><s> Ott jól	alszom	. </s><s> Ott még én	indefinite
igyekszik	doc#764	. </s><s> Ezért	igyekszem	NA	indefinite
alszik	doc#765	már ládákon	alszom	, és	indefinite
igyekszik	doc#768	tájon . Oda	igyekszem	, s közben	indefinite
alszik	doc#768	, bőven	alszom	, mint víz	indefinite
alszik	doc#768	, miért nem	alszom	- most	indefinite
alszik	doc#768	. Oly mélyen	alszom	már	indefinite
alszik	doc#768	, hogy mikor	alszom	, semmi sem	indefinite
alszik	doc#768	tájain . </s><s> Itt	alszom	el mindig a	indefinite
alszik	doc#768	,	alszom	most	indefinite
alszik	doc#768	fejében ott	alszom	én /is/ !	indefinite
alszik	doc#768	én /is/ !	Alszom	a fény felé	indefinite
igyekszik	doc#769	tájon . </s><s> Oda	igyekszem	, s közben	indefinite
alszik	doc#769	, bőven	alszom	, </s><s> mint víz	indefinite
alszik	doc#769	, miért nem	alszom	- most	indefinite
alszik	doc#769	. </s><s> Oly mélyen	alszom	már	indefinite
alszik	doc#769	, hogy mikor	alszom	, semmi sem	indefinite
alszik	doc#769	tájain . </s><s> Itt	alszom	el mindig a	indefinite
alszik	doc#769	, </s><s>	alszom	most	indefinite
alszik	doc#769	fejében </s><s> ott	alszom	én /is/ ! </s>	indefinite
alszik	doc#769	én /is/ ! </s><s>	Alszom	a </s><s> fény felé	indefinite
alszik	doc#770	. </s><s> Oly mélyen	alszom	már	indefinite
alszik	doc#770	, hogy mikor	alszom	, semmi sem	indefinite
alszik	doc#770	tájain . </s><s> Itt	alszom	el mindig a	indefinite
alszik	doc#770	, </s><s>	alszom	most	indefinite
alszik	doc#770	fejében </s><s> ott	alszom	én /is/ ! </s>	indefinite
alszik	doc#770	én /is/ ! </s><s>	Alszom	a </s><s> fény felé	indefinite
igyekszik	doc#771	, hogy hova	igyekszem	. </s>	indefinite
alszik	doc#771	hallod ? </s><s> Így	alszom	én . </s><s> - Most	indefinite
igyekszik	doc#773	!... s én	igyekszem	behúzott	indefinite
igyekszik	doc#773	a lábáról . </s><s> """"	Igyekszem	meghalni """" ,	indefinite
alszik	doc#773	úgy	alszom	mint a nyúl ,	indefinite
igyekszik	doc#773	<s> Ezért aztán	igyekszem	a reflex	indefinite
alszik	doc#774	. </s><s> Sosem	alszom	el egészen ,	indefinite
alszik	doc#774	már	alszom	NA	indefinite
úszik	doc#774	vagyok ,	úszom	az álmos	indefinite
alszik	doc#774	el nem	alszom	és	indefinite
alszik	doc#774	délelőttig	alszom	, mint a	indefinite
úszik	doc#774	ösztönével	úszom	át a	indefinite
dudorászik	doc#774	béke honol -	dudorászom	magamban ,	indefinite
alszik	doc#775	mikor én	alszom	, akkor -	indefinite
igyekszik	doc#777	épp	igyekszem	kiállítani	indefinite
igyekszik	doc#777	alázatosan	igyekszem	a pártomra	indefinite
igyekszik	doc#777	hazajössz . </s><s>	Igyekszem	közömbös	indefinite
alszik	doc#777	<s> - Máskor nem	alszom	el - mondtam	indefinite
igyekszik	doc#778	: """" Nem ,	igyekszem	túlélni . </s><s> Az	indefinite
törekszik	doc#778	NA	törekszem	... """" </s>	indefinite
igyekszik	doc#780	NA	igyekszem	szavakkal	indefinite
igyekszik	doc#784	NA	igyekszem	, meg kell	indefinite
igyekszik	doc#786	emberemet	igyekszem	NA	indefinite
alszik	doc#787	, legalább	alszom	egyet . </s><s> -	indefinite
cselekszik	doc#787	tudtam , mit	cselekszem	, abban az	definite
úszik	doc#787	láva , ott	úszom	én is benne ,	indefinite
igyekszik	doc#789	néném . </s><s>	Igyekszem	. </s><s> Nem	indefinite
alszik	doc#791	. </s><s> - Még	alszom	- mormogta a	indefinite
alszik	doc#792	: azért sem	alszom	el , azért	indefinite
alszik	doc#792	, azért sem	alszom	el ... </s>	indefinite
alszik	doc#796	, állva	alszom	egy keveset	indefinite
alszik	doc#796	most már nem	alszom	. </s><s> - Most már	indefinite
igyekszik	doc#796	! </s><s> Én is	igyekszem	vissza a	indefinite
cselekszik	doc#797	semmit . </s><s>	Cselekszem	! -	indefinite
alszik	doc#797	példás , jól	alszom	, jól	indefinite
igyekszik	doc#801	<s> Éppen hozzá	igyekszem	. </s><s> - Én meg	indefinite
alszik	doc#801	<s> Akkor meg én	alszom	. </s><s> Így aztán	indefinite
igyekszik	doc#803	nem	igyekszem	táborába ? </s>	indefinite
cselekszik	doc#805	, illendően	cselekszem	-e , amikor	indefinite
igyekszik	doc#807	nézem és	igyekszem	megérteni .	indefinite
alszik	doc#807	velünk . </s><s>	Alszom	a fapadon -	indefinite
alszik	doc#810	el nem	alszom	. </s><s> 7 órára	indefinite
igyekszik	doc#810	belőle . </s><s> -	Igyekszem	, édes ,	indefinite
igyekszik	doc#810	problémáit	igyekszem	műszaki és	indefinite
igyekszik	doc#810	várunk . </s><s>	Igyekszem	ismertetni	indefinite
igyekszik	doc#810	. </s><s>	Igyekszem	rendesen	indefinite
igyekszik	doc#810	<s> Legalábbis	igyekszem	. </s><s> Jó ? </s><s> -	indefinite
igyekszik	doc#810	ilyen terv )	igyekszem	NA	indefinite
törekszik	doc#810	NA	törekszem	. </s><s> Maradna	indefinite
alszik	doc#810	s úgy	alszom	el ,	indefinite
igyekszik	doc#810	formában . </s><s>	Igyekszem	azután	indefinite
igyekszik	doc#810	számára . </s><s>	Igyekszem	rövidesen	indefinite
igyekszik	doc#810	,	igyekszem	NA	indefinite
igyekszik	doc#810	, de	igyekszem	megfelelni	indefinite
igyekszik	doc#810	és	igyekszem	egyik	indefinite
igyekszik	doc#810	erőmmel	igyekszem	önmagam	indefinite
igyekszik	doc#810	és	igyekszem	rögtön	indefinite
igyekszik	doc#810	. </s><s>	Igyekszem	amennyire	indefinite
igyekszik	doc#810	, s	igyekszem	gyorsan	indefinite
alszik	doc#812	élek már , ha	alszom	, - s ha	indefinite
igyekszik	doc#812	indokához	igyekszem	közelíteni	indefinite
igyekszik	doc#812	, csupán azt	igyekszem	itt	definite
alszik	doc#816	: </s><s> ... Majd	alszom	perjefű	indefinite
alszik	doc#816	: </s><s> ... Majd	alszom	perjefű	indefinite
alszik	doc#817	iskolával	alszom	együtt . </s><s> Egy	indefinite
alszik	doc#817	, firkálok ,	alszom	/ s	indefinite
alszik	doc#818	a hajnalon	alszom	és nem kelek	indefinite
igyekszik	doc#818	mai képemet	igyekszem	NA	indefinite
alszik	doc#818	iskolával	alszom	együtt . </s><s> Egy	indefinite
alszik	doc#819	: </s><s> ... Majd	alszom	perjefű	indefinite
cselekszik	doc#820	ellen	cselekszem	, mikor e	indefinite
alszik	doc#822	élek már , ha	alszom	, - s ha	indefinite
igyekszik	doc#822	indokához	igyekszem	közelíteni	indefinite
igyekszik	doc#822	, csupán azt	igyekszem	itt	definite
cselekszik	doc#823	NA	cselekszem	, amikor egy	indefinite
alszik	doc#824	a hajnalon	alszom	és nem kelek	indefinite
alszik	doc#824	: </s><s> ... Majd	alszom	perjefű	indefinite
alszik	doc#824	élek már , ha	alszom	, - s ha	indefinite
igyekszik	doc#824	indokához	igyekszem	közelíteni	indefinite
igyekszik	doc#824	mai képemet	igyekszem	NA	indefinite
alszik	doc#826	persze	alszom	egyet nála . </s>	indefinite
igyekszik	doc#827	. </s><s> - Éppen oda	igyekszem	én is . </s>	indefinite
alszik	doc#827	, akkor még	alszom	egy kicsit . </s>	indefinite
úszik	doc#828	, vagy	úszom	egyet . </s>	indefinite
alszik	doc#828	mindjárt	alszom	. </s><s> A	indefinite
alszik	doc#833	, Vera , nem	alszom	, ó ,	indefinite
alszik	doc#833	csak ha nem	alszom	el . </s><s> De hát	indefinite
úszik	doc#833	... </s><s> Ezt nem	úszom	meg , ezt a	definite
alszik	doc#833	, hogy	alszom	, mivel	indefinite
cselekszik	doc#834	olyanokat	cselekszem	, vagy	indefinite
alszik	doc#838	talán még	alszom	egy keveset	indefinite
alszik	doc#838	Én ilyenkor	alszom	...	indefinite
úszik	doc#838	<s> pum-pum ! </s><s> és	úszom	a vízen , </s>	indefinite
alszik	doc#843	<s> Sokszor úgy	alszom	el könyvvel	indefinite
alszik	doc#846	! </s><s> Hiszen még	alszom	! </s><s> Miért kell	indefinite
alszik	doc#846	a mellemen . </s><s>	Alszom	. </s>	indefinite
alszik	doc#846	én már	alszom	. </s><s> Felültem . </s>	indefinite
kotorászik	doc#848	és a ládában	kotorászom	? </s><s> Aztán	indefinite
igyekszik	doc#849	NA	igyekszem	. </s><s> Otthon van	indefinite
alszik	doc#850	, de nem	alszom	. </s><s> Hirtelen a	indefinite
alszik	doc#850	, Vera , nem	alszom	, ó ,	indefinite
alszik	doc#853	akkor se , ha	alszom	. </s><s> Néha már	indefinite
alszik	doc#853	már csak úgy	alszom	, az utcán	indefinite
alszik	doc#853	. </s><s> - Akkor is	alszom	tovább , ha	indefinite
alszik	doc#853	, és már	alszom	. </s><s> Ő meg ,	indefinite
úszik	doc#856	szavak	úszom	a vízmélyi	indefinite
alszik	doc#856	ablak csak	alszom	csak eszem </s>	indefinite
alszik	doc#856	ha el nem	alszom	holló-Holo	indefinite
alszik	doc#856	<s> Én még félig	alszom	. </s>	indefinite
alszik	doc#856	, hogy félig	alszom	. </s>	indefinite
alszik	doc#856	apámmal	alszom	újra és hold	indefinite
alszik	doc#856	NA	alszom	négy órát s	indefinite
úszik	doc#856	a hajam ,	úszom	a	indefinite
alszik	doc#856	álom ? Talán	alszom	a Holdnak	indefinite
igyekszik	doc#857	nénihez	igyekszem	Oros-	indefinite
igyekszik	doc#858	árusokhoz	igyekszem	. </s><s> Ide , a volt	indefinite
törekszik	doc#859	együtt arra	törekszem	, különösen	indefinite
alszik	doc#861	tudom , hol	alszom	az éjjel , de	indefinite
alszik	doc#863	, ha ott	alszom	a	indefinite
alszik	doc#867	nyugodtan	alszom	és szeretek	indefinite
igyekszik	doc#867	NA	igyekszem	majd	indefinite
igyekszik	doc#869	megy . </s><s> Én is	igyekszem	NA	indefinite
igyekszik	doc#871	. </s><s> Jó . </s><s> Majd	igyekszem	! </s><s> Amíg a	indefinite
alszik	doc#871	, hogy	alszom	. </s><s> Néha	indefinite
alszik	doc#873	telik el . </s><s>	Alszom	. </s><s> Bejön a	indefinite
igyekszik	doc#873	lóg ki . </s><s>	Igyekszem	halkan	indefinite
igyekszik	doc#873	, s amikor	igyekszem	NA	indefinite
igyekszik	doc#873	ülnöm , és	igyekszem	valami	indefinite
alszik	doc#873	. </s><s> Nem	alszom	el , de ébren	indefinite
igyekszik	doc#873	<s> Szép volt ? """" </s><s>	Igyekszem	románul	indefinite
igyekszik	doc#873	nézem , majd	igyekszem	én is a fa	indefinite
igyekszik	doc#873	ők , s ezt	igyekszem	titkolni . </s>	definite
alszik	doc#873	legalább	alszom	, nézem a	indefinite
igyekszik	doc#873	fájdalomra	igyekszem	figyelni ,	indefinite
igyekszik	doc#873	kulcs van . </s><s> S	igyekszem	NA	indefinite
igyekszik	doc#873	édeset , de	igyekszem	elnyomni a	indefinite
alszik	doc#873	, ha	alszom	. """" </s><s> Matild	indefinite
igyekszik	doc#873	vannak , s	igyekszem	minden	indefinite
igyekszik	doc#873	iramot : de	igyekszem	NA	indefinite
igyekszik	doc#873	; de azért	igyekszem	sietni . </s>	indefinite
igyekszik	doc#873	, de azért	igyekszem	NA	indefinite
igyekszik	doc#873	. </s><s> Én meg	igyekszem	minden	indefinite
alszik	doc#873	csak . </s><s> Majd	alszom	holnap . </s>	indefinite
igyekszik	doc#873	, de	igyekszem	erősen	indefinite
igyekszik	doc#873	, és	igyekszem	én is	indefinite
igyekszik	doc#875	adták fel ,	igyekszem	én is minél	indefinite
igyekszik	doc#876	ezelőtt . </s><s> S	igyekszem	egyszerű	indefinite
baszik	doc#876	ördög ... """" </s><s> """"	Baszom	annak is a	indefinite
igyekszik	doc#877	NA	igyekszem	kifejteni :	indefinite
igyekszik	doc#877	különben	igyekszem	nem eleve	indefinite
igyekszik	doc#877	NA	igyekszem	szabadulni	indefinite
igyekszik	doc#878	, hogy oda	igyekszem	. </s><s> Aztán csak	indefinite
igyekszik	doc#878	múlva ! </s><s> Majd	igyekszem	nem	indefinite
alszik	doc#878	volt . </s><s> Majd	alszom	egy kis	indefinite
igyekszik	doc#878	akácost , s	igyekszem	úgy lépni ,	indefinite
alszik	doc#878	. </s><s> - Nem	alszom	...	indefinite
alszik	doc#878	hogy itt	alszom	... -	indefinite
igyekszik	doc#878	; de azért	igyekszem	sietni . </s>	indefinite
igyekszik	doc#878	, de azért	igyekszem	NA	indefinite
igyekszik	doc#878	. </s><s> Én meg	igyekszem	minden	indefinite
alszik	doc#878	csak . </s><s> Majd	alszom	holnap . </s>	indefinite
igyekszik	doc#878	, de	igyekszem	erősen	indefinite
igyekszik	doc#878	, és	igyekszem	én is	indefinite
alszik	doc#878	, amelyen	alszom	, még a	indefinite
alszik	doc#878	. </s><s> Nehezen	alszom	el . </s><s> Reggel	indefinite
igyekszik	doc#878	. </s><s>	Igyekszem	én se	indefinite
igyekszik	doc#878	állítólag	igyekszem	. </s><s> Pár	indefinite
alszik	doc#878	neki . </s><s> Úgy	alszom	el ,	indefinite
baszik	doc#878	volna ilyen	baszom	magasba ? </s>	indefinite
igyekszik	doc#879	után , de	igyekszem	semmit se	indefinite
igyekszik	doc#881	az emlék ? </s><s>	Igyekszem	kiegyezni	indefinite
alszik	doc#881	fejét . </s><s> - Nem	alszom	. </s><s> - S közben	indefinite
alszik	doc#882	fejét . </s><s> - Nem	alszom	. </s><s> - S közben	indefinite
baszik	doc#884	volna ilyen	baszom	magasba ? </s>	indefinite
alszik	doc#884	, amelyen	alszom	, még a	indefinite
alszik	doc#884	. </s><s> Nehezen	alszom	el . </s><s> Reggel	indefinite
igyekszik	doc#884	, de azért	igyekszem	NA	indefinite
igyekszik	doc#884	. </s><s> Én meg	igyekszem	minden	indefinite
alszik	doc#884	csak . </s><s> Majd	alszom	holnap . </s>	indefinite
igyekszik	doc#884	, de	igyekszem	erősen	indefinite
igyekszik	doc#884	, és	igyekszem	én is	indefinite
igyekszik	doc#884	akácost , s	igyekszem	úgy lépni ,	indefinite
igyekszik	doc#884	. </s><s>	Igyekszem	én se	indefinite
igyekszik	doc#884	állítólag	igyekszem	. </s><s> Pár	indefinite
alszik	doc#885	hogy itt	alszom	... -	indefinite
alszik	doc#885	. </s><s> - Nem	alszom	...	indefinite
alszik	doc#887	fára , és ott	alszom	. </s><s> De alig úgy	indefinite
alszik	doc#887	magam , hogy	alszom	. </s><s> Még	indefinite
alszik	doc#887	vagyok , ha	alszom	. </s><s> S rögtön	indefinite
alszik	doc#887	volt . </s><s> """" Majd	alszom	egy kis	indefinite
alszik	doc#888	? """" </s><s> - """" Nappal	alszom	 - felelte . </s>	indefinite
cselekszik	doc#888	. </s><s> Vagyok ,	cselekszem	, futok ,	indefinite
alszik	doc#889	, amelyen	alszom	, még a	indefinite
alszik	doc#889	. </s><s> Nehezen	alszom	el . </s><s> Reggel	indefinite
igyekszik	doc#889	, de azért	igyekszem	NA	indefinite
igyekszik	doc#889	. </s><s> Én meg	igyekszem	minden	indefinite
alszik	doc#889	csak . </s><s> Majd	alszom	holnap . </s>	indefinite
igyekszik	doc#889	, de	igyekszem	erősen	indefinite
igyekszik	doc#889	, és	igyekszem	én is	indefinite
igyekszik	doc#889	, hogy oda	igyekszem	. </s><s> Aztán csak	indefinite
igyekszik	doc#889	múlva ! </s><s> Majd	igyekszem	nem	indefinite
igyekszik	doc#889	akácost , s	igyekszem	úgy lépni ,	indefinite
úszik	doc#889	fölött	úszom	el , mint	indefinite
igyekszik	doc#889	. </s><s>	Igyekszem	én se	indefinite
igyekszik	doc#889	állítólag	igyekszem	. </s><s> Pár	indefinite
baszik	doc#889	volna ilyen	baszom	magasba ? </s>	indefinite
igyekszik	doc#890	,	igyekszem	NA	indefinite
igyekszik	doc#890	? </s><s> - Igen és én	igyekszem	NA	indefinite
igyekszik	doc#891	NA	igyekszem	Ön elé tárni	indefinite
törekszik	doc#891	hogy többre	törekszem	, az itt	indefinite
igyekszik	doc#893	fiamról ?! </s><s> -	Igyekszem	megtalálni	indefinite
igyekszik	doc#893	alszunk ,	igyekszem	úgy	indefinite
alszik	doc#893	. </s><s> Rosszul	alszom	, és keveset	indefinite
igyekszik	doc#894	bácsi . </s><s> Majd	igyekszem	, hogy ne	indefinite
igyekszik	doc#894	van . </s><s> -	Igyekszem	rövidre	indefinite
alszik	doc#895	, rosszul	alszom	, reggel	indefinite
igyekszik	doc#895	, ezért	igyekszem	a lényegre	indefinite
igyekszik	doc#895	tudom , de	igyekszem	megkeresni	indefinite
igyekszik	doc#899	ígér . </s><s>	Igyekszem	nem	indefinite
igyekszik	doc#899	mond ,	igyekszem	inkább a	indefinite
igyekszik	doc#899	,	igyekszem	olyan	indefinite
igyekszik	doc#899	az arcán . </s><s>	Igyekszem	NA	indefinite
igyekszik	doc#899	, ezért	igyekszem	minden él	indefinite
alszik	doc#899	kevesebbet	alszom	, mint egy	indefinite
igyekszik	doc#899	közben	igyekszem	apró	indefinite
igyekszik	doc#899	NA	igyekszem	kivenni ,	indefinite
alszik	doc#900	? </s><s> Inkább	alszom	négy órát a	indefinite
igyekszik	doc#900	el vele ? </s><s> -	Igyekszem	jövő hétre	indefinite
igyekszik	doc#900	Noémi , majd	igyekszem	a helyére	indefinite
igyekszik	doc#901	. </s><s> Addig is	igyekszem	NA	indefinite
igyekszik	doc#901	nem hat rám . </s><s>	Igyekszem	NA	indefinite
cselekszik	doc#902	, hogy	cselekszem	valamit	indefinite
alszik	doc#903	itt benn ? </s><s> -	Alszom	, felkelek ,	indefinite
alszik	doc#903	kettőig	alszom	, az ajtóba	indefinite
alszik	doc#903	egy óra után	alszom	az asztalra	indefinite
alszik	doc#903	a padon	alszom	, vagy	indefinite
igyekszik	doc#903	író """" -nál -,	igyekszem	úgy	indefinite
alszik	doc#903	, hiába	alszom	ki magam ,	indefinite
alszik	doc#903	nem	alszom	. </s><s> Hajtóék	indefinite
alszik	doc#903	, nem	alszom	el tőle """" . </s><s> A	indefinite
alszik	doc#903	, és már nem	alszom	el reggelig	indefinite
igyekszik	doc#903	, hogy	igyekszem	. </s><s> Ahogy	indefinite
alszik	doc#904	tőlem , amíg	alszom	-	indefinite
alszik	doc#904	tőlem , amíg	alszom	. </s>	indefinite
törekszik	doc#904	igazságra	törekszem	majd . </s>	indefinite
alszik	doc#907	, nehezen	alszom	el . </s><s> Ha este	indefinite
igyekszik	doc#907	. </s><s> - Majd	igyekszem	szabaddá	indefinite
alszik	doc#907	, nála	alszom	, időnként ő	indefinite
igyekszik	doc#907	. </s><s> - Akkor	igyekszem	elintézni ,	indefinite
igyekszik	doc#907	szerelni . </s><s>	Igyekszem	elintézni ,	indefinite
úszik	doc#907	, addig én	úszom	egy kicsit . </s>	indefinite
igyekszik	doc#907	. </s><s> - Jól van ,	igyekszem	majd . </s>	indefinite
úszik	doc#907	, addig én is	úszom	egyet . </s>	indefinite
törekszik	doc#908	NA	törekszem	,	indefinite
igyekszik	doc#908	viszont nem	igyekszem	semmiféle """"	indefinite
igyekszik	doc#908	, és én	igyekszem	gyakran az	indefinite
igyekszik	doc#909	NA	igyekszem	NA	indefinite
törekszik	doc#909	sem	törekszem	erre . </s><s> A	indefinite
alszik	doc#911	, én nem	alszom	, a	indefinite
igyekszik	doc#911	ül a székén ,	igyekszem	rövidre	indefinite
cselekszik	doc#912	, hogy	cselekszem	valamit	indefinite
igyekszik	doc#912	erőmmel	igyekszem	segíteni az	indefinite
igyekszik	doc#912	. </s><s> - Jó , majd	igyekszem	. </s><s> Ne	indefinite
igyekszik	doc#913	erőmmel	igyekszem	elkerülni ,	indefinite
alszik	doc#916	NA	alszom	egy	indefinite
alszik	doc#916	szemmel	alszom	a	indefinite
alszik	doc#916	mert ha el is	alszom	, éjfélkor	indefinite
igyekszik	doc#916	, és én ebben	igyekszem	a partnere	indefinite
igyekszik	doc#916	bánok vele ,	igyekszem	segíteni ,	indefinite
igyekszik	doc#916	velem ,	igyekszem	mereven	indefinite
úszik	doc#917	, hogy nem	úszom	meg hányás	indefinite
igyekszik	doc#917	valamikor . </s><s>	Igyekszem	NA	indefinite
igyekszik	doc#917	. </s><s> Bárhogy is	igyekszem	meghúzni	indefinite
törekszik	doc#918	NA	törekszem	. </s><s> Így nem	indefinite
igyekszik	doc#919	is	igyekszem	elkerülni ,	indefinite
alszik	doc#919	, én nem	alszom	, a	indefinite
alszik	doc#919	: inkább	alszom	- mondta -	indefinite
igyekszik	doc#920	egy szobát . </s><s>	Igyekszem	meghálálni	indefinite
igyekszik	doc#925	a legelőre ,	igyekszem	a tájba	indefinite
igyekszik	doc#925	fekszik . </s><s>	Igyekszem	legyűrni	indefinite
étkezik	doc#927	semmit . </s><s> Itt	étkezem	a	indefinite
igyekszik	doc#928	mint nevel	igyekszem	NA	indefinite
igyekszik	doc#928	, és ezt	igyekszem	egy kis	definite
igyekszik	doc#928	meg újból ,	igyekszem	folyton a	indefinite
igyekszik	doc#928	, ilyenkor	igyekszem	addig	indefinite
alszik	doc#928	mindig úgy	alszom	el , hogy	indefinite
igyekszik	doc#928	a szám . </s><s>	Igyekszem	NA	indefinite
igyekszik	doc#929	,	igyekszem	úgy	indefinite
alszik	doc#931	nehezen	alszom	majd el ,	indefinite
igyekszik	doc#931	hogy szólt ,	igyekszem	, hogy ne	indefinite
igyekszik	doc#932	bácsi , majd	igyekszem	, hogy ne	indefinite
alszik	doc#933	szavait B. -	Alszom	a	indefinite
alszik	doc#933	is . </s><s> Nem	alszom	el újra ,	indefinite
igyekszik	doc#933	angol , én is	igyekszem	NA	indefinite
alszik	doc#933	fel . </s><s> Nem	alszom	el újból , de	indefinite
igyekszik	doc#935	, majd	igyekszem	úgy	indefinite
igyekszik	doc#936	németül . </s><s>	Igyekszem	minél	indefinite
igyekszik	doc#936	. </s><s> - Jó , majd	igyekszem	. </s><s> Ne	indefinite
igyekszik	doc#937	is	igyekszem	számokká	indefinite
igyekszik	doc#937	. </s><s> Egyelőre	igyekszem	úgy	indefinite
alszik	doc#937	félig	alszom	, a csapat	indefinite
igyekszik	doc#937	hívják ,	igyekszem	nem	indefinite
alszik	doc#938	<s> Ott	alszom	, ahol tudok	indefinite
alszik	doc#938	, nehezen	alszom	el . </s><s> Reggel	indefinite
alszik	doc#938	le . </s><s> Nehezen	alszom	el , hallom ,	indefinite
alszik	doc#938	NA	alszom	el , reggel	indefinite
alszik	doc#938	felső ágyon	alszom	,	indefinite
igyekszik	doc#938	. </s><s> Ezért majd	igyekszem	finoman	indefinite
alszik	doc#938	a kocsiban	alszom	, a	indefinite
alszik	doc#938	. </s><s> Nehezen	alszom	el , fejem a	indefinite
alszik	doc#938	a szabadban	alszom	. </s>	indefinite
alszik	doc#938	nehezen	alszom	el a kemény	indefinite
alszik	doc#938	ismernek . </s><s>	Alszom	tilos	indefinite
alszik	doc#938	, néha úgy	alszom	, hogy	indefinite
alszik	doc#938	egész nap ? </s><s> -	Alszom	, bemegyek a	indefinite
igyekszik	doc#939	. </s><s> Én is	igyekszem	jóban lenni	indefinite
igyekszik	doc#939	, de azért	igyekszem	NA	indefinite
igyekszik	doc#939	a padlón , és	igyekszem	azokat a	indefinite
alszik	doc#939	, náluk	alszom	majd . </s>	indefinite
törekszik	doc#939	irodára	törekszem	, bízom	indefinite
alszik	doc#942	itt benn ? </s><s> -	Alszom	, felkelek ,	indefinite
alszik	doc#942	kettőig	alszom	, az ajtóba	indefinite
alszik	doc#942	egy óra után	alszom	az asztalra	indefinite
alszik	doc#942	a padon	alszom	, vagy	indefinite
igyekszik	doc#942	író """" -nál -,	igyekszem	úgy	indefinite
alszik	doc#942	, hiába	alszom	ki magam ,	indefinite
alszik	doc#942	nem	alszom	. </s><s> Hajtóék	indefinite
alszik	doc#942	, nem	alszom	el tőle """" . </s><s> A	indefinite
alszik	doc#942	, és már nem	alszom	el reggelig	indefinite
igyekszik	doc#942	, hogy	igyekszem	. </s><s> Ahogy	indefinite
igyekszik	doc#943	, hogy ahhoz	igyekszem	igazodni . </s>	indefinite
igyekszik	doc#944	és Gállal . </s><s>	Igyekszem	eltűnni a	indefinite
alszik	doc#944	a fülkében ,	alszom	egy órát ,	indefinite
igyekszik	doc#946	,	igyekszem	rövidre	indefinite
igyekszik	doc#946	sem hívott . </s><s>	Igyekszem	elnyomni	indefinite
alszik	doc#946	kint is	alszom	a földeken ,	indefinite
igyekszik	doc#946	. </s><s>	Igyekszem	észrevenni	indefinite
alszik	doc#947	NA	alszom	egy	indefinite
alszik	doc#947	szemmel	alszom	a	indefinite
alszik	doc#947	mert ha el is	alszom	, éjfélkor	indefinite
igyekszik	doc#947	, és én ebben	igyekszem	a partnere	indefinite
igyekszik	doc#947	bánok vele ,	igyekszem	segíteni ,	indefinite
igyekszik	doc#947	velem ,	igyekszem	mereven	indefinite
úszik	doc#948	, hogy nem	úszom	meg hányás	indefinite
igyekszik	doc#948	valamikor . </s><s>	Igyekszem	NA	indefinite
igyekszik	doc#948	. </s><s> Bárhogy is	igyekszem	meghúzni	indefinite
alszik	doc#949	. </s><s> Kint	alszom	NA	indefinite
alszik	doc#949	ágyon	alszom	, talán még	indefinite
igyekszik	doc#950	, azt	igyekszem	egész évre	definite
igyekszik	doc#950	kimerült ,	igyekszem	végképp	indefinite
alszik	doc#950	, majd	alszom	a vonaton . </s>	indefinite
igyekszik	doc#952	. </s><s> - Jó , majd	igyekszem	. </s><s> Útközben	indefinite
alszik	doc#952	. </s><s> - Ma már nem	alszom	. </s><s> Az idegen	indefinite
alszik	doc#952	már talán	alszom	is majd . </s>	indefinite
alszik	doc#953	rajta . </s><s> El is	alszom	néha , aztán	indefinite
igyekszik	doc#953	. </s><s>	Igyekszem	nem	indefinite
igyekszik	doc#953	a sírba	igyekszem	. </s><s> Erőm	indefinite
cselekszik	doc#954	akaratból	cselekszem	,	indefinite
alszik	doc#955	lefekszem ,	alszom	, de majd	indefinite
cselekszik	doc#957	helyesen	cselekszem	. </s><s> 4 </s>	indefinite
cselekszik	doc#957	, de nem	cselekszem	meg ! </s><s> Látta	indefinite
igyekszik	doc#958	lapomat , de	igyekszem	megőrizni	indefinite
törekszik	doc#958	magam arra	törekszem	, hogy	indefinite
igyekszik	doc#960	mint nevelő	igyekszem	NA	indefinite
igyekszik	doc#960	, és ezt	igyekszem	egy kis	definite
igyekszik	doc#960	meg újból ,	igyekszem	folyton a	indefinite
igyekszik	doc#960	, ilyenkor	igyekszem	addig	indefinite
alszik	doc#960	mindig úgy	alszom	el , hogy	indefinite
igyekszik	doc#960	a szám . </s><s>	Igyekszem	NA	indefinite
igyekszik	doc#961	fiamról ?! </s><s> -	Igyekszem	megtalálni	indefinite
igyekszik	doc#961	alszunk ,	igyekszem	úgy	indefinite
alszik	doc#961	. </s><s> Rosszul	alszom	, és keveset	indefinite
alszik	doc#962	, de nem	alszom	el újra ,	indefinite
igyekszik	doc#963	azóta fáj . </s><s>	Igyekszem	úgy nézni a	indefinite
törekszik	doc#964	NA	törekszem	, amelyet te	indefinite
igyekszik	doc#964	a mondatod . </s><s>	Igyekszem	NA	indefinite
igyekszik	doc#965	, igazán	igyekszem	, kiáltotta	indefinite
igyekszik	doc#965	, és hiába	igyekszem	, nem múlik	indefinite
igyekszik	doc#965	, majd	igyekszem	. </s><s> Nem foglak	indefinite
törekszik	doc#965	. </s><s> Én nem arra	törekszem	, hogy	indefinite
igyekszik	doc#965	NA	igyekszem	a minden	indefinite
úszik	doc#965	a halálomon	úszom	át , amit	indefinite
igyekszik	doc#965	legalábbis	igyekszem	, hogy	indefinite
igyekszik	doc#967	küszködöm ,	igyekszem	NA	indefinite
igyekszik	doc#967	NA	igyekszem	el vele , de a	indefinite
igyekszik	doc#967	NA	igyekszem	hűteni . </s><s> A	indefinite
igyekszik	doc#967	NA	igyekszem	túltenni	indefinite
igyekszik	doc#967	) majd	igyekszem	feloldani . </s>	indefinite
igyekszik	doc#967	és	igyekszem	megőrizni	indefinite
alszik	doc#967	sem kanapén	alszom	, hanem	indefinite
alszik	doc#967	nem kanapén	alszom	, hanem	indefinite
alszik	doc#967	mégis csak	alszom	. </s><s> Akkor	indefinite
törekszik	doc#968	, ha jóra	törekszem	. </s><s> Amikor az	indefinite
törekszik	doc#968	jövőképét ? </s><s>	Törekszem	erre , bár e	indefinite
igyekszik	doc#968	vagyok , s	igyekszem	nem is	indefinite
igyekszik	doc#968	, és hiába	igyekszem	eltüntetni	indefinite
cselekszik	doc#968	tiltottat	cselekszem	, de olyan	indefinite
törekszik	doc#968	arra	törekszem	, hogy	indefinite
igyekszik	doc#968	olyasmiről	igyekszem	beszélni ,	indefinite
törekszik	doc#968	mégis arra	törekszem	, hogy	indefinite
igyekszik	doc#969	NA	igyekszem	NA	indefinite
alszik	doc#969	le , ha	alszom	. </s><s> """" c </s><s> MÁRIA </s>	indefinite
igyekszik	doc#969	is	igyekszem	, nem jön	indefinite
alszik	doc#969	s mikor	alszom	el újra . </s>	indefinite
alszik	doc#969	van . </s><s> Aztán	alszom	fél órát . </s>	indefinite
alszik	doc#970	-e vagy	alszom	, és	indefinite
alszik	doc#970	tudni , hogy	alszom	-e , mert	indefinite
igyekszik	doc#970	NA	igyekszem	NA	indefinite
alszik	doc#970	hitte , hogy	alszom	,	indefinite
igyekszik	doc#971	jobban	igyekszem	, az őt annál	indefinite
alszik	doc#971	óta nem	alszom	, nem tudom	indefinite
alszik	doc#971	, hogy	alszom	. </s><s> Azért egy	indefinite
igyekszik	doc#971	NA	igyekszem	NA	indefinite
törekszik	doc#971	, azért	törekszem	egy nő felé ,	indefinite
igyekszik	doc#971	, bármiként	igyekszem	is , nem	indefinite
igyekszik	doc#971	keresve	igyekszem	eloldani	indefinite
igyekszik	doc#971	. </s><s>	Igyekszem	kijelölni	indefinite
igyekszik	doc#972	el . </s><s> De hiába	igyekszem	NA	indefinite
törekszik	doc#972	, és arra	törekszem	, hogy	indefinite
igyekszik	doc#972	keresem és	igyekszem	NA	indefinite
törekszik	doc#972	állapotára	törekszem	, arra a	indefinite
igyekszik	doc#973	egyszerűen	igyekszem	szemügyre	indefinite
igyekszik	doc#974	a kérdésre	igyekszem	válaszolni	indefinite
igyekszik	doc#975	a kezére . </s><s>	Igyekszem	NA	indefinite
igyekszik	doc#975	, meleg . </s><s>	Igyekszem	NA	indefinite
igyekszik	doc#975	. </s><s> Hiába	igyekszem	, nem marad	indefinite
igyekszik	doc#975	tűnik . </s><s>	Igyekszem	lazítani . </s>	indefinite
törekszik	doc#975	s ezért arra	törekszem	, hogy minél	indefinite
igyekszik	doc#975	az íz . </s><s>	Igyekszem	minél	indefinite
igyekszik	doc#975	amit látok ! </s><s>	Igyekszem	magamhoz	indefinite
igyekszik	doc#975	önmagát . </s><s> De	igyekszem	,	indefinite
igyekszik	doc#975	önmagamat	igyekszem	elérni , de	indefinite
igyekszik	doc#975	NA	igyekszem	. </s>	indefinite
igyekszik	doc#975	, mert hiába	igyekszem	kilépni a	indefinite
törekszik	doc#975	. </s><s> Ahová	törekszem	lenni . </s><s> De	indefinite
igyekszik	doc#975	: hiába	igyekszem	elérni a	indefinite
igyekszik	doc#975	irreálist	igyekszem	NA	indefinite
alszik	doc#975	, hogy	alszom	; pedig	indefinite
alszik	doc#975	, érzem , nem	alszom	. </s><s> Ha nem	indefinite
alszik	doc#975	. </s><s> Ha nem	alszom	, akkor nem	indefinite
igyekszik	doc#976	, szavakkal	igyekszem	megfejteni	indefinite
igyekszik	doc#976	a kezére . </s><s>	Igyekszem	NA	indefinite
igyekszik	doc#976	, meleg . </s><s>	Igyekszem	NA	indefinite
igyekszik	doc#976	. </s><s> Hiába	igyekszem	, nem marad	indefinite
igyekszik	doc#976	tűnik . </s><s>	Igyekszem	lazítani . </s>	indefinite
igyekszik	doc#976	az íz . </s><s>	Igyekszem	minél	indefinite
igyekszik	doc#976	amit látok ! </s><s>	Igyekszem	magamhoz	indefinite
igyekszik	doc#976	önmagát . </s><s> De	igyekszem	,	indefinite
igyekszik	doc#976	önmagamat	igyekszem	elérni , de	indefinite
igyekszik	doc#976	NA	igyekszem	. </s>	indefinite
igyekszik	doc#976	, mert hiába	igyekszem	kilépni a	indefinite
törekszik	doc#976	. </s><s> Ahová	törekszem	lenni . </s><s> De	indefinite
igyekszik	doc#976	: hiába	igyekszem	elérni a	indefinite
igyekszik	doc#976	irreálist	igyekszem	NA	indefinite
alszik	doc#976	, hogy	alszom	; pedig	indefinite
alszik	doc#976	, érzem , nem	alszom	. </s><s> Ha nem	indefinite
alszik	doc#976	. </s><s> Ha nem	alszom	, akkor nem	indefinite
törekszik	doc#976	s ezért arra	törekszem	, hogy minél	indefinite
alszik	doc#977	s mikor	alszom	el újra . </s>	indefinite
alszik	doc#977	van . </s><s> Aztán	alszom	fél órát . </s>	indefinite
alszik	doc#980	is szinte	alszom	. </s><s> - Ezért	indefinite
alszik	doc#980	. </s><s>	Alszom	. </s><s> Fél 12 . </s><s> Ha	indefinite
alszik	doc#980	többet	alszom	: a hosszú	indefinite
alszik	doc#980	előtt is	alszom	sokat . </s>	indefinite
alszik	doc#980	10 perccel . </s><s>	Alszom	. </s>	indefinite
törekszik	doc#980	<s> De legalább	törekszem	: szörny	indefinite
alszik	doc#980	, s tán	alszom	. </s><s> Jól érzem	indefinite
alszik	doc#980	, tovább	alszom	. </s><s> Ámen . </s>	indefinite
alszik	doc#980	ittam . </s><s> Jól	alszom	majd ,	indefinite
alszik	doc#980	, tán	alszom	kicsit . </s><s> -	indefinite
alszik	doc#980	majd szépen	alszom	. </s><s> Szépen	indefinite
alszik	doc#980	:	alszom	egy kicsit . </s>	indefinite
alszik	doc#980	, kicsit	alszom	délután . </s>	indefinite
alszik	doc#980	van . </s><s> Ettem ,	alszom	. </s><s> Szombat	indefinite
alszik	doc#980	. </s><s> 4-6-ig	alszom	,	indefinite
alszik	doc#980	. </s><s> 1/2 11 -	alszom	. </s><s> Álmomban	indefinite
alszik	doc#980	se volt . </s><s> -	Alszom	. </s><s> Napsütés . </s>	indefinite
igyekszik	doc#980	. </s><s> Napsütés . </s><s>	Igyekszem	a tördelést	indefinite
alszik	doc#980	. </s><s> Fél 12 . </s><s>	Alszom	. </s><s> Ma is	indefinite
alszik	doc#980	. </s><s> Nehezen	alszom	el 1 óra v. 2	indefinite
alszik	doc#980	főzök . </s><s> Újra	alszom	. </s><s> M. rám	indefinite
alszik	doc#980	. </s><s>	Alszom	fél 6-ig . </s>	indefinite
alszik	doc#980	. </s><s> Most ha nem	alszom	, még	indefinite
igyekszik	doc#980	főzök és	igyekszem	az ágyba . </s><s> Az	indefinite
alszik	doc#980	ebédelek , s	alszom	. </s><s> Az	indefinite
alszik	doc#980	, itt	alszom	. </s><s> B. még	indefinite
alszik	doc#980	szobájában	alszom	. </s><s> Nézegetem	indefinite
alszik	doc#980	teát iszom . </s><s>	Alszom	kicsit . </s>	indefinite
igyekszik	doc#980	<s> Teát főzök ,	igyekszem	hamar	indefinite
alszik	doc#980	lefekszem ,	alszom	11-ig . </s>	indefinite
alszik	doc#980	. </s><s> Altatóval	alszom	. </s><s> Fél 1 van . </s>	indefinite
alszik	doc#980	neki :	alszom	. </s><s> Megint	indefinite
alszik	doc#980	. </s><s> Itthon	alszom	keveset . </s>	indefinite
alszik	doc#980	lesz . </s><s>	Alszom	, fél 1 . </s><s> Két	indefinite
alszik	doc#980	. </s><s> Fél 12 . </s><s>	Alszom	. </s><s> Szép	indefinite
igyekszik	doc#980	. </s><s> Majd	igyekszem	haza . </s><s> -	indefinite
törekszik	doc#980	. </s><s> Holnaptól	törekszem	a versre . </s><s> A	indefinite
alszik	doc#980	lefekszem ,	alszom	1 óráig . </s>	indefinite
igyekszik	doc#980	. </s><s> Hírek . </s><s>	Igyekszem	az ágyba ,	indefinite
alszik	doc#980	is hozzá . </s><s>	Alszom	keveset . </s>	indefinite
alszik	doc#980	. </s><s> 3-ra haza . </s><s>	Alszom	keveset . </s><s> M.	indefinite
alszik	doc#980	haza ,	alszom	keveset . </s>	indefinite
alszik	doc#980	új könyve . </s><s>	Alszom	keveset . </s>	indefinite
alszik	doc#980	. </s><s> Kicsit	alszom	. </s><s> Ülünk az	indefinite
alszik	doc#980	haza . </s><s>	Alszom	. </s><s> Olvasom az	indefinite
alszik	doc#980	keveset	alszom	. </s><s> Könczöl	indefinite
alszik	doc#980	haza . </s><s>	Alszom	keveset . </s>	indefinite
alszik	doc#980	hazafelé . </s><s>	Alszom	keveset ,	indefinite
alszik	doc#980	altatóval	alszom	, hogy a	indefinite
alszik	doc#980	, ágy , de nem	alszom	, hallgatom	indefinite
alszik	doc#980	haza . </s><s>	Alszom	keveset . </s><s> M.	indefinite
alszik	doc#980	hat órákat	alszom	, az olimpia	indefinite
alszik	doc#980	haza . </s><s>	Alszom	keveset . </s>	indefinite
alszik	doc#980	haza . </s><s>	Alszom	keveset ,	indefinite
alszik	doc#980	. </s><s> Keveset	alszom	. </s><s> Fürdés ,	indefinite
alszik	doc#980	, kicsit	alszom	. </s><s> Nincs	indefinite
alszik	doc#980	, délelőtt	alszom	. </s><s> Néha	indefinite
alszik	doc#980	a gyomrom . </s><s>	Alszom	délután	indefinite
alszik	doc#980	, így	alszom	legalább	indefinite
alszik	doc#980	<s> Már majdnem	alszom	, jönnek , de	indefinite
alszik	doc#980	, itthon	alszom	. </s><s> Zelnik	indefinite
alszik	doc#980	. </s><s> Fél 2 . </s><s>	Alszom	. </s><s> Elég soká	indefinite
alszik	doc#980	bor . </s><s> Itthon	alszom	keveset ,	indefinite
alszik	doc#980	haza . </s><s>	Alszom	jól . </s><s> Fekete	indefinite
alszik	doc#980	jövök haza . </s><s>	Alszom	keveset . </s><s> -	indefinite
alszik	doc#980	. </s><s> Délután	alszom	keveset . </s>	indefinite
alszik	doc#980	napja nem	alszom	, csoda ,	indefinite
alszik	doc#980	hiszem , jól	alszom	. </s><s> Éjfél . </s><s> Jól	indefinite
alszik	doc#980	, jól	alszom	. </s><s> Bár savat	indefinite
alszik	doc#980	lefekszem ,	alszom	másfél órát	indefinite
alszik	doc#980	. </s><s> Itthon :	alszom	. </s><s> Háborús	indefinite
alszik	doc#980	lefekszem ,	alszom	, így megy	indefinite
alszik	doc#980	étvágyam . </s><s>	Alszom	keveset . </s>	indefinite
alszik	doc#980	a kádban . </s><s>	Alszom	tovább	indefinite
alszik	doc#980	haza . </s><s>	Alszom	. </s><s> Fél 10-kor	indefinite
alszik	doc#980	jövök haza . </s><s>	Alszom	keveset . </s><s> M.	indefinite
igyekszik	doc#980	a hasamban . </s><s>	Igyekszem	lefeküdni . </s>	indefinite
alszik	doc#980	12-től 1-ig	alszom	újra . </s><s> Ez a	indefinite
alszik	doc#980	legyűröm . </s><s>	Alszom	, jön Apuka	indefinite
alszik	doc#980	. </s><s> Itthon	alszom	. </s><s> M. és B. a	indefinite
alszik	doc#980	hoz . </s><s>	Alszom	kicsit . </s>	indefinite
alszik	doc#980	bort iszom . </s><s>	Alszom	kicsit . </s>	indefinite
alszik	doc#980	zárva . </s><s>	Alszom	. </s><s> Keresztes	indefinite
alszik	doc#980	. </s><s> Haza ,	alszom	. </s><s> A bableves	indefinite
alszik	doc#980	rántotta . </s><s>	Alszom	keveset . </s>	indefinite
alszik	doc#980	. </s><s> 2-től 5-ig	alszom	. </s>	indefinite
alszik	doc#980	. </s><s> Délután	alszom	. </s><s> 5-kor	indefinite
alszik	doc#980	. </s><s> Haza . </s><s>	Alszom	keveset . </s>	indefinite
alszik	doc#980	. </s><s> Itthon	alszom	. </s><s> Aztán a	indefinite
alszik	doc#980	. </s><s> Haza ,	alszom	keveset . </s><s> A	indefinite
igyekszik	doc#980	szerint . </s><s>	Igyekszem	korán ágyba	indefinite
alszik	doc#980	. </s><s> Hírek . </s><s>	Alszom	. </s><s> Fél 12 . </s>	indefinite
alszik	doc#980	jó . </s><s>	Alszom	3-tól 5-ig ,	indefinite
alszik	doc#980	. </s><s> Nagyot	alszom	. </s>	indefinite
alszik	doc#980	mosogat . </s><s> Én	alszom	. </s><s> 7-ig . </s>	indefinite
alszik	doc#980	. </s><s> Boldogan	alszom	el . </s><s> Gépelni	indefinite
alszik	doc#980	befalok . </s><s>	Alszom	. </s><s> D.után is	indefinite
alszik	doc#980	eszem . </s><s>	Alszom	keveset . </s><s> A	indefinite
alszik	doc#980	mindent ,	alszom	. </s><s> Éjfél . </s>	indefinite
alszik	doc#980	vár . </s><s> Jót	alszom	itthon . </s>	indefinite
alszik	doc#980	. </s><s> Fázom , jót	alszom	. </s><s> - Bihari	indefinite
alszik	doc#980	rántotta ,	alszom	hason . </s>	indefinite
alszik	doc#980	táncház . </s><s>	Alszom	hazáig . </s>	indefinite
alszik	doc#980	. </s><s>	Alszom	. </s>	indefinite
alszik	doc#980	. </s><s>	Alszom	ebéd után . </s><s> A	indefinite
alszik	doc#980	nyersre . </s><s>	Alszom	itthon ,	indefinite
alszik	doc#980	belőlük . </s><s>	Alszom	. </s>	indefinite
alszik	doc#980	. </s><s> Ebéd után	alszom	1,1 /2 órát . </s>	indefinite
alszik	doc#980	beszéd . </s><s>	Alszom	keveset ,	indefinite
igyekszik	doc#980	. </s><s> Most	igyekszem	, hogy	indefinite
alszik	doc#980	tea . </s><s> 2 órát	alszom	. </s><s> Közben	indefinite
alszik	doc#980	, majdnem	alszom	. </s><s> Elizke	indefinite
törekszik	doc#981	átfogni ? </s><s> De	törekszem	. </s><s> Megszűnt	indefinite
törekszik	doc#981	szerint nem	törekszem	hatalomra . </s>	indefinite
törekszik	doc#981	arra	törekszem	, ami még nem	indefinite
alszik	doc#982	. </s><s> Ha édesen	alszom	NA	indefinite
alszik	doc#982	számat , míg	alszom	, a kutyát ne	indefinite
alszik	doc#982	, de én nem	alszom	, az álom	indefinite
alszik	doc#982	kisdedként	alszom	el . </s><s> Ami	indefinite
törekszik	doc#982	szerint nem	törekszem	hatalomra . </s>	indefinite
alszik	doc#983	velünk . </s><s>	Alszom	a fapadon -	indefinite
alszik	doc#983	én eldőlök ,	alszom	egy órát . </s>	indefinite
igyekszik	doc#983	amennyiben	igyekszem	NA	indefinite
igyekszik	doc#983	( miközben	igyekszem	fölfogni ,	indefinite
alszik	doc#983	: """" ... </s><s> Majd	alszom	perjefű	indefinite
igyekszik	doc#983	. </s><s> Á. : Mert	igyekszem	türelmes és	indefinite
alszik	doc#984	, hogy itt	alszom	, ne	indefinite
alszik	doc#984	ma este itt	alszom	. </s><s> Azt hiszem	indefinite
alszik	doc#986	, firkálok ,	alszom	, s	indefinite
cselekszik	doc#986	NA	cselekszem	NA	indefinite
igyekszik	doc#987	képest	igyekszem	hitelesnek	indefinite
törekszik	doc#987	NA	törekszem	. </s><s> Amennyire	indefinite
igyekszik	doc#988	. </s><s> Na , majd	igyekszem	. </s><s> Kitanulom	indefinite
alszik	doc#988	élményei . </s><s>	Alszom	, mint a tej . </s>	indefinite
alszik	doc#988	, hazafelé	alszom	. </s><s> De azért	indefinite
alszik	doc#988	házában	alszom	. </s><s> Édes az	indefinite
alszik	doc#990	, firkálok ,	alszom	, s	indefinite
cselekszik	doc#990	NA	cselekszem	NA	indefinite
igyekszik	doc#990	<s> Én úgy	igyekszem	. Fölkelek . </s>	indefinite
alszik	doc#991	Vojtinával	alszom	el este , és	indefinite
igyekszik	doc#991	<s> Én talán nem	igyekszem	? </s><s> Én nem	indefinite
igyekszik	doc#991	nyelvére . </s><s>	Igyekszem	azokat a	indefinite
igyekszik	doc#991	. </s><s> Ügyeidet	igyekszem	elintézni . </s>	indefinite
cselekszik	doc#991	aszerint	cselekszem	, de például	indefinite
igyekszik	doc#991	, azért	igyekszem	én a	indefinite
úszik	doc#992	, vízbe	úszom	, nád	indefinite
igyekszik	doc#993	a magyart """" . </s><s>	Igyekszem	teljes	indefinite
törekszik	doc#993	, hogy mire	törekszem	: az értelem	indefinite
igyekszik	doc#993	kísérletet	igyekszem	NA	indefinite
igyekszik	doc#993	alapverset	igyekszem	először	indefinite
igyekszik	doc#993	előadást	igyekszem	egy kicsit	indefinite
igyekszik	doc#993	engedi ,	igyekszem	NA	indefinite
törekszik	doc#993	valóban	törekszem	. </s><s> Lipcsey	indefinite
igyekszik	doc#993	át	igyekszem	képet adni	indefinite
alszik	doc#993	könnyebben	alszom	el , ha azt	indefinite
igyekszik	doc#993	történetét	igyekszem	fölvázolni	indefinite
igyekszik	doc#993	; úgy	igyekszem	hát élni ,	indefinite
igyekszik	doc#993	is	igyekszem	kizárni	indefinite
igyekszik	doc#993	gyakorolni	igyekszem	,	indefinite
igyekszik	doc#993	kerülni	igyekszem	a """" hibát """" . </s><s> S	definite
igyekszik	doc#993	NA	igyekszem	. </s><s> A nyelvek	indefinite
igyekszik	doc#993	. </s><s> Én ehhez	igyekszem	egy-két	indefinite
igyekszik	doc#993	mellette	igyekszem	menni . </s>	indefinite
igyekszik	doc#993	fülemmel	igyekszem	NA	indefinite
igyekszik	doc#994	értelmét	igyekszem	a tanár	indefinite
törekszik	doc#994	. </s><s> Arra	törekszem	, hogy az	indefinite
igyekszik	doc#994	alapján	igyekszem	ezt	definite
törekszik	doc#994	: merre	törekszem	. </s>	indefinite
igyekszik	doc#994	NA	igyekszem	megvenni az	indefinite
igyekszik	doc#994	NA	igyekszem	elérni - s	indefinite
igyekszik	doc#994	neki . </s><s> S	igyekszem	NA	indefinite
igyekszik	doc#994	írásomat is	igyekszem	NA	indefinite
igyekszik	doc#994	órát	igyekszem	majd	indefinite
igyekszik	doc#994	és ésszerű ,	igyekszem	NA	indefinite
igyekszik	doc#994	réges-rég	igyekszem	megtartani	indefinite
igyekszik	doc#995	és	igyekszem	mentől	indefinite
igyekszik	doc#997	NA	igyekszem	NA	indefinite
igyekszik	doc#997	itt vagyok ,	igyekszem	szép	indefinite
igyekszik	doc#998	 , mért	igyekszem	szem elől	indefinite
igyekszik	doc#998	törődöm ,	igyekszem	nem törődni	indefinite
igyekszik	doc#1001	. </s><s> BOLYAI </s><s>	Igyekszem	, tudja ,	indefinite
igyekszik	doc#1001	, nem	igyekszem	NA	indefinite
igyekszik	doc#1001	, úgy	igyekszem	őt nézni ,	definite
igyekszik	doc#1001	<s>	Igyekszem	. </s><s> BÁRÓNÉ </s>	indefinite
igyekszik	doc#1001	<s> Értem . </s><s> Majd	igyekszem	. </s><s> RENDEZŐ </s><s> De	indefinite
igyekszik	doc#1001	ébreszteni	igyekszem	, azokat	indefinite
igyekszik	doc#1001	<s> S én elég rég	igyekszem	a tompát is	definite
igyekszik	doc#1001	igen . </s><s> De	igyekszem	átnevelni	indefinite
igyekszik	doc#1001	. </s><s> KATA </s><s> Nézd ,	igyekszem	pontos	indefinite
igyekszik	doc#1001	képet nézi - </s><s>	Igyekszem	én is ... ... </s>	indefinite
igyekszik	doc#1001	is	igyekszem	békében	indefinite
alszik	doc#1001	; ezért	alszom	NA	indefinite
igyekszik	doc#1001	NA	igyekszem	a	indefinite
alszik	doc#1002	, hol	alszom	, azt	indefinite
alszik	doc#1002	mamuka közt	alszom	. </s><s> Így	indefinite
alszik	doc#1002	NA	alszom	ezen a télen	indefinite
alszik	doc#1002	, amíg én	alszom	a nagy diófa	indefinite
igyekszik	doc#1002	méreteit	igyekszem	NA	indefinite
igyekszik	doc#1002	szavakat	igyekszem	a	indefinite
alszik	doc#1002	el is	alszom	a kóválygó	indefinite
igyekszik	doc#1002	számba	igyekszem	dec. 10-ig	indefinite
igyekszik	doc#1003	harmadszor	igyekszem	NA	indefinite
alszik	doc#1005	. </s><s> Fönn	alszom	a	indefinite
alszik	doc#1005	ott	alszom	én is vele	indefinite
alszik	doc#1005	is érik , míg	alszom	, a kovász . </s>	indefinite
cselekszik	doc#1005	nem én	cselekszem	, hanem az	indefinite
igyekszik	doc#1005	. </s><s> HUSZ </s><s> De	igyekszem	NA	indefinite
igyekszik	doc#1005	. </s><s> Ó , kérem . </s><s>	Igyekszem	gyorsan	indefinite
igyekszik	doc#1005	. </s><s> Én	igyekszem	megóvni	indefinite
igyekszik	doc#1005	megbízok , s	igyekszem	olyan	indefinite
igyekszik	doc#1005	előttem . </s><s>	Igyekszem	azokat a kis	indefinite
igyekszik	doc#1005	volna . </s><s>	Igyekszem	majd a bókot	indefinite
alszik	doc#1005	priccsen	alszom	,	indefinite
igyekszik	doc#1005	igazságot	igyekszem	írni . </s><s> S az	indefinite
alszik	doc#1005	<s> LASCY </s><s> Tán	alszom	egy fél órát	indefinite
igyekszik	doc#1005	. </s><s> Én mindezt	igyekszem	belátni ... </s>	definite
alszik	doc#1005	matracon	alszom	-e ... </s><s> S	indefinite
igyekszik	doc#1005	hálára . </s><s>	Igyekszem	hát	indefinite
igyekszik	doc#1006	ünnepét	igyekszem	látni és	indefinite
igyekszik	doc#1006	hordok , s	igyekszem	karcsú és	indefinite
alszik	doc#1007	. </s><s> Ott	alszom	el Ellánál ,	indefinite
igyekszik	doc#1007	NA	igyekszem	befejezni . </s>	indefinite
törekszik	doc#1007	. </s><s> Nem erre	törekszem	-e én is -	indefinite
igyekszik	doc#1007	NA	igyekszem	az	indefinite
igyekszik	doc#1007	zugában	igyekszem	elintézni -	indefinite
igyekszik	doc#1007	NA	igyekszem	leplezni ,	indefinite
igyekszik	doc#1007	, ebből	igyekszem	új csúcsot ,	indefinite
igyekszik	doc#1007	- hiába	igyekszem	NA	indefinite
igyekszik	doc#1007	eltüntetni	igyekszem	a	indefinite
igyekszik	doc#1007	a gyerekről	igyekszem	megtudni	indefinite
igyekszik	doc#1007	pótolni	igyekszem	, s arról ,	indefinite
alszik	doc#1008	, hogy én hol	alszom	. </s><s> Az úr	indefinite
alszik	doc#1008	. </s><s> - Én meg nem	alszom	itt , amíg	indefinite
alszik	doc#1008	NA	alszom	. </s><s> Sanyit ez a	indefinite
alszik	doc#1008	NA	alszom	. </s><s> - Még	indefinite
igyekszik	doc#1009	baj van . </s><s> Nem	igyekszem	lefoglalni	indefinite
igyekszik	doc#1009	értem , s	igyekszem	pontosan	indefinite
igyekszik	doc#1009	. </s><s> S most is	igyekszem	, hogy	indefinite
alszik	doc#1009	, kinn	alszom	az erdőn . </s><s> De	indefinite
alszik	doc#1010	, hogy	alszom	, még	indefinite
igyekszik	doc#1011	, majd	igyekszem	megérteni ,	indefinite
alszik	doc#1011	éjszaka nem	alszom	. </s><s> Ha egy	indefinite
alszik	doc#1011	vaságyon én	alszom	. </s><s> - Hogyne ,	indefinite
alszik	doc#1011	altatóval	alszom	. </s><s> Majd hogy	indefinite
igyekszik	doc#1011	úgy	igyekszem	a magam	indefinite
igyekszik	doc#1013	nincsen , és	igyekszem	valami	indefinite
alszik	doc#1013	, jól	alszom	, mindig	indefinite
cselekszik	doc#1013	magam is így	cselekszem	majd egykor	indefinite
úszik	doc#1013	, fényben	úszom	, pihenek ,	indefinite
alszik	doc#1013	egyben , itt	alszom	, eszem ,	indefinite
úszik	doc#1015	szemben	úszom	az árral ,	indefinite
igyekszik	doc#1018	visszafelé	igyekszem	a földúton ,	indefinite
alszik	doc#1018	, vagy nem	alszom	, de nem is	indefinite
igyekszik	doc#1018	, és	igyekszem	férfiasan	indefinite
cselekszik	doc#1019	NA	cselekszem	ez	indefinite
cselekszik	doc#1019	helyesen	cselekszem	, amikor	indefinite
cselekszik	doc#1019	<s> Magam is ezt	cselekszem	vele , és	definite
alszik	doc#1022	atyám , amíg	alszom	, vigyázz	indefinite
alszik	doc#1026	a nyár ... </s><s> És	alszom	én is egy	indefinite
alszik	doc#1027	. </s><s>	Alszom	, de az	indefinite
alszik	doc#1031	atyám , amíg	alszom	, vigyázz	indefinite
kotorászik	doc#1033	NA	kotorászom	Beirutból	indefinite
alszik	doc#1033	NA	alszom	, mivel az	indefinite
igyekszik	doc#1033	felelem , és	igyekszem	feltűnés	indefinite
igyekszik	doc#1033	választ	igyekszem	majd adni ,	indefinite
alszik	doc#1033	szemmel	alszom	. </s><s> A ráadás :	indefinite
igyekszik	doc#1033	NA	igyekszem	magam	indefinite
igyekszik	doc#1033	elkerülni	igyekszem	őket . </s><s> A Nagy	indefinite
igyekszik	doc#1033	, és azzal	igyekszem	NA	indefinite
alszik	doc#1033	. </s><s> Ébren	alszom	a zúgó	indefinite
igyekszik	doc#1033	szerint	igyekszem	majd	indefinite
alszik	doc#1033	, ébren	alszom	, iszom a	indefinite
igyekszik	doc#1033	kívánság ,	igyekszem	NA	indefinite
igyekszik	doc#1033	NA	igyekszem	hibámat meg	indefinite
úszik	doc#1034	már	úszom	is a képből	indefinite
alszik	doc#1035	, És	alszom	én is ,	indefinite
alszik	doc#1036	, hiába	alszom	vissza ,	indefinite
alszik	doc#1037	, abban is	alszom	. </s><s> Csak este ,	indefinite
alszik	doc#1038	atyám , amíg	alszom	, vigyázz	indefinite
úszik	doc#1042	róla ? ) ;	úszom	a	indefinite
alszik	doc#1047	múmia ,	alszom	; hajnali	indefinite
alszik	doc#1050	szobában	alszom	vele , mint	indefinite
alszik	doc#1053	, hogy	alszom	. </s><s> Nem	indefinite
alszik	doc#1053	Felmegyek ,	alszom	egy kicsit -	indefinite
alszik	doc#1053	Toto : Akkor	alszom	! """" </s><s> - Menotti	indefinite
alszik	doc#1053	<s> Toto : Akkor	alszom	. </s><s> Mert	indefinite
igyekszik	doc#1054	. </s><s> - Majd	igyekszem	mosolyogni	indefinite
alszik	doc#1054	. </s><s> - Nem	alszom	- mondta a	indefinite
alszik	doc#1054	<s> - Én a széken	alszom	- mutatta	indefinite
alszik	doc#1055	Toto : Akkor	alszom	! """" </s><s> És ezt	indefinite
úszik	doc#1057	. </s><s> Így	úszom	meg némi	indefinite
úszik	doc#1057	. </s><s> Hogy	úszom	meg ? </s>	indefinite
alszik	doc#1059	dolgozom s	alszom	. </s><s> Jó hely ,	indefinite
igyekszik	doc#1059	NA	igyekszem	, vörös lesz	indefinite
alszik	doc#1060	én állva	alszom	, nem mélyen	indefinite
igyekszik	doc#1060	, majd úgy	igyekszem	, vetett	indefinite
törekszik	doc#1060	, viszont	törekszem	, addig is ,	indefinite
igyekszik	doc#1060	kitolni	igyekszem	, az nem	indefinite
törekszik	doc#1060	hozok érte ,	törekszem	,	indefinite
alszik	doc#1062	szájjal	alszom	el ,	indefinite
úszik	doc#1062	kutyában	úszom	vízzel	indefinite
úszik	doc#1062	* </s><s> kutyában	úszom	vízzel	indefinite
úszik	doc#1062	temetek	úszom	vonatozok	indefinite
alszik	doc#1062	ha	alszom	nem	indefinite
alszik	doc#1062	, hátha nem	alszom	( pedig én	indefinite
alszik	doc#1062	( pedig én	alszom	, mint	indefinite
alszik	doc#1063	, hátha nem	alszom	( pedig én	indefinite
alszik	doc#1063	( pedig én	alszom	, mint	indefinite
cselekszik	doc#1064	percben mit	cselekszem	, azt ráérek	definite
baszik	doc#1064	hogy akkora	baszom	feje van	indefinite
igyekszik	doc#1064	, úgyhogy	igyekszem	kijuttatni	indefinite
tojik	doc#1064	hogy már nem	tojom	össze magam	indefinite
dudorászik	doc#1064	a Mimimit	dudorászom	magam elé ,	definite
alszik	doc#1066	dolgozom s	alszom	. </s><s> Jó hely ,	indefinite
igyekszik	doc#1066	NA	igyekszem	, vörös lesz	indefinite
cselekszik	doc#1068	mondod , úgy	cselekszem	, akire	indefinite
igyekszik	doc#1069	így Szokni	igyekszem	</s><s> 14 </s>	indefinite
alszik	doc#1069	Évnapok óta	alszom	, mint	indefinite
alszik	doc#1069	az álmok s	alszom	az éjet	definite
igyekszik	doc#1071	nélkül	igyekszem	a megfelelő	indefinite
alszik	doc#1071	NA	alszom	, vakon	indefinite
alszik	doc#1071	<s> Először	alszom	, törpe ,	indefinite
igyekszik	doc#1071	<s>	Igyekszem	kivonulni	indefinite
igyekszik	doc#1071	a betörő . </s><s>	Igyekszem	-	indefinite
igyekszik	doc#1071	sem . </s><s>	Igyekszem	pontos	indefinite
igyekszik	doc#1071	viszont	igyekszem	NA	indefinite
úszik	doc#1071	jobban	úszom	. </s><s> Van pénzem	indefinite
igyekszik	doc#1071	vitában ,	igyekszem	ettől nem	indefinite
igyekszik	doc#1071	többet adok	igyekszem	többet	indefinite
törekszik	doc#1071	NA	törekszem	, ez jól jön	indefinite
igyekszik	doc#1071	,	igyekszem	minél több	indefinite
igyekszik	doc#1071	a ketten .	Igyekszem	kerülni a	indefinite
alszik	doc#1071	. Sokat	alszom	. Kérdeztem	indefinite
igyekszik	doc#1072	vitában , </s><s>	igyekszem	ettől nem	indefinite
igyekszik	doc#1072	többet adok </s><s>	igyekszem	többet	indefinite
igyekszik	doc#1073	nélkül	igyekszem	a megfelelő	indefinite
alszik	doc#1073	NA	alszom	, vakon	indefinite
alszik	doc#1073	<s> Először	alszom	, törpe ,	indefinite
igyekszik	doc#1073	<s>	Igyekszem	kivonulni	indefinite
igyekszik	doc#1073	a betörő . </s><s>	Igyekszem	-	indefinite
igyekszik	doc#1073	sem . </s><s>	Igyekszem	pontos	indefinite
igyekszik	doc#1073	viszont	igyekszem	NA	indefinite
úszik	doc#1073	jobban	úszom	. </s><s> Van pénzem	indefinite
igyekszik	doc#1074	szakaszon	igyekszem	melléje	indefinite
igyekszik	doc#1074	, s aznap át	igyekszem	élni sorsát	indefinite
igyekszik	doc#1074	erőmmel	igyekszem	betartani	indefinite
igyekszik	doc#1074	NA	igyekszem	azzal	indefinite
igyekszik	doc#1074	tartok ,	igyekszem	ábrákkal	indefinite
alszik	doc#1075	én , én békén	alszom	el , ha	indefinite
alszik	doc#1075	. </s><s> -:	Alszom	, de inkább	indefinite
igyekszik	doc#1075	. </s><s> Pedig	igyekszem	. </s>	indefinite
alszik	doc#1075	szedek . </s><s> Nem	alszom	, álmodom . </s>	indefinite
igyekszik	doc#1075	mondanám ,	igyekszem	eldadogni ,	indefinite
alszik	doc#1075	: Félig	alszom	már . </s><s> Mindig	indefinite
igyekszik	doc#1075	? </s><s> -: Mindent	igyekszem	megírni ,	indefinite
alszik	doc#1075	a kezemben	alszom	el . </s><s> SHERYL	indefinite
alszik	doc#1075	. </s><s> Nem	alszom	és nem eszem	indefinite
igyekszik	doc#1075	ágaskodva	igyekszem	egészen	indefinite
alszik	doc#1075	szobába . </s><s>	Alszom	. </s><s> Biciklim	indefinite
igyekszik	doc#1076	járok , de	igyekszem	lépésről	indefinite
igyekszik	doc#1076	NA	igyekszem	ugyanannyi	indefinite
igyekszik	doc#1076	értelemben	igyekszem	meghaladni	indefinite
igyekszik	doc#1076	azt , hogy	igyekszem	hinni . </s><s> De ez	indefinite
törekszik	doc#1076	<s> Mindig arra	törekszem	, hogy	indefinite
igyekszik	doc#1078	, hiába	igyekszem	elmerülni	indefinite
igyekszik	doc#1078	. </s><s>	Igyekszem	én is	indefinite
igyekszik	doc#1078	fölfelé	igyekszem	a hazafelé	indefinite
igyekszik	doc#1078	. </s><s> Lisieux . </s><s>	Igyekszem	egészen	indefinite
igyekszik	doc#1078	leszek , de	igyekszem	legalább	indefinite
igyekszik	doc#1078	NA	igyekszem	Isten rólam	indefinite
cselekszik	doc#1078	. </s><s> Amit neki	cselekszem	, abban még	indefinite
cselekszik	doc#1078	<s> Amit eggyel	cselekszem	,	indefinite
cselekszik	doc#1078	NA	cselekszem	. </s><s> Mert túl az	indefinite
igyekszik	doc#1078	NA	igyekszem	NA	indefinite
igyekszik	doc#1078	NA	igyekszem	rövid lenni	indefinite
törekszik	doc#1078	NA	törekszem	, nem tudom	indefinite
igyekszik	doc#1078	NA	igyekszem	válaszolni	indefinite
alszik	doc#1080	az úr ha	alszom	nem tudom	indefinite
alszik	doc#1080	NA	alszom	</s><s> Krimi </s>	indefinite
alszik	doc#1081	, amíg	alszom	. </s><s> Nem tudom ,	indefinite
alszik	doc#1082	nem	alszom	: ez a finom	indefinite
alszik	doc#1083	atyám amíg	alszom	vigyázz	indefinite
alszik	doc#1083	mikor én	alszom	el irat	indefinite
úszik	doc#1090	NA	úszom	nagy	indefinite
hazudozik	doc#1091	tehát	hazudozom	</s><s> Vándorlás	indefinite
alszik	doc#1093	jár át , s úgy	alszom	el , hogy ,	indefinite
igyekszik	doc#1095	<s> Nem	igyekszem	keveset	indefinite
alszik	doc#1095	az úr ha	alszom	nem tudom	indefinite
alszik	doc#1095	NA	alszom	</s><s> Öregedés </s><s> A	indefinite
hazudozik	doc#1095	tehát	hazudozom	</s><s> Vándorlás	indefinite
cselekszik	doc#1098	, Jónás , én	cselekszem	: az Úrnak ez	indefinite
alszik	doc#1098	jár át , s úgy	alszom	el , hogy ,	indefinite
törekszik	doc#1098	NA	törekszem	 - vallja ,	indefinite
törekszik	doc#1098	NA	törekszem	. </s><s> A szavak	indefinite
alszik	doc#1099	tenyéren	alszom	ébredek	indefinite
alszik	doc#1101	tenyéren	alszom	ébredek	indefinite
alszik	doc#1105	és éjjel </s><s> nem	alszom	, az ég alját	indefinite
úszik	doc#1111	el , egyedül	úszom	, egyszál	indefinite
alszik	doc#1111	ágyban	alszom	hálóingben	indefinite
igyekszik	doc#1111	, azóta is	igyekszem	el nem	indefinite
alszik	doc#1112	: nemzek ,	alszom	, eszem ,	indefinite
alszik	doc#1116	álmot szőve	alszom	NA	indefinite
alszik	doc#1119	: nemzek ,	alszom	, eszem ,	indefinite
alszik	doc#1122	nap , csak	alszom	. </s>	indefinite
alszik	doc#1122	mélyen	alszom	... - tettem	indefinite
igyekszik	doc#1123	társalgást	igyekszem	az	indefinite
igyekszik	doc#1123	felé	igyekszem	. </s><s> Csönd ,	indefinite
igyekszik	doc#1123	erőmmel	igyekszem	titkolni	indefinite
alszik	doc#1123	helyen	alszom	, és gyakran	indefinite
úszik	doc#1123	. </s><s> - Megyek ,	úszom	egyet ... </s>	indefinite
igyekszik	doc#1123	, ordítva	igyekszem	NA	indefinite
igyekszik	doc#1123	,	igyekszem	NA	indefinite
igyekszik	doc#1125	, rémülten	igyekszem	ellökni	indefinite
igyekszik	doc#1125	ördögről , s	igyekszem	szavukat	indefinite
igyekszik	doc#1125	s hasztalan	igyekszem	kitépni	indefinite
igyekszik	doc#1125	hasztalan	igyekszem	karmai	indefinite
igyekszik	doc#1125	után	igyekszem	hazafelé	indefinite
igyekszik	doc#1125	hasztalan	igyekszem	belső	indefinite
alszik	doc#1126	félig	alszom	. </s><s> Még hallom	indefinite
alszik	doc#1126	rosszul	alszom	. </s><s> Álmomban	indefinite
alszik	doc#1127	azt hiszik ,	alszom	. </s><s> Tátott	indefinite
törekszik	doc#1128	felé már nem	törekszem	. </s><s> A józan	indefinite
alszik	doc#1128	azt hiszik ,	alszom	. </s><s> Tátott	indefinite
törekszik	doc#1129	felé már nem	törekszem	. </s><s> A józan	indefinite
úszik	doc#1130	kötetlen	úszom	. Az ötből	indefinite
alszik	doc#1131	, én is	alszom	azonnal ,	indefinite
igyekszik	doc#1133	is	igyekszem	elkerülni	indefinite
igyekszik	doc#1133	közönyt , és	igyekszem	tenni	indefinite
igyekszik	doc#1133	NA	igyekszem	közelebb	indefinite
igyekszik	doc#1134	NA	igyekszem	nem	indefinite
igyekszik	doc#1135	is	igyekszem	, és van gond	indefinite
igyekszik	doc#1135	NA	igyekszem	nem	indefinite
alszik	doc#1136	, én is	alszom	azonnal ,	indefinite
alszik	doc#1136	, hogy nem	alszom	. </s><s> Erre aztán	indefinite
igyekszik	doc#1140	is	igyekszem	- az	indefinite
igyekszik	doc#1140	tisztázni	igyekszem	a könyv	indefinite
igyekszik	doc#1141	azóta	igyekszem	is élni ,	indefinite
igyekszik	doc#1141	módot ad -	igyekszem	NA	indefinite
alszik	doc#1146	: </s><s> Ahol én	alszom	, az az ágyad	indefinite
igyekszik	doc#1146	lépésre	igyekszem	legyőzni a	indefinite
igyekszik	doc#1148	) </s><s> Csak egyet	igyekszem	köztük	indefinite
törekszik	doc#1150	az , melyre	törekszem	. </s><s> Effélét	indefinite
igyekszik	doc#1152	tudok ( vagy	igyekszem	) tartani ,	indefinite
igyekszik	doc#1152	szabadulni	igyekszem	, a	indefinite
igyekszik	doc#1152	, adni is	igyekszem	másoknak :	indefinite
alszik	doc#1153	egyedül	alszom	</s><s> Mese egy	indefinite
alszik	doc#1153	<s> Veled	alszom	és veled	indefinite
alszik	doc#1153	<s> Mig veled	alszom	s veled	indefinite
alszik	doc#1153	mióta Veled	alszom	és veled	indefinite
alszik	doc#1153	lefekszem	alszom	felkelek	indefinite
alszik	doc#1153	a tengert	Alszom	és hallom a	indefinite
igyekszik	doc#1155	tisztázni	igyekszem	a könyv	indefinite
igyekszik	doc#1157	ahogy	igyekszem	elszökni	indefinite
alszik	doc#1157	<s> 10 </s><s> """" Veled	alszom	és veled	indefinite
igyekszik	doc#1159	is	igyekszem	- az	indefinite
cselekszik	doc#1159	, Jónás , én	cselekszem	NA	indefinite
igyekszik	doc#1159	szememet """"	igyekszem	NA	indefinite
alszik	doc#1159	némelyikre	alszom	is egyet ,	indefinite
igyekszik	doc#1159	,	igyekszem	ellenállni	indefinite
igyekszik	doc#1159	. </s><s> De azért	igyekszem	csak	indefinite
igyekszik	doc#1159	írást	igyekszem	NA	indefinite
igyekszik	doc#1159	tartok , és	igyekszem	nem követni	indefinite
igyekszik	doc#1159	, hogy (	igyekszem	szó szerint	indefinite
alszik	doc#1161	- """" Veled	alszom	és veled	indefinite
igyekszik	doc#1164	is	igyekszem	- az	indefinite
igyekszik	doc#1164	tudok ( vagy	igyekszem	) tartani ,	indefinite
cselekszik	doc#1164	ezt meg ezt	cselekszem	. </s><s> Ha tudni	definite
igyekszik	doc#1164	szabadulni	igyekszem	, a	indefinite
igyekszik	doc#1164	adni is	igyekszem	másoknak :	indefinite
igyekszik	doc#1164	módot ad -	igyekszem	NA	indefinite
igyekszik	doc#1164	. </s><s> Éppen azon	igyekszem	, hogy	indefinite
igyekszik	doc#1166	kúszva	igyekszem	megkeresni	indefinite
alszik	doc#1167	vele	alszom	el és rá	indefinite
alszik	doc#1168	s most veled	alszom	és veled	indefinite
cselekszik	doc#1169	NA	cselekszem	( hisz mi a	indefinite
igyekszik	doc#1169	észre ,	igyekszem	nem	indefinite
igyekszik	doc#1169	éppen erre	igyekszem	figyelni ,	indefinite
igyekszik	doc#1169	NA	igyekszem	. </s><s> Külön	indefinite
igyekszik	doc#1169	, de	igyekszem	nem mutatni	indefinite
igyekszik	doc#1169	semmit , de	igyekszem	mérsékelt	indefinite
igyekszik	doc#1170	példáján	igyekszem	kimutatni . </s>	indefinite
igyekszik	doc#1171	NA	igyekszem	vizsgálni ,	indefinite
igyekszik	doc#1171	NA	igyekszem	; azokat az	indefinite
igyekszik	doc#1171	; s ezt	igyekszem	egyenesen	definite
igyekszik	doc#1172	kúszva	igyekszem	megkeresni	indefinite
igyekszik	doc#1172	hogy erre is	igyekszem	, az se	indefinite
cselekszik	doc#1172	. </s><s> Így	cselekszem	, ezt teszem	indefinite
igyekszik	doc#1172	azóta	igyekszem	is élni ,	indefinite
cselekszik	doc#1172	ezt meg ezt	cselekszem	. </s><s> Ha tudni	definite
igyekszik	doc#1172	messzire . </s><s>	Igyekszem	tovább	indefinite
igyekszik	doc#1173	ahogy itt is	igyekszem	,	indefinite
igyekszik	doc#1173	NA	igyekszem	rendet	indefinite
igyekszik	doc#1175	. </s><s> Akárhogy	igyekszem	most magam	indefinite
igyekszik	doc#1175	, hol	igyekszem	elbújni	indefinite
igyekszik	doc#1179	mondta : </s><s> -	Igyekszem	meggyőzni	indefinite
étkezik	doc#1179	, ha nálad	étkezem	. </s><s> - Annyit	indefinite
igyekszik	doc#1180	... </s><s> Majd	igyekszem	gyorsan	indefinite
törekszik	doc#1180	viszonyra	törekszem	, ha	indefinite
úszik	doc#1180	perc alatt	úszom	a százat ... </s>	definite
igyekszik	doc#1181	egyedül és	igyekszem	berúgni . </s>	indefinite
úszik	doc#1181	gyorsabban	úszom	le az ezer	indefinite
furikázik	doc#1182	enyém , de én	furikázom	vele . </s><s> Ettől	indefinite
alszik	doc#1182	órákat	alszom	, hónapok	indefinite
igyekszik	doc#1184	létezik """" . </s><s>	Igyekszem	is tartani	indefinite
igyekszik	doc#1184	, azokat	igyekszem	NA	indefinite
alszik	doc#1184	! </s><s> Itt	alszom	ma éjszaka ,	indefinite
alszik	doc#1185	alszol ? </s><s> HŐS </s><s>	Alszom	. </s><s> CUNCI </s><s> Leül	indefinite
alszik	doc#1185	látom , vagy	alszom	, akkor	indefinite
alszik	doc#1185	, ezért is	alszom	, amikor	indefinite
alszik	doc#1185	. </s><s> Csönd . </s><s> Én	alszom	, édes	indefinite
alszik	doc#1185	, én akkor	alszom	, amikor	indefinite
alszik	doc#1185	. </s><s> Úgyhogy	alszom	, amikor	indefinite
alszik	doc#1185	, nem	alszom	, nem eszem ,	indefinite
alszik	doc#1185	? </s><s> VENDÉG </s><s>	Alszom	. </s><s> FELESÉG </s><s> Az	indefinite
alszik	doc#1188	azt hitték ,	alszom	... </s><s> Csak	indefinite
igyekszik	doc#1190	NA	igyekszem	bemutatni ,	indefinite
cselekszik	doc#1190	nem	cselekszem	. </s><s> Ég veled ,	indefinite
cselekszik	doc#1190	, mit	cselekszem	, csak	definite
alszik	doc#1190	óta nem	alszom	,	indefinite
törekszik	doc#1190	NA	törekszem	, ezért	indefinite
alszik	doc#1190	nyugodtan	alszom	, hijj-hijj	indefinite
alszik	doc#1190	, ma nálad	alszom	. </s>	indefinite
igyekszik	doc#1190	, Rómába	igyekszem	! </s><s> RECTOR </s><s> A	indefinite
törekszik	doc#1190	nemzeni	törekszem	, </s><s> hogy	indefinite
alszik	doc#1191	álom nélkül	alszom	. </s><s> Az utcán	indefinite
alszik	doc#1191	NA	alszom	. </s><s> Nagy ház . </s>	indefinite
alszik	doc#1192	<s> - Néha itt is	alszom	-	indefinite
igyekszik	doc#1192	el ... akkor	igyekszem	majd	indefinite
igyekszik	doc#1192	olaj kell . </s><s> -	Igyekszem	- mondta	indefinite
alszik	doc#1192	Ignacynál	alszom	. </s><s> Nem baj ? </s><s> -	indefinite
igyekszik	doc#1192	NA	igyekszem	reggelente	indefinite
alszik	doc#1193	füldugóval	alszom	. </s><s> Horkol . </s>	indefinite
alszik	doc#1193	szarul	alszom	. </s><s> Nem tudok	indefinite
alszik	doc#1193	. </s><s> Úgyis alig	alszom	, és akkor a	indefinite
alszik	doc#1193	- én itt	alszom	éjjel -	indefinite
alszik	doc#1194	, ma nálad	alszom	. </s>	indefinite
törekszik	doc#1195	arra	törekszem	, hogy olyan	indefinite
törekszik	doc#1195	arra	törekszem	, hogy ezt a	indefinite
cselekszik	doc#1195	a rosszat	cselekszem	. </s><s> Tudom ,	definite
alszik	doc#1195	. </s><s> Látja , nem	alszom	. </s><s> Nem várok	indefinite
igyekszik	doc#1198	hangom , bár	igyekszem	NA	indefinite
alszik	doc#1198	sem	alszom	. </s><s> Délelőtt	indefinite
alszik	doc#1198	alig-alig	alszom	NA	indefinite
igyekszik	doc#1198	. </s><s> Erősen	igyekszem	, hogy	indefinite
igyekszik	doc#1199	ruhában	igyekszem	hozzád és -	indefinite
igyekszik	doc#1199	<s> Azon	igyekszem	én is ,	indefinite
alszik	doc#1199	<s> Akkor én	alszom	. </s><s> Mert itt	indefinite
cselekszik	doc#1199	, bármit	cselekszem	is , az	indefinite
alszik	doc#1200	mert amikor	alszom	, is úgy	indefinite
igyekszik	doc#1200	. </s><s> - Én	igyekszem	ugyebár	indefinite
cselekszik	doc#1200	szerint	cselekszem	. </s><s> - Azt én egy	indefinite
alszik	doc#1200	is úgy	alszom	, hogy	indefinite
alszik	doc#1200	lefekszem ,	alszom	délig ,	indefinite
igyekszik	doc#1200	a fejembe , s	igyekszem	a kiskapu	indefinite
igyekszik	doc#1200	léptekkel	igyekszem	a tanácsház	indefinite
igyekszik	doc#1201	. </s><s> Ezért	igyekszem	én is	indefinite
igyekszik	doc#1201	munkát is	igyekszem	- újat -	indefinite
cselekszik	doc#1201	szerint	cselekszem	. </s><s> Küldöm a	indefinite
igyekszik	doc#1202	? </s><s> JÓSKA </s><s>	Igyekszem	. </s><s> ZSUZSI </s><s> A	indefinite
igyekszik	doc#1203	nézem , és	igyekszem	tanulni	indefinite
igyekszik	doc#1203	beszédre	igyekszem	a mosdótál	indefinite
alszik	doc#1203	szobában	alszom	, ázott őszi	indefinite
alszik	doc#1203	házban	alszom	. </s><s> Rózsika , a	indefinite
igyekszik	doc#1203	át a sírhoz	igyekszem	. </s><s> Mint az	indefinite
alszik	doc#1203	? </s><s> - Nem	alszom	. </s><s> Egy mesét	indefinite
igyekszik	doc#1204	. </s><s> AMARILLA </s><s>	Igyekszem	, anyám , de	indefinite
úszik	doc#1204	ezúttal sem	úszom	meg ezt a	indefinite
igyekszik	doc#1205	, mégis úgy	igyekszem	, hogy a	indefinite
alszik	doc#1205	sátra alatt	alszom	el ,	indefinite
igyekszik	doc#1205	magam is	igyekszem	. </s><s> Egy árva	indefinite
alszik	doc#1206	? </s><s> - Nem	alszom	. </s><s> Egy mesét	indefinite
alszik	doc#1206	, hogy nem	alszom	. </s><s> Ama	indefinite
igyekszik	doc#1206	. </s><s> Utólag	igyekszem	vele hozzád	indefinite
igyekszik	doc#1206	helyet . </s><s>	Igyekszem	mégis	indefinite
igyekszik	doc#1206	elébe	igyekszem	, mégis	indefinite
igyekszik	doc#1207	, de azért	igyekszem	behozni	indefinite
igyekszik	doc#1207	? </s><s> -	Igyekszem	befejezni	indefinite
igyekszik	doc#1208	NA	igyekszem	majd	indefinite
igyekszik	doc#1210	, sőt	igyekszem	is lépést	indefinite
igyekszik	doc#1210	, de azért én	igyekszem	elkerülni	indefinite
igyekszik	doc#1210	. </s><s> Én magam is	igyekszem	még jobban	indefinite
törekszik	doc#1210	szólt . </s><s> - Nem	törekszem	, soha nem is	indefinite
igyekszik	doc#1210	kötnek le . </s><s>	Igyekszem	tanulni	indefinite
igyekszik	doc#1210	. </s><s> Köszönöm ,	igyekszem	is	indefinite
igyekszik	doc#1210	is művekben	igyekszem	NA	indefinite
igyekszik	doc#1210	<s> Míg mesél ,	igyekszem	nem nézni	indefinite
igyekszik	doc#1211	NA	igyekszem	majd	indefinite
cselekszik	doc#1212	szerint	cselekszem	. </s><s> Így a	indefinite
cselekszik	doc#1212	, ahogy én	cselekszem	. </s><s> Látom	indefinite
cselekszik	doc#1213	tudtam , mit	cselekszem	. </s><s> KÁIN </s><s> Talán	definite
cselekszik	doc#1213	tudtam , mit	cselekszem	a szép	definite
cselekszik	doc#1213	szerint	cselekszem	. </s><s> Először	indefinite
igyekszik	doc#1215	. </s><s> És	igyekszem	előtérben	indefinite
alszik	doc#1215	. </s><s> Sokat	alszom	, néha	indefinite
alszik	doc#1215	 . </s><s> Olvasva	alszom	el	indefinite
igyekszik	doc#1215	:	igyekszem	megismerni	indefinite
igyekszik	doc#1215	, azonban	igyekszem	olyan	indefinite
igyekszik	doc#1215	,	igyekszem	hasznot	indefinite
igyekszik	doc#1215	is értelmet	igyekszem	keresni ,	indefinite
alszik	doc#1216	óta nem	alszom	rendesen ,	indefinite
igyekszik	doc#1216	vagyok . </s><s>	Igyekszem	a	indefinite
igyekszik	doc#1216	, ugye ? </s><s> Majd	igyekszem	. </s><s> Ma nagyon	indefinite
alszik	doc#1216	napközben	alszom	még talán . </s>	indefinite
alszik	doc#1216	, eszem ,	alszom	, és mégis . </s>	indefinite
alszik	doc#1216	. </s><s> Minden du.	alszom	egyet . </s><s> Ezen	indefinite
igyekszik	doc#1216	. </s><s> Most	igyekszem	dollárokat	indefinite
alszik	doc#1216	NA	alszom	is már , mire	indefinite
igyekszik	doc#1216	NA	igyekszem	majd	indefinite
igyekszik	doc#1216	lesz . </s><s> Én is	igyekszem	majd	indefinite
igyekszik	doc#1216	. </s><s> Most majd	igyekszem	NA	indefinite
igyekszik	doc#1216	, nagyon	igyekszem	hízni , enni	indefinite
igyekszik	doc#1216	már . </s><s>	Igyekszem	is legyőzni	indefinite
alszik	doc#1216	egyedül	alszom	. </s><s> Rémes ,	indefinite
alszik	doc#1216	, s	alszom	egy órát ,	indefinite
igyekszik	doc#1216	mégis	igyekszem	NA	indefinite
alszik	doc#1216	, azután	alszom	. </s><s> Klára </s>	indefinite
alszik	doc#1216	, hűvösen	alszom	tovább . </s>	indefinite
alszik	doc#1216	érzem , hogy	alszom	. </s><s> Olyan	indefinite
igyekszik	doc#1216	, pénz . </s><s> Itt	igyekszem	kölcsönt	indefinite
alszik	doc#1216	szobájában	alszom	, s nem tudok	indefinite
igyekszik	doc#1216	. </s><s>	Igyekszem	elintézni	indefinite
igyekszik	doc#1216	iránt . </s><s>	Igyekszem	józan lenni	indefinite
igyekszik	doc#1216	tudni . </s><s>	Igyekszem	is	indefinite
igyekszik	doc#1216	kisgyerek ! </s><s>	Igyekszem	majd - nem is	indefinite
igyekszik	doc#1216	érzés , de	igyekszem	túltenni	indefinite
igyekszik	doc#1216	lehet ,	igyekszem	elintézni . </s>	indefinite
igyekszik	doc#1216	hogy hogyan	igyekszem	NA	indefinite
igyekszik	doc#1216	élni ; én	igyekszem	majd arra ,	indefinite
igyekszik	doc#1216	kell , hogy	igyekszem	NA	indefinite
igyekszik	doc#1216	is	igyekszem	olcsón	indefinite
igyekszik	doc#1216	kiadásokat	igyekszem	leszorítva	indefinite
alszik	doc#1216	, hogy én	alszom	vagy nem	indefinite
alszik	doc#1216	vagy nem	alszom	, az magát	indefinite
igyekszik	doc#1216	, én is arra	igyekszem	ebben a	indefinite
alszik	doc#1216	rosszul	alszom	. </s><s> Még több	indefinite
igyekszik	doc#1216	,	igyekszem	gépiesen	indefinite
igyekszik	doc#1216	sűrűn , majd	igyekszem	. </s><s> Nincs	indefinite
igyekszik	doc#1216	költöttem . </s><s>	Igyekszem	nagyon	indefinite
igyekszik	doc#1216	, és	igyekszem	NA	indefinite
alszik	doc#1216	napja úgy	alszom	el , hogy	indefinite
igyekszik	doc#1216	, ezért	igyekszem	holnap de.	indefinite
alszik	doc#1216	a legjobban	alszom	. </s><s> Egész nap a	indefinite
alszik	doc#1216	:	alszom	egyet , és	indefinite
igyekszik	doc#1216	. </s><s> Majd	igyekszem	még	indefinite
alszik	doc#1216	; jó ágyban	alszom	( Szőnyivel	indefinite
igyekszik	doc#1216	bajokról . </s><s>	Igyekszem	majd vinni ,	indefinite
igyekszik	doc#1216	kérdés . </s><s>	Igyekszem	egy kicsit	indefinite
alszik	doc#1217	szobában	alszom	; a közös	indefinite
igyekszik	doc#1217	legjobban ! </s><s>	Igyekszem	okos lenni	indefinite
igyekszik	doc#1217	. </s><s> Délben	igyekszem	haza . </s>	indefinite
cselekszik	doc#1217	nem először	cselekszem	. </s><s> Ha nem	indefinite
igyekszik	doc#1217	, hiába	igyekszem	. </s><s> Az a ruha	indefinite
igyekszik	doc#1217	is nagyon	igyekszem	elérni . </s>	indefinite
igyekszik	doc#1217	. </s><s> Délután	igyekszem	NA	indefinite
alszik	doc#1217	, és sokat	alszom	, hogy	indefinite
alszik	doc#1217	. </s><s> Rosszul	alszom	, most is fáj	indefinite
igyekszik	doc#1217	. </s><s>	Igyekszem	NA	indefinite
alszik	doc#1217	. </s><s> Rosszul	alszom	, sokat	indefinite
igyekszik	doc#1217	nem tudom . </s><s>	Igyekszem	benézni	indefinite
cselekszik	doc#1217	óta ezt	cselekszem	. </s><s> Kérdeztem	definite
alszik	doc#1217	, és sokat	alszom	majd ... </s>	indefinite
alszik	doc#1217	 haza "" ; s	alszom	egy	indefinite
igyekszik	doc#1217	élünk majd ,	igyekszem	a	indefinite
igyekszik	doc#1217	kért ,	igyekszem	elvégezni	indefinite
igyekszik	doc#1217	hónapban	igyekszem	majd ( de	indefinite
igyekszik	doc#1217	de komolyan	igyekszem	)	indefinite
igyekszik	doc#1217	sokat nyög ,	igyekszem	NA	indefinite
étkezik	doc#1217	. </s><s> Óvatosan	étkezem	, alig	indefinite
alszik	doc#1217	. </s><s> Rosszul	alszom	, szívem	indefinite
alszik	doc#1217	itt . </s><s>	Alszom	, olvasok ,	indefinite
igyekszik	doc#1217	, s most majd	igyekszem	újra aludni	indefinite
törekszik	doc#1217	utat , és """"	törekszem	 . </s><s> Még akkor	indefinite
törekszik	doc#1217	is erre	törekszem	, ha	indefinite
igyekszik	doc#1217	. </s><s>	Igyekszem	eljuttatni	indefinite
igyekszik	doc#1217	NA	igyekszem	megtartani	indefinite
igyekszik	doc#1217	. </s><s> Ezt most	igyekszem	majd	indefinite
igyekszik	doc#1217	még írnom . </s><s>	Igyekszem	majd	indefinite
igyekszik	doc#1217	pénz ! </s><s>	Igyekszem	megmenteni	indefinite
cselekszik	doc#1217	is józanul	cselekszem	, s	indefinite
igyekszik	doc#1217	! </s><s> De	igyekszem	higgadt	indefinite
igyekszik	doc#1217	! </s><s> ( Én is	igyekszem	; csak ne	indefinite
igyekszik	doc#1217	, mert magát	igyekszem	NA	indefinite
igyekszik	doc#1217	, hiába	igyekszem	. </s><s> Nem hiszem	indefinite
igyekszik	doc#1217	ha van erőm ,	igyekszem	magam	indefinite
igyekszik	doc#1217	nem tudtam . </s><s>	Igyekszem	élni és	indefinite
igyekszik	doc#1217	is rendesen	igyekszem	majd	indefinite
igyekszik	doc#1217	, mégis	igyekszem	uralkodni	indefinite
igyekszik	doc#1217	sorokat is . </s><s>	Igyekszem	nyugodt	indefinite
igyekszik	doc#1217	el ) ; de majd	igyekszem	saját	indefinite
alszik	doc#1217	nélkül	alszom	?! </s><s> Vagy	indefinite
igyekszik	doc#1217	miatt	igyekszem	Liptákékat	indefinite
igyekszik	doc#1218	, de már most	igyekszem	elcsípni	indefinite
igyekszik	doc#1218	. </s><s> De most	igyekszem	nem erre	indefinite
igyekszik	doc#1218	magamban -,	igyekszem	, nagyon	indefinite
igyekszik	doc#1218	, nagyon	igyekszem	. </s><s> S boldog	indefinite
alszik	doc#1218	, rosszul	alszom	, nyugtalan	indefinite
igyekszik	doc#1218	NA	igyekszem	magának	indefinite
igyekszik	doc#1218	magára . </s><s>	Igyekszem	, Bözsi ,	indefinite
igyekszik	doc#1218	. </s><s> Most már	igyekszem	én is enni és	indefinite
igyekszik	doc#1218	ki magát . </s><s>	Igyekszem	megérteni	indefinite
igyekszik	doc#1218	az alázat . </s><s>	Igyekszem	, nagyon	indefinite
igyekszik	doc#1218	, nagyon	igyekszem	összetörni	indefinite
alszik	doc#1218	, veled	alszom	és veled	indefinite
törekszik	doc#1218	a legjobbra	törekszem	- akkor már	indefinite
cselekszik	doc#1218	egyenesen	cselekszem	, ha	indefinite
alszik	doc#1218	kitűnően	alszom	. </s><s> Azt az	indefinite
alszik	doc#1218	unatkozom ,	alszom	, eszem ,	indefinite
igyekszik	doc#1218	, és én majd	igyekszem	, hogy	indefinite
törekszik	doc#1218	kivédeni	törekszem	, főképp	indefinite
alszik	doc#1218	most félig	alszom	, te vagy a	indefinite
alszik	doc#1218	csak el nem	alszom	. </s><s> Szervusz . </s>	indefinite
igyekszik	doc#1218	a sok közül ? </s><s>	Igyekszem	erős lenni ;	indefinite
igyekszik	doc#1218	is . </s><s>	Igyekszem	nyugodt	indefinite
igyekszik	doc#1218	. </s><s> Addig	igyekszem	NA	indefinite
igyekszik	doc#1218	. </s><s> Addig	igyekszem	NA	indefinite
alszik	doc#1218	, iszom ,	alszom	. </s><s> Egy kicsit	indefinite
igyekszik	doc#1218	kell lenni . </s><s>	Igyekszem	ugyan itt	indefinite
úszik	doc#1218	viperát ) ,	úszom	a	indefinite
igyekszik	doc#1218	. </s><s> Ha lehet ,	igyekszem	előbb is , de	indefinite
igyekszik	doc#1218	adtak , s én	igyekszem	NA	indefinite
igyekszik	doc#1218	NA	igyekszem	NA	indefinite
alszik	doc#1218	NA	alszom	. </s><s> Köhögök . </s>	indefinite
igyekszik	doc#1218	, s rögtön	igyekszem	hírt adni ,	indefinite
alszik	doc#1218	alakban	alszom	úgyis . </s><s> Most	indefinite
igyekszik	doc#1218	NA	igyekszem	úgy	indefinite
alszik	doc#1218	többet	alszom	, mindjárt	indefinite
igyekszik	doc#1218	Pesten . </s><s>	Igyekszem	rögtön	indefinite
igyekszik	doc#1218	nagyon	igyekszem	NA	indefinite
alszik	doc#1218	rosszul	alszom	. </s><s> Sokat	indefinite
igyekszik	doc#1218	vagyok ,	igyekszem	ezt a	definite
alszik	doc#1218	, csak nem	alszom	el . </s><s> Ha itt	indefinite
igyekszik	doc#1218	: akárhogy	igyekszem	, hasztalan	indefinite
alszik	doc#1218	eszem ,	alszom	, olvasok és	indefinite
igyekszik	doc#1218	. </s><s> Valahol	igyekszem	NA	indefinite
igyekszik	doc#1219	embert	igyekszem	már lerázni	indefinite
úszik	doc#1219	)	úszom	, addig élek	indefinite
alszik	doc#1219	altatóval	alszom	el , 13 év óta	indefinite
igyekszik	doc#1219	baj lesz . </s><s>	Igyekszem	némi rendet	indefinite
igyekszik	doc#1219	, de már most	igyekszem	elcsípni	indefinite
úszik	doc#1220	!... </s><s>	Úszom	a	indefinite
igyekszik	doc#1220	? </s><s> Miért	igyekszem	fokozni	indefinite
alszik	doc#1220	 . </s><s> Olvasva	alszom	el	indefinite
igyekszik	doc#1220	:	igyekszem	megismerni	indefinite
igyekszik	doc#1220	a műveit ? </s><s> -	Igyekszem	mindenben	indefinite
úszik	doc#1221	NA	úszom	,	indefinite
cselekszik	doc#1221	is csak jól	cselekszem	. </s><s> Hadd	indefinite
igyekszik	doc#1221	lehet ,	igyekszem	hát kibírni	indefinite
alszik	doc#1221	... Már	alszom	... Jön a	indefinite
alszik	doc#1221	, hogy még	alszom	, mert mikor	indefinite
alszik	doc#1221	, hogy még	alszom	s megölelt s	indefinite
alszik	doc#1221	a hold ...	Alszom	?...	indefinite
cselekszik	doc#1221	néha magam	cselekszem	, s szánok	indefinite
cselekszik	doc#1221	tudnám , mit	cselekszem	! </s><s> - A	definite
alszik	doc#1221	, de neked	alszom	el . </s><s> 61 . </s><s> Az	indefinite
alszik	doc#1221	jár át , s úgy	alszom	el , hogy ,	indefinite
alszik	doc#1221	... </s><s> - Már	alszom	is , alszom ,	indefinite
alszik	doc#1221	alszom is ,	alszom	, ... igen	indefinite
alszik	doc#1221	a gondok is ;	alszom	s alusznak	indefinite
úszik	doc#1221	NA	úszom	,	indefinite
úszik	doc#1221	sincs , ugy	úszom	én , mint a	indefinite
igyekszik	doc#1222	nem	igyekszem	, igaz	indefinite
alszik	doc#1224	, csak	alszom	. </s><s> Ha még	indefinite
alszik	doc#1226	, hogy nem	alszom	. </s><s> Gittu nem	indefinite
alszik	doc#1226	<s> De én , én nem	alszom	, nekem ez az	indefinite
alszik	doc#1226	, hogy én már	alszom	? </s><s> Hogy fel ne	indefinite
alszik	doc#1226	soron kívül	alszom	, megfájdul	indefinite
alszik	doc#1228	atyám , amíg	alszom	... </s><s> Az	indefinite
alszik	doc#1229	. </s><s> Hogy	alszom	én itt ,	indefinite
alszik	doc#1229	, és itt	alszom	, mint a	indefinite
alszik	doc#1229	, mikor	alszom	el , s	indefinite
alszik	doc#1229	, és előbb	alszom	, aztán lesz	indefinite
úszik	doc#1229	álom . </s><s> Néha	úszom	, számig lep	indefinite
alszik	doc#1229	mindig	alszom	is . </s><s> Itt nem	indefinite
alszik	doc#1229	szakaszán	alszom	is , mert	indefinite
alszik	doc#1229	, s már	alszom	is tovább . </s>	indefinite
alszik	doc#1230	el is	alszom	. </s><s> Ez már a	indefinite
igyekszik	doc#1230	választ	igyekszem	adni . </s>	indefinite
alszik	doc#1233	hitted , már	alszom	, fölém	indefinite
alszik	doc#1233	ágyam . </s><s> Nem	alszom	melletted . </s>	indefinite
igyekszik	doc#1234	, s	igyekszem	kihámozni	indefinite
igyekszik	doc#1234	. </s><s> Ma már azon	igyekszem	, hogy	indefinite
igyekszik	doc#1234	. </s><s> Azt	igyekszem	megfejteni	definite
törekszik	doc#1234	igazságra	törekszem	, meg kell	indefinite
étkezik	doc#1236	, maguknál	étkezem	, enyém a	indefinite
alszik	doc#1238	s nyugodtan	alszom	, mert	indefinite
alszik	doc#1238	hegyek . </s><s> Míg	alszom	, folyton	indefinite
igyekszik	doc#1238	. A ház , hová	igyekszem	, egy	indefinite
igyekszik	doc#1238	, úgy	igyekszem	a csorba	indefinite
alszik	doc#1239	el is	alszom	. </s><s> Ez már a	indefinite
igyekszik	doc#1239	választ	igyekszem	adni . </s>	indefinite
alszik	doc#1240	lefekszem ,	alszom	, és holnap	indefinite
igyekszik	doc#1240	ránk ,	igyekszem	olyan	indefinite
igyekszik	doc#1240	magam ,	igyekszem	leküzdeni a	indefinite
igyekszik	doc#1240	a szék alá , s	igyekszem	úgy	indefinite
alszik	doc#1240	, ha rosszul	alszom	, hogy	indefinite
alszik	doc#1240	miatt nem	alszom	, nem is	indefinite
igyekszik	doc#1240	a falra , és	igyekszem	NA	indefinite
alszik	doc#1243	is . </s><s> Dehogy	alszom	. </s><s> Ki tud	indefinite
cselekszik	doc#1243	hiszi , én	cselekszem	, ő	indefinite
alszik	doc#1244	. </s><s> """" Ha nem	alszom	, az a trull !	indefinite
alszik	doc#1246	, én még	alszom	, és most	indefinite
alszik	doc#1246	már csak úgy	alszom	, ahogy	indefinite
igyekszik	doc#1247	,	igyekszem	haza , éjfél	indefinite
alszik	doc#1251	és miért nem	alszom	én , hiszen	indefinite
alszik	doc#1251	, és rosszul	alszom	. </s><s> Ma	indefinite
alszik	doc#1251	rosszul	alszom	, és	indefinite
alszik	doc#1251	haza , alig	alszom	. </s><s> Vasárnap	indefinite
alszik	doc#1251	, míg	alszom	. </s><s> Hogy	indefinite
alszik	doc#1251	, amíg el nem	alszom	, géphangok	indefinite
alszik	doc#1255	. </s><s> Ha nehezen	alszom	el , ma is	indefinite
igyekszik	doc#1258	csak éppen	igyekszem	NA	indefinite
hazudozik	doc#1260	mekkorákat	hazudozom	! </s><s> Hallgatni	indefinite
törekszik	doc#1262	igazságra	törekszem	a	indefinite
alszik	doc#1266	ha pajtában	alszom	, ha	indefinite
igyekszik	doc#1266	apámékhoz	igyekszem	! </s><s> Na , nem is	indefinite
igyekszik	doc#1266	vagyok , és	igyekszem	NA	indefinite
igyekszik	doc#1266	önt , majd	igyekszem	én erőt	indefinite
úszik	doc#1266	régen ! </s><s> Én is	úszom	. </s><s> LŐRINC </s>	indefinite
úszik	doc#1266	. </s><s>	Úszom	, futok ... </s>	indefinite
úszik	doc#1266	<s> Futok és	úszom	. </s><s> Megszűnt a	indefinite
úszik	doc#1266	? </s><s> PÉTER </s><s>	Úszom	. </s><s> Maga is ? </s>	indefinite
úszik	doc#1266	kell élni ! </s><s>	Úszom	és futok ...	indefinite
étkezik	doc#1268	almát , úgy	étkezem	, de most	indefinite
igyekszik	doc#1268	megy ? </s><s> - Oda	igyekszem	- mondta	indefinite
alszik	doc#1268	Juliskával	alszom	. </s><s> Hát te ? </s><s> -	indefinite
étkezik	doc#1268	néznek . </s><s> Ha	étkezem	, lesik	indefinite
cselekszik	doc#1268	NA	cselekszem	, vagy	indefinite
alszik	doc#1269	<s> Én sem sokat	alszom	. </s><s> Ki alszik a	indefinite
úszik	doc#1270	, ha én nem	úszom	meg ? </s><s> Mi ? </s><s> IFJ	indefinite
alszik	doc#1270	, nem	alszom	miatta ! </s><s> És	indefinite
úszik	doc#1272	rá : jé !	úszom	, úsztam ! s	indefinite
alszik	doc#1274	hitték , már	alszom	, szabadon	indefinite
alszik	doc#1274	a konyhában	alszom	, nem	indefinite
igyekszik	doc#1275	,	igyekszem	NA	indefinite
igyekszik	doc#1275	NA	igyekszem	végre	indefinite
igyekszik	doc#1275	! -	igyekszem	NA	indefinite
igyekszik	doc#1275	, vásárolni	igyekszem	, de ezek a	indefinite
alszik	doc#1276	. </s><s> KÖVES </s><s> Nem	alszom	... </s><s> Nem	indefinite
alszik	doc#1276	. </s><s> KÖVES </s><s> Nem	alszom	... </s><s> Nem	indefinite
igyekszik	doc#1277	 . </s><s> Majd	igyekszem	, hogy ne	indefinite
alszik	doc#1277	. </s><s> Én meg	alszom	. </s><s> Ferenc	indefinite
furikázik	doc#1278	nyugodtan	furikázom	Francival ,	indefinite
furikázik	doc#1278	, hogy ott	furikázom	vele . </s><s> Ezt ő	indefinite
étkezik	doc#1278	, és vele	étkezem	és ő énvelem	indefinite
alszik	doc#1278	én akkor még	alszom	. </s><s> De tudom ,	indefinite
alszik	doc#1279	. </s><s> KÖVES </s><s> Nem	alszom	... </s><s> Nem	indefinite
alszik	doc#1279	. </s><s> KÖVES </s><s> Nem	alszom	... </s><s> Nem	indefinite
alszik	doc#1279	rosszul	alszom	. </s>	indefinite
alszik	doc#1279	megint itt	alszom	nálad . </s>	indefinite
alszik	doc#1279	, keveset	alszom	, éjjel is	indefinite
cselekszik	doc#1280	. </s><s> Talán nem	cselekszem	helyesen ,	indefinite
alszik	doc#1280	. </s><s> - Amikor	alszom	, én akkor is	indefinite
alszik	doc#1281	, mennyit	alszom	? </s><s> Öt-hat	indefinite
alszik	doc#1281	Altatókkal	alszom	. </s><s> Aztán	indefinite
alszik	doc#1282	, hogy nem	alszom	más házában	indefinite
igyekszik	doc#1283	megéltek ,	igyekszem	még sokáig	indefinite
alszik	doc#1283	, aztán	alszom	egyet ... </s>	indefinite
igyekszik	doc#1283	NA	igyekszem	NA	indefinite
étkezik	doc#1283	háromszor	étkezem	, hideg	indefinite
alszik	doc#1284	. </s><s> De máris	alszom	. </s><s> Arra	indefinite
alszik	doc#1284	<s> - Reggel nem	alszom	el mindjárt	indefinite
hazudozik	doc#1284	. </s><s> - Miért	hazudozom	NA	indefinite
igyekszik	doc#1284	a férfi . </s><s> -	Igyekszem	, uram ! </s><s> - A	indefinite
igyekszik	doc#1284	jobban	igyekszem	, és	indefinite
törekszik	doc#1284	NA	törekszem	, az az én	indefinite
hazudozik	doc#1286	: - Nem	hazudozom	tovább . </s><s> Én	indefinite
cselekszik	doc#1286	- ha ügyesen	cselekszem	- talán nem	indefinite
alszik	doc#1286	. </s><s> Hol	alszom	? kérdezte . </s>	indefinite
alszik	doc#1286	. </s><s> Keveset	alszom	, éjfél után	indefinite
alszik	doc#1286	keveset	alszom	, néha	indefinite
étkezik	doc#1287	almát , úgy	étkezem	, de most	indefinite
igyekszik	doc#1287	megy ? </s><s> - Oda	igyekszem	- mondta	indefinite
alszik	doc#1287	Juliskával	alszom	. </s><s> Hát te ? </s><s> -	indefinite
étkezik	doc#1287	néznek . </s><s> Ha	étkezem	, lesik	indefinite
cselekszik	doc#1287	NA	cselekszem	, vagy	indefinite
igyekszik	doc#1289	autóból is . </s><s>	Igyekszem	könnyedén ,	indefinite
törekszik	doc#1291	bátyát , én	törekszem	bátya felé	indefinite
úszik	doc#1292	. </s><s> Álmomban	úszom	még , lengek	indefinite
igyekszik	doc#1293	nélkül	igyekszem	</s><s> a meredek	indefinite
alszik	doc#1295	sokáig	alszom	. </s><s> Ezúttal	indefinite
alszik	doc#1295	kísértett . </s><s>	Alszom	az ágyamban	indefinite
alszik	doc#1295	és sokat	alszom	, hála a	indefinite
igyekszik	doc#1295	,	igyekszem	nyakig	indefinite
igyekszik	doc#1295	, feléd	igyekszem	. </s><s> Gyakran	indefinite
alszik	doc#1295	többet	alszom	, vagy	indefinite
úszik	doc#1296	kiüti . </s><s> Még	úszom	</s><s> egyet a	indefinite
alszik	doc#1299	altatóval	alszom	, és	indefinite
alszik	doc#1299	altatóval	alszom	és	indefinite
igyekszik	doc#1300	ösvényein	igyekszem	hozzá . </s>	indefinite
úszik	doc#1301	. </s><s> Álmomban	úszom	, lengek egy	indefinite
alszik	doc#1301	. </s><s> Játék </s><s> Nem	alszom	többé , csak	indefinite
alszik	doc#1301	NA	alszom	ezentúl e	indefinite
alszik	doc#1303	őket . </s><s> Most	alszom	úgy mint	indefinite
alszik	doc#1304	. </s><s> Játék </s><s> Nem	alszom	többé , csak	indefinite
alszik	doc#1305	, </s><s> és	alszom	a párnán a	indefinite
igyekszik	doc#1305	, ahova	igyekszem	. </s><s> Az utca	indefinite
alszik	doc#1306	ágyat , ahol	alszom	. Élénken </s>	indefinite
alszik	doc#1306	, ahogyan	alszom	. </s><s> Féltesz	indefinite
igyekszik	doc#1307	hóból miért	igyekszem	a szűk és	indefinite
alszik	doc#1307	ágyat , ahol	alszom	. Élénken </s>	indefinite
igyekszik	doc#1307	közben	igyekszem	hátra ,	indefinite
alszik	doc#1307	, ahogyan	alszom	. </s><s> Féltesz	indefinite
alszik	doc#1307	játszik .	Alszom	a sugaras	indefinite
igyekszik	doc#1313	szellemben	igyekszem	ma is szólni	indefinite
alszik	doc#1314	<s> Hol nemzek ,	alszom	, Istenem ? </s>	indefinite
igyekszik	doc#1316	, előre is ! </s><s>	Igyekszem	mindent	indefinite
igyekszik	doc#1316	, de	igyekszem	mennél	indefinite
igyekszik	doc#1316	. </s><s> S én nem is	igyekszem	ezt neki	definite
úszik	doc#1320	halmán	úszom	. </s>	indefinite
alszik	doc#1323	körül	alszom	el könyvek	indefinite
alszik	doc#1323	, szívesen	alszom	itt , és	indefinite
alszik	doc#1323	NA	alszom	a várban . </s>	indefinite
igyekszik	doc#1338	ahol lehet ,	igyekszem	inkább a	indefinite
alszik	doc#1339	bölcsen	alszom	... S ha	indefinite
alszik	doc#1339	, hogy még	alszom	! </s><s> Ajkára	indefinite
alszik	doc#1339	<s> Hol nemzek ,	alszom	, Istenem ? </s>	indefinite
alszik	doc#1339	ágyon én nem	alszom	,	indefinite
alszik	doc#1339	<s> Csak	alszom	és a terveim	indefinite
alszik	doc#1339	megy . </s><s> Ha	alszom	, akkor is	indefinite
úszik	doc#1339	halmán	úszom	. </s>	indefinite
úszik	doc#1339	vesződöm . </s><s>	Úszom	a roppant	indefinite
alszik	doc#1342	álmodom és	alszom	is . </s><s> Ne	indefinite
alszik	doc#1342	pokróc közt	alszom	. </s><s> Egyik alul	indefinite
igyekszik	doc#1343	őt , azért	igyekszem	az ablakon	indefinite
alszik	doc#1346	, és ott	alszom	majd a	indefinite
cselekszik	doc#1347	hirdetem és	cselekszem	ezeket az	indefinite
cselekszik	doc#1347	, hogy én is	cselekszem	valamit , s	indefinite
igyekszik	doc#1347	írni ? </s><s> -	Igyekszem	. </s><s> - Írja	indefinite
igyekszik	doc#1348	fogom fel és	igyekszem	az erdélyi	indefinite
igyekszik	doc#1348	? -	igyekszem	NA	indefinite
törekszik	doc#1348	, akkor arra	törekszem	, hogy a jók	indefinite
igyekszik	doc#1348	NA	igyekszem	csinálni . </s>	indefinite
igyekszik	doc#1348	és újból . </s><s>	Igyekszem	egységbe	indefinite
alszik	doc#1348	. </s><s> Ébren	alszom	. </s><s> Fátyolon	indefinite
alszik	doc#1348	NA	alszom	, Aliszka	indefinite
igyekszik	doc#1350	semmit . </s><s> -	Igyekszem	NA	indefinite
alszik	doc#1353	ha	alszom	, de azon az	indefinite
igyekszik	doc#1353	, ahova én	igyekszem	a robogó	indefinite
törekszik	doc#1353	paplan alá	törekszem	, egy	indefinite
kotorászik	doc#1354	elejébe , s	kotorászom	a zsebeimet	definite
cselekszik	doc#1354	. </s><s> Ezt meg is	cselekszem	, azonban	indefinite
igyekszik	doc#1354	csinálni	igyekszem	. </s><s> - Látja -	indefinite
igyekszik	doc#1354	, és	igyekszem	békességre	indefinite
alszik	doc#1354	falu ... </s><s> Így	alszom	el . </s><s> Későn	indefinite
cselekszik	doc#1354	gondolok és	cselekszem	. </s>	indefinite
igyekszik	doc#1354	gallérral	igyekszem	előre a	indefinite
cselekszik	doc#1355	tudtam , mit	cselekszem	. </s><s> Szívesen	definite
cselekszik	doc#1356	helyesen	cselekszem	, ha nem	indefinite
cselekszik	doc#1356	. </s><s> Két okból	cselekszem	ezt . </s>	definite
törekszik	doc#1356	a helyemre	törekszem	. </s><s> S milyen	indefinite
törekszik	doc#1356	, akkor arra	törekszem	, hogy a jók	indefinite
igyekszik	doc#1356	a hitemben	igyekszem	hasznos	indefinite
törekszik	doc#1356	amikor arra	törekszem	, hogy a	indefinite
igyekszik	doc#1357	dolgában is	igyekszem	igazságos	indefinite
igyekszik	doc#1357	és	igyekszem	szolgálni ,	indefinite
igyekszik	doc#1358	NA	igyekszem	nézni ezt a	indefinite
igyekszik	doc#1358	körmével	igyekszem	arra , hogy	indefinite
cselekszik	doc#1358	effélét	cselekszem	? </s><s> Bizony nem	indefinite
alszik	doc#1358	még javában	alszom	, amikor	indefinite
úszik	doc#1359	szinte	úszom	, ahogy	indefinite
igyekszik	doc#1359	, mialatt	igyekszem	vissza őrt	indefinite
törekszik	doc#1359	van , akkor	törekszem	én is , hogy	indefinite
törekszik	doc#1359	arra	törekszem	, hogy	indefinite
cselekszik	doc#1359	akkor	cselekszem	, ha	indefinite
cselekszik	doc#1360	<s> JEROMOS </s><s> Mit	cselekszem	? </s><s> Nem	definite
cselekszik	doc#1360	úgy	cselekszem	, mint Isten	indefinite
igyekszik	doc#1360	? </s><s> NYÚL </s><s>	Igyekszem	. </s><s> EGETVERŐ </s>	indefinite
igyekszik	doc#1360	során	igyekszem	a	indefinite
igyekszik	doc#1360	<s> Látod , hogy	igyekszem	. </s><s> Egy	indefinite
cselekszik	doc#1360	, amit	cselekszem	. </s><s> A lélek	indefinite
úszik	doc#1360	<s> De én nem is	úszom	át a vizet ,	indefinite
igyekszik	doc#1361	én még	igyekszem	,	indefinite
alszik	doc#1361	. </s><s> Jólesően	alszom	italtalan ,	indefinite
igyekszik	doc#1361	. Ezért	igyekszem	legalább	indefinite
igyekszik	doc#1362	leszek , oda	igyekszem	. </s><s> De kit vitt	indefinite
alszik	doc#1362	mondtam ,	alszom	rá egyet . </s>	indefinite
törekszik	doc#1363	NA	törekszem	. </s><s> Liberális	indefinite
törekszik	doc#1363	igazságra	törekszem	. </s>	indefinite
alszik	doc#1363	kimegy ,	alszom	félórát és	indefinite
igyekszik	doc#1363	. </s><s>	Igyekszem	nem inni . </s>	indefinite
igyekszik	doc#1363	Ilyeneket . </s><s>	Igyekszem	nem	indefinite
igyekszik	doc#1363	publikálni	igyekszem	. </s><s> Sajnos ,	indefinite
igyekszik	doc#1363	:	igyekszem	, ha	indefinite
igyekszik	doc#1364	? </s><s> Aligha . </s><s>	Igyekszem	NA	indefinite
igyekszik	doc#1364	fölött . </s><s>	Igyekszem	kitépni	indefinite
igyekszik	doc#1365	épp hozzá	igyekszem	, kiderül ,	indefinite
igyekszik	doc#1365	hogy időmet	igyekszem	szinte	indefinite
törekszik	doc#1365	NA	törekszem	, tűnődött ,	indefinite
úszik	doc#1365	sem	úszom	meg azt az	indefinite
igyekszik	doc#1365	, ezért	igyekszem	szintén	indefinite
igyekszik	doc#1365	. </s><s> (	Igyekszem	NA	indefinite
cselekszik	doc#1365	együtt	cselekszem	. </s><s> A két madár	indefinite
alszik	doc#1366	! - rosszul	alszom	. </s><s> Közben :	indefinite
alszik	doc#1367	este ) . </s><s> Mire	alszom	? </s><s> Nem az ,	indefinite
alszik	doc#1367	 , de : mire )	alszom	. </s><s> Mint : mire	indefinite
törekszik	doc#1368	példatárra	törekszem	; a példák	indefinite
alszik	doc#1369	<s> ám néha el is	alszom	, igaz ,	indefinite
alszik	doc#1369	, eltűnik ,	alszom	. </s><s> Behavazza	indefinite
alszik	doc#1369	, </s><s> ahogy	alszom	, és mintha	indefinite
alszik	doc#1369	) </s><s> a bozótban	alszom	- - - - - -	indefinite
alszik	doc#1369	, jegyzetet	alszom	, </s><s> és kerek	indefinite
igyekszik	doc#1369	sem	igyekszem	, hát ez volt	indefinite
úszik	doc#1369	. </s><s> Nem	úszom	meg a	indefinite
cselekszik	doc#1369	, </s><s> mit csak	cselekszem	, azért . </s>	definite
alszik	doc#1369	öt-hat órát	alszom	: csodálom , </s>	indefinite
igyekszik	doc#1370	én még	igyekszem	,	indefinite
alszik	doc#1370	. </s><s> Jólesően	alszom	italtalan ,	indefinite
igyekszik	doc#1370	. Ezért	igyekszem	legalább	indefinite
úszik	doc#1372	ígér : """"	úszom	, halott	indefinite
úszik	doc#1372	keltik : """"	Úszom	sokezer éve	indefinite
igyekszik	doc#1373	mérget rá . </s><s> -	Igyekszem	- mondta Joe	indefinite
igyekszik	doc#1373	. </s><s> Én magam is	igyekszem	mindig a	indefinite
igyekszik	doc#1374	Thibert . </s><s>	Igyekszem	olyan	indefinite
úszik	doc#1374	. </s><s> Ezzel	úszom	meg az	indefinite
alszik	doc#1374	? </s><s> Én meg ...	alszom	egy órát ,	indefinite
alszik	doc#1375	. Tudom , nem	alszom	el könnyen	indefinite
alszik	doc#1375	sem tudom . </s><s>	Alszom	, reggel	indefinite
alszik	doc#1375	, netán	alszom	? </s><s> Hajó	indefinite
úszik	doc#1375	, és	úszom	. Én most	indefinite
alszik	doc#1375	jól	alszom	még el , s	indefinite
igyekszik	doc#1376	se jön . </s><s>	Igyekszem	. </s><s> Néha	indefinite
alszik	doc#1376	. </s><s> Hogy is	alszom	? </s><s> Azt se	indefinite
igyekszik	doc#1377	és ha nagyon	igyekszem	, az nem	indefinite
alszik	doc#1377	ki ...	alszom	...	indefinite
törekszik	doc#1377	NA	törekszem	? ) </s><s> Ott Tili	indefinite
alszik	doc#1377	trikóban	alszom	és	indefinite
alszik	doc#1377	... csak úgy	alszom	, s az a	indefinite
igyekszik	doc#1377	az Egészbe	igyekszem	én az	indefinite
igyekszik	doc#1377	elvágottat	igyekszem	oldalt	indefinite
alszik	doc#1378	, és én	alszom	. </s><s> Ha	indefinite
úszik	doc#1378	. </s><s>	Úszom	-	indefinite
alszik	doc#1378	. </s><s> Én inkább	alszom	, Patrick . </s>	indefinite
alszik	doc#1378	... </s><s> - Én	alszom	- mondja	indefinite
alszik	doc#1378	. </s><s> Ha én	alszom	, alszik	indefinite
alszik	doc#1378	, és nem	alszom	szépen az	indefinite
törekszik	doc#1378	nem arra	törekszem	, hogy jó	indefinite
törekszik	doc#1380	, nem erre	törekszem	? </s><s> Ha már az a	indefinite
igyekszik	doc#1380	én úgy	igyekszem	, mintha	indefinite
törekszik	doc#1380	NA	törekszem	, és mindent	indefinite
cselekszik	doc#1380	érzek - és	cselekszem	- madaras	indefinite
úszik	doc#1380	. </s><s> Nem	úszom	ki , közel	indefinite
alszik	doc#1380	. </s><s>	Alszom	, míg valami	indefinite
törekszik	doc#1380	NA	törekszem	, amilyen	indefinite
alszik	doc#1380	öröm ! </s><s>	Alszom	a hajón is ,	indefinite
alszik	doc#1380	 , és	alszom	a napon . </s><s> A	indefinite
igyekszik	doc#1381	hamarján :	igyekszem	a zaftot	definite
igyekszik	doc#1381	során	igyekszem	mindent """"	indefinite
igyekszik	doc#1381	,	igyekszem	összekapva	indefinite
igyekszik	doc#1382	Szép Ernő )	igyekszem	arról	indefinite
alszik	doc#1382	emlékével	alszom	. </s>	indefinite
igyekszik	doc#1382	révedő </s><s> Nem	igyekszem	. Már nem	indefinite
baszik	doc#1383	volna arra a	baszom	öt-hat	indefinite
alszik	doc#1383	. </s><s> - Sosem	alszom	nappal -	indefinite
igyekszik	doc#1383	vissza . </s><s>	Igyekszem	meg se	indefinite
alszik	doc#1383	. </s><s> De nem is	alszom	, amíg	indefinite
igyekszik	doc#1383	. </s><s> Majd	igyekszem	, gondolta	indefinite
igyekszik	doc#1383	: </s><s> - Hozzá	igyekszem	vissza . </s>	indefinite
cselekszik	doc#1384	lovaknál én	cselekszem	,	indefinite
alszik	doc#1384	altatót ,	alszom	idegen	indefinite
cselekszik	doc#1384	 </s><s> "" Miért nem	cselekszem	ilyenkor ? </s>	indefinite
cselekszik	doc#1384	NA	cselekszem	magamnak ? </s>	indefinite
alszik	doc#1384	, és	alszom	. </s><s> Maury - azt	indefinite
igyekszik	doc#1384	la Pompe-ra	igyekszem	, irány	indefinite
alszik	doc#1385	...	alszom	...	indefinite
étkezik	doc#1385	NA	étkezem	, nem is	indefinite
alszik	doc#1386	lakótérben	alszom	; mármost	indefinite
alszik	doc#1386	NA	alszom	,	indefinite
törekszik	doc#1388	valós """" . </s><s> Nem	törekszem	hát	indefinite
alszik	doc#1388	közt	alszom	kb. ,	indefinite
alszik	doc#1389	a baj . </s><s> Majd	alszom	fél-ébren . </s>	indefinite
alszik	doc#1389	-e ? </s><s> Nem	alszom	-e , mikor	indefinite
igyekszik	doc#1389	jobban	igyekszem	... mert	indefinite
igyekszik	doc#1389	NA	igyekszem	majmot	indefinite
alszik	doc#1390	: </s><s> """" Éjjel , ha	alszom	s hallom ,	indefinite
igyekszik	doc#1390	is adok ,	igyekszem	NA	indefinite
alszik	doc#1390	. """" </s><s> Én így	alszom	éjente ...	indefinite
cselekszik	doc#1391	már	cselekszem	akkor . </s><s> S	indefinite
alszik	doc#1391	, hogyan	alszom	el , mi van	indefinite
alszik	doc#1391	már rosszul	alszom	. </s><s> Unalmas ,	indefinite
törekszik	doc#1391	, nem	törekszem	már . </s><s> De most	indefinite
igyekszik	doc#1393	. </s><s> Auteuilbe	igyekszem	. </s><s> Kibújok a	indefinite
alszik	doc#1394	ma is így	alszom	el , rájuk	indefinite
alszik	doc#1394	sem	alszom	téli álmot . </s>	indefinite
alszik	doc#1395	<s> Keveset	alszom	? Esténként	indefinite
igyekszik	doc#1395	, hogy hová	igyekszem	? </s><s> S akkor	indefinite
alszik	doc#1395	, iszom ,	alszom	, dolgozom ,	indefinite
igyekszik	doc#1396	. </s><s>	Igyekszem	nem	indefinite
alszik	doc#1397	. </s><s> És hogy mit	alszom	? </s>	definite
cselekszik	doc#1397	javatokra	cselekszem	? </s><s> Ez utolsó	indefinite
alszik	doc#1397	úgy	alszom	. </s><s> ( Kabátját	indefinite
igyekszik	doc#1397	szánom . </s><s>	Igyekszem	mélypontra	indefinite
alszik	doc#1397	merszem ,	alszom	. </s><s> Este nagy a	indefinite
igyekszik	doc#1397	. </s><s> Én magam	igyekszem	közönyösen	indefinite
igyekszik	doc#1397	, mondom , és	igyekszem	 rémes ""	indefinite
alszik	doc#1397	keveset	alszom	, mert az	indefinite
alszik	doc#1398	még mindig	alszom	, mert	indefinite
alszik	doc#1398	még mindig	alszom	, nincs	indefinite
alszik	doc#1398	úgy	alszom	el , hogy a	indefinite
igyekszik	doc#1398	. </s><s> A konyhába	igyekszem	, s hogy	indefinite
igyekszik	doc#1398	szobámban ,	igyekszem	a	indefinite
alszik	doc#1399	úgy , hogy én	alszom	el hátul , és	indefinite
alszik	doc#1399	. </s><s> Már	alszom	. </s><s> Fekszem és	indefinite
alszik	doc#1399	. </s><s> Fekszem és	alszom	. </s><s> Ványa	indefinite
alszik	doc#1399	önök soha . </s><s>	Alszom	a	indefinite
alszik	doc#1399	haza . </s><s>	Alszom	, és ki tudja	indefinite
alszik	doc#1399	... ott	alszom	én . </s><s> A	indefinite
alszik	doc#1400	keksz , víz ,	alszom	tovább . </s><s> Jó	indefinite
alszik	doc#1402	én is mélyen	alszom	. </s><s> - Persze . </s>	indefinite
alszik	doc#1403	Eunoctin . </s><s>	Alszom	tizenkét	indefinite
igyekszik	doc#1405	NA	igyekszem	) . </s><s> A rue de la	indefinite
igyekszik	doc#1405	tehát , hogy	igyekszem	) , nem	indefinite
törekszik	doc#1405	művészetre	törekszem	, amely	indefinite
igyekszik	doc#1405	. </s><s> Auteuilbe	igyekszem	, az	indefinite
igyekszik	doc#1407	;	igyekszem	, persze ,	indefinite
alszik	doc#1407	. </s><s> Ha két órát	alszom	, ma éjjel	indefinite
igyekszik	doc#1407	értek , és	igyekszem	felfogni . </s>	indefinite
igyekszik	doc#1408	a lovakon	igyekszem	pótolni ) ,	indefinite
alszik	doc#1408	megint jól	alszom	. </s><s> Rájövök ,	indefinite
alszik	doc#1408	a kávé , nem	alszom	, a teától	indefinite
alszik	doc#1408	. </s><s> Jól	alszom	éjszaka ,	indefinite
alszik	doc#1408	. </s><s> Pedig nem	alszom	egyedül a	indefinite
alszik	doc#1409	tudom . </s><s> Vagy	alszom	az 1/2 Eutól	indefinite
alszik	doc#1409	) , ahol	alszom	, vannak	indefinite
alszik	doc#1410	többször	alszom	rosszul . </s>	indefinite
alszik	doc#1410	megint nem	alszom	éjjel	indefinite
alszik	doc#1410	, és ha nem	alszom	rendesen ,	indefinite
igyekszik	doc#1410	5 dombi """" ) ,	igyekszem	legalább én	indefinite
úszik	doc#1410	hogy itt nem	úszom	meg	indefinite
alszik	doc#1410	) . </s><s> Jókat	alszom	. </s><s> Igaz ,	indefinite
alszik	doc#1410	nem megy . </s><s>	Alszom	hétig , egy	indefinite
alszik	doc#1410	vacakolok ,	alszom	éjszaka fél	indefinite
igyekszik	doc#1411	: én	igyekszem	kedves és	indefinite
törekszik	doc#1411	NA	törekszem	. </s><s> Mellékes	indefinite
alszik	doc#1412	NA	alszom	el . </s><s> Amióta	indefinite
alszik	doc#1412	, hogy nem	alszom	rendesen . </s>	indefinite
igyekszik	doc#1412	. </s><s> Oda	igyekszem	. </s><s> Miért	indefinite
úszik	doc#1412	. </s><s> Én nem	úszom	meg ,	indefinite
alszik	doc#1412	haza , én itt	alszom	az egyik	indefinite
alszik	doc#1412	jól	alszom	? - kérdezte	indefinite
igyekszik	doc#1412	NA	igyekszem	majd még	indefinite
hazudozik	doc#1413	NA	hazudozom	a	indefinite
alszik	doc#1413	ágyát ,	alszom	álmát ,	definite
törekszik	doc#1413	NA	törekszem	ismét , s nem	indefinite
alszik	doc#1413	bajosan	alszom	el . </s><s> Pesten	indefinite
törekszik	doc#1414	NA	törekszem	, gondoljam	indefinite
igyekszik	doc#1414	híjában . )	Igyekszem	rövidre	indefinite
igyekszik	doc#1414	, min is	igyekszem	én itt	indefinite
alszik	doc#1415	, a szél , míg	alszom	, az se volna	indefinite
igyekszik	doc#1417	 kell "" . </s><s>	Igyekszem	szinte	indefinite
alszik	doc#1418	ports a nem	alszom	jol , de	indefinite
igyekszik	doc#1418	ertlm igy ,	igyekszem	kihgy . </s><s> S	indefinite
igyekszik	doc#1418	KOZÉPS ,	IGYEKSZEM	IR JO </s>	indefinite
törekszik	doc#1419	. </s><s> Mert én nem	törekszem	ilyesmire	indefinite
igyekszik	doc#1419	szállt . </s><s> És	igyekszem	eleget	indefinite
törekszik	doc#1419	Igazságra	törekszem	. </s><s> Bár az is	indefinite
igyekszik	doc#1419	hát szóval :	igyekszem	, hogy ne	indefinite
igyekszik	doc#1421	a Bélának (	igyekszem	NA	indefinite
cselekszik	doc#1422	, nem """"	cselekszem	sandaságok	indefinite
alszik	doc#1422	nem """"	alszom	rendesen , """"	indefinite
cselekszik	doc#1422	igaz dolgot	cselekszem	, """" ahogy	indefinite
alszik	doc#1422	, hogy alig	alszom	; kis híján """"	indefinite
alszik	doc#1422	NA	alszom	,	indefinite
alszik	doc#1422	, legalább """"	alszom	nemsokára . </s>	indefinite
alszik	doc#1422	talán majd	alszom	. """" </s>	indefinite
alszik	doc#1422	kimerülten	alszom	a kockáson )	indefinite
alszik	doc#1422	<s> Délután jót	alszom	a piros	indefinite
igyekszik	doc#1422	 általában	igyekszem	, írta """"	indefinite
alszik	doc#1422	kockáson	alszom	... és Tili a	indefinite
alszik	doc#1422	 volt . </s><s>	Alszom	, mondta ,	indefinite
alszik	doc#1422	, majd	alszom	, bár a fejem	indefinite
alszik	doc#1422	, és	alszom	. </s>	indefinite
igyekszik	doc#1422	. </s><s> Leköt ! """" </s><s> -	Igyekszem	a	indefinite
alszik	doc#1422	! </s><s> El is	alszom	, ő is alszik	indefinite
alszik	doc#1422	, amíg én	alszom	a piros	indefinite
alszik	doc#1422	programja ! </s><s>	Alszom	. </s><s> - Este :	indefinite
igyekszik	doc#1422	felügyelni	igyekszem	 , ahogy	indefinite
alszik	doc#1424	. </s><s> Remélem ,	alszom	egy jót . </s><s> Jó	indefinite
alszik	doc#1424	, ma jól	alszom	. </s><s> Nem	indefinite
alszik	doc#1424	, menjünk . </s><s>	Alszom	egyet ,	indefinite
alszik	doc#1425	. </s><s> Kicsit	alszom	... </s><s> Aztán	indefinite
alszik	doc#1425	szája . </s><s> Csak	alszom	, spaciren ,	indefinite
igyekszik	doc#1426	mozdul . ) </s><s>	Igyekszem	vele . </s>	indefinite
alszik	doc#1427	. </s><s> És én benn	alszom	, az	indefinite
igyekszik	doc#1427	lövök , vagy	igyekszem	feledést ,	indefinite
alszik	doc#1427	történt . </s><s> Én	alszom	,	indefinite
alszik	doc#1427	NA	alszom	, az	indefinite
alszik	doc#1427	ébren . </s><s>	Alszom	már megint ? </s>	indefinite
igyekszik	doc#1429	<s> Inkább azon	igyekszem	, hogy	indefinite
igyekszik	doc#1431	<s> Egyszerűen	igyekszem	az ő	indefinite
igyekszik	doc#1431	NA	igyekszem	NA	indefinite
alszik	doc#1431	, hogy nem	alszom	. </s><s> """" Nem bírok	indefinite
alszik	doc#1431	ér , már	alszom	. </s><s> Ekkor	indefinite
alszik	doc#1431	és	alszom	. </s><s> - Ne	indefinite
alszik	doc#1431	vagyok ,	alszom	! </s><s> Értsd meg !	indefinite
alszik	doc#1432	. </s><s> Én ott is	alszom	. </s><s> Kétszer	indefinite
alszik	doc#1435	a : </s><s> Képeddel	alszom	el ,	indefinite
cselekszik	doc#1435	okosan	cselekszem	! </s><s> Itt	indefinite
cselekszik	doc#1435	NA	cselekszem	mint író és	indefinite
alszik	doc#1436	, mert	alszom	délelőtt ,	indefinite
igyekszik	doc#1438	Mókus . </s><s> -	Igyekszem	jóvátenni	indefinite
úszik	doc#1440	a Dunán . </s><s> Nem	úszom	elég	indefinite
úszik	doc#1440	, hogyan	úszom	meg baj	indefinite
úszik	doc#1440	hullaként	úszom	a Duna	indefinite
alszik	doc#1440	NA	alszom	. </s><s> Hozzunk	indefinite
alszik	doc#1441	nézel , Nem	alszom	majd három	indefinite
alszik	doc#1441	<s> Lány </s><s> Jaj nem	alszom	, már	indefinite
alszik	doc#1442	alva . </s><s> Majd	alszom	a bé nőm	indefinite
alszik	doc#1442	. </s><s> Végig	alszom	majd a	indefinite
igyekszik	doc#1443	. </s><s>	Igyekszem	hűen leírni	indefinite
igyekszik	doc#1443	, vagy éppen	igyekszem	felfogni . </s>	indefinite
igyekszik	doc#1443	kedves	igyekszem	lenni hozzá	indefinite
igyekszik	doc#1443	érthetővé	igyekszem	tenni , hogy	indefinite
alszik	doc#1443	már nem	alszom	nálatok . </s>	indefinite
igyekszik	doc#1444	és	igyekszem	megfelelni	indefinite
úszik	doc#1444	kell . </s><s> Én nem	úszom	olyan jól ! </s><s> Ő	indefinite
alszik	doc#1444	rám . </s><s> Nála	alszom	ki magamat . </s>	indefinite
cselekszik	doc#1444	merek és	cselekszem	. </s><s> Olyan	indefinite
alszik	doc#1446	. </s><s> Én ott is	alszom	. </s><s> Kétszer	indefinite
alszik	doc#1447	rám . </s><s> Nála	alszom	ki magamat . </s>	indefinite
cselekszik	doc#1447	merek és	cselekszem	. </s><s> Olyan	indefinite
igyekszik	doc#1447	műúton . </s><s>	Igyekszem	mindenütt a	indefinite
cselekszik	doc#1447	azt	cselekszem	, amit	definite
alszik	doc#1448	magam , hogy	alszom	. </s><s> Nem is	indefinite
alszik	doc#1448	... </s><s> Már	alszom	is . </s><s> De	indefinite
alszik	doc#1448	félig el is	alszom	. </s><s> Akkor	indefinite
alszik	doc#1448	, hogy :	alszom	-e én ? </s><s> Nem	indefinite
igyekszik	doc#1448	: minek nem	igyekszem	a	indefinite
törekszik	doc#1448	, és nem	törekszem	előre ; és	indefinite
igyekszik	doc#1449	sem , s	igyekszem	ellomolni	indefinite
igyekszik	doc#1449	fejem	igyekszem	minél	indefinite
igyekszik	doc#1449	nyomkodva ,	igyekszem	gyakorolni	indefinite
alszik	doc#1449	, hogy	alszom	egyet . </s><s> De	indefinite
étkezik	doc#1449	NA	étkezem	, utána	indefinite
alszik	doc#1449	, iszom ,	alszom	. </s><s> És inkább	indefinite
igyekszik	doc#1449	. </s><s> Én is	igyekszem	nyomukba . </s>	indefinite
hazudozik	doc#1449	beszélek ,	hazudozom	s nagyzolok	indefinite
kotlik	doc#1450	huzamosan	kotlom	rajta , és	indefinite
igyekszik	doc#1450	nevében	igyekszem	hangokat	indefinite
igyekszik	doc#1450	teszi , hogy	igyekszem	valamiféle	indefinite
igyekszik	doc#1450	- Akkor arra	igyekszem	, hogy :	indefinite
igyekszik	doc#1450	szólok . </s><s> De	igyekszem	megértetni	indefinite
igyekszik	doc#1450	. </s><s> Azért	igyekszem	mindjárt	indefinite
igyekszik	doc#1451	<s> De most majd	igyekszem	kárpótolni	indefinite
igyekszik	doc#1453	. </s><s>	Igyekszem	hűen leírni	indefinite
igyekszik	doc#1453	, vagy éppen	igyekszem	felfogni . </s>	indefinite
igyekszik	doc#1453	kedves	igyekszem	lenni hozzá	indefinite
igyekszik	doc#1453	érthetővé	igyekszem	tenni , hogy	indefinite
alszik	doc#1453	már nem	alszom	nálatok . </s>	indefinite
igyekszik	doc#1456	boltja . </s><s> Oda	igyekszem	. </s><s> Milyen	indefinite
igyekszik	doc#1456	,	igyekszem	kerülni	indefinite
igyekszik	doc#1456	különben is	igyekszem	NA	indefinite
igyekszik	doc#1456	hát olykor	igyekszem	le is	indefinite
igyekszik	doc#1456	NA	igyekszem	meg is	indefinite
alszik	doc#1456	, folyton	alszom	. </s><s> A delej , a	indefinite
igyekszik	doc#1456	észre ,	igyekszem	úgy öltözni	indefinite
igyekszik	doc#1456	, s hát	igyekszem	NA	indefinite
igyekszik	doc#1456	küszöbön is	igyekszem	NA	indefinite
étkezik	doc#1458	NA	étkezem	</s><s> jojóznak a	indefinite
igyekszik	doc#1460	NA	igyekszem	viseltetni	indefinite
alszik	doc#1460	, ott	alszom	ruhástól ,	indefinite
úszik	doc#1462	! </s><s> Én azt	úszom	az Adriát ,	definite
igyekszik	doc#1462	is	igyekszem	felépíteni	indefinite
igyekszik	doc#1462	a dolgokat ,	igyekszem	hagyni ,	indefinite
igyekszik	doc#1462	. </s><s> Aztán	igyekszem	azt a szót ,	definite
úszik	doc#1462	nem	úszom	meg	indefinite
törekszik	doc#1463	és arra	törekszem	, hogy eggyé	indefinite
alszik	doc#1465	. </s><s> Itt	alszom	, ezen a	indefinite
alszik	doc#1465	. </s><s> Így	alszom	. </s><s> Itt a	indefinite
alszik	doc#1465	, nyugodtan	alszom	,	indefinite
alszik	doc#1465	, úgy	alszom	, mint ő ,	indefinite
igyekszik	doc#1467	azért , mert	igyekszem	a	indefinite
igyekszik	doc#1471	hogy nem	igyekszem	nem	indefinite
alszik	doc#1472	mint amin én	alszom	tán ha	indefinite
igyekszik	doc#1473	forogván	igyekszem	szépen	indefinite
igyekszik	doc#1474	NA	igyekszem	is Twombly	indefinite
alszik	doc#1475	: délig	alszom	. </s><s> Mind	indefinite
alszik	doc#1475	, és	alszom	rá egyet -	indefinite
alszik	doc#1475	rá egyet -	alszom	benne is	indefinite
igyekszik	doc#1481	, de azért	igyekszem	. </s><s> Ám	indefinite
úszik	doc#1481	már én sem	úszom	meg . </s><s> Éppen	indefinite
alszik	doc#1482	kézzel	alszom	, de , kedves	indefinite
alszik	doc#1482	kézzel	alszom	. </s><s> Tündöklik	indefinite
alszik	doc#1482	árnyékban	alszom	vagy	indefinite
alszik	doc#1482	<s> Hajnalban	alszom	el , délután	indefinite
dudorászik	doc#1482	, dúdolván	dudorászom	: szállj le	indefinite
igyekszik	doc#1483	, ellenben	igyekszem	vigyázni ,	indefinite
alszik	doc#1484	NA	alszom	egy keveset	indefinite
alszik	doc#1484	a párnán	alszom	, amit ő	indefinite
alszik	doc#1484	. </s><s> A kamrában	alszom	különben ,	indefinite
alszik	doc#1484	, hogy odaát	alszom	, pedig azt	indefinite
igyekszik	doc#1484	éppen , néha	igyekszem	NA	indefinite
igyekszik	doc#1484	kerülni is	igyekszem	őt , mert	definite
törekszik	doc#1484	másra sem	törekszem	, s ne	indefinite
igyekszik	doc#1484	van , én is	igyekszem	majd . </s><s> De	indefinite
igyekszik	doc#1484	, mondom , s	igyekszem	elejét	indefinite
alszik	doc#1484	rosszul	alszom	, fölriadok	indefinite
igyekszik	doc#1484	NA	igyekszem	NA	indefinite
alszik	doc#1485	, talán nem	alszom	el . </s><s> Lesz	indefinite
alszik	doc#1485	rosszul	alszom	. </s><s> Erre ő	indefinite
alszik	doc#1485	házban	alszom	, és arra	indefinite
igyekszik	doc#1486	is ,	igyekszem	majd	indefinite
alszik	doc#1486	. </s><s> Nem , nem	alszom	itt , ne	indefinite
furikázik	doc#1486	mikor merre	furikázom	Budapestet	indefinite
igyekszik	doc#1486	viszont	igyekszem	ma	indefinite
igyekszik	doc#1486	. </s><s> Mert	igyekszem	rá időt	indefinite
igyekszik	doc#1486	. </s><s> Na majd	igyekszem	besegíteni	indefinite
igyekszik	doc#1486	, s közben	igyekszem	nyugodt	indefinite
alszik	doc#1486	én ma is kinn	alszom	, de bízzam	indefinite
igyekszik	doc#1486	íze szerint	igyekszem	a	indefinite
alszik	doc#1486	. </s><s> Nem	alszom	, bort iszom	indefinite
igyekszik	doc#1487	NA	igyekszem	kiírni	indefinite
törekszik	doc#1492	arra	törekszem	, hogy a	indefinite
törekszik	doc#1504	el . </s><s> Arra	törekszem	, hogy az	indefinite
törekszik	doc#1504	. </s><s> Arra	törekszem	, hogy	indefinite
igyekszik	doc#1561	): Tényleg	igyekszem	NA	indefinite
igyekszik	doc#1561	, elnök úr . </s><s>	Igyekszem	nem	indefinite
igyekszik	doc#1561	Ház ! </s><s>	Igyekszem	nem a	indefinite
igyekszik	doc#1561	NA	igyekszem	NA	indefinite
igyekszik	doc#1561	én legalább	igyekszem	a	indefinite
igyekszik	doc#1561	- és ezt	igyekszem	a	definite
igyekszik	doc#1561	- és ezt	igyekszem	is majd	definite
törekszik	doc#1561	<s> Nos , ezekre	törekszem	. </s><s> Tisztelt	indefinite
törekszik	doc#1561	alak - erre	törekszem	is	indefinite
igyekszik	doc#1561	NA	igyekszem	komoly	indefinite
igyekszik	doc#1561	. </s><s> Én	igyekszem	mindig azon	indefinite
igyekszik	doc#1561	Köszönöm . </s><s>	Igyekszem	a második	indefinite
igyekszik	doc#1561	! ) </s><s> Én	igyekszem	azokra	indefinite
igyekszik	doc#1561	megengedi ,	igyekszem	őket	indefinite
igyekszik	doc#1561	, de	igyekszem	NA	indefinite
igyekszik	doc#1561	! </s><s> Én mindig	igyekszem	nagyon	indefinite
igyekszik	doc#1561	NA	igyekszem	elvégezni . </s>	indefinite
igyekszik	doc#1561	tenni . </s><s> Én	igyekszem	mindenféle	indefinite
igyekszik	doc#1561	magamra , és	igyekszem	szakmai	indefinite
igyekszik	doc#1561	Ház ! </s><s>	Igyekszem	nagyon	indefinite
igyekszik	doc#1562	Ház ! </s><s>	Igyekszem	a	indefinite
igyekszik	doc#1562	, hogy én is	igyekszem	röviden	indefinite
igyekszik	doc#1562	most	igyekszem	megtörni	indefinite
igyekszik	doc#1562	NA	igyekszem	majd	indefinite
igyekszik	doc#1562	általában	igyekszem	logikusan	indefinite
igyekszik	doc#1562	és én kicsit	igyekszem	értelmezni	indefinite
igyekszik	doc#1562	Ház ! </s><s>	Igyekszem	rövidre	indefinite
igyekszik	doc#1562	. </s><s> Ezt	igyekszem	betartani ,	definite
igyekszik	doc#1562	be . </s><s>	Igyekszem	olyan	indefinite
igyekszik	doc#1562	,	igyekszem	rövidre	indefinite
igyekszik	doc#1562	helyzetbe -	igyekszem	finoman	indefinite
igyekszik	doc#1562	tényekkel	igyekszem	NA	indefinite
igyekszik	doc#1562	időt , én	igyekszem	igazságos	indefinite
igyekszik	doc#1562	NA	igyekszem	NA	indefinite
igyekszik	doc#1562	NA	igyekszem	is érvényt	indefinite
igyekszik	doc#1562	. </s><s>	Igyekszem	azért a	indefinite
igyekszik	doc#1562	, ezért	igyekszem	a	indefinite
igyekszik	doc#1562	egyszerűen	igyekszem	válaszolni	indefinite
igyekszik	doc#1562	értem , és	igyekszem	rövid lenni	indefinite
cselekszik	doc#1562	. </s><s> Most is így	cselekszem	. </s><s> Kérem a	indefinite
igyekszik	doc#1562	is	igyekszem	, ahol lehet	indefinite
alszik	doc#1562	nyugodtan	alszom	, viszont	indefinite
igyekszik	doc#1562	, és	igyekszem	, ha lehet , a	indefinite
igyekszik	doc#1562	Ház ! </s><s>	Igyekszem	én is nagyon	indefinite
úszik	doc#1562	mozgok és	úszom	, hogy	indefinite
úszik	doc#1562	NA	úszom	ebben a	indefinite
igyekszik	doc#1563	, de azért	igyekszem	NA	indefinite
igyekszik	doc#1563	ezekből	igyekszem	néhány	indefinite
igyekszik	doc#1563	, bár én	igyekszem	a számok	indefinite
igyekszik	doc#1563	néztek . </s><s>	Igyekszem	elmondani ,	indefinite
igyekszik	doc#1563	NA	igyekszem	pótolni ezt	indefinite
igyekszik	doc#1563	Ház ! </s><s>	Igyekszem	a	indefinite
igyekszik	doc#1563	, elnök úr . </s><s>	Igyekszem	nagyon	indefinite
igyekszik	doc#1563	,	igyekszem	önöket	indefinite
igyekszik	doc#1563	, elnök úr ,	igyekszem	NA	indefinite
törekszik	doc#1563	elemzésére	törekszem	, amelyek	indefinite
igyekszik	doc#1563	szót kérek . </s><s>	Igyekszem	most már nem	indefinite
alszik	doc#1563	jövök , mert	alszom	- akkor	indefinite
igyekszik	doc#1564	hosszú ,	igyekszem	mindig a	indefinite
bogarászik	doc#1564	is olvasom ,	bogarászom	, azt tudom	indefinite
igyekszik	doc#1564	NA	igyekszem	adni a	indefinite
igyekszik	doc#1564	,	igyekszem	röviden , de	indefinite
igyekszik	doc#1564	illik ,	igyekszem	; de mégis	indefinite
igyekszik	doc#1564	órában	igyekszem	rövidre	indefinite
igyekszik	doc#1564	röviden	igyekszem	szólni ,	indefinite
igyekszik	doc#1564	- és akkor	igyekszem	szó szerint	indefinite
igyekszik	doc#1564	lát el . </s><s>	Igyekszem	olvasni az	indefinite
igyekszik	doc#1564	. ) </s><s>	Igyekszem	, amit lehet	indefinite
igyekszik	doc#1564	fennáll ,	igyekszem	erre a nyolc	indefinite
igyekszik	doc#1564	miatt	igyekszem	NA	indefinite
igyekszik	doc#1564	illették . </s><s>	Igyekszem	sorba menni	indefinite
igyekszik	doc#1564	, hogy	igyekszem	magamat a	indefinite
igyekszik	doc#1564	kapcsán , és	igyekszem	én is az	indefinite
igyekszik	doc#1564	folytatni . </s><s>	Igyekszem	majd a	indefinite
igyekszik	doc#1564	vannak ,	igyekszem	magam a	indefinite
igyekszik	doc#1564	kérek szót -	igyekszem	röviden -,	indefinite
igyekszik	doc#1565	, és	igyekszem	a saját	definite
igyekszik	doc#1565	én is	igyekszem	ezen a 15	indefinite
igyekszik	doc#1565	. </s><s> Én	igyekszem	elkerülni	indefinite
alszik	doc#1565	, tehát	alszom	rá ,	indefinite
igyekszik	doc#1565	NA	igyekszem	úgy	indefinite
igyekszik	doc#1565	: én	igyekszem	mostanában	indefinite
igyekszik	doc#1565	-	igyekszem	az időn	indefinite
igyekszik	doc#1565	NA	igyekszem	képet adni a	indefinite
igyekszik	doc#1565	NA	igyekszem	kiemelni . </s><s> A	indefinite
igyekszik	doc#1565	. </s><s>	Igyekszem	rövidre	indefinite
igyekszik	doc#1565	helyett	igyekszem	majd az	indefinite
igyekszik	doc#1565	éppen ezért	igyekszem	rövidre	indefinite
igyekszik	doc#1565	, bár	igyekszem	NA	indefinite
igyekszik	doc#1565	is	igyekszem	NA	indefinite
igyekszik	doc#1565	ellenére	igyekszem	röviden , a	indefinite
igyekszik	doc#1566	): Elnök úr ,	igyekszem	a tárgyra	indefinite
igyekszik	doc#1566	én	igyekszem	abba az	indefinite
igyekszik	doc#1566	- és ezt	igyekszem	nagyon	definite
igyekszik	doc#1566	, de	igyekszem	NA	indefinite
igyekszik	doc#1566	, azért	igyekszem	válaszolni	indefinite
igyekszik	doc#1566	úr ,	igyekszem	NA	indefinite
igyekszik	doc#1566	. </s><s> Tehát	igyekszem	olyan	indefinite
igyekszik	doc#1566	Ház ! </s><s>	Igyekszem	eleget	indefinite
igyekszik	doc#1566	hozzám . </s><s>	Igyekszem	NA	indefinite
igyekszik	doc#1566	itt hűen	igyekszem	visszaadni	indefinite
igyekszik	doc#1566	. </s><s>	Igyekszem	röviden ,	indefinite
igyekszik	doc#1566	, hogy	igyekszem	önöket	indefinite
igyekszik	doc#1566	, itt - mint	igyekszem	kifejteni -	indefinite
törekszik	doc#1566	NA	törekszem	, mint ha	indefinite
igyekszik	doc#1566	, elnök úr . </s><s>	Igyekszem	megtörni a	indefinite
igyekszik	doc#1567	vitáját . </s><s>	Igyekszem	a	indefinite
igyekszik	doc#1567	, elnök úr . </s><s>	Igyekszem	betartani	indefinite
törekszik	doc#1567	távon . </s><s> Arra	törekszem	, hogy minél	indefinite
igyekszik	doc#1567	vagyok ,	igyekszem	gyakorolni	indefinite
igyekszik	doc#1567	kormány . </s><s> Én	igyekszem	elmondani ,	indefinite
igyekszik	doc#1567	-, akkor	igyekszem	röviden	indefinite
igyekszik	doc#1567	kaptam -	igyekszem	szó szerint	indefinite
igyekszik	doc#1567	, én	igyekszem	eloszlatni	indefinite
igyekszik	doc#1567	, azonban	igyekszem	NA	indefinite
igyekszik	doc#1567	Ház ! </s><s>	Igyekszem	figyelembe	indefinite
igyekszik	doc#1567	NA	igyekszem	nem	indefinite
igyekszik	doc#1567	Ház ! </s><s>	Igyekszem	figyelembe	indefinite
igyekszik	doc#1567	, és	igyekszem	röviden	indefinite
igyekszik	doc#1567	. </s><s> Később még	igyekszem	NA	indefinite
igyekszik	doc#1567	, amelyeket	igyekszem	NA	indefinite
igyekszik	doc#1567	( Fidesz ):	Igyekszem	nagyon	indefinite
igyekszik	doc#1567	miatt	igyekszem	most nem	indefinite
igyekszik	doc#1567	a tudásnak	igyekszem	panaszt	indefinite
igyekszik	doc#1567	, én is	igyekszem	a miniszter	indefinite
igyekszik	doc#1567	Elnök Úr ! </s><s>	Igyekszem	NA	indefinite
igyekszik	doc#1567	keretében	igyekszem	a módosító	indefinite
igyekszik	doc#1567	! </s><s>	Igyekszem	rövidre	indefinite
igyekszik	doc#1567	. </s><s> Én	igyekszem	pontosan	indefinite
igyekszik	doc#1567	magam	igyekszem	minél	indefinite
igyekszik	doc#1567	<s> Az idő szűk ,	igyekszem	betartani	indefinite
igyekszik	doc#1568	a feladata ,	igyekszem	eddigi	indefinite
igyekszik	doc#1568	, és utána	igyekszem	időt	indefinite
igyekszik	doc#1568	, úgyhogy	igyekszem	a lehető	indefinite
igyekszik	doc#1568	! </s><s>	Igyekszem	megküzdeni	indefinite
igyekszik	doc#1568	szó szerint	igyekszem	a	indefinite
igyekszik	doc#1568	, és	igyekszem	abban a	indefinite
igyekszik	doc#1568	. </s><s> Egyébként	igyekszem	a	indefinite
igyekszik	doc#1568	Ház ! </s><s>	Igyekszem	nagyon	indefinite
igyekszik	doc#1568	, én pedig	igyekszem	korrigálni	indefinite
igyekszik	doc#1568	célzást , és	igyekszem	is ehhez	indefinite
igyekszik	doc#1568	NA	igyekszem	NA	indefinite
igyekszik	doc#1568	. </s><s>	Igyekszem	az	indefinite
igyekszik	doc#1568	NA	igyekszem	, és	indefinite
igyekszik	doc#1568	! </s><s>	Igyekszem	rövid lenni	indefinite
igyekszik	doc#1568	Elnök Úr ! </s><s>	Igyekszem	olyan	indefinite
igyekszik	doc#1568	jómagam is	igyekszem	NA	indefinite
igyekszik	doc#1568	, amiről	igyekszem	én is	indefinite
igyekszik	doc#1568	díjra	igyekszem	inkább	indefinite
igyekszik	doc#1568	( MSZP ):	Igyekszem	röviden	indefinite
igyekszik	doc#1568	által , és	igyekszem	NA	indefinite
igyekszik	doc#1568	,	igyekszem	NA	indefinite
igyekszik	doc#1568	;	igyekszem	az lenni ,	indefinite
igyekszik	doc#1568	is	igyekszem	higgadt	indefinite
igyekszik	doc#1569	, ezeket	igyekszem	megtenni . </s>	indefinite
igyekszik	doc#1569	, aztán	igyekszem	majd ezt	indefinite
igyekszik	doc#1569	. </s><s> Tényleg	igyekszem	nem a	indefinite
igyekszik	doc#1569	, bár	igyekszem	NA	indefinite
törekszik	doc#1569	NA	törekszem	, akkor azt	indefinite
igyekszik	doc#1569	, tehát	igyekszem	NA	indefinite
igyekszik	doc#1569	játsszon ,	igyekszem	azoknál a	indefinite
igyekszik	doc#1569	NA	igyekszem	NA	indefinite
igyekszik	doc#1569	keresztül	igyekszem	szemlélni a	indefinite
igyekszik	doc#1569	, és	igyekszem	meggyőzni	indefinite
igyekszik	doc#1569	NA	igyekszem	rendkívül	indefinite
igyekszik	doc#1569	. </s><s> Én	igyekszem	, hogy	indefinite
igyekszik	doc#1569	legalábbis	igyekszem	megtenni . </s>	indefinite
igyekszik	doc#1569	, elnök úr . </s><s>	Igyekszem	eleget	indefinite
igyekszik	doc#1569	úr , innen	igyekszem	folytatni ,	indefinite
igyekszik	doc#1569	NA	igyekszem	én is	indefinite
igyekszik	doc#1570	-	igyekszem	pontosan	indefinite
törekszik	doc#1570	tenni , nem	törekszem	a	indefinite
igyekszik	doc#1570	írásban is	igyekszem	majd	indefinite
igyekszik	doc#1570	időt , és	igyekszem	úgy	indefinite
igyekszik	doc#1570	a szót . </s><s>	Igyekszem	a	indefinite
igyekszik	doc#1570	támogatta . </s><s>	Igyekszem	tehát	indefinite
igyekszik	doc#1570	! </s><s>	Igyekszem	nagyon	indefinite
igyekszik	doc#1570	öt percben	igyekszem	néhány szót	indefinite
igyekszik	doc#1570	mint nap nem	igyekszem	NA	indefinite
igyekszik	doc#1570	NA	igyekszem	mindazokat	indefinite
igyekszik	doc#1570	ügyben én is	igyekszem	minden	indefinite
igyekszik	doc#1570	, elnök úr . </s><s>	Igyekszem	hangosan	indefinite
igyekszik	doc#1570	, elnök úr . </s><s>	Igyekszem	folytatni a	indefinite
igyekszik	doc#1570	! </s><s>	Igyekszem	most már	indefinite
igyekszik	doc#1570	és	igyekszem	a mai napon	indefinite
igyekszik	doc#1570	kérek ,	igyekszem	majd a	indefinite
igyekszik	doc#1570	azokra is	igyekszem	válaszolni	indefinite
igyekszik	doc#1570	. </s><s> Az első -	igyekszem	szó szerint	indefinite
igyekszik	doc#1571	Úr ! </s><s>	Igyekszem	a	indefinite
igyekszik	doc#1571	<s> Éppen ezért	igyekszem	nagyon	indefinite
igyekszik	doc#1571	-	igyekszem	pontosan	indefinite
igyekszik	doc#1571	. </s><s> Először	igyekszem	röviden	indefinite
igyekszik	doc#1571	, én	igyekszem	nem	indefinite
igyekszik	doc#1571	, és	igyekszem	is	indefinite
igyekszik	doc#1571	? ) , ezért	igyekszem	NA	indefinite
igyekszik	doc#1571	nem először	igyekszem	ehhez	indefinite
igyekszik	doc#1571	: Elnök úr ,	igyekszem	NA	indefinite
igyekszik	doc#1572	. </s><s>	Igyekszem	erre majd	indefinite
igyekszik	doc#1572	azt majd	igyekszem	NA	indefinite
igyekszik	doc#1572	, elnök úr . </s><s>	Igyekszem	nagyon	indefinite
igyekszik	doc#1572	! </s><s>	Igyekszem	magam is	indefinite
törekszik	doc#1572	részéről	törekszem	arra , hogy	indefinite
igyekszik	doc#1572	, én	igyekszem	a tényeknél	indefinite
törekszik	doc#1572	mai vitában	törekszem	arra , hogy	indefinite
igyekszik	doc#1572	szakaszát . </s><s>	Igyekszem	addig	indefinite
igyekszik	doc#1572	mondani ,	igyekszem	NA	indefinite
igyekszik	doc#1572	volna , de	igyekszem	rövidíteni	indefinite
igyekszik	doc#1572	összegzést	igyekszem	rövidre	indefinite
igyekszik	doc#1572	, hogy	igyekszem	a tárgyi	indefinite
igyekszik	doc#1572	NA	igyekszem	NA	indefinite
igyekszik	doc#1572	mondok , de	igyekszem	rövid lenni	indefinite
igyekszik	doc#1572	tíz percbe ,	igyekszem	ezt is	definite
igyekszik	doc#1572	én	igyekszem	lebeszélni	indefinite
törekszik	doc#1572	magam erre	törekszem	. </s><s> Segítene a	indefinite
igyekszik	doc#1572	, hogy -	igyekszem	szó szerint	indefinite
cselekszik	doc#1572	úgy , ahogy	cselekszem	. </s>	indefinite
igyekszik	doc#1573	szót , és	igyekszem	rövid lenni	indefinite
igyekszik	doc#1573	mértékben	igyekszem	ezt tenni a	definite
igyekszik	doc#1573	. </s><s>	Igyekszem	öt percben	indefinite
törekszik	doc#1573	NA	törekszem	arra , hogy	indefinite
törekszik	doc#1573	erre	törekszem	, igen	indefinite
igyekszik	doc#1573	, elnök úr . </s><s>	Igyekszem	rövidre	indefinite
igyekszik	doc#1573	, ezért	igyekszem	előzetesen	indefinite
igyekszik	doc#1573	Úr ! </s><s>	Igyekszem	önnek	indefinite
igyekszik	doc#1573	soraiból . ) </s><s>	Igyekszem	, képviselő	indefinite
igyekszik	doc#1573	érintett ,	igyekszem	én is mind a	indefinite
törekszik	doc#1573	kezdve arra	törekszem	, hogy itt , a	indefinite
igyekszik	doc#1573	adni ,	igyekszem	spontán	indefinite
igyekszik	doc#1573	! </s><s>	Igyekszem	az elnök	indefinite
alszik	doc#1574	négy órát	alszom	, és húsz	indefinite
igyekszik	doc#1574	<s> ( Zaj . ) </s><s> Most	igyekszem	NA	indefinite
igyekszik	doc#1574	, és azért is	igyekszem	NA	indefinite
igyekszik	doc#1574	NA	igyekszem	NA	indefinite
igyekszik	doc#1574	kérdésemre	igyekszem	választ	indefinite
igyekszik	doc#1574	<s> Azért , mert	igyekszem	érthetően	indefinite
igyekszik	doc#1574	,	igyekszem	kerülni az	indefinite
igyekszik	doc#1574	, és	igyekszem	majd	indefinite
igyekszik	doc#1575	tett fel ,	igyekszem	a két percbe	definite
igyekszik	doc#1575	NA	igyekszem	végigmenni	indefinite
igyekszik	doc#1575	, elnök úr . </s><s>	Igyekszem	röviden	indefinite
törekszik	doc#1575	úr . </s><s> Én nem	törekszem	arra , hogy	indefinite
igyekszik	doc#1575	mondani , és	igyekszem	, és a	indefinite
igyekszik	doc#1575	a szavait -	igyekszem	önnek úgy	indefinite
törekszik	doc#1575	is	törekszem	, amelyiket	indefinite
igyekszik	doc#1575	felvetett ,	igyekszem	a kérdéseit	definite
igyekszik	doc#1575	NA	igyekszem	idézni -,	indefinite
igyekszik	doc#1575	! </s><s> Én igazán	igyekszem	hihetetlen	indefinite
igyekszik	doc#1575	NA	igyekszem	felsorolni	indefinite
igyekszik	doc#1575	áfa hatását	igyekszem	egy	indefinite
bogarászik	doc#1575	. </s><s> Én	bogarászom	ezt a	definite
igyekszik	doc#1575	NA	igyekszem	haladni ,	indefinite
igyekszik	doc#1575	, hogy	igyekszem	elkerülni ,	indefinite
cselekszik	doc#1576	és helyesen	cselekszem	, hogyha	indefinite
igyekszik	doc#1576	NA	igyekszem	NA	indefinite
igyekszik	doc#1576	NA	igyekszem	azt	definite
igyekszik	doc#1576	. </s><s> Ezért	igyekszem	még egyszer	indefinite
igyekszik	doc#1576	NA	igyekszem	ehhez és nem	indefinite
igyekszik	doc#1576	számomra . </s><s>	Igyekszem	NA	indefinite
igyekszik	doc#1576	. </s><s> Együtt is	igyekszem	nagyon	indefinite
igyekszik	doc#1576	, ezért	igyekszem	nagyon	indefinite
igyekszik	doc#1576	, illő módon	igyekszem	rövid lenni	indefinite
igyekszik	doc#1576	aggályom - s	igyekszem	rövidre	indefinite
igyekszik	doc#1576	is	igyekszem	ott lenni	indefinite
igyekszik	doc#1576	NA	igyekszem	nagyon	indefinite
igyekszik	doc#1576	mondott , és	igyekszem	NA	indefinite
igyekszik	doc#1576	, azokra	igyekszem	pontosan	indefinite
igyekszik	doc#1576	mindig arra	igyekszem	válaszolni	indefinite
igyekszik	doc#1576	NA	igyekszem	őrködni ,	indefinite
igyekszik	doc#1576	őrködni ,	igyekszem	úgy	indefinite
igyekszik	doc#1576	NA	igyekszem	NA	indefinite
igyekszik	doc#1576	! </s><s>	Igyekszem	talán a két	indefinite
igyekszik	doc#1576	kérdést , és	igyekszem	a számomra	indefinite
igyekszik	doc#1576	-	igyekszem	a törvényre	indefinite
igyekszik	doc#1576	, és	igyekszem	NA	indefinite
igyekszik	doc#1576	, ezért	igyekszem	nagyon	indefinite
igyekszik	doc#1576	Ház ! </s><s>	Igyekszem	az ebédidőt	definite
igyekszik	doc#1576	! </s><s>	Igyekszem	rövid lenni	indefinite
igyekszik	doc#1577	elnök úr . </s><s>	Igyekszem	nagyon	indefinite
cselekszik	doc#1577	NA	cselekszem	. </s><s> A világ	indefinite
igyekszik	doc#1577	tartozom ,	igyekszem	nem	indefinite
igyekszik	doc#1577	is ,	igyekszem	a saját	definite
törekszik	doc#1577	NA	törekszem	, az	indefinite
igyekszik	doc#1577	éppen ezért	igyekszem	majd a jó	indefinite
igyekszik	doc#1577	be az időt . </s><s>	Igyekszem	. </s><s> Azzal	indefinite
igyekszik	doc#1577	asszony , de	igyekszem	röviden a	indefinite
igyekszik	doc#1577	. </s><s> Én	igyekszem	ennek	indefinite
igyekszik	doc#1577	NA	igyekszem	majd azt	indefinite
igyekszik	doc#1577	én is	igyekszem	majd	indefinite
igyekszik	doc#1577	már ,	igyekszem	nagyon	indefinite
igyekszik	doc#1577	én is	igyekszem	NA	indefinite
törekszik	doc#1577	még mindig	törekszem	arra , hogy	indefinite
igyekszik	doc#1577	! </s><s>	Igyekszem	most a	indefinite
igyekszik	doc#1577	Ház ! </s><s>	Igyekszem	nagyon	indefinite
igyekszik	doc#1577	, ezért	igyekszem	még 10	indefinite
igyekszik	doc#1577	NA	igyekszem	a. .. </s><s> ELNÖK :	indefinite
igyekszik	doc#1577	szépen . </s><s>	Igyekszem	rövidre	indefinite
igyekszik	doc#1577	. </s><s> Valóban	igyekszem	még két	indefinite
igyekszik	doc#1578	erősen	igyekszem	lobbyzni az	indefinite
igyekszik	doc#1578	, de	igyekszem	rövid lenni	indefinite
igyekszik	doc#1578	! </s><s>	Igyekszem	nem átlépni	indefinite
igyekszik	doc#1578	azzal -	igyekszem	rövid lenni	indefinite
igyekszik	doc#1578	alkalmával	igyekszem	röviden	indefinite
igyekszik	doc#1578	, hogy	igyekszem	én is	indefinite
igyekszik	doc#1578	szépen . </s><s>	Igyekszem	röviden	indefinite
igyekszik	doc#1578	. </s><s> ( 17.40 ) </s><s>	Igyekszem	röviden	indefinite
igyekszik	doc#1578	, elnök úr . </s><s>	Igyekszem	e kései	indefinite
törekszik	doc#1578	NA	törekszem	. </s><s> Nemcsak	indefinite
igyekszik	doc#1578	nélkül	igyekszem	a	indefinite
igyekszik	doc#1578	! </s><s>	Igyekszem	egy percben	indefinite
igyekszik	doc#1578	majd	igyekszem	a vita	indefinite
igyekszik	doc#1578	mondatban	igyekszem	NA	indefinite
igyekszik	doc#1578	. </s><s>	Igyekszem	pontokba	indefinite
igyekszik	doc#1578	lesz , de	igyekszem	tömör lenni	indefinite
igyekszik	doc#1578	,	igyekszem	erre	indefinite
igyekszik	doc#1578	, hogy	igyekszem	az önök	indefinite
igyekszik	doc#1578	szépen . </s><s>	Igyekszem	nagyon	indefinite
igyekszik	doc#1578	. </s><s>	Igyekszem	valamiféle	indefinite
igyekszik	doc#1578	. </s><s>	Igyekszem	tapasztalt	indefinite
igyekszik	doc#1578	NA	igyekszem	önöknek	indefinite
igyekszik	doc#1578	. </s><s> Én	igyekszem	ehhez	indefinite
igyekszik	doc#1578	. </s><s> Ennek	igyekszem	úgy-ahogy	indefinite
igyekszik	doc#1578	NA	igyekszem	NA	indefinite
igyekszik	doc#1579	meg , így	igyekszem	erre	indefinite
törekszik	doc#1579	persze erre	törekszem	. </s>	indefinite
igyekszik	doc#1579	motívumok . </s><s>	Igyekszem	is tartani	indefinite
igyekszik	doc#1579	másodszor	igyekszem	idézni	indefinite
igyekszik	doc#1579	a szót . </s><s>	Igyekszem	rövid lenni	indefinite
igyekszik	doc#1579	követni . </s><s> Én	igyekszem	legalábbis	indefinite
igyekszik	doc#1579	úr , a szót . </s><s>	Igyekszem	elmondani ,	indefinite
igyekszik	doc#1579	NA	igyekszem	a tisztelt	indefinite
igyekszik	doc#1579	-	igyekszem	szó szerint	indefinite
igyekszik	doc#1579	: Most	igyekszem	NA	indefinite
igyekszik	doc#1579	a szót . </s><s>	Igyekszem	rövid lenni	indefinite
igyekszik	doc#1579	majd azt	igyekszem	NA	definite
igyekszik	doc#1579	a szót . </s><s>	Igyekszem	az ötperces	indefinite
igyekszik	doc#1579	. ) </s><s> De nem ,	igyekszem	egy kicsit	indefinite
igyekszik	doc#1579	megértően	igyekszem	tekinteni ,	indefinite
igyekszik	doc#1579	asszony . </s><s>	Igyekszem	rövidebb	indefinite
igyekszik	doc#1579	NA	igyekszem	korrigálni	indefinite
igyekszik	doc#1579	:	Igyekszem	rövidre	indefinite
igyekszik	doc#1579	legalábbis	igyekszem	majd	indefinite
igyekszik	doc#1579	,	igyekszem	rendkívül	indefinite
igyekszik	doc#1579	egyébként	igyekszem	NA	indefinite
igyekszik	doc#1579	, és	igyekszem	rövid lenni	indefinite
igyekszik	doc#1579	lépni , de	igyekszem	minél	indefinite
igyekszik	doc#1579	NA	igyekszem	magam a	indefinite
igyekszik	doc#1579	-	igyekszem	pontosan	indefinite
igyekszik	doc#1579	Elnök Úr ! </s><s>	Igyekszem	rövid lenni	indefinite
törekszik	doc#1579	lássuk . </s><s>	Törekszem	erre , a	indefinite
igyekszik	doc#1580	NA	igyekszem	néhány	indefinite
igyekszik	doc#1580	úr , hanem	igyekszem	a	indefinite
igyekszik	doc#1580	készséggel	igyekszem	a	indefinite
igyekszik	doc#1580	NA	igyekszem	választ	indefinite
igyekszik	doc#1580	. </s><s>	Igyekszem	nem	indefinite
igyekszik	doc#1580	adóról , és	igyekszem	néhány	indefinite
igyekszik	doc#1580	és majd én is	igyekszem	módosító	indefinite
igyekszik	doc#1580	NA	igyekszem	magam	indefinite
igyekszik	doc#1580	. </s><s> Úgyhogy	igyekszem	nagyon	indefinite
igyekszik	doc#1580	érinteni . </s><s>	Igyekszem	ezt elég	definite
igyekszik	doc#1580	,	igyekszem	én is	indefinite
igyekszik	doc#1580	Úr ! </s><s> Én	igyekszem	röviden	indefinite
igyekszik	doc#1580	Ház ! </s><s>	Igyekszem	NA	indefinite
igyekszik	doc#1580	, nem	igyekszem	NA	indefinite
igyekszik	doc#1580	akkor most	igyekszem	a	indefinite
igyekszik	doc#1580	, én	igyekszem	NA	indefinite
igyekszik	doc#1580	, elnök úr . </s><s>	Igyekszem	NA	indefinite
igyekszik	doc#1580	NA	igyekszem	majd a	indefinite
igyekszik	doc#1580	megteszek ,	igyekszem	a	indefinite
igyekszik	doc#1580	során	igyekszem	tárgyszerű	indefinite
igyekszik	doc#1580	,	igyekszem	ebben az	indefinite
igyekszik	doc#1580	nézetet	igyekszem	tolerálni ,	indefinite
igyekszik	doc#1580	vonalaiban	igyekszem	vázolni a	indefinite
igyekszik	doc#1580	nagyon	igyekszem	összefogni	indefinite
igyekszik	doc#1580	hozzá . </s><s>	Igyekszem	szakmai	indefinite
igyekszik	doc#1580	, de	igyekszem	rövidre	indefinite
igyekszik	doc#1580	. </s><s> Én	igyekszem	arra	indefinite
igyekszik	doc#1580	utóéletét . </s><s>	Igyekszem	a képviselő	indefinite
törekszik	doc#1580	is erre	törekszem	majd . </s>	indefinite
igyekszik	doc#1580	kérek , de	igyekszem	pontos	indefinite
igyekszik	doc#1581	NA	igyekszem	NA	indefinite
igyekszik	doc#1581	( Fidesz ):	Igyekszem	, elnök úr . </s>	indefinite
igyekszik	doc#1581	van szó ,	igyekszem	tartani	indefinite
igyekszik	doc#1581	- ígérem ,	igyekszem	rövidre	indefinite
törekszik	doc#1581	inkább arra	törekszem	, hogy a	indefinite
igyekszik	doc#1581	. </s><s> Pontosan	igyekszem	idézni a	indefinite
igyekszik	doc#1581	. </s><s> Bár	igyekszem	megkímélni	indefinite
igyekszik	doc#1634	meg ) Azért	igyekszem	a héten	indefinite
igyekszik	doc#1634	. </s><s> Most	igyekszem	pótolni . </s>	indefinite
igyekszik	doc#1634	a legjobb . </s><s>	Igyekszem	úgy	indefinite
igyekszik	doc#1634	. </s><s> Különben	igyekszem	csak a	indefinite
igyekszik	doc#1634	ember . </s><s>	Igyekszem	segíteni	indefinite
igyekszik	doc#1634	a skála és én	igyekszem	NA	indefinite
igyekszik	doc#1634	egy PC guru ,	igyekszem	kisebbségi	indefinite
alszik	doc#1634	, de majd	alszom	rá egyet , és	indefinite
igyekszik	doc#1634	. </s><s>	Igyekszem	a jövőben . </s>	indefinite
alszik	doc#1634	, benn	alszom	a pu	indefinite
igyekszik	doc#1634	! </s><s> Most	igyekszem	legalább	indefinite
igyekszik	doc#1634	, de azért	igyekszem	. </s><s> Akkor : BOX	indefinite
igyekszik	doc#1634	telik ,	igyekszem	pontosan	indefinite
igyekszik	doc#1634	, hogy	igyekszem	csendben	indefinite
igyekszik	doc#1634	, sütit majd	igyekszem	minél	indefinite
igyekszik	doc#1634	köszönöm . </s><s>	Igyekszem	elmenteni . </s>	indefinite
igyekszik	doc#1634	, de azért	igyekszem	bepótolni . </s>	indefinite
igyekszik	doc#1634	. </s><s> Ígérem	igyekszem	még a héten	indefinite
alszik	doc#1634	. </s><s> Veled	alszom	, veled	indefinite
alszik	doc#1634	Chénier /	Alszom	, s szívem	indefinite
alszik	doc#1634	virraszt </s><s>	Alszom	, s szívem	indefinite
alszik	doc#1634	, majd	alszom	reggelig	indefinite
igyekszik	doc#1634	<s> HG koszi ,	igyekszem	. </s><s> Most mar	indefinite
alszik	doc#1634	lesz , és nem	alszom	el a végére	indefinite
alszik	doc#1634	és	alszom	. </s><s> Sétálok . </s>	indefinite
alszik	doc#1634	is	alszom	... </s><s> Lehe ,	indefinite
alszik	doc#1634	le ha	alszom	! </s><s> neduddgi </s>	indefinite
alszik	doc#1634	Te vagy ,	alszom	boldogan . </s>	indefinite
alszik	doc#1634	, </s><s> de benned	alszom	én is , nem	indefinite
alszik	doc#1634	, iszom ,	alszom	- élek , Nem	indefinite
úszik	doc#1634	, hogy nem	úszom	meg a	indefinite
alszik	doc#1634	, úgy	alszom	, ahogy	indefinite
igyekszik	doc#1634	, és azon	igyekszem	, hogy ne	indefinite
igyekszik	doc#1634	, hogy	igyekszem	kerülni azt	indefinite
igyekszik	doc#1634	, de	igyekszem	naponta elé	indefinite
igyekszik	doc#1634	lakom , és	igyekszem	nem """"	indefinite
igyekszik	doc#1634	. </s><s>	Igyekszem	nem	indefinite
igyekszik	doc#1634	, mennyire	igyekszem	? </s><s> Mogorva </s>	indefinite
igyekszik	doc#1634	tor-túrát ,	igyekszem	NA	indefinite
alszik	doc#1634	Bogumil , </s><s> ha	alszom	is csak	indefinite
igyekszik	doc#1634	, holnap	igyekszem	! </s><s> :-) </s><s> Haladó </s>	indefinite
igyekszik	doc#1634	Mackó ! </s><s> Én is	igyekszem	flexibilis	indefinite
igyekszik	doc#1634	. </s><s> Addigra	igyekszem	beszerezni	indefinite
alszik	doc#1634	( autóban )	alszom	!!! </s><s> A	indefinite
igyekszik	doc#1634	még , de	igyekszem	minél előbb	indefinite
úszik	doc#1634	hogy mégsem	úszom	meg mozgás	indefinite
igyekszik	doc#1634	holnap is	igyekszem	megjelenni	indefinite
igyekszik	doc#1634	azt , hogy	igyekszem	hosszabb	indefinite
igyekszik	doc#1634	. </s><s> Most is	igyekszem	mozgásban	indefinite
igyekszik	doc#1635	 benne	igyekszem	megtalálni	indefinite
alszik	doc#1635	én mindig	alszom	, mer '' van	indefinite
igyekszik	doc#1635	beütéssel (	igyekszem	NA	indefinite
igyekszik	doc#1635	szoktam (	igyekszem	)	indefinite
törekszik	doc#1635	arra	törekszem	, hogy	indefinite
igyekszik	doc#1635	iranyaba	igyekszem	. </s><s> A cel : nem a	indefinite
igyekszik	doc#1635	is a szó . </s><s>	Igyekszem	rövidebbre	indefinite
igyekszik	doc#1635	EG ! </s><s> Én	igyekszem	valamennyi	indefinite
alszik	doc#1635	egyet sem	alszom	! ; ) </s><s> Zoli ! </s>	indefinite
alszik	doc#1635	csak egyet	alszom	..... itt a	indefinite
igyekszik	doc#1635	átnézem , és	igyekszem	egy	indefinite
igyekszik	doc#1635	( azért	igyekszem	, nem ? ) s ő	indefinite
alszik	doc#1635	,	alszom	egy	indefinite
igyekszik	doc#1635	,	igyekszem	idővel	indefinite
igyekszik	doc#1635	NA	igyekszem	ügyelni	indefinite
alszik	doc#1635	) és zenére	alszom	el . </s><s> Én	indefinite
alszik	doc#1635	<s> Ja én reggel	alszom	. a Pa Dö Dö ék	indefinite
úszik	doc#1635	- mennyiből	úszom	meg ? üdv :	indefinite
igyekszik	doc#1635	. </s><s>	Igyekszem	megfogadni	indefinite
igyekszik	doc#1635	,	igyekszem	tolerálni a	indefinite
igyekszik	doc#1635	stb. ! </s><s>	Igyekszem	tömör lenni	indefinite
igyekszik	doc#1635	Desider ,	Igyekszem	rövid	indefinite
igyekszik	doc#1635	, nur	igyekszem	küzdeni az	indefinite
alszik	doc#1635	megyek ,	alszom	rá egyet . </s>	indefinite
igyekszik	doc#1635	polcán és	igyekszem	nem	indefinite
igyekszik	doc#1635	időn belül	igyekszem	NA	indefinite
igyekszik	doc#1635	. </s><s> Vagyis	igyekszem	hárítani . </s><s> -	indefinite
igyekszik	doc#1635	már	igyekszem	NA	indefinite
igyekszik	doc#1635	általában	igyekszem	rá ,	indefinite
igyekszik	doc#1635	azért én is	igyekszem	tanulni a	indefinite
alszik	doc#1636	remélem nem	alszom	el a	indefinite
alszik	doc#1636	lesz , en	alszom	, addig	indefinite
baszik	doc#1636	csak nagy	baszom	kosz meg	indefinite
igyekszik	doc#1636	, hétfőn	igyekszem	elküldeni	indefinite
igyekszik	doc#1636	. </s><s> En ezt	igyekszem	NA	definite
alszik	doc#1636	Embernek ,	Alszom	és zavarba	indefinite
baszik	doc#1636	. </s><s> ( CSak nem	baszom	el a saját	indefinite
igyekszik	doc#1636	NA	igyekszem	NA	indefinite
alszik	doc#1636	egy kicsit	alszom	is . </s>	indefinite
igyekszik	doc#1636	. ) </s><s>	Igyekszem	megfelelni	indefinite
igyekszik	doc#1636	nem értem . </s><s>	Igyekszem	ott	indefinite
igyekszik	doc#1636	, de	igyekszem	írogatni . </s>	indefinite
igyekszik	doc#1636	,	igyekszem	gyógyulni ! </s>	indefinite
igyekszik	doc#1636	ezért is	igyekszem	rövidre	indefinite
igyekszik	doc#1636	esni , ezért	igyekszem	segíteni	indefinite
igyekszik	doc#1636	, én is	igyekszem	ehhez	indefinite
igyekszik	doc#1636	mindenkit !	igyekszem	gyakrabban	indefinite
alszik	doc#1636	is jöttem , s	alszom	is . </s>	indefinite
alszik	doc#1636	p. .ni , s	alszom	tovább . </s><s> Jó	indefinite
alszik	doc#1636	ma nem	alszom	el ... </s><s> Yv </s>	indefinite
igyekszik	doc#1636	utat ! </s><s> Giga ,	igyekszem	, de még van	indefinite
alszik	doc#1636	. </s><s> R. Egyedül	alszom	a világ	indefinite
bogarászik	doc#1636	<s> Semmi baj ,	bogarászom	addig . </s><s> :-)	indefinite
úszik	doc#1636	, inkább	úszom	a	indefinite
igyekszik	doc#1636	napon . </s><s> Ma	igyekszem	bepótolni	indefinite
bogarászik	doc#1636	. </s><s> :-) </s><s>	Bogarászom	1 kicsit ,	indefinite
étkezik	doc#1636	<s> Köszi , épp	étkezem	. :) Neked is	indefinite
alszik	doc#1636	esetben	alszom	. </s><s> Tény , hogy	indefinite
alszik	doc#1636	pizsikében	alszom	, mert	indefinite
alszik	doc#1636	: én még nem	alszom	pizsibe . </s>	indefinite
alszik	doc#1636	még	alszom	... </s><s> jeges	indefinite
alszik	doc#1636	<s> Én is még	alszom	... </s><s> Látod ,	indefinite
igyekszik	doc#1636	lakom	igyekszem	nem túl	indefinite
igyekszik	doc#1636	. </s><s> Azért	igyekszem	. </s><s> bigfoot </s>	indefinite
alszik	doc#1636	Nem	alszom	álmodom	indefinite
alszik	doc#1636	<s> Phex Sam </s><s>	Alszom	eszem ,	indefinite
alszik	doc#1637	... , erre	alszom	egyet :))) </s>	indefinite
igyekszik	doc#1637	általában	igyekszem	megtalálni	indefinite
igyekszik	doc#1637	, de azért	igyekszem	kitalálni ,	indefinite
igyekszik	doc#1637	. </s><s> Én is így	igyekszem	, de hadd	indefinite
alszik	doc#1637	meztelenül	alszom	, miután pár	indefinite
igyekszik	doc#1637	,	igyekszem	kijavítani	indefinite
igyekszik	doc#1637	<s> Mindig azon	igyekszem	, hogy amit	indefinite
igyekszik	doc#1637	. </s><s> De azért	igyekszem	. </s><s> Részletek	indefinite
törekszik	doc#1637	, hanem	törekszem	arra , hogy	indefinite
törekszik	doc#1637	én erre	törekszem	. </s><s> Azt hiszem	indefinite
igyekszik	doc#1637	, persze	igyekszem	segíteni ,	indefinite
törekszik	doc#1637	NA	törekszem	. </s><s> Ezeket	indefinite
cselekszik	doc#1637	nem	cselekszem	. </s><s> ( Ettől	indefinite
igyekszik	doc#1637	belemenni . </s><s>	Igyekszem	nagyon	indefinite
cselekszik	doc#1637	azokat	cselekszem	, ha nékem	indefinite
igyekszik	doc#1637	. </s><s> Én	igyekszem	, -talán	indefinite
igyekszik	doc#1637	, és	igyekszem	a dolgokat	definite
pakolászik	doc#1637	miatt	pakolászom	ide ezt a	indefinite
alszik	doc#1637	tobbet ,	alszom	el a labamon	indefinite
alszik	doc#1637	02:56:57 </s><s> Na	alszom	, de mostmar	indefinite
úszik	doc#1637	már nem	úszom	az árral- . </s><s> -	indefinite
hugyozik	doc#1637	: Én sem	hugyozom	végig a	indefinite
igyekszik	doc#1637	<s> Nem tettem ,	igyekszem	érvekkel	indefinite
igyekszik	doc#1637	,	igyekszem	majd nagyon	indefinite
igyekszik	doc#1637	így , és	igyekszem	keveset	indefinite
igyekszik	doc#1637	. </s><s> Aztán most	igyekszem	a többi	indefinite
igyekszik	doc#1637	13:10:28 </s><s>	Igyekszem	NA	indefinite
igyekszik	doc#1637	( azért	igyekszem	bizonyos	indefinite
alszik	doc#1637	NA	alszom	. </s><s> Calliope </s>	indefinite
igyekszik	doc#1637	jól írtam ) </s><s>	Igyekszem	ott lenni ,	indefinite
alszik	doc#1637	NA	alszom	akkor is fáj	indefinite
igyekszik	doc#1637	( pedig én	igyekszem	nagyon	indefinite
igyekszik	doc#1637	. </s><s> De azért	igyekszem	:-) Köszi a	indefinite
törekszik	doc#1638	de azért még	törekszem	... :))) </s>	indefinite
alszik	doc#1638	durván	alszom	huszat és	indefinite
igyekszik	doc#1638	NA	igyekszem	toleráns	indefinite
alszik	doc#1638	, amig el nem	alszom	. </s><s> GLászló </s>	indefinite
igyekszik	doc#1638	. </s><s> Én is	igyekszem	, bár a	indefinite
igyekszik	doc#1638	ezentúl	igyekszem	ignorálni . </s>	indefinite
igyekszik	doc#1638	/ráadásul	igyekszem	a kettőt	definite
igyekszik	doc#1638	NA	igyekszem	jobban	indefinite
igyekszik	doc#1638	. </s><s> Én viszont	igyekszem	minden jót	indefinite
cselekszik	doc#1638	parancsra	cselekszem	. </s><s> [ Ohó . ] </s>	indefinite
igyekszik	doc#1638	Echo ! </s><s>	Igyekszem	! </s><s> Igyekszem	indefinite
igyekszik	doc#1638	<s> Igyekszem ! </s><s>	Igyekszem	! </s><s> : ) ) Idézet	indefinite
igyekszik	doc#1638	, de	igyekszem	) A vita	indefinite
igyekszik	doc#1638	, majd	igyekszem	válaszolni	indefinite
törekszik	doc#1638	, mégis arra	törekszem	, hogy	indefinite
igyekszik	doc#1638	taktika , ha	igyekszem	NA	indefinite
igyekszik	doc#1638	) írásokkal	igyekszem	is e fórumon	indefinite
igyekszik	doc#1638	vagyok ,	igyekszem	életemet	indefinite
törekszik	doc#1638	jut . </s><s>	Törekszem	is rá , hogy	indefinite
igyekszik	doc#1638	és a jövőben	igyekszem	levetkőzni	indefinite
cselekszik	doc#1638	vajh jól	cselekszem	-e ? zsoltu </s>	indefinite
igyekszik	doc#1638	más . </s><s> Azokat	igyekszem	figyelembe	indefinite
igyekszik	doc#1638	, sőt	igyekszem	elkerülni . </s>	indefinite
igyekszik	doc#1638	telik . </s><s>	Igyekszem	sosem	indefinite
igyekszik	doc#1638	irányítás ,	igyekszem	kérni a	indefinite
igyekszik	doc#1638	NA	igyekszem	lehántani a	indefinite
alszik	doc#1638	<s> Mindjárt	alszom	, mint a	indefinite
cselekszik	doc#1638	NA	cselekszem	NA	indefinite
igyekszik	doc#1638	. </s><s> Ilyenkor	igyekszem	NA	indefinite
igyekszik	doc#1638	és	igyekszem	életemet	indefinite
igyekszik	doc#1638	neki ,	igyekszem	vigyázni a	indefinite
igyekszik	doc#1638	, hogy én	igyekszem	itt azért	indefinite
igyekszik	doc#1638	/ Szívesen	igyekszem	röviden	indefinite
igyekszik	doc#1638	indítékból	igyekszem	oly	indefinite
igyekszik	doc#1638	<s> Kedves Rez ! </s><s>	Igyekszem	uralkodni	indefinite
igyekszik	doc#1638	javitani	igyekszem	. </s>	indefinite
igyekszik	doc#1638	jelenti :	igyekszem	egyre jobb	indefinite
igyekszik	doc#1638	bátran ,	igyekszem	felelni ,	indefinite
igyekszik	doc#1638	szerint	igyekszem	a magyarság	indefinite
igyekszik	doc#1638	okulva )	igyekszem	 moderálni	indefinite
igyekszik	doc#1638	! </s><s> Ezért	igyekszem	én , hogy nem	indefinite
igyekszik	doc#1638	( én	igyekszem	is ) . </s><s> Még	indefinite
alszik	doc#1638	a pozban	alszom	el ) , o pedig	indefinite
igyekszik	doc#1638	nem régóta . </s><s>	Igyekszem	sokat	indefinite
igyekszik	doc#1638	topicot ,	igyekszem	majd	indefinite
igyekszik	doc#1638	, most majd	igyekszem	NA	indefinite
igyekszik	doc#1638	kifolyólag	igyekszem	nyitott	indefinite
alszik	doc#1638	éjszaka	alszom	; ) </s><s> kicsi	indefinite
igyekszik	doc#1639	! """" </s><s> :)) ,	igyekszem	majd	indefinite
igyekszik	doc#1639	póló marad ,	igyekszem	eljutni	indefinite
igyekszik	doc#1639	A pénzt	igyekszem	ma postán	indefinite
alszik	doc#1639	NA	alszom	el , és utána	indefinite
igyekszik	doc#1639	, holnaptól	igyekszem	NA	indefinite
igyekszik	doc#1639	, de	igyekszem	nem túl	indefinite
alszik	doc#1639	<s> Juszt is	alszom	! </s><s> Itt a	indefinite
igyekszik	doc#1639	persze én is	igyekszem	kellemesen	indefinite
igyekszik	doc#1639	, hogy nem	igyekszem	) , ide is	indefinite
alszik	doc#1639	<s> no ma sem	alszom	szóval	indefinite
alszik	doc#1639	napja nem	alszom	emiatt ... </s>	indefinite
igyekszik	doc#1639	majd	igyekszem	felebredni	indefinite
igyekszik	doc#1639	eszközzel	igyekszem	elkerülni a	indefinite
igyekszik	doc#1639	azt még	igyekszem	megoldani	definite
igyekszik	doc#1639	dolog ,	igyekszem	is róla	indefinite
igyekszik	doc#1639	van pénzem ,	igyekszem	pótolni	indefinite
igyekszik	doc#1639	kerülöm és	igyekszem	a napi	indefinite
igyekszik	doc#1639	én mindig	igyekszem	az	indefinite
törekszik	doc#1639	tudatosan	törekszem	arra , hogy	indefinite
igyekszik	doc#1639	FŇRUM-ba be	igyekszem	,	indefinite
igyekszik	doc#1639	corporal , </s><s>	igyekszem	úgy élni ,	indefinite
igyekszik	doc#1639	, akkor	igyekszem	elkerülni a	indefinite
igyekszik	doc#1639	a bűnt . </s><s> Sőt	igyekszem	jóvátenni ,	indefinite
igyekszik	doc#1639	<s> Azzal , hogy	igyekszem	jót tenni ,	indefinite
igyekszik	doc#1639	jót tenni ,	igyekszem	minden	indefinite
igyekszik	doc#1639	mélyen	igyekszem	átélni a	indefinite
igyekszik	doc#1639	? </s><s> :-))) </s><s>	Igyekszem	NA	indefinite
igyekszik	doc#1639	így örülsz ,	igyekszem	NA	indefinite
igyekszik	doc#1639	baloldalon	igyekszem	a viták élét	definite
igyekszik	doc#1640	jogos	igyekszem	ezentúl a	indefinite
törekszik	doc#1640	. </s><s> Ezért nem	törekszem	itt	indefinite
törekszik	doc#1640	javára	törekszem	annál	indefinite
igyekszik	doc#1640	! </s><s> Hát , majd	igyekszem	nagyon	indefinite
igyekszik	doc#1640	, akkor	igyekszem	ahhoz	indefinite
igyekszik	doc#1640	. </s><s>	Igyekszem	úgy adni	indefinite
igyekszik	doc#1640	van , de	igyekszem	kuldeni egy	indefinite
igyekszik	doc#1640	? </s><s> No ezért	igyekszem	tiztázni	indefinite
igyekszik	doc#1640	majd	igyekszem	körülnézni	indefinite
igyekszik	doc#1640	. </s><s> Azon	igyekszem	, hogy	indefinite
igyekszik	doc#1640	biztatást ,	igyekszem	nem alább	indefinite
alszik	doc#1640	<s> Bocs még	alszom	egy kicsit . </s>	indefinite
igyekszik	doc#1640	:) De majd	igyekszem	! </s><s> Remélem	indefinite
igyekszik	doc#1640	, de kínosan	igyekszem	ügyelni	indefinite
igyekszik	doc#1640	, írjon , és	igyekszem	válaszolni	indefinite
igyekszik	doc#1640	, aztán	igyekszem	 nyomon	indefinite
baszik	doc#1640	úgy orrba	baszom	őket	indefinite
igyekszik	doc#1640	. </s><s> Csak én	igyekszem	minden	indefinite
alszik	doc#1640	22:03:13 </s><s> En	alszom	!!!! ) ez	indefinite
alszik	doc#1640	( még ) nem	alszom	. </s><s> Miért , Te	indefinite
igyekszik	doc#1641	és arra	igyekszem	olyat	indefinite
törekszik	doc#1641	sőt ! </s><s> Mindig	törekszem	, hogy	indefinite
alszik	doc#1641	én már	alszom	) és	indefinite
alszik	doc#1641	! addig nem	alszom	nyugodtan ,	indefinite
igyekszik	doc#1641	formaja ,	igyekszem	az eredetit	definite
igyekszik	doc#1641	, akkor	igyekszem	közzé tenni	indefinite
igyekszik	doc#1641	arcokkal . </s><s>	Igyekszem	50-50%-ban	indefinite
törekszik	doc#1641	. </s><s> Én is	törekszem	erre , azért	indefinite
igyekszik	doc#1641	. majd	igyekszem	nem	indefinite
igyekszik	doc#1641	fogok írni . </s><s>	Igyekszem	minél több	indefinite
igyekszik	doc#1641	nagyon	igyekszem	a	indefinite
alszik	doc#1641	vagyok és	alszom	. </s><s> Vajon mit	indefinite
igyekszik	doc#1641	csak hinni	igyekszem	? </s><s> Köszönöm ,	indefinite
igyekszik	doc#1641	20:22:15 </s><s>	Igyekszem	nem	indefinite
igyekszik	doc#1641	, de	igyekszem	elfogadni /	indefinite
törekszik	doc#1641	, nem is	törekszem	arra , hogy	indefinite
cselekszik	doc#1641	,	cselekszem	, és	indefinite
alszik	doc#1641	. </s><s> Rosszul	alszom	azóta . </s>	indefinite
igyekszik	doc#1641	is	igyekszem	megörizni a	indefinite
úszik	doc#1641	kell , hát	úszom	tovább . </s>	indefinite
alszik	doc#1641	. </s><s> Azzal	alszom	én is . </s><s> Az	indefinite
igyekszik	doc#1641	, hogy	igyekszem	.... </s>	indefinite
alszik	doc#1641	es jol	alszom	. </s><s> Nem zavar . </s>	indefinite
igyekszik	doc#1641	a BKV . </s><s> Én	igyekszem	megérteni	indefinite
alszik	doc#1641	látod hogy	alszom	! </s><s> Mason </s>	indefinite
igyekszik	doc#1641	, majd	igyekszem	pótolni ! </s>	indefinite
igyekszik	doc#1641	, csak	igyekszem	.. ) </s><s> 4. Azért	indefinite
igyekszik	doc#1641	<s> Zsoltu ,	Igyekszem	elkerülni a	indefinite
alszik	doc#1642	ma sem	alszom	. </s><s> Most már	indefinite
igyekszik	doc#1642	, hogy én	igyekszem	NA	indefinite
igyekszik	doc#1642	veletek ,	igyekszem	NA	indefinite
igyekszik	doc#1642	az info-t . (	igyekszem	NA	indefinite
igyekszik	doc#1642	Calliope ! </s><s>	Igyekszem	ott lenni . </s>	indefinite
igyekszik	doc#1642	, ígérem ,	igyekszem	. </s><s> BaSand </s>	indefinite
igyekszik	doc#1642	, de most	igyekszem	minden	indefinite
igyekszik	doc#1642	, hogy	igyekszem	a jövőben	indefinite
igyekszik	doc#1642	NA	igyekszem	minden """"	indefinite
igyekszik	doc#1642	NA	igyekszem	válaszolni	indefinite
igyekszik	doc#1642	sitve	igyekszem	NA	indefinite
igyekszik	doc#1642	Hát	igyekszem	... :-)	indefinite
igyekszik	doc#1642	<s> Fulig Jimmy </s><s>	Igyekszem	tételesen	indefinite
igyekszik	doc#1642	, a szabályt	igyekszem	betartani ,	indefinite
igyekszik	doc#1642	, ezután is	igyekszem	. </s><s> :DDD </s><s> 4.	indefinite
igyekszik	doc#1642	, amit én	igyekszem	betartani . </s>	indefinite
igyekszik	doc#1642	mindig	igyekszem	NA	indefinite
cselekszik	doc#1642	nem	cselekszem	, akkor	indefinite
alszik	doc#1642	<s> Még nem	alszom	, pedig	indefinite
törekszik	doc#1642	NA	törekszem	? ( ehet ,	indefinite
igyekszik	doc#1642	a fórumban ? </s><s>	Igyekszem	betartani	indefinite
igyekszik	doc#1642	. </s><s>	Igyekszem	azért majd	indefinite
igyekszik	doc#1642	00:24:30 </s><s>	Igyekszem	még egy	indefinite
igyekszik	doc#1642	a jövőben	igyekszem	még	indefinite
igyekszik	doc#1642	írt , de majd	igyekszem	beszerezni	indefinite
igyekszik	doc#1642	13:58:21 </s><s>	Igyekszem	NA	indefinite
törekszik	doc#1643	célom felé	törekszem	. </s><s> Ha erre a	indefinite
igyekszik	doc#1643	NA	igyekszem	javítani . </s>	indefinite
igyekszik	doc#1643	,	igyekszem	ezen	indefinite
törekszik	doc#1643	csak arra	törekszem	felhívni	indefinite
igyekszik	doc#1643	Te is . </s><s> (	Igyekszem	ezt a	definite
tojik	doc#1643	,	tojom	le a	indefinite
igyekszik	doc#1643	, és utána	igyekszem	képben	indefinite
igyekszik	doc#1643	okosakat	igyekszem	írni pl	indefinite
alszik	doc#1643	, amikor	alszom	.... </s><s> Nadi </s>	indefinite
igyekszik	doc#1643	tűnni . </s><s>	Igyekszem	mindent , és	indefinite
igyekszik	doc#1643	, de azért	igyekszem	evésre	indefinite
igyekszik	doc#1643	betartsam . </s><s>	Igyekszem	úgy élni ,	indefinite
igyekszik	doc#1643	hülyének . </s><s>	Igyekszem	megfogadni	indefinite
igyekszik	doc#1643	napokban	igyekszem	majd otthon	indefinite
igyekszik	doc#1643	. </s><s>	Igyekszem	NA	indefinite
törekszik	doc#1643	, és nem is	törekszem	rá . </s><s> koszovó </s>	indefinite
törekszik	doc#1643	állattal ? """" </s><s>	Törekszem	arra , hogy	indefinite
igyekszik	doc#1643	meghívást ,	igyekszem	ott lenni </s>	indefinite
alszik	doc#1643	, hogy amíg	alszom	, addig Zénó	indefinite
igyekszik	doc#1643	most éppen	igyekszem	. </s><s> Szóval üdv	indefinite
igyekszik	doc#1643	18:24:52 </s><s>	igyekszem	kérem	indefinite
igyekszik	doc#1643	kérem	igyekszem	, igyekszem	indefinite
igyekszik	doc#1643	igyekszem ,	igyekszem	majd a	indefinite
igyekszik	doc#1643	Ő veszi , de	igyekszem	átrágni	indefinite
igyekszik	doc#1643	NA	igyekszem	figyelembe	indefinite
igyekszik	doc#1643	08:38:36 </s><s>	Igyekszem	mindig . </s>	indefinite
igyekszik	doc#1643	. </s><s> Közben	igyekszem	minél	indefinite
igyekszik	doc#1643	. </s><s> Majd	igyekszem	összekapni	indefinite
igyekszik	doc#1643	tenyerem	igyekszem	egymás után	indefinite
igyekszik	doc#1643	óvatosan	igyekszem	NA	indefinite
úszik	doc#1643	beljebb	úszom	, ahol ugyan	indefinite
úszik	doc#1643	befelé	úszom	, és van némi	indefinite
úszik	doc#1643	levemben	úszom	, teljesen	indefinite
igyekszik	doc#1643	hozzá	igyekszem	simulni ,	indefinite
törekszik	doc#1643	igen . </s><s> Nem	törekszem	teljes	indefinite
igyekszik	doc#1643	tréfát , s én	igyekszem	kedvére	indefinite
igyekszik	doc#1643	. </s><s>	Igyekszem	a	indefinite
úszik	doc#1643	nem ! </s><s> Jól	úszom	! </s><s> De még egy	indefinite
úszik	doc#1643	ahogy	úszom	, mint egy	indefinite
igyekszik	doc#1643	őt ,	igyekszem	NA	indefinite
alszik	doc#1643	NA	alszom	el , hogy	indefinite
igyekszik	doc#1643	általában	igyekszem	a	indefinite
alszik	doc#1643	, ezzel	alszom	. </s><s> Ha kell	indefinite
alszik	doc#1643	nagyon jól	alszom	esténként	indefinite
alszik	doc#1643	. </s><s> Nyugodtan	alszom	. </s><s> Csakhogy	indefinite
igyekszik	doc#1643	de majd	igyekszem	, hogy	indefinite
igyekszik	doc#1643	vitákat . </s><s> S	igyekszem	elkerülni ,	indefinite
igyekszik	doc#1643	elnézést ,	igyekszem	nem írni	indefinite
igyekszik	doc#1643	21:18:26 </s><s>	Igyekszem	NA	indefinite
igyekszik	doc#1643	, ha van időm	igyekszem	is	indefinite
cselekszik	doc#1643	ezért előbb	cselekszem	, mint	indefinite
igyekszik	doc#1644	. </s><s> Addig is	igyekszem	a	indefinite
igyekszik	doc#1644	Veled . </s><s>	Igyekszem	nagyon	indefinite
igyekszik	doc#1644	, hogy	igyekszem	, mert az '' a	indefinite
igyekszik	doc#1644	van . </s><s> Ez	igyekszem	kifejteni a	indefinite
igyekszik	doc#1644	, bár	igyekszem	kerülni a	indefinite
igyekszik	doc#1644	NA	igyekszem	még	indefinite
igyekszik	doc#1644	gyerekemet	igyekszem	majd arról	indefinite
igyekszik	doc#1644	NA	igyekszem	NA	indefinite
igyekszik	doc#1644	átformálni	igyekszem	majd , ha	indefinite
alszik	doc#1644	. </s><s> No pá ! </s><s>	Alszom	mostmár . </s>	indefinite
igyekszik	doc#1644	. </s><s> Komolyan	igyekszem	megérto	indefinite
igyekszik	doc#1644	NA	igyekszem	megérto	indefinite
igyekszik	doc#1644	, ilyenkor	igyekszem	, hogy a múlt	indefinite
igyekszik	doc#1644	volna , hogy	igyekszem	úgy	indefinite
igyekszik	doc#1644	. </s><s> Ez van . </s><s>	Igyekszem	edzeni	indefinite
igyekszik	doc#1644	NA	igyekszem	mindenkit	indefinite
alszik	doc#1644	igaz . </s><s> Én	alszom	a teraszon	indefinite
alszik	doc#1644	. </s><s> Aztán	alszom	, ha már az	indefinite
alszik	doc#1644	. </s><s> Nem	alszom	tőlük .... </s>	indefinite
igyekszik	doc#1644	'' azokat	igyekszem	NA	indefinite
igyekszik	doc#1644	tényekkel . </s><s>	Igyekszem	rövid lenni	indefinite
igyekszik	doc#1644	szívvel	igyekszem	NA	indefinite
igyekszik	doc#1644	! </s><s> :-))) Én	igyekszem	úgy öltözni	indefinite
igyekszik	doc#1644	NA	igyekszem	elmenni . </s>	indefinite
igyekszik	doc#1644	NA	igyekszem	kimeríteni	indefinite
alszik	doc#1644	<s> Macskákkal	alszom	, kutyákkal	indefinite
úszik	doc#1644	oda , ni , és	úszom	, csak úszom	indefinite
úszik	doc#1644	úszom , csak	úszom	. </s><s> Na ez volt	indefinite
igyekszik	doc#1644	Izraelben . </s><s>	Igyekszem	ennek	indefinite
alszik	doc#1644	, ha el nem	alszom	</s><s> Helló GB </s>	indefinite
igyekszik	doc#1644	én is	igyekszem	minél	indefinite
alszik	doc#1644	Inkább	alszom	egyet ... </s>	indefinite
baszik	doc#1644	es meg el is	baszom	</s><s> BourBon </s>	indefinite
igyekszik	doc#1644	<s> Köszi ,	igyekszem	igyekszem . </s>	indefinite
igyekszik	doc#1644	, igyekszem	igyekszem	. </s><s> Szimba </s>	indefinite
alszik	doc#1644	, csak nem	alszom	el ezt is . </s><s> :( </s>	indefinite
igyekszik	doc#1644	, de majd	igyekszem	... </s>	indefinite
igyekszik	doc#1644	. </s><s> Most	igyekszem	, no de az az	indefinite
igyekszik	doc#1644	, de azért	igyekszem	. </s><s> Planney </s>	indefinite
alszik	doc#1644	, én	alszom	egy kicsit ! </s>	indefinite
cselekszik	doc#1644	én	cselekszem	az én Atyám	indefinite
alszik	doc#1645	. </s><s> Ezzel	alszom	el ! </s><s> CsK </s>	indefinite
alszik	doc#1645	, úgyhogy	alszom	terpeszben	indefinite
igyekszik	doc#1645	, de majd	igyekszem	. </s><s> Különben	indefinite
igyekszik	doc#1645	. </s><s>	Igyekszem	most csak az	indefinite
igyekszik	doc#1645	, hogy	igyekszem	csak olyan	indefinite
bogarászik	doc#1645	Egy ideje	bogarászom	már	indefinite
igyekszik	doc#1645	NA	igyekszem	közbelépni	indefinite
igyekszik	doc#1645	NA	igyekszem	közbelépni	indefinite
úszik	doc#1645	<s> Ja ! </s><s> És na nem	úszom	meg ?! </s><s> Köszi	indefinite
igyekszik	doc#1645	ezt	igyekszem	elkerülni . </s>	definite
igyekszik	doc#1645	szeretem ,	igyekszem	minden	indefinite
igyekszik	doc#1645	meg , mert	igyekszem	megoldani a	indefinite
igyekszik	doc#1645	tettél föl . </s><s>	Igyekszem	utánanézni	indefinite
igyekszik	doc#1645	hol van , és	igyekszem	rávenni ,	indefinite
igyekszik	doc#1645	Messire ! </s><s>	Igyekszem	nagyon	indefinite
igyekszik	doc#1645	a bizalom . """" </s><s>	Igyekszem	megtenni ,	indefinite
igyekszik	doc#1645	régóta -, s	igyekszem	hazajutni . </s>	indefinite
igyekszik	doc#1645	, majd	igyekszem	pótolni . </s>	indefinite
igyekszik	doc#1645	röhögök , és	igyekszem	a	indefinite
igyekszik	doc#1645	szerepemet	igyekszem	NA	indefinite
igyekszik	doc#1645	, akkor mar	igyekszem	minel	indefinite
törekszik	doc#1645	, hogy erre	törekszem	, és nem	indefinite
igyekszik	doc#1645	olvasok , es	igyekszem	nem	indefinite
alszik	doc#1645	és hogy nem	alszom	el utána	indefinite
igyekszik	doc#1645	vagyok , és	igyekszem	sokat	indefinite
alszik	doc#1645	2. tehát nem	alszom	</s><s> Kobzoska </s>	indefinite
alszik	doc#1645	! </s><s> Nem még nem	alszom	, még ébren	indefinite
igyekszik	doc#1645	keveredem ,	igyekszem	békésen	indefinite
igyekszik	doc#1645	vagy	igyekszem	több	indefinite
törekszik	doc#1645	hasonlókra	törekszem	gyár nékül )	indefinite
igyekszik	doc#1645	és nem is	igyekszem	venni egyet	indefinite
törekszik	doc#1645	ilyesmire	törekszem	... </s><s> Vah úr </s>	indefinite
törekszik	doc#1645	tekintve	törekszem	hasonlóra ,	indefinite
alszik	doc#1645	ma ezzel is	alszom	.. :) </s><s> Vito </s>	indefinite
igyekszik	doc#1645	azért	igyekszem	kijutni . </s>	indefinite
alszik	doc#1645	egesz nap	alszom	, nem	indefinite
alszik	doc#1645	<s> Na ,	alszom	, mint egy	indefinite
alszik	doc#1645	<s> Akkor még	alszom	egy kicsit	indefinite
alszik	doc#1645	... </s><s> Jó éjt ,	alszom	egy kicsit ! </s>	indefinite
igyekszik	doc#1646	, de majd	igyekszem	, mert olyan	indefinite
igyekszik	doc#1646	, de azért	igyekszem	, egy ilyen	indefinite
igyekszik	doc#1646	... de	igyekszem	beszerezni	indefinite
igyekszik	doc#1646	NA	igyekszem	majd ott	indefinite
igyekszik	doc#1646	tetőn . </s><s> De	igyekszem	orvosolni a	indefinite
igyekszik	doc#1646	procedura . </s><s>	Igyekszem	nem	indefinite
igyekszik	doc#1646	Gedeon ,	igyekszem	nemzetben	indefinite
igyekszik	doc#1646	. </s><s> Csak	igyekszem	felhívni	indefinite
igyekszik	doc#1646	, csak	igyekszem	a hölgy	indefinite
igyekszik	doc#1646	. </s><s> Egyébként	igyekszem	nem	indefinite
igyekszik	doc#1646	batran -	igyekszem	segiteni	indefinite
igyekszik	doc#1646	hasonló !! </s><s>	Igyekszem	!! </s><s> bcsi </s>	indefinite
alszik	doc#1646	! mar felig	alszom	... </s><s> meka </s>	indefinite
alszik	doc#1646	<s> Na , ha nem	alszom	el . </s><s> ;-)))	indefinite
igyekszik	doc#1646	. </s><s> Inkább	igyekszem	használni . </s>	indefinite
cselekszik	doc#1646	most ) , és	cselekszem	indulatom	indefinite
igyekszik	doc#1646	, bár én majd	igyekszem	inkább	indefinite
igyekszik	doc#1646	rohanok ,	igyekszem	egy rövid	indefinite
cselekszik	doc#1646	mit	cselekszem	: csak a	definite
igyekszik	doc#1646	. </s><s> De	igyekszem	pótolni . </s>	indefinite
igyekszik	doc#1646	ilyen ! </s><s> Én is	igyekszem	. </s><s> Üdv , theo </s>	indefinite
igyekszik	doc#1646	NA	igyekszem	rendkívül	indefinite
alszik	doc#1646	.... ( most	alszom	) . </s><s> Hé , na mi	indefinite
igyekszik	doc#1646	csobe , majd	igyekszem	vigyazni . </s>	indefinite
alszik	doc#1646	vagy	alszom	, vagy mást	indefinite
igyekszik	doc#1646	, de azért	igyekszem	. :))) </s>	indefinite
igyekszik	doc#1646	, de azért	igyekszem	! </s><s> De sokat p *	indefinite
igyekszik	doc#1646	! </s><s>	Igyekszem	NA	indefinite
baszik	doc#1647	ki az ilyen	baszom	nagy	indefinite
igyekszik	doc#1647	és	igyekszem	újra	indefinite
igyekszik	doc#1647	profi , csak	igyekszem	... </s><s> Kwisatz	indefinite
igyekszik	doc#1647	a sorozat ! </s><s>	Igyekszem	minden este	indefinite
igyekszik	doc#1647	vetítik ,	igyekszem	egy részről	indefinite
igyekszik	doc#1647	tapci	Igyekszem	majd	indefinite
igyekszik	doc#1647	akar lenni	igyekszem	lebeszélni	indefinite
igyekszik	doc#1647	) </s><s> Reszemrol	igyekszem	az ovet	definite
igyekszik	doc#1647	még szerdán	igyekszem	NA	indefinite
igyekszik	doc#1647	is -	igyekszem	. </s><s> Nor -	indefinite
igyekszik	doc#1647	, ezeket	igyekszem	is most a	indefinite
igyekszik	doc#1647	két dolgot	igyekszem	szem előtt	indefinite
igyekszik	doc#1647	18:48:34 </s><s>	Igyekszem	! </s><s> :) Most mit	indefinite
cselekszik	doc#1647	hasonlóan	cselekszem	! </s>	indefinite
alszik	doc#1647	ezért nem	alszom	még . </s><s> meka </s>	indefinite
igyekszik	doc#1647	<s> :( Én aznap	igyekszem	majd nem	indefinite
hazudozik	doc#1647	az állásért	hazudozom	??? </s><s> Valóban	indefinite
igyekszik	doc#1647	. </s><s>	Igyekszem	is	indefinite
igyekszik	doc#1647	. </s><s> Sőt	igyekszem	tudomására	indefinite
igyekszik	doc#1647	lányt pedig	igyekszem	leterelni a	indefinite
igyekszik	doc#1647	, csupán	igyekszem	elérni ,	indefinite
étkezik	doc#1647	HISZEN NÉHA	ÉTKEZEM	IS	indefinite
alszik	doc#1647	<s> nem	alszom	(	indefinite
törekszik	doc#1647	. </s><s> Magam	törekszem	NA	indefinite
igyekszik	doc#1647	, de	igyekszem	. pl. egész	indefinite
alszik	doc#1647	rosszul	alszom	. </s><s> :-))))))) </s>	indefinite
igyekszik	doc#1647	és	igyekszem	vizsgálat	indefinite
alszik	doc#1647	már nem	alszom	, pedig kéne	indefinite
alszik	doc#1647	<s> Nem , en nem	alszom	, egy kis	indefinite
igyekszik	doc#1647	. most	igyekszem	, hogy	indefinite
igyekszik	doc#1647	be . </s><s>	Igyekszem	javulni	indefinite
igyekszik	doc#1647	. </s><s> De hidd el	igyekszem	. </s><s> pici53 </s>	indefinite
törekszik	doc#1647	NA	törekszem	erre :) </s>	indefinite
alszik	doc#1647	NA	alszom	;-))) </s><s> FS -	indefinite
igyekszik	doc#1647	játékot """" ! </s><s>	Igyekszem	elkerülni	indefinite
igyekszik	doc#1647	Wars-t ,	igyekszem	a	indefinite
igyekszik	doc#1647	, a jövőben	igyekszem	NA	indefinite
igyekszik	doc#1648	tudatom ... </s><s>	Igyekszem	ember lenni	indefinite
igyekszik	doc#1648	 Jó	igyekszem	többet nem	indefinite
igyekszik	doc#1648	) . </s><s> De	igyekszem	NA	indefinite
igyekszik	doc#1648	<s> Csak	igyekszem	NA	indefinite
igyekszik	doc#1648	2 x 24 órából	igyekszem	2 x 72 órát	indefinite
igyekszik	doc#1648	témába vág . </s><s>	Igyekszem	általában	indefinite
igyekszik	doc#1648	ok . </s><s> De	igyekszem	, odaérek	indefinite
törekszik	doc#1648	már arra	törekszem	, hogy az	indefinite
törekszik	doc#1648	 túl , erre	törekszem	. </s><s> 06/01/99	indefinite
igyekszik	doc#1648	jeleként	igyekszem	NA	indefinite
igyekszik	doc#1648	és	igyekszem	felvenni	indefinite
igyekszik	doc#1648	meg	igyekszem	írni Neked a	indefinite
igyekszik	doc#1648	számomra ! </s><s>	Igyekszem	nem eltűnni	indefinite
igyekszik	doc#1648	magam , és	igyekszem	NA	indefinite
alszik	doc#1648	. </s><s> Ha el nem	alszom	.. </s><s> magyar	indefinite
igyekszik	doc#1648	,	igyekszem	magam	indefinite
igyekszik	doc#1648	07:32:36 </s><s>	Igyekszem	, bár Wágner	indefinite
alszik	doc#1648	? </s><s> :) Én + ma	alszom	. xpt </s>	indefinite
igyekszik	doc#1648	pofámat , és	igyekszem	kideríteni	indefinite
törekszik	doc#1648	NA	törekszem	, már csak	indefinite
igyekszik	doc#1648	üléseken	igyekszem	a	indefinite
igyekszik	doc#1648	és	igyekszem	batartani a	indefinite
igyekszik	doc#1648	,	igyekszem	nem mutatni	indefinite
igyekszik	doc#1648	valaki , de	igyekszem	elérni ,	indefinite
igyekszik	doc#1648	azért néha	igyekszem	NA	indefinite
igyekszik	doc#1648	<s> Akkor	igyekszem	NA	indefinite
igyekszik	doc#1648	. </s><s> Meg	igyekszem	szavazni is	indefinite
igyekszik	doc#1648	reggel 8-ra	igyekszem	majd . </s>	indefinite
törekszik	doc#1649	is arra	törekszem	) , nem	indefinite
igyekszik	doc#1649	<s> Pedig én	igyekszem	. </s>	indefinite
alszik	doc#1649	remekül	alszom	, de ebéd	indefinite
igyekszik	doc#1649	. </s><s> Én igazán	igyekszem	NA	indefinite
igyekszik	doc#1649	gyorsan	igyekszem	NA	indefinite
igyekszik	doc#1649	mindenhol	igyekszem	nyitott	indefinite
igyekszik	doc#1649	istenuccse	igyekszem	... :-)	indefinite
igyekszik	doc#1649	. </s><s> 24-én	igyekszem	ott lenni ,	indefinite
igyekszik	doc#1649	<s> 9-én nagyon	igyekszem	ott lenni . (	indefinite
igyekszik	doc#1649	ezentúl	igyekszem	érthetoen	indefinite
igyekszik	doc#1649	a Bibliát . </s><s>	Igyekszem	szó	indefinite
igyekszik	doc#1649	mond , de	igyekszem	NA	indefinite
alszik	doc#1649	<s> Már	alszom	. hejesen : </s>	indefinite
alszik	doc#1649	akkor , ha	alszom	. </s><s> Most akkor	indefinite
alszik	doc#1649	<s> Nem is	alszom	, csk épp	indefinite
igyekszik	doc#1649	lesz . </s><s> Azért	igyekszem	. </s><s> ( ÚGY	indefinite
igyekszik	doc#1649	. </s><s>	Igyekszem	legjobb	indefinite
törekszik	doc#1649	csak	törekszem	erre ,	indefinite
igyekszik	doc#1649	könnyü , de	igyekszem	azért	indefinite
igyekszik	doc#1649	is , de azért	igyekszem	nem itthon	indefinite
igyekszik	doc#1649	jövök , de	igyekszem	. </s><s> Bye ! </s><s> Al </s>	indefinite
igyekszik	doc#1649	,	igyekszem	megfogadni	indefinite
alszik	doc#1649	és náluk	alszom	, ne legyek	indefinite
igyekszik	doc#1649	, úgyhogy	igyekszem	mindig	indefinite
törekszik	doc#1649	arra	törekszem	, hogy	indefinite
igyekszik	doc#1649	. </s><s> No de majd	igyekszem	... </s><s> Üdv :	indefinite
igyekszik	doc#1649	ezentúl	igyekszem	mindennap	indefinite
úszik	doc#1649	, hogy	úszom	. </s><s> Angi </s><s> PS :	indefinite
igyekszik	doc#1649	<s> Macs édes ,	igyekszem	pontos	indefinite
igyekszik	doc#1649	, hogy	igyekszem	ott lenni ,	indefinite
igyekszik	doc#1649	bíztatást ,	igyekszem	! </s><s> A telefon	indefinite
igyekszik	doc#1649	majd	igyekszem	gyakrabban	indefinite
igyekszik	doc#1649	melyere	igyekszem	majd mindig	indefinite
igyekszik	doc#1649	! :)) Én	igyekszem	! </s><s> 06/01/99	indefinite
alszik	doc#1649	napja nem	alszom	, csak a	indefinite
igyekszik	doc#1649	sajnos , de	igyekszem	utánanézni	indefinite
alszik	doc#1649	) . </s><s>	Alszom	rá egyet ,	indefinite
igyekszik	doc#1649	. </s><s>	Igyekszem	az Index	indefinite
igyekszik	doc#1649	meg . </s><s>	Igyekszem	nagyon	indefinite
igyekszik	doc#1649	? </s><s> Jó ,	igyekszem	NA	indefinite
igyekszik	doc#1649	sürűjében . </s><s>	Igyekszem	sokat	indefinite
igyekszik	doc#1649	. </s><s> Egyébként	igyekszem	a strandon	indefinite
igyekszik	doc#1649	drága ,	igyekszem	on-topic	indefinite
igyekszik	doc#1650	. </s><s> De azért	igyekszem	, hogy	indefinite
alszik	doc#1650	néha otthon	alszom	) . </s><s> Pocak </s>	indefinite
igyekszik	doc#1650	akar '' ) Ezt	igyekszem	a velem	definite
igyekszik	doc#1650	. </s><s> De	igyekszem	az ötletet	definite
alszik	doc#1650	qrvára jól	alszom	éjjelente ,	indefinite
alszik	doc#1650	hogy közben	alszom	is valahol . </s>	indefinite
alszik	doc#1650	. </s><s> És remekül	alszom	TV mellett ,	indefinite
igyekszik	doc#1650	...	igyekszem	minden	indefinite
igyekszik	doc#1650	megy , pedig	igyekszem	... </s><s> Tud	indefinite
igyekszik	doc#1650	... </s><s> A rajzot	igyekszem	NA	definite
igyekszik	doc#1650	tudták . </s><s>	Igyekszem	elszánni	indefinite
igyekszik	doc#1650	van , és	igyekszem	nem	indefinite
igyekszik	doc#1650	( na de	igyekszem	, és azt	indefinite
igyekszik	doc#1650	<s> Én eszerint	igyekszem	intézni a	indefinite
igyekszik	doc#1650	Egyiptom ) . </s><s>	Igyekszem	mindent	indefinite
igyekszik	doc#1650	hajrá , én is	igyekszem	) . </s><s> Ha	indefinite
igyekszik	doc#1650	közkinccsé	igyekszem	tenni , és	indefinite
igyekszik	doc#1650	NA	igyekszem	majd	indefinite
alszik	doc#1650	. </s><s> Olyankor	alszom	. </s><s> Utoljára	indefinite
alszik	doc#1650	nehezn	alszom	el . </s><s> rezső </s>	indefinite
igyekszik	doc#1650	között , de	igyekszem	NA	indefinite
igyekszik	doc#1650	szó , ezért	igyekszem	megvédeni . </s>	indefinite
alszik	doc#1650	is rosszul	alszom	. </s><s> :-)) </s><s> HJM </s>	indefinite
igyekszik	doc#1650	állítására	igyekszem	röviden	indefinite
igyekszik	doc#1650	az hogy	igyekszem	minél	indefinite
igyekszik	doc#1650	. </s><s> Azért	igyekszem	még ma	indefinite
igyekszik	doc#1650	hálámat	igyekszem	kifejezni	indefinite
igyekszik	doc#1650	, de	igyekszem	mindent	indefinite
igyekszik	doc#1650	részéről	igyekszem	kiiktatni	indefinite
alszik	doc#1650	ettől nem	alszom	jobban vagy	indefinite
cselekszik	doc#1650	helyesen	cselekszem	-e . </s><s> Nemrég	indefinite
igyekszik	doc#1650	11:56:40 </s><s>	Igyekszem	nem	indefinite
igyekszik	doc#1650	... </s><s> Én	igyekszem	... küldj	indefinite
igyekszik	doc#1650	. </s><s>	Igyekszem	keresni , és	indefinite
igyekszik	doc#1650	van . </s><s>	Igyekszem	kipróbálni	indefinite
igyekszik	doc#1650	, majd	igyekszem	válaszolni	indefinite
alszik	doc#1650	éjszaka nem	alszom	hanem a	indefinite
igyekszik	doc#1650	,	igyekszem	nem	indefinite
igyekszik	doc#1650	<s> hc ,	igyekszem	NA	indefinite
igyekszik	doc#1650	, ezért hát	igyekszem	valamit	indefinite
alszik	doc#1650	: ma hol	alszom	? </s><s> petra </s>	indefinite
cselekszik	doc#1650	etikusan	cselekszem	, ha ezt	indefinite
igyekszik	doc#1650	. </s><s> Nem azért	igyekszem	betartani	indefinite
igyekszik	doc#1650	: """" Nem azért	igyekszem	betartani	indefinite
igyekszik	doc#1650	Én meg azért	igyekszem	betartani	indefinite
igyekszik	doc#1651	, de	igyekszem	magamban a """"	indefinite
igyekszik	doc#1651	. </s><s>	Igyekszem	ott lenni ! </s>	indefinite
igyekszik	doc#1651	. </s><s>	Igyekszem	időben	indefinite
igyekszik	doc#1651	nélkül , nem	igyekszem	NA	indefinite
igyekszik	doc#1651	, sot ! </s><s>	Igyekszem	megtenni	indefinite
alszik	doc#1651	közben	alszom	, de minek	indefinite
igyekszik	doc#1651	. </s><s> De így	igyekszem	nem el	indefinite
igyekszik	doc#1651	legalábbis	igyekszem	majd úgy	indefinite
cselekszik	doc#1651	NA	cselekszem	NA	indefinite
igyekszik	doc#1651	Veled . </s><s>	Igyekszem	is	indefinite
igyekszik	doc#1651	ki Jó , majd	igyekszem	. nem	indefinite
igyekszik	doc#1651	enyém . </s><s> Majd	igyekszem	. </s><s> Nem	indefinite
igyekszik	doc#1651	, hogy	igyekszem	bármely	indefinite
igyekszik	doc#1651	, melyektől	igyekszem	távol	indefinite
igyekszik	doc#1651	leha ,	igyekszem	utánanézni	indefinite
igyekszik	doc#1651	Pötyögök és	igyekszem	, Hogy	indefinite
igyekszik	doc#1651	. </s><s> Jöcö héten	igyekszem	a moziba ! </s>	indefinite
igyekszik	doc#1651	NA	igyekszem	a gondolat	definite
alszik	doc#1651	, es nem	alszom	, mert Smith	indefinite
igyekszik	doc#1651	úgy . </s><s> Én	igyekszem	így írni ,	indefinite
igyekszik	doc#1651	,	igyekszem	tartani	indefinite
törekszik	doc#1651	nem ennyire	törekszem	, de az egy	indefinite
alszik	doc#1651	arccal	alszom	, Kik a	indefinite
igyekszik	doc#1651	NA	igyekszem	elolvasni ,	indefinite
alszik	doc#1651	akkor	alszom	... </s><s> Fulig	indefinite
alszik	doc#1651	rosszul	alszom	, és félek ,	indefinite
alszik	doc#1651	nem is	alszom	el akkor nem	indefinite
igyekszik	doc#1651	10:59:58 </s><s>	Igyekszem	, ha már erre	indefinite
igyekszik	doc#1651	időben	igyekszem	NA	indefinite
igyekszik	doc#1651	szemmel	igyekszem	böngészni a	indefinite
igyekszik	doc#1651	jövök , de	igyekszem	odaérni . </s>	indefinite
alszik	doc#1651	nyugodtan	alszom	egy darabig	indefinite
igyekszik	doc#1651	is , hogy nem	igyekszem	Érte is	indefinite
igyekszik	doc#1651	mindig	igyekszem	kényelmes	indefinite
igyekszik	doc#1651	, de erősen	igyekszem	, és	indefinite
cselekszik	doc#1651	szerint	cselekszem	. </s><s> III. ) </s>	indefinite
igyekszik	doc#1651	arrafelé	igyekszem	, mert nem is	indefinite
igyekszik	doc#1651	van határa ,	igyekszem	azon belül	indefinite
alszik	doc#1651	otthon	alszom	a puha	indefinite
igyekszik	doc#1651	, amúgy	igyekszem	nem i-zni . </s>	indefinite
igyekszik	doc#1652	, de majd	igyekszem	:) </s><s> vikoca </s>	indefinite
alszik	doc#1652	fedélzeten	alszom	. </s><s> A	indefinite
igyekszik	doc#1652	<s> Na , majd	igyekszem	, hogy	indefinite
igyekszik	doc#1652	<s> Sajnos bar	igyekszem	NA	indefinite
alszik	doc#1652	Így nehezen	alszom	. </s><s> Becsíptem	indefinite
alszik	doc#1652	írok , ma	alszom	. zsoltu </s>	indefinite
alszik	doc#1652	, de még	alszom	egy párat a	indefinite
törekszik	doc#1652	legalábbis	törekszem	NA	indefinite
alszik	doc#1652	levő részén	alszom	. </s>	indefinite
alszik	doc#1652	6 órát	alszom	, ez nekem	indefinite
alszik	doc#1652	8-9 órát	alszom	, de soxor ez	indefinite
alszik	doc#1652	télen sokat	alszom	. </s><s> Azt hiszem	indefinite
alszik	doc#1652	sosem	alszom	ki magam . </s>	indefinite
alszik	doc#1652	rosszul	alszom	) . </s><s> Mondjuk	indefinite
alszik	doc#1652	Ádáméknál	alszom	, akkor	indefinite
alszik	doc#1652	el , én sem	alszom	ennyit . </s>	indefinite
alszik	doc#1652	és mélyen	alszom	. </s><s> Semmi nem	indefinite
alszik	doc#1652	kevesebbet	alszom	mostanában	indefinite
alszik	doc#1652	mindig	alszom	már ) .. igaz	indefinite
alszik	doc#1652	inkább	alszom	. </s><s> Ti hogy	indefinite
alszik	doc#1652	7-7 , 5 órát	alszom	átlagban ,	indefinite
alszik	doc#1652	én is többet	alszom	... tegnap	indefinite
alszik	doc#1652	már úgysem	alszom	ki magam , a	indefinite
alszik	doc#1652	8-at	alszom	, de nem	indefinite
alszik	doc#1652	baj , ha 9-et	alszom	, meg 8 és fél	indefinite
alszik	doc#1652	. </s><s> Éjfél után	alszom	el és 9 után	indefinite
alszik	doc#1652	, 11 órákat	alszom	. </s><s> creatine </s>	indefinite
alszik	doc#1652	jó , inkább	alszom	. </s>	indefinite
alszik	doc#1652	napi 8 órát	alszom	. </s><s> 9-et	indefinite
alszik	doc#1652	, már	alszom	is . </s><s> :-)	indefinite
étkezik	doc#1652	otthon	étkezem	, merthogy	indefinite
cselekszik	doc#1652	dolgot	cselekszem	és ez még	indefinite
igyekszik	doc#1652	és most	igyekszem	elküldeni	indefinite
alszik	doc#1652	most inkább	alszom	egyet . </s><s> Jó	indefinite
igyekszik	doc#1652	az ÉLETet ) ,	igyekszem	mindent	indefinite
igyekszik	doc#1652	senki ) ,	igyekszem	inkább	indefinite
igyekszik	doc#1652	, mos már	igyekszem	komoly	indefinite
igyekszik	doc#1652	is manapság	igyekszem	rájönni ... </s>	indefinite
igyekszik	doc#1652	is . </s><s> :-(	Igyekszem	NA	indefinite
igyekszik	doc#1652	. </s><s> Addig	igyekszem	nem	indefinite
törekszik	doc#1652	is a témárú : </s><s>	Törekszem	arra , hogy	indefinite
alszik	doc#1652	a híd alatt	alszom	</s><s> Kopasz </s>	indefinite
igyekszik	doc#1652	! </s><s> Nyársat	igyekszem	né , ...	indefinite
igyekszik	doc#1653	<s> Persze . </s><s>	Igyekszem	ezt	definite
étkezik	doc#1653	NA	étkezem	. </s><s> Cui	indefinite
igyekszik	doc#1653	:) Ize ,	igyekszem	... </s><s> zuzmo </s>	indefinite
igyekszik	doc#1653	Alejandro ,	igyekszem	!! </s><s> Csak	indefinite
igyekszik	doc#1653	20:34:35 </s><s>	Igyekszem	! :)) A sex	indefinite
törekszik	doc#1653	, hogy	törekszem	arra , hogy	indefinite
igyekszik	doc#1653	Linuxosok . </s><s>	Igyekszem	pozitívan	indefinite
igyekszik	doc#1653	! ) , de majd	igyekszem	a többit is	definite
igyekszik	doc#1653	legalábbis	igyekszem	a	indefinite
igyekszik	doc#1653	, de azért	igyekszem	megérteni ,	indefinite
igyekszik	doc#1653	<s> Ja , ezt én is	igyekszem	betartani ,	indefinite
cselekszik	doc#1653	normálisan	cselekszem	, mert nem	indefinite
igyekszik	doc#1653	értelmét	igyekszem	keresni ,	indefinite
igyekszik	doc#1653	:-)) , azért	igyekszem	. </s><s> Ave ,	indefinite
igyekszik	doc#1653	folyaman	igyekszem	feltenni az	indefinite
igyekszik	doc#1653	 :)) . </s><s>	Igyekszem	diétázni	indefinite
igyekszik	doc#1653	mesélni ,	igyekszem	időt	indefinite
igyekszik	doc#1653	,	igyekszem	NA	indefinite
alszik	doc#1653	jó felemen	alszom	, már	indefinite
alszik	doc#1653	a bal-on	alszom	, akkor ő	indefinite
igyekszik	doc#1653	a jövőben	igyekszem	. </s><s> Cicvarek </s>	indefinite
úszik	doc#1653	megint nem	úszom	meg , bár nem	indefinite
alszik	doc#1653	jókat	alszom	( nem is	indefinite
alszik	doc#1653	és már	alszom	is a	indefinite
alszik	doc#1653	és úgy	alszom	egy darabig	indefinite
alszik	doc#1653	és úgy	alszom	egy darabig	indefinite
igyekszik	doc#1653	fontos . </s><s> En	igyekszem	kihamozni	indefinite
igyekszik	doc#1653	, hogy majd	igyekszem	NA	indefinite
igyekszik	doc#1653	 , de	igyekszem	túltenni	indefinite
igyekszik	doc#1653	szetesett . </s><s>	Igyekszem	NA	indefinite
igyekszik	doc#1653	... de	igyekszem	jönni . </s><s> Hugi	indefinite
igyekszik	doc#1653	. </s><s>	Igyekszem	lebeszélni	indefinite
igyekszik	doc#1653	! </s><s> Köszönöm ! </s><s>	Igyekszem	jól	indefinite
igyekszik	doc#1653	ugye ? </s><s>	Igyekszem	, látod	indefinite
igyekszik	doc#1653	! </s><s>	Igyekszem	nem jól	indefinite
igyekszik	doc#1653	, de most	igyekszem	itt maradni	indefinite
alszik	doc#1653	- én	alszom	Rettenet	indefinite
igyekszik	doc#1653	erőmmel	igyekszem	azzá válni .	indefinite
törekszik	doc#1653	, de azért	törekszem	karnisból	indefinite
alszik	doc#1653	mellett	alszom	. </s><s> Már csak	indefinite
igyekszik	doc#1653	10:17:39 </s><s>	Igyekszem	NA	indefinite
igyekszik	doc#1653	reagálok . </s><s>	Igyekszem	majd	indefinite
igyekszik	doc#1653	felet erre	igyekszem	inteni . </s>	indefinite
alszik	doc#1654	keveset	alszom	, általában	indefinite
úszik	doc#1654	óta jól	úszom	,	indefinite
úszik	doc#1654	nadrágban ,	Úszom	, de nem	indefinite
alszik	doc#1654	uduloben	alszom	. </s><s> 1900 Ft , de	indefinite
igyekszik	doc#1654	. </s><s> Viszont	igyekszem	majd úgy	indefinite
igyekszik	doc#1654	NA	igyekszem	alaposan	indefinite
igyekszik	doc#1654	. </s><s> 8.	Igyekszem	felfedezni	indefinite
igyekszik	doc#1654	NA	igyekszem	magam ehhez	indefinite
igyekszik	doc#1654	<s> Amúgy pedig	igyekszem	arra	indefinite
igyekszik	doc#1654	NA	igyekszem	magam ehhez	indefinite
igyekszik	doc#1654	várni tőle . </s><s>	Igyekszem	olyan	indefinite
igyekszik	doc#1654	NA	igyekszem	csak a	indefinite
igyekszik	doc#1654	<s> Kösz . </s><s>	Igyekszem	csak akkor	indefinite
igyekszik	doc#1654	, azért	igyekszem	helytállni	indefinite
igyekszik	doc#1654	, majd	igyekszem	NA	indefinite
igyekszik	doc#1654	, úgyhogy	igyekszem	akkor	indefinite
igyekszik	doc#1654	kellett . </s><s>	Igyekszem	a többi	indefinite
igyekszik	doc#1654	,	igyekszem	! </s><s> :-) </s>	indefinite
igyekszik	doc#1654	, boccccs ,	igyekszem	... </s><s> :-) </s>	indefinite
alszik	doc#1654	hordóba ''	alszom	... a foci	indefinite
igyekszik	doc#1654	, reálisan	igyekszem	e	indefinite
alszik	doc#1654	fekszem és	alszom	. </s><s> Nagyjából	indefinite
alszik	doc#1654	mélyen	alszom	újfent	indefinite
alszik	doc#1654	NA	alszom	reggelig . </s>	indefinite
alszik	doc#1654	 . </s><s> Majd	alszom	a sírban . </s>	indefinite
alszik	doc#1654	! </s><s> """" Majd	alszom	a sírban """" -	indefinite
alszik	doc#1654	. </s><s> Én ha nem	alszom	eleget ,	indefinite
igyekszik	doc#1654	. </s><s> Én mindig	igyekszem	olyan	indefinite
igyekszik	doc#1654	erőmből , de	igyekszem	NA	indefinite
alszik	doc#1654	NA	alszom	el - minden	indefinite
igyekszik	doc#1654	. </s><s>	Igyekszem	azonos	indefinite
igyekszik	doc#1654	, pedig	igyekszem	eléggé	indefinite
igyekszik	doc#1654	nagyon	igyekszem	NA	indefinite
igyekszik	doc#1654	- nevelték . </s><s>	Igyekszem	nyomon	indefinite
igyekszik	doc#1654	vagyok , de	igyekszem	nem	indefinite
alszik	doc#1654	( ha sokat	alszom	, elofordul	indefinite
igyekszik	doc#1654	a héten	igyekszem	utánanézni	indefinite
igyekszik	doc#1654	szerint	igyekszem	NA	indefinite
igyekszik	doc#1654	engedi ,	igyekszem	válaszolni	indefinite
igyekszik	doc#1654	, akkor	igyekszem	válaszolni	indefinite
alszik	doc#1654	nagyon jól	alszom	éjjelente ! </s>	indefinite
cselekszik	doc#1654	is élek és	cselekszem	. </s><s> Ez az eszme	indefinite
törekszik	doc#1654	Hát én	törekszem	a	indefinite
igyekszik	doc#1654	<s> OFF	Igyekszem	, de csak	indefinite
baszik	doc#1654	volna ha nem	baszom	el .... </s>	indefinite
alszik	doc#1654	megyek el ,	Alszom	tovább . </s><s> Még	indefinite
igyekszik	doc#1654	valamit , és	igyekszem	nem """" alaki	indefinite
igyekszik	doc#1654	tesz és	igyekszem	, jóbb	indefinite
igyekszik	doc#1654	<<	Igyekszem	mindenkit	indefinite
igyekszik	doc#1654	de , mondom ,	igyekszem	. </s><s> >> akkor	indefinite
igyekszik	doc#1654	az én hibám ,	igyekszem	pótolni , de	indefinite
igyekszik	doc#1654	kóros ,	igyekszem	senkiét nem	indefinite
alszik	doc#1654	óra ? </s><s> Akkor	alszom	még egy	indefinite
alszik	doc#1654	esik az eső ,	alszom	még egy fél	indefinite
alszik	doc#1654	<s> Na akkor még	alszom	egy kicsit	indefinite
igyekszik	doc#1654	<s> Mostantól	igyekszem	hamarabb	indefinite
alszik	doc#1654	, hogy nem	alszom	! </s><s> Veletek ez	indefinite
alszik	doc#1654	???? </s><s> Még	alszom	egy kicsit	indefinite
alszik	doc#1654	ruhában	alszom	? </s><s> És hol	indefinite
alszik	doc#1654	is délig	alszom	ma ! </s>	indefinite
alszik	doc#1654	már tovább	alszom	. </s>	indefinite
igyekszik	doc#1654	, úgyhogy	igyekszem	kielégítő	indefinite
igyekszik	doc#1655	18:23:22 </s><s> Ha	igyekszem	... </s><s> Hacsek </s>	indefinite
alszik	doc#1655	altatóval	alszom	el . </s><s> Hacsek </s>	indefinite
igyekszik	doc#1655	. </s><s> Pedig	igyekszem	, kedves	indefinite
igyekszik	doc#1655	NA	igyekszem	NA	indefinite
igyekszik	doc#1655	visszafelé	igyekszem	a zsebeimet	definite
tojik	doc#1655	, amiben én	tojom	össze magam	indefinite
tojik	doc#1655	naponta	tojom	össze magam	indefinite
alszik	doc#1655	óta nem	alszom	rendesen . </s>	indefinite
alszik	doc#1655	a kukás , de	alszom	tovább . </s>	indefinite
alszik	doc#1655	akkor nem	alszom	, ha	indefinite
alszik	doc#1655	jól	alszom	csak az	indefinite
igyekszik	doc#1655	NA	igyekszem	NA	indefinite
alszik	doc#1655	, mert en	alszom	a csillagos	indefinite
igyekszik	doc#1655	felvettél . </s><s>	Igyekszem	... :)))	indefinite
alszik	doc#1655	, most	alszom	egy keveset	indefinite
igyekszik	doc#1655	, vagyis	igyekszem	:))) Ha	indefinite
igyekszik	doc#1655	<s> Kösz pint ! </s><s>	Igyekszem	! </s><s> ;-) </s><s> DomiG </s>	indefinite
igyekszik	doc#1655	NA	igyekszem	reálisan	indefinite
igyekszik	doc#1655	volt . </s><s> Azóta	igyekszem	az	indefinite
igyekszik	doc#1655	, egyébként	igyekszem	helyesen	indefinite
igyekszik	doc#1655	a moziba is	igyekszem	hamar	indefinite
alszik	doc#1655	vissza	alszom	, elég	indefinite
alszik	doc#1655	, hogy	alszom	és azt	indefinite
igyekszik	doc#1655	lenni , de	igyekszem	munkámmal	indefinite
alszik	doc#1655	, cipőben	alszom	, amúgy	indefinite
alszik	doc#1655	én ma már nem	alszom	, ezt akarod	indefinite
igyekszik	doc#1655	hiszem , és	igyekszem	NA	indefinite
igyekszik	doc#1655	kacatokban	igyekszem	NA	indefinite
igyekszik	doc#1655	, ha lehet . </s><s>	Igyekszem	magamnak	indefinite
igyekszik	doc#1655	? </s><s> Na ezért is	igyekszem	kordában	indefinite
törekszik	doc#1655	tudatosan	törekszem	arra , hogy a	indefinite
igyekszik	doc#1655	<s> Képzeld ,	igyekszem	figyelni . </s>	indefinite
igyekszik	doc#1655	, Koszonom .	igyekszem	:)) Csak nem	indefinite
igyekszik	doc#1655	NA	igyekszem	NA	indefinite
alszik	doc#1655	füldugóval	alszom	! </s><s> :))) </s>	indefinite
igyekszik	doc#1655	után ,	igyekszem	mindent	indefinite
igyekszik	doc#1655	<s> OFF Én	igyekszem	kirakni	indefinite
igyekszik	doc#1655	hetvennel	igyekszem	... ) </s><s> Kami </s>	indefinite
igyekszik	doc#1655	rajottem ,	igyekszem	masokkal is	indefinite
igyekszik	doc#1655	NA	igyekszem	az energia	indefinite
igyekszik	doc#1655	, csupán	igyekszem	NA	indefinite
igyekszik	doc#1655	15:30:38 </s><s>	Igyekszem	ritkán	indefinite
igyekszik	doc#1655	, bár én	igyekszem	olyan	indefinite
igyekszik	doc#1655	után	igyekszem	NA	indefinite
igyekszik	doc#1655	! </s><s> :( De azért	igyekszem	. </s><s> Friss	indefinite
igyekszik	doc#1656	. </s><s> Azért	igyekszem	ezt nem	definite
igyekszik	doc#1656	megvan ... </s><s>	Igyekszem	nem	indefinite
igyekszik	doc#1656	akarok , de	igyekszem	NA	indefinite
igyekszik	doc#1656	. </s><s> Azon	igyekszem	, hogy erről	indefinite
adakozik	doc#1656	. </s><s> Kérdezed :	adakozom	-e az	indefinite
cselekszik	doc#1656	NA	cselekszem	. </s><s> De vannak	indefinite
igyekszik	doc#1656	többet . </s><s>	Igyekszem	majd én is	indefinite
igyekszik	doc#1656	. </s><s> És ezért	igyekszem	annyira ,	indefinite
igyekszik	doc#1656	is érvekkel	igyekszem	NA	indefinite
igyekszik	doc#1656	igazad van . </s><s>	Igyekszem	toleráns	indefinite
igyekszik	doc#1656	, bírom . </s><s>	Igyekszem	megérteni	indefinite
igyekszik	doc#1656	Ő nagyon jó -	igyekszem	NA	indefinite
igyekszik	doc#1656	! </s><s> Lásd ,	igyekszem	kitölteni	indefinite
igyekszik	doc#1656	azért majd	igyekszem	! </s><s> ParázsLó </s>	indefinite
igyekszik	doc#1656	a Bibliához	igyekszem	igazítani ,	indefinite
igyekszik	doc#1656	, hogy	igyekszem	kideríteni	indefinite
alszik	doc#1656	, hogy ott	alszom	... </s><s> :o))) </s>	indefinite
alszik	doc#1656	, vagy ott	alszom	. </s><s> zuzmo </s>	indefinite
igyekszik	doc#1656	üzenetét ,	igyekszem	tanulni	indefinite
alszik	doc#1656	tudom , mert	alszom	... </s><s> :)	indefinite
alszik	doc#1656	rokonoknál	alszom	előző	indefinite
igyekszik	doc#1656	tudásom , de	igyekszem	pótolni és	indefinite
igyekszik	doc#1656	és nagyon	igyekszem	elkerülni ,	indefinite
úszik	doc#1656	, de pl. ha	úszom	egyet a	indefinite
alszik	doc#1656	nagyon jól	alszom	... </s><s> No	indefinite
igyekszik	doc#1656	megvoltak . </s><s>	Igyekszem	megkeresni	indefinite
igyekszik	doc#1656	. </s><s> Általában	igyekszem	kimenteni	indefinite
igyekszik	doc#1656	. </s><s> Most	igyekszem	behozni a	indefinite
igyekszik	doc#1656	vagyok , de	igyekszem	. </s><s> Amióta nem	indefinite
igyekszik	doc#1656	, sajnos )	igyekszem	megnézni a	indefinite
igyekszik	doc#1656	! </s><s>	Igyekszem	nem	indefinite
alszik	doc#1656	meztelenül	alszom	, hogyhogy	indefinite
igyekszik	doc#1656	, a forrást	igyekszem	megtalálni	indefinite
igyekszik	doc#1656	illeti :	igyekszem	majd	indefinite
igyekszik	doc#1657	, ezért	igyekszem	most nagyon	indefinite
igyekszik	doc#1657	mindig	igyekszem	takarva	indefinite
igyekszik	doc#1657	vagyok ,	igyekszem	mindent	indefinite
igyekszik	doc#1657	legalábbis	igyekszem	teljesen	indefinite
igyekszik	doc#1657	<s> ok ,	igyekszem	, majd	indefinite
igyekszik	doc#1657	létedet , és	igyekszem	válaszolni	indefinite
törekszik	doc#1657	. </s><s> Hidd el ,	törekszem	arra , hogy	indefinite
igyekszik	doc#1657	, nem	igyekszem	a saját és	definite
igyekszik	doc#1657	Dabra ! </s><s>	Igyekszem	( ! ) olyan	indefinite
igyekszik	doc#1657	hölgyeket	igyekszem	válogatni ,	indefinite
igyekszik	doc#1657	tanácsot . </s><s>	Igyekszem	én óvatos	indefinite
igyekszik	doc#1657	. </s><s> És	igyekszem	mihamarább	indefinite
igyekszik	doc#1657	vagyok ,	igyekszem	NA	indefinite
igyekszik	doc#1657	pedig	igyekszem	NA	indefinite
igyekszik	doc#1657	, de	igyekszem	NA	indefinite
törekszik	doc#1657	:-) Azért	törekszem	rá . </s><s> Újabban	indefinite
igyekszik	doc#1657	, ezért	igyekszem	erősíteni	indefinite
igyekszik	doc#1657	, egyébként	igyekszem	akkor enni ,	indefinite
igyekszik	doc#1657	NA	igyekszem	kicsit	indefinite
alszik	doc#1657	egyedül	alszom	, ha csak	indefinite
alszik	doc#1657	már ma is rég	alszom	. </s><s> ( Terveim	indefinite
igyekszik	doc#1657	! </s><s> Holnap	igyekszem	eljutni a	indefinite
igyekszik	doc#1657	. </s><s>	Igyekszem	...... </s>	indefinite
igyekszik	doc#1657	. </s><s> azota	igyekszem	az erzelmi	indefinite
igyekszik	doc#1657	én megyek . </s><s>	Igyekszem	. ) </s><s> Lappa </s>	indefinite
igyekszik	doc#1657	én is nagyon	igyekszem	. </s><s> Persze nem	indefinite
alszik	doc#1657	úgyis nálad	alszom	 , "" ha	indefinite
igyekszik	doc#1657	... </s><s> Majd	igyekszem	NA	indefinite
igyekszik	doc#1657	vagyok rá ,	igyekszem	egy	indefinite
igyekszik	doc#1657	. </s><s> Azért	igyekszem	, de előre is	indefinite
igyekszik	doc#1657	. </s><s> Én ehhez	igyekszem	is tartani	indefinite
alszik	doc#1657	egyedül	alszom	. </s><s> Jaj ,	indefinite
alszik	doc#1657	álmos ! </s><s>	Alszom	a gép előtt ! </s>	indefinite
alszik	doc#1657	3. otthon	alszom	az ágyamban	indefinite
igyekszik	doc#1657	magam ,	igyekszem	NA	indefinite
igyekszik	doc#1657	, de	igyekszem	sokszor	indefinite
igyekszik	doc#1657	! </s><s> De	igyekszem	! </s><s> Szia	indefinite
igyekszik	doc#1657	napokat . </s><s>	Igyekszem	jó korán	indefinite
igyekszik	doc#1657	NA	igyekszem	moderálni a	indefinite
igyekszik	doc#1657	! </s><s> De	igyekszem	! </s><s> Azért nem	indefinite
igyekszik	doc#1657	lesz , de	igyekszem	minden	indefinite
igyekszik	doc#1657	is	igyekszem	, nem tudtam	indefinite
igyekszik	doc#1657	back , addig	igyekszem	megérteni ,	indefinite
törekszik	doc#1657	, de	törekszem	ara , hogy	indefinite
igyekszik	doc#1658	hogy nagyon	igyekszem	az elég ? </s>	indefinite
alszik	doc#1658	hogy ma lent	alszom	a nagy büdös	indefinite
alszik	doc#1658	délelőtt	alszom	. </s><s> Karcsu </s>	indefinite
igyekszik	doc#1658	az otthonit	igyekszem	NA	definite
igyekszik	doc#1658	<s> Majd	igyekszem	- csak	indefinite
igyekszik	doc#1658	forgatva	igyekszem	odatalálni	indefinite
igyekszik	doc#1658	,	igyekszem	szimatolni	indefinite
igyekszik	doc#1658	, és	igyekszem	segíteni őt	indefinite
úszik	doc#1658	, szóval nem	úszom	meg a dolgot	indefinite
igyekszik	doc#1658	. </s><s> Majd	igyekszem	beszerezni	indefinite
igyekszik	doc#1658	mindig erre	igyekszem	gondolni . </s>	indefinite
igyekszik	doc#1658	egy kicsit	igyekszem	a	indefinite
igyekszik	doc#1658	én	igyekszem	nem	indefinite
alszik	doc#1658	<s> Gondoltam ,	alszom	rá egyet ,	indefinite
alszik	doc#1658	<s> :)) Nem	alszom	, inkább	indefinite
igyekszik	doc#1658	, pedig	igyekszem	. </s><s> 3. lemond a	indefinite
igyekszik	doc#1658	és	igyekszem	a lehető	indefinite
igyekszik	doc#1658	. </s><s> Az OK-t	igyekszem	csak 1x	indefinite
igyekszik	doc#1658	, és	igyekszem	NA	indefinite
alszik	doc#1658	oranal nem	alszom	többet	indefinite
bogarászik	doc#1658	. </s><s>	Bogarászom	majd . </s><s> A	indefinite
igyekszik	doc#1658	: majd	igyekszem	NA	indefinite
igyekszik	doc#1658	nekem és	igyekszem	minden	indefinite
igyekszik	doc#1658	topic .	igyekszem	képben	indefinite
igyekszik	doc#1658	útra ,	igyekszem	legalább	indefinite
alszik	doc#1658	sötétben	alszom	, úgyhogy	indefinite
igyekszik	doc#1658	jó .... </s><s> Én is	igyekszem	mindig jó	indefinite
igyekszik	doc#1658	meg	igyekszem	én	indefinite
igyekszik	doc#1658	és mit nem ,	igyekszem	NA	indefinite
igyekszik	doc#1658	én is erről	igyekszem	beszélni	indefinite
alszik	doc#1658	NA	alszom	, és nem kell	indefinite
igyekszik	doc#1658	, hogy	igyekszem	tőlem	indefinite
igyekszik	doc#1659	:) , de azért	igyekszem	legalább én	indefinite
alszik	doc#1659	után Én már	alszom	is . </s><s> Reggel	indefinite
igyekszik	doc#1659	! </s><s> Köszönöm ,	igyekszem	türelmes	indefinite
igyekszik	doc#1659	rosszat	igyekszem	neki	indefinite
igyekszik	doc#1659	meg	igyekszem	liberális	indefinite
igyekszik	doc#1659	nappal ,	igyekszem	mindig a	indefinite
igyekszik	doc#1659	mindenben	igyekszem	a kedvére	indefinite
igyekszik	doc#1659	lennék , de	igyekszem	objektív	indefinite
alszik	doc#1659	már itt-ott	alszom	... </s><s> Sóval	indefinite
igyekszik	doc#1659	. </s><s>	Igyekszem	jopofizni	indefinite
úszik	doc#1659	hittem nem	úszom	meg	indefinite
igyekszik	doc#1659	egy kicsit	igyekszem	feltünővé	indefinite
igyekszik	doc#1659	270 Kbyte ) . </s><s>	Igyekszem	NA	indefinite
igyekszik	doc#1659	. </s><s> Én sem , de	igyekszem	. </s><s> vbali </s>	indefinite
igyekszik	doc#1659	ha én	igyekszem	világosan ,	indefinite
igyekszik	doc#1659	rendicsek ,	igyekszem	, de ha bármi	indefinite
igyekszik	doc#1659	NA	igyekszem	elmenni a	indefinite
igyekszik	doc#1659	kések , de	igyekszem	! </s>	indefinite
úszik	doc#1659	csak	úszom	, csak úszom	indefinite
úszik	doc#1659	úszom , csak	úszom	, és nem	indefinite
igyekszik	doc#1659	15:54:45 </s><s>	Igyekszem	oda	indefinite
igyekszik	doc#1659	, jövőhéten	igyekszem	ott lenni . </s>	indefinite
igyekszik	doc#1659	úr , nyolcra	igyekszem	a pulthoz	indefinite
igyekszik	doc#1659	megy , de én	igyekszem	személyes	indefinite
törekszik	doc#1659	, és nem is	törekszem	arra , hogy	indefinite
alszik	doc#1659	is , ha el nem	alszom	... </s><s> :-o oooo </s>	indefinite
igyekszik	doc#1659	NA	igyekszem	belépni , az	indefinite
alszik	doc#1659	. </s><s> - Én még	alszom	egy sort - s	indefinite
alszik	doc#1659	, járok és	alszom	. </s><s> Akkor	indefinite
igyekszik	doc#1659	magamat	igyekszem	arannyá	indefinite
igyekszik	doc#1659	aug. 15 ? </s><s>	Igyekszem	, jól van na ! </s>	indefinite
igyekszik	doc#1659	NA	igyekszem	NA	indefinite
igyekszik	doc#1659	topicot , de	igyekszem	. </s><s> Lajos	indefinite
igyekszik	doc#1659	mail-t , s	igyekszem	válaszolni	indefinite
alszik	doc#1659	, nyugodtan	alszom	. </s><s> Avar </s>	indefinite
igyekszik	doc#1659	Sunrise ! </s><s>	Igyekszem	. </s><s> Nem	indefinite
igyekszik	doc#1659	, majd	igyekszem	a géphez	indefinite
igyekszik	doc#1659	, de	igyekszem	majd állni a	indefinite
törekszik	doc#1659	. </s><s> Nem	törekszem	NA	indefinite
igyekszik	doc#1659	-e , ezért	igyekszem	Istenhez	indefinite
igyekszik	doc#1659	<s> Köszi Hory ! </s><s>	Igyekszem	... </s><s> Warnet	indefinite
igyekszik	doc#1659	19:43:37 </s><s>	Igyekszem	ott lenni ! </s>	indefinite
igyekszik	doc#1659	, csak	igyekszem	világosan	indefinite
cselekszik	doc#1659	ha én úgy	cselekszem	másokkal	indefinite
igyekszik	doc#1659	nem utálom ,	igyekszem	játéknak	indefinite
igyekszik	doc#1659	, és	igyekszem	NA	indefinite
alszik	doc#1659	mosollyal	alszom	kilencig . </s>	indefinite
alszik	doc#1659	tovább	alszom	, és ezért	indefinite
igyekszik	doc#1659	, de ezen	igyekszem	javítani . </s>	indefinite
igyekszik	doc#1659	, de majd	igyekszem	minden	indefinite
igyekszik	doc#1659	finoman	igyekszem	NA	indefinite
igyekszik	doc#1659	, de	igyekszem	. </s><s> EGYETLEN	indefinite
igyekszik	doc#1659	mindenből	igyekszem	tanulni . </s>	indefinite
igyekszik	doc#1659	, de	igyekszem	elérni azt . </s>	indefinite
igyekszik	doc#1660	sejtek és	igyekszem	alaposan	indefinite
igyekszik	doc#1660	NA	igyekszem	ezt az	definite
igyekszik	doc#1660	. </s><s> Végül : én	igyekszem	NA	indefinite
alszik	doc#1660	felében	alszom	, akkor nem	indefinite
alszik	doc#1660	, akkor nem	alszom	( mostanság	indefinite
alszik	doc#1660	nyugodtan	alszom	a nyitott	indefinite
igyekszik	doc#1660	2pac ! </s><s>	Igyekszem	párhuzamos	indefinite
igyekszik	doc#1660	<s> GPF	Igyekszem	nem	indefinite
úszik	doc#1660	már én sem	úszom	meg a	indefinite
alszik	doc#1660	, én	alszom	egy jót </s><s> jó	indefinite
igyekszik	doc#1660	, Cc ,	Igyekszem	majd	indefinite
igyekszik	doc#1660	! </s><s> Inkább	igyekszem	minden	indefinite
igyekszik	doc#1660	10:33:35 </s><s>	Igyekszem	, amikor	indefinite
igyekszik	doc#1660	, akkor	igyekszem	azzal	indefinite
cselekszik	doc#1660	NA	cselekszem	azt . </s><s> És jó ,	definite
igyekszik	doc#1660	lehetséges	igyekszem	egész	indefinite
igyekszik	doc#1660	<s> Én ugyan	igyekszem	szerénynek	indefinite
alszik	doc#1660	kevesebbet	alszom	, utána	indefinite
igyekszik	doc#1660	én bizony	igyekszem	NA	indefinite
igyekszik	doc#1660	. ( majd	igyekszem	szépen	indefinite
igyekszik	doc#1660	,	igyekszem	óvatos	indefinite
igyekszik	doc#1660	,	igyekszem	ott	indefinite
igyekszik	doc#1660	, gargoyle ! </s><s>	Igyekszem	majd	indefinite
igyekszik	doc#1660	<s> Jó reggelt . </s><s>	Igyekszem	ma több időt	indefinite
alszik	doc#1660	, majd ma	alszom	este . </s><s> Látta	indefinite
igyekszik	doc#1660	de a képeket	igyekszem	a mostani	definite
alszik	doc#1660	eldőlök ,	alszom	reggelig . </s>	indefinite
igyekszik	doc#1660	<s> Buksika	igyekszem	. </s><s> Általános	indefinite
igyekszik	doc#1660	is . </s><s> Már	igyekszem	jó	indefinite
alszik	doc#1660	max 6 órákat	alszom	, mert vagy	indefinite
igyekszik	doc#1660	és	igyekszem	is ellene	indefinite
igyekszik	doc#1660	mondani , de	igyekszem	figyelni	indefinite
igyekszik	doc#1660	! </s><s> Különben	igyekszem	majd	indefinite
igyekszik	doc#1660	csendben	igyekszem	lenni . </s><s> Mf </s>	indefinite
igyekszik	doc#1660	pihit , en me	igyekszem	NA	indefinite
igyekszik	doc#1660	meghívást ,	igyekszem	, de sajna	indefinite
igyekszik	doc#1660	. </s><s> Azért	igyekszem	úgy	indefinite
alszik	doc#1660	Mf ! </s><s> Még nem	alszom	, egy ágyban	indefinite
alszik	doc#1660	jusztse	alszom	. </s><s> Tea , tej ,	indefinite
alszik	doc#1660	BKG ! </s><s> Én már	alszom	... </s><s> ShaReRe	indefinite
igyekszik	doc#1660	X.0 -ra en is	igyekszem	, de ez igy	indefinite
igyekszik	doc#1660	, azt	igyekszem	begyűjteni	definite
igyekszik	doc#1660	, és én majd	igyekszem	, hogy jobb	indefinite
adakozik	doc#1660	számára	adakozom	. </s><s> Nem akarom	indefinite
alszik	doc#1660	kelek . </s><s> Ott	alszom	a füves	indefinite
törekszik	doc#1660	NA	törekszem	) Ahogy	indefinite
igyekszik	doc#1660	van ,	igyekszem	befejezni . </s>	indefinite
igyekszik	doc#1660	, de	igyekszem	. </s><s> Ja ,	indefinite
törekszik	doc#1660	. </s><s>	Törekszem	arra , hogy	indefinite
igyekszik	doc#1660	nagyon	igyekszem	ezt tenni . </s>	definite
igyekszik	doc#1660	tenni . </s><s> És	igyekszem	gyorsan	indefinite
igyekszik	doc#1660	félek , mert	igyekszem	NA	indefinite
cselekszik	doc#1660	ha	cselekszem	, ne azért	indefinite
igyekszik	doc#1660	Ducklin ! </s><s>	Igyekszem	... </s><s> :) </s>	indefinite
cselekszik	doc#1660	. </s><s> Ha jól	cselekszem	,	indefinite
igyekszik	doc#1660	amilyen . </s><s>	Igyekszem	a különféle	indefinite
törekszik	doc#1660	. </s><s> Én arra	törekszem	, hogy Big ne	indefinite
törekszik	doc#1660	. </s><s> Én arra	törekszem	, hogy Big ne	indefinite
igyekszik	doc#1660	azzal , hogy	igyekszem	alkalmazni	indefinite
igyekszik	doc#1660	, de	igyekszem	! </s><s> Azért	indefinite
alszik	doc#1660	szemben . </s><s>	Alszom	rá	indefinite
igyekszik	doc#1660	a dühöt : (	igyekszem	NA	indefinite
igyekszik	doc#1661	20:26:31 </s><s>	Igyekszem	mindenre	indefinite
alszik	doc#1661	adjak . </s><s> Így	alszom	el . </s><s> Te jössz	indefinite
igyekszik	doc#1661	 stb. </s><s> Na de	igyekszem	ezentúl	indefinite
igyekszik	doc#1661	kérdésedre	igyekszem	válaszolni	indefinite
igyekszik	doc#1661	be - erre még	igyekszem	később	indefinite
igyekszik	doc#1661	más . </s><s> De	igyekszem	minden	indefinite
igyekszik	doc#1661	. </s><s> Ezért most	igyekszem	minden	indefinite
cselekszik	doc#1661	, hogy mit	cselekszem	, kevésbé	definite
igyekszik	doc#1661	ember , nem ? </s><s>	Igyekszem	igazságos	indefinite
igyekszik	doc#1661	ha szent . </s><s> Én	igyekszem	lehámozni a	indefinite
igyekszik	doc#1661	nem igaz . </s><s>	Igyekszem	rá nem	indefinite
igyekszik	doc#1661	maradnom . </s><s>	Igyekszem	 kikeverni	indefinite
cselekszik	doc#1661	én eszerint	cselekszem	) . </s><s> Én azt	indefinite
igyekszik	doc#1661	ellenére	igyekszem	nem	indefinite
igyekszik	doc#1661	inni ,	igyekszem	NA	indefinite
igyekszik	doc#1661	:o))) </s><s>	Igyekszem	maradni	indefinite
igyekszik	doc#1661	félre . </s><s>	Igyekszem	figyelni ,	indefinite
igyekszik	doc#1661	vagyok ( bár	igyekszem	ezeken	indefinite
igyekszik	doc#1661	bűneimtől	igyekszem	NA	indefinite
igyekszik	doc#1661	recepteket	igyekszem	a már	indefinite
igyekszik	doc#1661	, és	igyekszem	a	indefinite
igyekszik	doc#1661	, de nagyon	igyekszem	. </s><s> Bigiboj ,	indefinite
igyekszik	doc#1661	. </s><s> De	igyekszem	bringázni	indefinite
igyekszik	doc#1661	tartani . </s><s>	Igyekszem	mindet	indefinite
alszik	doc#1661	a gálya után	alszom	is egy	indefinite
igyekszik	doc#1661	netezni . </s><s>	Igyekszem	NA	indefinite
igyekszik	doc#1661	, de	igyekszem	igérem ! on </s><s> Á	indefinite
igyekszik	doc#1661	, mint én is	igyekszem	lenni . </s>	indefinite
igyekszik	doc#1661	védenem . </s><s>	Igyekszem	élelmedett	indefinite
igyekszik	doc#1661	azon	igyekszem	, minél	indefinite
igyekszik	doc#1661	. ) </s><s> Megyek ,	igyekszem	buddhává	indefinite
alszik	doc#1661	. </s><s> Asszem	alszom	rája egyet ,	indefinite
alszik	doc#1661	, meg felig	alszom	es ittazősz	indefinite
igyekszik	doc#1661	... , de	igyekszem	, mint	indefinite
igyekszik	doc#1661	, és	igyekszem	megragadni	indefinite
igyekszik	doc#1661	... </s><s>	Igyekszem	lemenni , és	indefinite
igyekszik	doc#1661	, de	igyekszem	. </s><s> És akkor	indefinite
igyekszik	doc#1661	14:54:35 </s><s>	Igyekszem	ott lenni ,	indefinite
alszik	doc#1662	, ha el nem	alszom	! </s><s> Azt hiszem	indefinite
igyekszik	doc#1662	meglesni """" ,	igyekszem	nem Rád	indefinite
igyekszik	doc#1662	, </s><s> magam is	igyekszem	levetkőzni	indefinite
alszik	doc#1662	,	alszom	... </s><s> A pénzt	indefinite
igyekszik	doc#1662	. </s><s> Altalaban	igyekszem	NA	indefinite
igyekszik	doc#1662	, ha igen	igyekszem	összegezni	indefinite
igyekszik	doc#1662	sok , de majd	igyekszem	! </s><s> Zmac </s>	indefinite
igyekszik	doc#1662	tagadom ,	igyekszem	minél	indefinite
igyekszik	doc#1662	NA	igyekszem	válaszolni	indefinite
igyekszik	doc#1662	, a jövőben	igyekszem	nem	indefinite
törekszik	doc#1662	. </s><s> Erre	törekszem	. </s><s> Írod : """"	indefinite
igyekszik	doc#1662	gyermekét	igyekszem	szeretni	indefinite
igyekszik	doc#1662	fog ,	igyekszem	. </s><s> Nem a	indefinite
igyekszik	doc#1662	Istent ,	igyekszem	megismerni	indefinite
igyekszik	doc#1662	követni	igyekszem	azt , amit Ő	definite
igyekszik	doc#1662	<s> Veled többé	igyekszem	nem tenni . </s>	indefinite
igyekszik	doc#1662	sem , hanem	igyekszem	NA	indefinite
igyekszik	doc#1662	az Egységet	igyekszem	megragadni	definite
igyekszik	doc#1662	apróság , én	igyekszem	megadni a	indefinite
igyekszik	doc#1662	én ezt	igyekszem	követni , de	definite
igyekszik	doc#1662	. </s><s> Azért	igyekszem	az eddig	indefinite
igyekszik	doc#1662	csodálva	igyekszem	valami	indefinite
alszik	doc#1662	0 perckor	alszom	el </s><s> hirvike </s>	indefinite
igyekszik	doc#1662	, és	igyekszem	legkevésbé	indefinite
alszik	doc#1662	alá és	alszom	1-et ....	indefinite
alszik	doc#1662	, hogy addig	alszom	, ameddig	indefinite
igyekszik	doc#1662	folyamán ,	igyekszem	NA	indefinite
alszik	doc#1662	NA	alszom	, bármikor	indefinite
alszik	doc#1662	<s> Hetekig nem	alszom	jól , ha	indefinite
igyekszik	doc#1662	, úgyhogy	igyekszem	szétnézni	indefinite
törekszik	doc#1662	áthágására	törekszem	, akkor	indefinite
törekszik	doc#1662	elvételére	törekszem	, és mint	indefinite
alszik	doc#1662	. </s><s> Mondom ,	alszom	kávé után is	indefinite
alszik	doc#1662	még	alszom	. </s><s> :) </s><s> GLászló </s>	indefinite
igyekszik	doc#1662	sem . </s><s>	Igyekszem	objektív	indefinite
alszik	doc#1662	szemmel	alszom	az órákon . </s>	indefinite
alszik	doc#1662	talán	alszom	egy kicsit	indefinite
baszik	doc#1662	<s> Itt vagyok ,	baszom	a buratokat	definite
igyekszik	doc#1662	,	igyekszem	építgetni ,	indefinite
igyekszik	doc#1662	NA	igyekszem	megnézni . </s>	indefinite
igyekszik	doc#1662	Gt ugyben	igyekszem	reagalni	indefinite
igyekszik	doc#1662	felére	igyekszem	majd szert	indefinite
igyekszik	doc#1662	szabályait	igyekszem	betartani )	indefinite
úszik	doc#1662	, hogy nem	úszom	meg ( lásd :	indefinite
törekszik	doc#1662	görcsösen	törekszem	. </s><s> :-)) S mi az	indefinite
alszik	doc#1662	ota alig	alszom	, ugy jár	indefinite
alszik	doc#1662	maga a srác ? </s><s>	Alszom	rá még egy	indefinite
alszik	doc#1662	, miért nem	alszom	? </s><s> OK ,	indefinite
alszik	doc#1662	megint alig	alszom	miattatok . </s>	indefinite
cselekszik	doc#1662	, helyesen	cselekszem	és most , jaj	indefinite
igyekszik	doc#1662	tesz és	igyekszem	fejlődni . </s><s> A	indefinite
alszik	doc#1662	nagyon soká	alszom	el , sokat	indefinite
igyekszik	doc#1662	, és mindig	igyekszem	megtalálni	indefinite
igyekszik	doc#1662	szó , hogy	igyekszem	látni is . </s><s> De	indefinite
igyekszik	doc#1662	NA	igyekszem	megnézni	indefinite
igyekszik	doc#1662	<s> Azért , mert	igyekszem	aszerint	indefinite
igyekszik	doc#1663	és ezért is	igyekszem	NA	indefinite
cselekszik	doc#1663	helyesen	cselekszem	. </s><s> Amikor	indefinite
igyekszik	doc#1663	 ,	igyekszem	én sem	indefinite
alszik	doc#1663	részéről	alszom	. </s><s> Hosszú	indefinite
alszik	doc#1663	, ahol én	alszom	ott alvás	indefinite
törekszik	doc#1663	ezentúl	törekszem	arra , hogy a	indefinite
igyekszik	doc#1663	címét . </s><s>	Igyekszem	majd	indefinite
alszik	doc#1663	dolgozom ,	alszom	, dolgozom ,	indefinite
alszik	doc#1663	, dolgozom ,	alszom	... </s><s> Kéretik	indefinite
alszik	doc#1663	Világ végén	alszom	, Ne	indefinite
hazudozik	doc#1663	nyomon	hazudozom	( és úgy	indefinite
alszik	doc#1663	jobban	alszom	? </s><s> Háááát .. </s><s> X	indefinite
igyekszik	doc#1663	először	igyekszem	megismerni	indefinite
igyekszik	doc#1663	riasztó . </s><s> Én	igyekszem	összhangot	indefinite
adakozik	doc#1663	, amit én	adakozom	. </s><s> Az	indefinite
igyekszik	doc#1663	ok miatt	igyekszem	rövid lenni	indefinite
alszik	doc#1663	, ha nem	alszom	el . </s><s> Azt	indefinite
igyekszik	doc#1663	cimet és	igyekszem	minden	indefinite
törekszik	doc#1663	, de nem	törekszem	nap mint nap	indefinite
törekszik	doc#1663	tényleg	törekszem	az Úr felé ,	indefinite
alszik	doc#1663	én már	alszom	, úgyhogy	indefinite
igyekszik	doc#1663	mindig	igyekszem	név szerint	indefinite
igyekszik	doc#1663	írok akkor	igyekszem	tárgyszerű	indefinite
igyekszik	doc#1663	akarod . </s><s>	Igyekszem	megnézni ,	indefinite
alszik	doc#1663	óta nem	alszom	, annyit	indefinite
igyekszik	doc#1663	, de	igyekszem	ott is	indefinite
igyekszik	doc#1663	NA	igyekszem	NA	indefinite
alszik	doc#1663	, ne-ne-nem	alszom	, rólad	indefinite
igyekszik	doc#1663	. </s><s> De majd	igyekszem	zavarba	indefinite
igyekszik	doc#1663	, annyira	igyekszem	én is hol	indefinite
alszik	doc#1663	álmát	alszom	. </s><s> Igazság	definite
igyekszik	doc#1663	felé . </s><s>	Igyekszem	majd	indefinite
alszik	doc#1663	. </s><s> Nehezen is	alszom	tőlük . </s><s> Eli </s>	indefinite
igyekszik	doc#1663	! </s><s> Elnézést ,	igyekszem	figyelni	indefinite
alszik	doc#1663	keveset	alszom	, ezért	indefinite
igyekszik	doc#1663	akkor is	igyekszem	pontosan és	indefinite
igyekszik	doc#1663	menetét , és	igyekszem	életté	indefinite
igyekszik	doc#1663	havazva . </s><s>	Igyekszem	NA	indefinite
igyekszik	doc#1663	magam is	igyekszem	NA	indefinite
igyekszik	doc#1663	hallottam ,	igyekszem	életemet	indefinite
igyekszik	doc#1663	<s> Nos ,	igyekszem	rovid lenni	indefinite
igyekszik	doc#1663	igazad van	igyekszem	okosabb	indefinite
igyekszik	doc#1663	szóban , azt	igyekszem	is annyiban	definite
alszik	doc#1663	<s> Maj mingyá	alszom	. </s><s> W pedig	indefinite
alszik	doc#1664	napja nem	alszom	és csak a	indefinite
igyekszik	doc#1664	mindent ! </s><s>	Igyekszem	ezentúl ,	indefinite
igyekszik	doc#1664	. </s><s>	Igyekszem	fejben	indefinite
igyekszik	doc#1664	semmire és	igyekszem	azt hinni ,	definite
igyekszik	doc#1664	el a kezem . </s><s>	Igyekszem	majd nem így	indefinite
alszik	doc#1664	( Érdemes ? ) </s><s>	Alszom	is , te drága	indefinite
alszik	doc#1664	. </s><s> Vele	alszom	el és vele	indefinite
alszik	doc#1664	Chénier </s><s>	ALSZOM	S SZÍVEM	indefinite
igyekszik	doc#1664	nagyon	igyekszem	, hogy	indefinite
igyekszik	doc#1664	meggyőzni . </s><s>	Igyekszem	a	indefinite
igyekszik	doc#1664	a forumon ,	igyekszem	limitalni a	indefinite
igyekszik	doc#1664	is	igyekszem	NA	indefinite
igyekszik	doc#1664	, mindig	igyekszem	NA	indefinite
igyekszik	doc#1664	. </s><s> Pedig	igyekszem	a jót látni	definite
igyekszik	doc#1664	biztatást ,	igyekszem	jó	indefinite
igyekszik	doc#1664	, pedig	igyekszem	. </s><s> Itt pedig	indefinite
igyekszik	doc#1664	. </s><s> De erre	igyekszem	nem	indefinite
igyekszik	doc#1664	magam , de	igyekszem	itt lenni	indefinite
alszik	doc#1664	otthon	alszom	utána , ha	indefinite
igyekszik	doc#1664	. </s><s>	Igyekszem	NA	indefinite
igyekszik	doc#1664	. </s><s> Ezért is	igyekszem	újra és újra	indefinite
igyekszik	doc#1664	működik ,	igyekszem	még	indefinite
igyekszik	doc#1664	, de azért	igyekszem	képben	indefinite
alszik	doc#1664	NA	alszom	vagy	indefinite
igyekszik	doc#1664	, de majd	igyekszem	! </s><s> Adm </s>	indefinite
alszik	doc#1664	lassan	alszom	és remélem	indefinite
alszik	doc#1664	, a kádban	alszom	egy	indefinite
törekszik	doc#1664	NA	törekszem	1:1 2:2 , de	indefinite
alszik	doc#1664	<s> Hát majdnem	alszom	... </s><s> Aki	indefinite
igyekszik	doc#1664	<s> Jó , majd	igyekszem	NA	indefinite
törekszik	doc#1664	NA	törekszem	. a ,	indefinite
igyekszik	doc#1664	késik , de	igyekszem	. ) </s><s> hirvike </s>	indefinite
igyekszik	doc#1664	a tippeket ,	igyekszem	NA	indefinite
igyekszik	doc#1664	barátom , de	igyekszem	átélni újra	indefinite
igyekszik	doc#1664	Októberben	igyekszem	elmenni , ha	indefinite
igyekszik	doc#1664	, azt	igyekszem	nem	definite
igyekszik	doc#1665	egy emilt . </s><s>	Igyekszem	ott lenni . </s>	indefinite
igyekszik	doc#1665	<s> Legalábbis	igyekszem	. </s><s> Ha Isten	indefinite
igyekszik	doc#1665	<s> Heti hetes . </s><s>	Igyekszem	elkerülni . </s>	indefinite
alszik	doc#1665	NA	alszom	egyet egy	indefinite
igyekszik	doc#1665	. </s><s> Az indexre	igyekszem	kínosan	indefinite
igyekszik	doc#1665	, és	igyekszem	segíteni a	indefinite
igyekszik	doc#1665	is alapon	igyekszem	marha	indefinite
igyekszik	doc#1665	velük is	igyekszem	normálisan	indefinite
törekszik	doc#1665	hogy hogyan	törekszem	itt a	indefinite
igyekszik	doc#1665	esetben ) </s><s>	Igyekszem	gyorsnak	indefinite
igyekszik	doc#1665	. </s><s>	Igyekszem	ideákról és	indefinite
igyekszik	doc#1665	van , azt	igyekszem	lecserélni	definite
igyekszik	doc#1665	12:25:27 </s><s>	Igyekszem	mindenre	indefinite
igyekszik	doc#1665	, de majd	igyekszem	! </s><s> George	indefinite
igyekszik	doc#1665	, hogy	igyekszem	a jót	definite
igyekszik	doc#1665	 időm , de	igyekszem	hasznosan	indefinite
alszik	doc#1665	, ha keveset	alszom	... , és	indefinite
igyekszik	doc#1665	. </s><s>	Igyekszem	mindent	indefinite
igyekszik	doc#1665	<s> Legalabb ? </s><s>	Igyekszem	jo	indefinite
igyekszik	doc#1665	, de nagyon	igyekszem	megtanulni	indefinite
igyekszik	doc#1665	tartom . </s><s>	Igyekszem	hát	indefinite
igyekszik	doc#1665	is ! </s><s> Ezentúl	igyekszem	inkább	indefinite
igyekszik	doc#1665	,	igyekszem	majd	indefinite
igyekszik	doc#1665	NA	igyekszem	a szombat	definite
alszik	doc#1665	nem	alszom	el , akkor	indefinite
alszik	doc#1665	! </s><s> Én pl. nem	alszom	:) Ha már a	indefinite
igyekszik	doc#1665	rosszak ,	igyekszem	este (	indefinite
igyekszik	doc#1665	is ugye )	igyekszem	kijavítani	indefinite
igyekszik	doc#1665	! </s><s> : oO	Igyekszem	majd	indefinite
igyekszik	doc#1665	<s> vivijúúú ! </s><s>	Igyekszem	! </s><s> :o) Egy kis	indefinite
alszik	doc#1665	NA	alszom	. </s><s> És ott is	indefinite
igyekszik	doc#1665	azért majd	igyekszem	! </s><s> vivijúú </s>	indefinite
alszik	doc#1665	hogy kikkel	alszom	egy ágyban	indefinite
igyekszik	doc#1665	meg . </s><s> Én	igyekszem	hozni nekik	indefinite
igyekszik	doc#1665	át oda . </s><s>	Igyekszem	ezt a	definite
igyekszik	doc#1665	valami jót . </s><s>	Igyekszem	én is , ahogy	indefinite
igyekszik	doc#1665	értek , de	igyekszem	:)) </s><s> Szóval ;	indefinite
igyekszik	doc#1665	, de utána	igyekszem	benézni ... </s>	indefinite
alszik	doc#1665	óta rosszul	alszom	. </s><s> Most még én	indefinite
igyekszik	doc#1665	azért is	igyekszem	a maximumot	definite
igyekszik	doc#1665	festéket	igyekszem	felhordani	indefinite
igyekszik	doc#1665	után	igyekszem	szépen	indefinite
igyekszik	doc#1665	hordani ,	igyekszem	a zsúfolt	indefinite
igyekszik	doc#1665	) a jővőben	igyekszem	én is	indefinite
igyekszik	doc#1665	...	igyekszem	több kisker	indefinite
igyekszik	doc#1665	, de nagyon	igyekszem	! km óra - én	indefinite
igyekszik	doc#1665	róla -	igyekszem	nem elesni ,	indefinite
igyekszik	doc#1665	állapotot	igyekszem	elkerülni . </s>	indefinite
igyekszik	doc#1665	, de	igyekszem	abban bízni	indefinite
igyekszik	doc#1665	, és	igyekszem	lehetőség	indefinite
igyekszik	doc#1665	tanulnom ,	igyekszem	. </s>	indefinite
igyekszik	doc#1665	. </s><s> Viszont	igyekszem	minden	indefinite
igyekszik	doc#1665	éppen most	igyekszem	NA	indefinite
igyekszik	doc#1665	NA	igyekszem	bombázni a	indefinite
igyekszik	doc#1665	még nincs . </s><s>	Igyekszem	majd	indefinite
igyekszik	doc#1665	. </s><s> Egyébként	igyekszem	nem	indefinite
igyekszik	doc#1665	a gépet , de	igyekszem	olyan	indefinite
igyekszik	doc#1665	, de azért	igyekszem	... </s><s> rob19	indefinite
igyekszik	doc#1665	és akkor	igyekszem	elképzelni	indefinite
alszik	doc#1665	. és otthon	alszom	minden	indefinite
úszik	doc#1665	milláért	úszom	meg a	indefinite
igyekszik	doc#1665	Gala , ezért	igyekszem	élenjárni	indefinite
igyekszik	doc#1665	írja . </s><s> Ha	igyekszem	nem nagyon	indefinite
igyekszik	doc#1666	. </s><s> Pedig	igyekszem	ám ! :) Látod	indefinite
igyekszik	doc#1666	az idom , de	igyekszem	nem	indefinite
igyekszik	doc#1666	bácsi :	Igyekszem	, igyekszem	indefinite
igyekszik	doc#1666	Igyekszem ,	igyekszem	. </s><s> A párhuzam	indefinite
igyekszik	doc#1666	, de	igyekszem	azokat	indefinite
igyekszik	doc#1666	<s> Melnyikov . </s><s>	Igyekszem	nagyon	indefinite
igyekszik	doc#1666	el magam . </s><s>	Igyekszem	csak	indefinite
igyekszik	doc#1666	. </s><s> Én	igyekszem	a különböző	indefinite
igyekszik	doc#1666	vagyok , de	igyekszem	ezen	indefinite
alszik	doc#1666	( inkább	alszom	) . </s><s> Remélem	indefinite
alszik	doc#1666	mélyen	alszom	, mint egy	indefinite
igyekszik	doc#1666	....! majd	igyekszem	! xy </s><s> mud </s>	indefinite
cselekszik	doc#1666	NA	cselekszem	NA	indefinite
igyekszik	doc#1666	folyik itt . </s><s>	Igyekszem	érthetően	indefinite
igyekszik	doc#1666	is	igyekszem	NA	indefinite
igyekszik	doc#1666	léptekkel	igyekszem	a	indefinite
törekszik	doc#1666	, maximum	törekszem	hogy ne )	indefinite
igyekszik	doc#1666	arról	igyekszem	beszélni ,	indefinite
igyekszik	doc#1666	érte ,	igyekszem	majd	indefinite
igyekszik	doc#1666	. </s><s>	Igyekszem	kitartó de	indefinite
igyekszik	doc#1666	lére magam . </s><s>	Igyekszem	tömör	indefinite
alszik	doc#1666	. </s><s> Majd	alszom	ebéd után . </s><s> A	indefinite
alszik	doc#1666	, amikor én	alszom	. </s><s> Igaz ,	indefinite
alszik	doc#1666	Úr ! </s><s> Nem	alszom	, várom ,	indefinite
igyekszik	doc#1666	és már	igyekszem	is elmenni	indefinite
törekszik	doc#1666	NA	törekszem	-, nem tudok	indefinite
igyekszik	doc#1666	pindiy ! </s><s>	Igyekszem	rövid	indefinite
igyekszik	doc#1666	eszköze . </s><s>	Igyekszem	figyelni ,	indefinite
igyekszik	doc#1666	beszél ,	igyekszem	kitalálni	indefinite
törekszik	doc#1666	én sem arra	törekszem	, hanem 50 év	indefinite
igyekszik	doc#1666	Brekt ! </s><s>	Igyekszem	NA	indefinite
igyekszik	doc#1666	van ) , akkor	igyekszem	udvariasan	indefinite
igyekszik	doc#1666	Korona """" . </s><s>	Igyekszem	is	indefinite
igyekszik	doc#1666	meghívást ,	igyekszem	ott lenni . </s>	indefinite
igyekszik	doc#1666	 , 1996 ) . </s><s>	Igyekszem	NA	indefinite
igyekszik	doc#1667	már most is -	igyekszem	NA	indefinite
igyekszik	doc#1667	. </s><s> Ahogy én is	igyekszem	megtanulni	indefinite
törekszik	doc#1667	. </s><s> Pl. akkor	törekszem	mondjuk	indefinite
igyekszik	doc#1667	, de	igyekszem	pótolni . </s>	indefinite
cselekszik	doc#1667	NA	cselekszem	: azáltal ,	indefinite
igyekszik	doc#1667	az infot ,	igyekszem	élni vele . </s><s> A	indefinite
cselekszik	doc#1667	NA	cselekszem	,	indefinite
törekszik	doc#1667	arra	törekszem	, hogy	indefinite
igyekszik	doc#1667	neki . </s><s> Én is	igyekszem	újra és újra	indefinite
igyekszik	doc#1667	<s> Te jó ég ! </s><s>	Igyekszem	NA	indefinite
igyekszik	doc#1667	eszem és	igyekszem	betartani	indefinite
igyekszik	doc#1667	de legalább	igyekszem	olyasmit	indefinite
igyekszik	doc#1667	de legalább	igyekszem	olyasmit	indefinite
igyekszik	doc#1667	és addig is	igyekszem	NA	indefinite
igyekszik	doc#1667	rahell , én	igyekszem	NA	indefinite
igyekszik	doc#1667	radikális (	igyekszem	óvatosan	indefinite
alszik	doc#1667	én már félig	alszom	, és	indefinite
igyekszik	doc#1667	jó """" elvét	igyekszem	követni	indefinite
cselekszik	doc#1667	rosszat sem	cselekszem	. </s><s> Azért ,	indefinite
igyekszik	doc#1667	, mégis	igyekszem	mindig	indefinite
igyekszik	doc#1667	! </s><s> 2. Idovel	igyekszem	epitobb	indefinite
igyekszik	doc#1667	. </s><s> de	igyekszem	megfelelni	indefinite
igyekszik	doc#1667	, addig is	igyekszem	minden	indefinite
igyekszik	doc#1667	. </s><s> Egyébként	igyekszem	NA	indefinite
igyekszik	doc#1667	olvasok , és	igyekszem	NA	indefinite
igyekszik	doc#1667	, de azért	igyekszem	. </s>	indefinite
cselekszik	doc#1667	dolgot	cselekszem	, mert az a	indefinite
törekszik	doc#1667	<s> Inkább arra	törekszem	, hogy saját	indefinite
alszik	doc#1667	? </s><s> Na	alszom	rá egyet ,	indefinite
igyekszik	doc#1667	ezt	igyekszem	is álcázni . </s>	definite
bogarászik	doc#1667	NA	bogarászom	. </s><s> Működik . </s>	indefinite
alszik	doc#1667	abban	alszom	, mármint	indefinite
igyekszik	doc#1667	. </s><s> Majd	igyekszem	úri módon	indefinite
igyekszik	doc#1667	össze ? </s><s>	Igyekszem	úgy	indefinite
törekszik	doc#1667	érzelmekre	törekszem	. </s><s> Mindenki	indefinite
igyekszik	doc#1667	azért	igyekszem	megtalálni	indefinite
úszik	doc#1667	nélkül	úszom	a	indefinite
alszik	doc#1667	<s> Jó . </s><s> De én hol	alszom	? </s><s> Rsüni </s>	indefinite
igyekszik	doc#1667	...? </s><s> Nagyon	igyekszem	lépést	indefinite
igyekszik	doc#1668	,	igyekszem	is élni vele	indefinite
igyekszik	doc#1668	, és hát ugye	igyekszem	is mindent	indefinite
igyekszik	doc#1668	fogalom . </s><s>	Igyekszem	a fönt	indefinite
cselekszik	doc#1668	. </s><s> Ha bűnt	cselekszem	, attól nem	indefinite
igyekszik	doc#1668	számokat . </s><s>	Igyekszem	a szövegre	indefinite
alszik	doc#1668	hallgatva	alszom	el és	indefinite
igyekszik	doc#1668	vagyok és	igyekszem	NA	indefinite
igyekszik	doc#1668	, """"	igyekszem	ott lenni """" . </s>	indefinite
igyekszik	doc#1668	, de majd	igyekszem	. </s><s> medve98 </s>	indefinite
igyekszik	doc#1668	NA	igyekszem	NA	indefinite
úszik	doc#1668	partra	úszom	és viszem	indefinite
alszik	doc#1668	lepedőn én	alszom	) . </s><s> Azért	indefinite
igyekszik	doc#1668	NA	igyekszem	NA	indefinite
úszik	doc#1668	. </s><s> Sajnos nem	úszom	meg kernel	indefinite
úszik	doc#1668	<s> """" Sajnos nem	úszom	meg kernel	indefinite
úszik	doc#1668	soha nem	úszom	meg , hogy ne	indefinite
igyekszik	doc#1668	NA	igyekszem	segíteni	indefinite
alszik	doc#1668	? </s><s> Addig én is	alszom	rá egyet . </s><s> (	indefinite
igyekszik	doc#1668	felé	igyekszem	... </s><s> Nem	indefinite
igyekszik	doc#1668	. </s><s>	Igyekszem	. </s><s> Üdv Big </s>	indefinite
cselekszik	doc#1668	anélkül	cselekszem	úgy , ahogy ő	indefinite
cselekszik	doc#1668	anélkül	cselekszem	úgy , ahogy ő	indefinite
igyekszik	doc#1668	a Biliát	igyekszem	megismerni	definite
igyekszik	doc#1668	írok ,	igyekszem	elkerülni ,	indefinite
baszik	doc#1668	szanaszét	baszom	magam """"	indefinite
igyekszik	doc#1668	úgy , hogy	igyekszem	legalább a	indefinite
igyekszik	doc#1668	vannak , de	igyekszem	őket a	indefinite
alszik	doc#1668	majd akkor	alszom	, amikor ők	indefinite
alszik	doc#1668	rosszul	alszom	és nagyon	indefinite
alszik	doc#1668	-	alszom	reggelig ,	indefinite
alszik	doc#1668	. </s><s> Ha nem	alszom	6 óránál	indefinite
alszik	doc#1668	Mellette	alszom	. """" </s><s> Aha . </s><s> Hát	indefinite
igyekszik	doc#1668	MgperY ,	igyekszem	NA	indefinite
igyekszik	doc#1668	. </s><s>	Igyekszem	én is egy pár	indefinite
igyekszik	doc#1668	a vallást ,	igyekszem	minden nap	indefinite
törekszik	doc#1668	.... </s><s>	Törekszem	arra , hogy	indefinite
igyekszik	doc#1668	kezd . </s><s> Én	igyekszem	kultúrált	indefinite
igyekszik	doc#1668	. </s><s> Én	igyekszem	itt kedves	indefinite
igyekszik	doc#1668	elfogadom ,	igyekszem	NA	indefinite
igyekszik	doc#1668	, bár én	igyekszem	nem nagyon	indefinite
igyekszik	doc#1668	használom ,	igyekszem	kiismerni ,	indefinite
úszik	doc#1668	sose	úszom	meg , pedig	indefinite
cselekszik	doc#1668	NA	cselekszem	attól , hogy	indefinite
igyekszik	doc#1668	csinalok de	igyekszem	elrejteni """"	indefinite
igyekszik	doc#1669	elkerulni	igyekszem	az ilyen	indefinite
törekszik	doc#1669	. </s><s> Én arra	törekszem	, hogy a	indefinite
igyekszik	doc#1669	, én sem . </s><s>	Igyekszem	higgadtam	indefinite
igyekszik	doc#1669	tábornak	igyekszem	a számomra	indefinite
igyekszik	doc#1669	jómagam	igyekszem	nem """"	indefinite
törekszik	doc#1669	. </s><s> Szóval	törekszem	valamiféle	indefinite
törekszik	doc#1669	_megélni_	törekszem	a dolgokat ? </s>	definite
törekszik	doc#1669	helyett	törekszem	NA	indefinite
alszik	doc#1669	. </s><s> Mikor	alszom	és az	indefinite
alszik	doc#1669	, nyugodtan	alszom	. </s><s> Az igazság	indefinite
igyekszik	doc#1669	13:07:25 </s><s>	Igyekszem	. </s><s> barco </s>	indefinite
igyekszik	doc#1669	az utat és	igyekszem	kikerülni ,	indefinite
alszik	doc#1669	, sose	alszom	ki magam	indefinite
igyekszik	doc#1669	semmi ! </s><s> Én is	igyekszem	ilyen	indefinite
alszik	doc#1669	. </s><s> Vagy	alszom	:-D </s><s> air </s>	indefinite
igyekszik	doc#1669	...	igyekszem	hétfőre	indefinite
igyekszik	doc#1669	és	igyekszem	megoldani . </s>	indefinite
igyekszik	doc#1669	... majd	igyekszem	alulmúlni	indefinite
igyekszik	doc#1669	mindegy . </s><s> -	Igyekszem	elkerülni	indefinite
igyekszik	doc#1669	küzdök ,	igyekszem	- Pálhoz	indefinite
úszik	doc#1669	vagy amikor	úszom	az árral ? </s>	indefinite
igyekszik	doc#1669	is , mert	igyekszem	neki is	indefinite
igyekszik	doc#1669	vagyok :)	Igyekszem	, ennyit	indefinite
igyekszik	doc#1669	telhetőt . </s><s>	Igyekszem	nem	indefinite
igyekszik	doc#1669	kínál . </s><s>	Igyekszem	hozzátenni	indefinite
alszik	doc#1669	éppen	alszom	, akkor	indefinite
alszik	doc#1669	ágyamban	alszom	, a saját	indefinite
igyekszik	doc#1669	:( De	igyekszem	elfogadni	indefinite
igyekszik	doc#1669	NA	igyekszem	kerülni ,	indefinite
igyekszik	doc#1669	, mindig	igyekszem	csak az	indefinite
igyekszik	doc#1669	, akkor én is	igyekszem	megjelenni	indefinite
alszik	doc#1669	, hogy nem	alszom	? ) , hiába	indefinite
alszik	doc#1669	( ha at nem	alszom	az egesz	indefinite
igyekszik	doc#1669	ha hagyják ,	igyekszem	NA	indefinite
igyekszik	doc#1669	. </s><s> Azért	igyekszem	, mert nem	indefinite
törekszik	doc#1669	, de azért	törekszem	, azaz nem	indefinite
igyekszik	doc#1669	biztatast ,	igyekszem	turelmesen	indefinite
igyekszik	doc#1669	azon	igyekszem	hogy a sok	indefinite
igyekszik	doc#1669	rajta , majd	igyekszem	mindent	indefinite
igyekszik	doc#1670	kerülök	igyekszem	alaposan	indefinite
igyekszik	doc#1670	van . </s><s> És azon	igyekszem	, hogy mások	indefinite
úszik	doc#1670	<s> Elég régóta	úszom	, gondoltam	indefinite
igyekszik	doc#1670	is egyből . </s><s>	Igyekszem	nem	indefinite
alszik	doc#1670	itt , nem	alszom	el ....	indefinite
alszik	doc#1670	ma már itt is	alszom	, meglehet . </s>	indefinite
alszik	doc#1670	nem otthon	alszom	én inkább ? </s>	indefinite
igyekszik	doc#1670	elébe ... </s><s> De	igyekszem	majd be-be	indefinite
igyekszik	doc#1670	fog , én	igyekszem	... </s><s> Gently </s>	indefinite
igyekszik	doc#1670	mélyedek . </s><s>	Igyekszem	összhangba	indefinite
igyekszik	doc#1670	. </s><s> Majd	igyekszem	úgy	indefinite
igyekszik	doc#1670	, de azért	igyekszem	majd ! </s>	indefinite
igyekszik	doc#1670	, de úgy	igyekszem	NA	indefinite
igyekszik	doc#1670	... </s><s> Majd	igyekszem	! </s><s> Csók	indefinite
úszik	doc#1670	erős hosszt	úszom	a	indefinite
igyekszik	doc#1670	NA	igyekszem	majd ,	indefinite
úszik	doc#1670	közelebb	úszom	hozzá és úgy	indefinite
igyekszik	doc#1670	elheverek . </s><s>	Igyekszem	nem	indefinite
igyekszik	doc#1670	. </s><s>	Igyekszem	csak	indefinite
igyekszik	doc#1670	Akárhogy	igyekszem	NA	indefinite
alszik	doc#1670	hiszi már	alszom	, pedig még	indefinite
alszik	doc#1670	mindjárt	alszom	is kicsit	indefinite
igyekszik	doc#1670	a keze ,	igyekszem	ugy	indefinite
igyekszik	doc#1670	izmaid , ezt	igyekszem	elég	definite
igyekszik	doc#1670	. </s><s> De azért	igyekszem	elhinni . </s>	indefinite
igyekszik	doc#1670	az ő nyelvén	igyekszem	irni . </s><s> De én	indefinite
úszik	doc#1670	élni . </s><s>	Úszom	az	indefinite
igyekszik	doc#1670	,	igyekszem	ledolgozni	indefinite
igyekszik	doc#1670	bűneim , de	igyekszem	minden bűnt	indefinite
igyekszik	doc#1670	anyagot is	igyekszem	keríteni	indefinite
igyekszik	doc#1670	egy adagot ,	igyekszem	az ujakat	definite
igyekszik	doc#1670	NA	igyekszem	NA	indefinite
igyekszik	doc#1670	rendre	igyekszem	is megtenni	indefinite
igyekszik	doc#1671	, majd	igyekszem	gyakrabban	indefinite
igyekszik	doc#1671	levélre , de	igyekszem	majd	indefinite
cselekszik	doc#1671	. </s><s> """" Amit én	cselekszem	- mondta	indefinite
igyekszik	doc#1671	NA	igyekszem	gyorsan és	indefinite
alszik	doc#1671	. </s><s> -	Alszom	- motyogtam	indefinite
igyekszik	doc#1671	óráimban ,	igyekszem	átgondolni	indefinite
igyekszik	doc#1671	. </s><s> Én pedig	igyekszem	jóságodat	indefinite
igyekszik	doc#1671	kérek ,	igyekszem	, de aligha	indefinite
alszik	doc#1671	lassan . </s><s> Úgy	alszom	el . </s><s> Legyen	indefinite
igyekszik	doc#1671	:-)))	Igyekszem	a mozgást is	indefinite
úszik	doc#1671	balaton , át	úszom	kerezbe	indefinite
törekszik	doc#1671	. </s><s> Arra	törekszem	majd , hogy a	indefinite
alszik	doc#1671	egyedül	alszom	el . </s><s> -Fent	indefinite
hugyozik	doc#1671	megyek és le	hugyozom	majd a	indefinite
igyekszik	doc#1671	<s> Jó példával	igyekszem	elől járni a	indefinite
igyekszik	doc#1671	légiósa . </s><s> """"	Igyekszem	mihamarabb	indefinite
cselekszik	doc#1671	, én , az ÚR ,	cselekszem	mindezt . </s>	definite
igyekszik	doc#1671	, illetve	igyekszem	én is majd	indefinite
alszik	doc#1671	közt	alszom	édesen . </s>	indefinite
igyekszik	doc#1671	óta . </s><s>	Igyekszem	a jövőben	indefinite
igyekszik	doc#1671	, ha nagyon	igyekszem	még a	indefinite
alszik	doc#1671	<s> Amikor	alszom	, rólad	indefinite
igyekszik	doc#1671	. </s><s> Én	igyekszem	komolyan	indefinite
igyekszik	doc#1671	. </s><s> Köszi ,	igyekszem	majd jövő	indefinite
igyekszik	doc#1671	a Forward . </s><s>	Igyekszem	olyan	indefinite
igyekszik	doc#1671	. </s><s> - Oké -	igyekszem	a dühtől és a	indefinite
igyekszik	doc#1671	Köszi ,	igyekszem	! </s><s> :) Törlés </s>	indefinite
igyekszik	doc#1671	, de	igyekszem	bátornak	indefinite
alszik	doc#1672	! </s><s>	Alszom	mert reggel	indefinite
alszik	doc#1672	egyedül	alszom	, mikor nem	indefinite
cselekszik	doc#1672	én	cselekszem	; és	indefinite
igyekszik	doc#1672	, de most	igyekszem	bepótolni . </s>	indefinite
igyekszik	doc#1672	, és	igyekszem	megvárni ,	indefinite
alszik	doc#1672	ejjel kint	alszom	... </s><s> Orzom az	indefinite
igyekszik	doc#1672	egyébként	igyekszem	rendet	indefinite
igyekszik	doc#1672	küldeni , de	igyekszem	NA	indefinite
igyekszik	doc#1672	eszközzel	igyekszem	ügyfelem	indefinite
igyekszik	doc#1672	<s> tűzvihar </s><s>	Igyekszem	, igyekszem	indefinite
igyekszik	doc#1672	<s> Igyekszem ,	igyekszem	Veronikom	indefinite
igyekszik	doc#1672	aláírásába	igyekszem	beleírni	indefinite
igyekszik	doc#1672	kérek . </s><s>	Igyekszem	csinálni de	indefinite
törekszik	doc#1672	. </s><s> Maximumra	törekszem	, amit	indefinite
baszik	doc#1673	viperámmal	baszom	szét a fejit	indefinite
igyekszik	doc#1673	így tovább ! </s><s>	Igyekszem	én is	indefinite
igyekszik	doc#1673	is . </s><s> Majd	igyekszem	valamit	indefinite
alszik	doc#1673	. </s><s> Veled	alszom	el , s Veled	indefinite
igyekszik	doc#1673	, de	igyekszem	minden	indefinite
igyekszik	doc#1673	ismerek , de	igyekszem	NA	indefinite
igyekszik	doc#1673	-	igyekszem	majd	indefinite
igyekszik	doc#1673	lehetnék . </s><s>	Igyekszem	NA	indefinite
tojik	doc#1673	meg ,	tojom	le a	indefinite
igyekszik	doc#1673	... , de	igyekszem	a hetet	definite
hugyozik	doc#1673	ÉS SZÁJBA	HUGYOZOM	!! </s><s> ÁLLHAT	indefinite
igyekszik	doc#1673	is	igyekszem	megvédeni ,	indefinite
igyekszik	doc#1673	. </s><s> Azért	igyekszem	mindent	indefinite
igyekszik	doc#1673	<s> Hát pedig én	igyekszem	mindig a	indefinite
alszik	doc#1673	Pókok Én úgy	alszom	, hogy jól	indefinite
igyekszik	doc#1673	élek , majd	igyekszem	nem	indefinite
igyekszik	doc#1673	igérem	igyekszem	pótolni ! </s>	indefinite
igyekszik	doc#1673	. HC </s><s> Én	igyekszem	, igyekszem	indefinite
igyekszik	doc#1673	igyekszem ,	igyekszem	. </s><s> Felváltva	indefinite
alszik	doc#1673	, egyet	alszom	egy	indefinite
alszik	doc#1673	ejj inkább	alszom	rá egyet </s>	indefinite
törekszik	doc#1673	arra	törekszem	majd , hogy a	indefinite
alszik	doc#1673	néggyel	alszom	egy ágyban . </s>	indefinite
igyekszik	doc#1674	Ayres-ként	igyekszem	felvésni	indefinite
igyekszik	doc#1674	de a jövőben	igyekszem	pótolni a	indefinite
alszik	doc#1674	tudom , nem	alszom	velük ... </s>	indefinite
igyekszik	doc#1674	mindig	igyekszem	uralni a	indefinite
alszik	doc#1674	. </s><s> Aki míg én	alszom	őrködik	indefinite
igyekszik	doc#1674	el nagyon	igyekszem	.. </s>	indefinite
alszik	doc#1675	meztelenül	alszom	, és ez	indefinite
alszik	doc#1675	( 166. nap )	Alszom	( 167. nap )	indefinite
baszik	doc#1675	<s> Ígérem nem	baszom	szét a fejed	indefinite
igyekszik	doc#1675	recept ,	igyekszem	majd	indefinite
igyekszik	doc#1675	NA	igyekszem	jobban	indefinite
baszik	doc#1675	mert nem	baszom	el az időmet	indefinite
alszik	doc#1675	... </s><s> Mért nem	ALszom	SOk sok	indefinite
alszik	doc#1675	szemmel	alszom	látom a	indefinite
alszik	doc#1675	... mért nem	alszom	sok -sok	indefinite
igyekszik	doc#1675	előtt	igyekszem	fejben	indefinite
alszik	doc#1675	fotelágyon	alszom	és arasznyi	indefinite
törekszik	doc#1676	a jóra	törekszem	, még akkor	indefinite
igyekszik	doc#1676	. </s><s> Majd	igyekszem	erre	indefinite
igyekszik	doc#1676	. </s><s> Én	igyekszem	ezt	definite
igyekszik	doc#1676	; hanem	igyekszem	, hogy el is	indefinite
cselekszik	doc#1676	. </s><s> De egyet	cselekszem	, azokat ,	indefinite
igyekszik	doc#1676	NA	igyekszem	az Istennek	indefinite
igyekszik	doc#1676	3-4 naponta	igyekszem	a finiseket	definite
alszik	doc#1676	rajta	alszom	el . </s><s> Ám , de ,	indefinite
igyekszik	doc#1676	köszönöm : D	igyekszem	: D tervezek	indefinite
igyekszik	doc#1676	köszönöm : D	igyekszem	őket	indefinite
igyekszik	doc#1676	áll , de	igyekszem	, ahogyan	indefinite
igyekszik	doc#1676	köszönöm : D	Igyekszem	: D Törlés </s>	indefinite
alszik	doc#1676	nappaliban	alszom	- mondtam és	indefinite
igyekszik	doc#1676	tetszett ,	igyekszem	hozni a	indefinite
igyekszik	doc#1676	köszönöm : D	Igyekszem	, ahogyan	indefinite
úszik	doc#1676	most aligha	úszom	meg ezt a	indefinite
törekszik	doc#1676	. </s><s> Arra	törekszem	majd , hogy	indefinite
igyekszik	doc#1676	okozza . </s><s> Én	igyekszem	összegezni	indefinite
igyekszik	doc#1676	9:26	Igyekszem	! </s><s> :)) Válasz	indefinite
igyekszik	doc#1676	11:24	Igyekszem	pótolni az	indefinite
alszik	doc#1676	óta nem	alszom	 -nem tudok	indefinite
alszik	doc#1677	. </s><s> Aki míg én	alszom	őrködik	indefinite
alszik	doc#1677	főzők és	alszom	este mint a	indefinite
alszik	doc#1677	... nem	alszom	velük ! </s>	indefinite
alszik	doc#1677	NA	alszom	el , hogy	indefinite
igyekszik	doc#1677	mozgással	igyekszem	karban	indefinite
igyekszik	doc#1677	...	igyekszem	jó anyukád	indefinite
igyekszik	doc#1677	lenni ,	igyekszem	nagyon ,	indefinite
igyekszik	doc#1677	a színekkel	igyekszem	mindig	indefinite
alszik	doc#1677	és többet	alszom	,	indefinite
igyekszik	doc#1677	A jövő héten	igyekszem	majd	indefinite
igyekszik	doc#1677	stílusában	igyekszem	a	indefinite
alszik	doc#1677	itt , nem	alszom	itt ; Ezer	indefinite
igyekszik	doc#1677	. </s><s> Hiába	igyekszem	magamat	indefinite
igyekszik	doc#1677	köszönöm : D	Igyekszem	vele : D	indefinite
úszik	doc#1677	, Csak	úszom	szembe az	indefinite
igyekszik	doc#1677	a gépem . </s><s>	Igyekszem	minél előbb	indefinite
igyekszik	doc#1678	Sietve	igyekszem	Kijevbe	indefinite
igyekszik	doc#1678	kene , en	igyekszem	is , de	indefinite
igyekszik	doc#1678	választ . </s><s>	Igyekszem	a későbbiek	indefinite
igyekszik	doc#1678	tudnál ,	igyekszem	megtalálni	indefinite
cselekszik	doc#1678	másként	cselekszem	. </s>	indefinite
igyekszik	doc#1678	kicsit , de	igyekszem	túltenni	indefinite
törekszik	doc#1678	egyezni . </s><s> De	törekszem	arra , hogy	indefinite
törekszik	doc#1678	<s> Kal </s><s> """" De	törekszem	arra , hogy	indefinite
igyekszik	doc#1678	, mondjuk én	igyekszem	mindig két	indefinite
igyekszik	doc#1678	legalábbis	igyekszem	) , de ha	indefinite
igyekszik	doc#1678	, azokat	igyekszem	minden	indefinite
igyekszik	doc#1678	, és	igyekszem	mihamarabb	indefinite
igyekszik	doc#1678	, szóval	igyekszem	majd . </s><s> De	indefinite
igyekszik	doc#1678	, de másban	igyekszem	kiélni	indefinite
igyekszik	doc#1678	: D Köszi ,	igyekszem	:))) Törlés </s>	indefinite
igyekszik	doc#1678	<s> Na mindegy ,	igyekszem	NA	indefinite
igyekszik	doc#1678	<s> Köszönöm ,	igyekszem	. </s><s> Sajnos	indefinite
igyekszik	doc#1678	NA	igyekszem	segíteni	indefinite
alszik	doc#1678	hogy zenére	alszom	el ekkor jó	indefinite
alszik	doc#1678	, nem	alszom	bele . </s>	indefinite
igyekszik	doc#1678	kesztyűt	igyekszem	majd mindig	indefinite
igyekszik	doc#1679	minden mást	igyekszem	a	indefinite
igyekszik	doc#1679	hogy hogyan	igyekszem	kilőni a	indefinite
igyekszik	doc#1679	pedig erről	igyekszem	NA	indefinite
igyekszik	doc#1679	NA	igyekszem	fizetni a	indefinite
alszik	doc#1679	ágy , amiben	alszom	, egy szék ,	indefinite
igyekszik	doc#1679	tankolok ,	igyekszem	külföldön	indefinite
igyekszik	doc#1679	. </s><s> Nagyon	igyekszem	, hogy ne	indefinite
igyekszik	doc#1679	zàróra . </s><s> : D	igyekszem	megosztani	indefinite
igyekszik	doc#1679	mindig azon	igyekszem	hogy	indefinite
igyekszik	doc#1679	túl . </s><s>	Igyekszem	minél több	indefinite
törekszik	doc#1679	NA	törekszem	, ami	indefinite
alszik	doc#1679	8 . </s><s> Akivel	alszom	: Kulcsár	indefinite
igyekszik	doc#1679	( is )	igyekszem	megtalálni	indefinite
cselekszik	doc#1679	csak	cselekszem	, tetteim	indefinite
igyekszik	doc#1679	<s> Magamtól is	igyekszem	talpon	indefinite
igyekszik	doc#1680	NA	igyekszem	NA	indefinite
igyekszik	doc#1680	ölembe véve	igyekszem	NA	indefinite
cselekszik	doc#1680	NA	cselekszem	, nem	indefinite
igyekszik	doc#1680	,	igyekszem	a	indefinite
igyekszik	doc#1680	: / De most	igyekszem	többet	indefinite
igyekszik	doc#1680	között és	igyekszem	egy jó	indefinite
alszik	doc#1680	és	alszom	tovább .	indefinite
alszik	doc#1681	. </s><s>	Alszom	mélyen zúgó	indefinite
igyekszik	doc#1681	maradva , de	igyekszem	pótolni ,	indefinite
baszik	doc#1681	a baltát úgy	baszom	a fejedbe	indefinite
alszik	doc#1681	, hogy ott	alszom	a hátamon . </s>	indefinite
igyekszik	doc#1681	pedig	igyekszem	én	indefinite
alszik	doc#1681	ott . </s><s> Nem	alszom	. </s><s> De ott	indefinite
baszik	doc#1681	mert segbe	baszom	mindet !! </s>	indefinite
igyekszik	doc#1681	hogy mindig	igyekszem	jobbnak és	indefinite
cselekszik	doc#1682	önmagamért	cselekszem	. """" </s><s> (	indefinite
alszik	doc#1682	óta nem	alszom	miattad ,	indefinite
igyekszik	doc#1682	... </s><s> És azt is	igyekszem	nem	definite
úszik	doc#1682	nem	úszom	már , hajam	indefinite
alszik	doc#1682	hiszi , hogy	alszom	, de nem . </s><s> A	indefinite
alszik	doc#1682	hogy ma nála	alszom	, vagyis	indefinite
alszik	doc#1682	. </s><s> - Pedig	alszom	, amúgy nem	indefinite
igyekszik	doc#1682	<s>	Igyekszem	nagyon	indefinite
cselekszik	doc#1682	NA	cselekszem	. </s><s> Amit nem	indefinite
igyekszik	doc#1682	jövőhéten	igyekszem	lenni :))	indefinite
törekszik	doc#1682	sőt arra sem	törekszem	, hogy	indefinite
igyekszik	doc#1682	a bulik ; ) De	igyekszem	feljöni és	indefinite
igyekszik	doc#1682	nem tiszta ,	igyekszem	mindenre	indefinite
igyekszik	doc#1682	MEG	IGYEKSZEM	MAJD A """"	indefinite
igyekszik	doc#1682	: / Én azért	igyekszem	:) </s>	indefinite
cselekszik	doc#1682	aszerint	cselekszem	, hogy éppen	indefinite
alszik	doc#1682	, ha egyszer	alszom	? </s><s> Majd	indefinite
igyekszik	doc#1682	NA	igyekszem	vigyázni	indefinite
igyekszik	doc#1682	a vizslám	igyekszem	fékezni ,	indefinite
alszik	doc#1682	mindjárt el	alszom	!! </s>	indefinite
úszik	doc#1682	NA	ÚSZOM	A TETŐFEDÉS	indefinite
alszik	doc#1683	<s> Nélküle nem	alszom	c versenyt	indefinite
törekszik	doc#1683	és arra	törekszem	, hogy	indefinite
igyekszik	doc#1683	! </s><s> - De én	igyekszem	vigyázni ,	indefinite
igyekszik	doc#1683	. </s><s> De azért	igyekszem	ott lenni	indefinite
igyekszik	doc#1683	azokat is	igyekszem	NA	indefinite
alszik	doc#1683	, majd este	alszom	rendesen . </s>	indefinite
igyekszik	doc#1683	<s> Igy igaz ! </s><s>	Igyekszem	én is a	indefinite
baszik	doc#1683	és maxra	baszom	a hangerőt	definite
igyekszik	doc#1683	dolgom , de	igyekszem	a hét végére	definite
igyekszik	doc#1683	részéről	igyekszem	azt az elvet	definite
alszik	doc#1683	ma sem	alszom	sokat : / </s>	indefinite
tojik	doc#1684	de le se	tojom	,	indefinite
igyekszik	doc#1684	<s> hubazmeg ,	igyekszem	türelmes	indefinite
alszik	doc#1684	de azért nem	alszom	át a fél	indefinite
igyekszik	doc#1684	) . </s><s>	Igyekszem	nem	indefinite
úszik	doc#1684	NA	úszom	, hogy ha van	indefinite
törekszik	doc#1684	. </s><s> Nem is	törekszem	rá . </s><s> Sokkal	indefinite
igyekszik	doc#1684	! </s><s>	Igyekszem	majd	indefinite
igyekszik	doc#1684	teszek , de	igyekszem	jobbá tenni	indefinite
igyekszik	doc#1684	már rajtad </s><s>	Igyekszem	vidámságot	indefinite
törekszik	doc#1684	őket . </s><s> Arra	törekszem	, hogy	indefinite
igyekszik	doc#1685	. </s><s> -Mert	igyekszem	jól	indefinite
igyekszik	doc#1685	, de	igyekszem	minél	indefinite
alszik	doc#1685	hónapja nem	alszom	. </s>	indefinite
igyekszik	doc#1685	szépen	igyekszem	! </s><s> ^^ Törlés </s>	indefinite
úszik	doc#1685	, aznap sem	úszom	meg , így hát	indefinite
alszik	doc#1685	napja nem	alszom	, h az	indefinite
alszik	doc#1685	az éj nehéz . </s><s>	Alszom	hát én is ,	indefinite
igyekszik	doc#1685	szabadnap ! </s><s>	Igyekszem	a 6 éves	indefinite
baszik	doc#1685	ha addig nem	baszom	tönkre ....	indefinite
alszik	doc#1685	, nyugodtan	alszom	el , mert	indefinite
igyekszik	doc#1685	NA	igyekszem	mostmár	indefinite
igyekszik	doc#1685	itt vannak	igyekszem	NA	indefinite
igyekszik	doc#1685	várható ,	igyekszem	minden	indefinite
igyekszik	doc#1685	alapdarab ,	igyekszem	is annyit	indefinite
alszik	doc#1685	? </s><s> Nem ! </s><s>	Alszom	.. </s>	indefinite
alszik	doc#1685	NA	alszom	, ha keresne	indefinite
alszik	doc#1686	, iszom ,	alszom	, és még sem	indefinite
igyekszik	doc#1686	 ... </s><s> Majd	igyekszem	azért . </s>	indefinite
igyekszik	doc#1686	,	igyekszem	NA	indefinite
alszik	doc#1686	. </s><s> Ma is kinnt	alszom	, a szabad ég	indefinite
igyekszik	doc#1686	feladat , de	igyekszem	helytállni	indefinite
igyekszik	doc#1686	Olgis ! </s><s>	Igyekszem	. </s><s> Törlés </s>	indefinite
törekszik	doc#1686	sikerekre	törekszem	. </s><s> Hogy vidám	indefinite
igyekszik	doc#1686	!! ( addig	igyekszem	be-be	indefinite
alszik	doc#1686	éjszakát át	alszom	? </s><s> Refrén :	indefinite
igyekszik	doc#1686	lopni . </s><s>	Igyekszem	nem	indefinite
igyekszik	doc#1686	'' </s><s> Nem azon	igyekszem	, hogy	indefinite
igyekszik	doc#1686	en	igyekszem	máshogy	indefinite
törekszik	doc#1686	, és arra	törekszem	, hogy ott	indefinite
alszik	doc#1686	, meg vele	alszom	. </s><s> Csak	indefinite
igyekszik	doc#1686	vagyok .	igyekszem	képeket is	indefinite
úszik	doc#1686	a sütést nem	úszom	meg , sok	indefinite
igyekszik	doc#1686	, és	igyekszem	mindent	indefinite
törekszik	doc#1686	<s> 2013-07-29 </s><s>	Törekszem	rá . </s>	indefinite
törekszik	doc#1686	arra	törekszem	, hogy	indefinite
alszik	doc#1686	az sem mikor	alszom	. </s><s> Annyi	indefinite
igyekszik	doc#1686	Ja ,	igyekszem	felnőni	indefinite
igyekszik	doc#1687	, de én mégis	igyekszem	három lépés	indefinite
úszik	doc#1687	, hogy ha nem	úszom	meg olcsón a	indefinite
igyekszik	doc#1687	, de	igyekszem	. </s><s> Gregory	indefinite
igyekszik	doc#1687	túl ,	igyekszem	minden	indefinite
igyekszik	doc#1687	. </s><s> Ettől	igyekszem	megóvni	indefinite
alszik	doc#1687	többet	alszom	Atinál és	indefinite
igyekszik	doc#1687	. </s><s> Aztán	igyekszem	lazán	indefinite
igyekszik	doc#1687	példányt ,	igyekszem	augusztus	indefinite
tojik	doc#1687	ívben le ...	tojom	, hogy kinek	indefinite
alszik	doc#1687	csak egyet	alszom	és irány	indefinite
igyekszik	doc#1687	az évemet . </s><s>	Igyekszem	persze	indefinite
alszik	doc#1687	, ha nem	alszom	ki magam	indefinite
cselekszik	doc#1688	dolgait nem	cselekszem	, ne	indefinite
cselekszik	doc#1688	azokat	cselekszem	, ha nékem	indefinite
törekszik	doc#1688	. </s><s> Arra	törekszem	, hogy	indefinite
alszik	doc#1688	Liam -Ma	alszom	NA	indefinite
igyekszik	doc#1688	Köszi , igen	igyekszem	majd	indefinite
alszik	doc#1688	) sapkában	alszom	, és 30	indefinite
igyekszik	doc#1688	ide is . </s><s>	Igyekszem	ezután	indefinite
cselekszik	doc#1688	, - """" de egyet	cselekszem	: ....	indefinite
igyekszik	doc#1688	NA	igyekszem	... """" </s><s> Neki is	indefinite
alszik	doc#1688	óta nem	alszom	! </s><s> Àhhh : / </s>	indefinite
alszik	doc#1688	mosolyogva	alszom	el . </s><s> Jóéjt	indefinite
igyekszik	doc#1688	, s	igyekszem	azt nem (	definite
igyekszik	doc#1688	hatalom . </s><s> Én	igyekszem	a nyolcéves	indefinite
igyekszik	doc#1688	mivoltomon	igyekszem	csiszolni	indefinite
alszik	doc#1688	miatt nem	alszom	még :( </s>	indefinite
törekszik	doc#1688	blogomon is	törekszem	arra hogy	indefinite
igyekszik	doc#1688	. </s><s> Kicsit	igyekszem	trógeresen	indefinite
igyekszik	doc#1688	, de	igyekszem	egyéniség	indefinite
igyekszik	doc#1688	részhez , és	igyekszem	javítani . </s>	indefinite
alszik	doc#1688	sem	alszom	bele ,	indefinite
igyekszik	doc#1688	NA	igyekszem	NA	indefinite
alszik	doc#1688	óta alig	alszom	..... </s>	indefinite
igyekszik	doc#1688	, de azért	igyekszem	:) No , és	indefinite
igyekszik	doc#1688	, de	igyekszem	NA	indefinite
alszik	doc#1688	NA	alszom	, ha nem kell	indefinite
igyekszik	doc#1688	A szünetben	igyekszem	nem	indefinite
igyekszik	doc#1688	témákat	igyekszem	érinteni	indefinite
igyekszik	doc#1688	, ahol	igyekszem	NA	indefinite
alszik	doc#1688	, inkább	alszom	egy jót és	indefinite
úszik	doc#1688	Ha	úszom	a tóban ,	indefinite
úszik	doc#1688	. </s><s> Ha	úszom	a tóban ,	indefinite
igyekszik	doc#1688	14:40	igyekszem	! </s><s> Törlés </s>	indefinite
alszik	doc#1688	, nem	alszom	vissza . </s>	indefinite
igyekszik	doc#1688	szépen ,	igyekszem	minél	indefinite
igyekszik	doc#1688	9:10	igyekszem	vele , és	indefinite
igyekszik	doc#1688	:) ♥ Szia . </s><s>	Igyekszem	, tényleg . :	indefinite
igyekszik	doc#1688	is ijedtem ,	igyekszem	nem	indefinite
igyekszik	doc#1689	@ mantorp :	igyekszem	a jövő héten	indefinite
igyekszik	doc#1689	, majd	igyekszem	:) </s>	indefinite
alszik	doc#1689	. </s><s> Nappal	alszom	bent a	indefinite
igyekszik	doc#1689	megy . </s><s> Azért	igyekszem	. </s>	indefinite
igyekszik	doc#1689	, de	igyekszem	, hogy ne így	indefinite
igyekszik	doc#1689	a blogot is	igyekszem	összekapni	definite
igyekszik	doc#1689	! </s><s>	Igyekszem	mindent	indefinite
alszik	doc#1689	az éjjel nem	alszom	</s><s> 2013-07-29 </s>	indefinite
igyekszik	doc#1689	jómagam is	igyekszem	NA	indefinite
igyekszik	doc#1689	olvasod ! </s><s> :)	Igyekszem	nem	indefinite
igyekszik	doc#1689	<s> Ma is ezeket	igyekszem	felidézni ,	indefinite
baszik	doc#1689	<s> Az csikket	baszom	csak a	definite
igyekszik	doc#1690	, és	igyekszem	a Szívemben	indefinite
alszik	doc#1690	, nem tudom ,	alszom	egyet ,	indefinite
baszik	doc#1690	, a nem	baszom	meg a	indefinite
igyekszik	doc#1691	semmit , de	igyekszem	minél	indefinite
alszik	doc#1691	, én 8-9 órát	alszom	. </s><s> Hát	indefinite
alszik	doc#1691	hamar el	alszom	mert nagyon	indefinite
igyekszik	doc#1691	a Titkot is	Igyekszem	nem agyalni	definite
igyekszik	doc#1692	volt . </s><s> Majd	igyekszem	fotókat	indefinite
igyekszik	doc#1692	érte , este	igyekszem	még jobban	indefinite
alszik	doc#1692	óta nem	alszom	de most	indefinite
igyekszik	doc#1692	: D hát ,	igyekszem	de mivel a	indefinite
igyekszik	doc#1692	Szia hát ,	igyekszem	úgy lezárni	indefinite
törekszik	doc#1692	sőt arra sem	törekszem	, hogy	indefinite
úszik	doc#1692	NA	úszom	a	indefinite
igyekszik	doc#1692	. </s><s> ---------	Igyekszem	válaszolni	indefinite
baszik	doc#1692	,	baszom	nagy tiltó	indefinite
igyekszik	doc#1692	, azért	igyekszem	még	indefinite
cselekszik	doc#1693	nélkül	cselekszem	. </s><s> Ezzel	indefinite
igyekszik	doc#1693	, pedig	igyekszem	.! </s><s> Mostmár	indefinite
cselekszik	doc#1693	, és ugy	cselekszem	ahogy kell	indefinite
alszik	doc#1693	egyikben én	alszom	a	indefinite
alszik	doc#1693	a tornácon	alszom	. </s><s> Ebben	indefinite
alszik	doc#1693	mosolyban	alszom	el . </s><s> Hogy	indefinite
igyekszik	doc#1693	fülem is , és	igyekszem	hallani	indefinite
úszik	doc#1693	- szóval nem	úszom	meg ,	indefinite
igyekszik	doc#1693	. </s><s>	Igyekszem	tanulni ,	indefinite
igyekszik	doc#1693	minden nap	igyekszem	belépni és	indefinite
igyekszik	doc#1693	<s> strato </s><s>	Igyekszem	. </s><s> Lehet ,	indefinite
igyekszik	doc#1693	<s> Köszönöm	Igyekszem	a lehető	indefinite
igyekszik	doc#1693	. </s><s> Amúgy	igyekszem	. </s><s> De minden	indefinite
igyekszik	doc#1693	is , Azota	igyekszem	Jean Reno	indefinite
igyekszik	doc#1693	): Majd	igyekszem	hosszabban	indefinite
igyekszik	doc#1693	kapom - s	igyekszem	NA	indefinite
igyekszik	doc#1693	lőve . pedig	igyekszem	résen lenni	indefinite
cselekszik	doc#1693	, amit Én	cselekszem	ezen a napon	indefinite
alszik	doc#1693	télleg	alszom	okés ?? :)))	indefinite
alszik	doc#1693	ma nálad	alszom	. </s><s> - Mi	indefinite
törekszik	doc#1693	. </s><s> - Nem	törekszem	NA	indefinite
igyekszik	doc#1693	, amit írsz ! </s><s>	Igyekszem	ezen a téren	indefinite
alszik	doc#1693	este meg míg	alszom	, addig had	indefinite
igyekszik	doc#1693	. </s><s> -	Igyekszem	apránként	indefinite
úszik	doc#1693	, ha nem	úszom	meg	indefinite
igyekszik	doc#1693	, én is	igyekszem	mindig	indefinite
igyekszik	doc#1693	el , én	igyekszem	, de kevés	indefinite
igyekszik	doc#1693	első rész . </s><s>	Igyekszem	a második	indefinite
igyekszik	doc#1693	NA	igyekszem	a	indefinite
igyekszik	doc#1694	otthona </s><s> Úgy	igyekszem	, hogy ne	indefinite
igyekszik	doc#1694	Veled ! </s><s> Úgy	igyekszem	, hogy ne	indefinite
alszik	doc#1694	, ha	alszom	és	indefinite
alszik	doc#1694	hogy már nem	alszom	:DD *	indefinite
alszik	doc#1694	már otthol	alszom	de jó lesz	indefinite
igyekszik	doc#1694	nélkül . </s><s>	Igyekszem	hasznos	indefinite
igyekszik	doc#1694	, hogy	igyekszem	mindent	indefinite
alszik	doc#1694	este alig	alszom	segitség	indefinite
igyekszik	doc#1694	 !!! </s><s> Holnap	igyekszem	hazaérni ,	indefinite
igyekszik	doc#1694	dagadni . </s><s>	Igyekszem	minél	indefinite
igyekszik	doc#1694	nektek ! </s><s>	Igyekszem	átadni a	indefinite
baszik	doc#1694	élni ugy nem	baszom	el mások	indefinite
igyekszik	doc#1695	a csapatba . </s><s>	Igyekszem	majd aktív	indefinite
igyekszik	doc#1695	majd ide is	igyekszem	írni . </s><s> :)	indefinite
igyekszik	doc#1695	is	igyekszem	kifejteni . </s>	indefinite
igyekszik	doc#1695	valamit :	igyekszem	NA	indefinite
igyekszik	doc#1695	NA	igyekszem	mihamarabb	indefinite
igyekszik	doc#1695	,	igyekszem	a lehető	indefinite
igyekszik	doc#1695	Nagydíjig . </s><s>	Igyekszem	az	indefinite
cselekszik	doc#1695	, mint	cselekszem	. </s><s> Adott egy	indefinite
alszik	doc#1695	Dunaparton	alszom	ma ... </s>	indefinite
igyekszik	doc#1696	. </s><s>	Igyekszem	</s><s> 2013-07-29 </s>	indefinite
cselekszik	doc#1696	velem , úgy	cselekszem	ő vele ;	indefinite
igyekszik	doc#1696	,	igyekszem	reagálni	indefinite
igyekszik	doc#1696	funkciókat	igyekszem	hozzá tenni	indefinite
úszik	doc#1696	, hogy jól	úszom	majd háton ,	indefinite
alszik	doc#1696	!!! ( és nem	alszom	el a zenéjén	indefinite
igyekszik	doc#1696	Miklósné . </s><s> -	Igyekszem	részt venni	indefinite
bogarászik	doc#1696	, Picasso . </s><s>	Bogarászom	a betűket ,	definite
igyekszik	doc#1696	<s> Élj a mának ! </s><s>	Igyekszem	csak jóra	indefinite
alszik	doc#1696	eszem , nem	alszom	,	indefinite
igyekszik	doc#1696	tőletek és	igyekszem	minél több ,	indefinite
igyekszik	doc#1696	miatt , de	igyekszem	a	indefinite
alszik	doc#1696	9 órát	alszom	egy nap	indefinite
igyekszik	doc#1697	, én pedig	igyekszem	bizonyos	indefinite
igyekszik	doc#1697	,	igyekszem	a	indefinite
alszik	doc#1697	. </s><s> Én ott	alszom	, Iliék	indefinite
alszik	doc#1697	NA	alszom	másnap	indefinite
igyekszik	doc#1697	okán	igyekszem	minden	indefinite
igyekszik	doc#1697	es akkor	igyekszem	mindent	indefinite
igyekszik	doc#1697	inkább	igyekszem	minőségi	indefinite
igyekszik	doc#1697	, részemről	igyekszem	a kevéske	indefinite
igyekszik	doc#1697	és	igyekszem	arra	indefinite
alszik	doc#1697	új városban	alszom	. </s>	indefinite
alszik	doc#1698	padlóján	alszom	, vagy a	indefinite
alszik	doc#1698	teszem , ha	alszom	egy kicsit ,	indefinite
cselekszik	doc#1698	módon	cselekszem	amit	indefinite
alszik	doc#1698	látok . </s><s> Alig	alszom	, csak a	indefinite
igyekszik	doc#1698	: Vikii *	Igyekszem	gyakran	indefinite
igyekszik	doc#1698	törödést ! </s><s>	Igyekszem	mihamarabb	indefinite
alszik	doc#1698	gondom !! </s><s>	Alszom	mint a bunda	indefinite
igyekszik	doc#1698	, majd	igyekszem	egy kis	indefinite
igyekszik	doc#1698	. </s><s> De nagyon	igyekszem	, hogy	indefinite
igyekszik	doc#1698	rendelt ,	igyekszem	igyekszem	indefinite
igyekszik	doc#1698	, igyekszem	igyekszem	:) </s>	indefinite
igyekszik	doc#1698	legalább	igyekszem	NA	indefinite
igyekszik	doc#1698	kiáltással	igyekszem	lefotózni	indefinite
igyekszik	doc#1698	nyugodtan ! </s><s>	Igyekszem	beárazni	indefinite
igyekszik	doc#1698	is	igyekszem	belevinni	indefinite
alszik	doc#1698	keveset	alszom	, fejbe	indefinite
baszik	doc#1698	, fejbe	baszom	c : úgy tűnik	indefinite
igyekszik	doc#1698	, egérhez	igyekszem	ritkán	indefinite
igyekszik	doc#1698	csak lehet	igyekszem	beépíteni a	indefinite
igyekszik	doc#1699	! </s><s> Oké ? </s><s> -Majd	igyekszem	. </s><s> -Van egy	indefinite
úszik	doc#1699	látom nem	úszom	meg a DME	indefinite
igyekszik	doc#1699	igazad van ,	igyekszem	nem körbe	indefinite
alszik	doc#1699	az autóban	alszom	... végül	indefinite
igyekszik	doc#1699	, de azért	igyekszem	azt is minél	definite
igyekszik	doc#1699	, ezt is	igyekszem	NA	definite
igyekszik	doc#1699	, most újra	igyekszem	kezelni . </s><s> De	indefinite
igyekszik	doc#1699	Legalábbis	igyekszem	:) - Azt	indefinite
hazudozik	doc#1699	TE 6- nem én	hazudozom	, hogy	indefinite
cselekszik	doc#1699	NA	cselekszem	, amit	indefinite
igyekszik	doc#1699	a B o o Nos ,	igyekszem	megfelelő	indefinite
alszik	doc#1699	ma este nàla	alszom	! </s><s> : D </s>	indefinite
alszik	doc#1700	és sokáig	alszom	reggel ,	indefinite
úszik	doc#1700	, én	úszom	egy fél órát	indefinite
igyekszik	doc#1700	... </s><s>	Igyekszem	majd	indefinite
alszik	doc#1700	medencében	alszom	ma legaláb	indefinite
igyekszik	doc#1700	fel , de	igyekszem	mindent	indefinite
igyekszik	doc#1700	is lesz . </s><s>	Igyekszem	nagyon ! </s><s> : )	indefinite
cselekszik	doc#1700	helyesen	cselekszem	. </s><s> Mondtam ,	indefinite
igyekszik	doc#1700	megírom és	igyekszem	kevésbé	indefinite
igyekszik	doc#1700	Nektek ? </s><s>	Igyekszem	majd	indefinite
alszik	doc#1700	ma este nem	alszom	: D Úgyhogy	indefinite
igyekszik	doc#1700	megérted és	igyekszem	mindent	indefinite
igyekszik	doc#1700	, és	igyekszem	hasznos és	indefinite
igyekszik	doc#1700	fázni :)	Igyekszem	minden nap	indefinite
igyekszik	doc#1700	és	igyekszem	segíteni . </s>	indefinite
igyekszik	doc#1700	fordulót	igyekszem	felrakni	indefinite
alszik	doc#1701	!!!! </s><s> Én kint	alszom	ma a	indefinite
igyekszik	doc#1701	<s> Cygnus </s><s>	Igyekszem	nem	indefinite
törekszik	doc#1701	. </s><s> Én arra	törekszem	, hogy az	indefinite
úszik	doc#1701	alapján nem	úszom	meg 100 ezer	indefinite
úszik	doc#1701	? én inkább	úszom	, olvasok ,	indefinite
igyekszik	doc#1701	majd	igyekszem	hozni pár	indefinite
alszik	doc#1701	itt is	alszom	. </s>	indefinite
igyekszik	doc#1701	<s> Mindig azon	igyekszem	, nehogy	indefinite
alszik	doc#1701	8-9 órákat	alszom	. </s><s> Nos nekik	indefinite
igyekszik	doc#1701	, de	igyekszem	képben	indefinite
alszik	doc#1701	szemmel	alszom	, mint a	indefinite
baszik	doc#1701	, mer én most	baszom	nektek	indefinite
alszik	doc#1701	nehezen	alszom	!! </s>	indefinite
igyekszik	doc#1702	elől ,	igyekszem	NA	indefinite
alszik	doc#1702	hogy már nem	alszom	. </s><s> - Miért	indefinite
igyekszik	doc#1702	nem	igyekszem	mindenáron	indefinite
igyekszik	doc#1702	NA	igyekszem	NA	indefinite
étkezik	doc#1702	NA	étkezem	- de	indefinite
igyekszik	doc#1702	NA	igyekszem	megadni	indefinite
cselekszik	doc#1702	Atyát és úgy	cselekszem	, amint az én	indefinite
törekszik	doc#1702	NA	törekszem	a Szent	indefinite
igyekszik	doc#1702	én is """"	igyekszem	, hogy	indefinite
igyekszik	doc#1702	uraljon . </s><s>	Igyekszem	erősíteni	indefinite
étkezik	doc#1702	gyakran	étkezem	. </s><s> Testem a	indefinite
törekszik	doc#1702	NA	törekszem	másokkal . </s>	indefinite
igyekszik	doc#1702	is bátran ,	igyekszem	válaszolni	indefinite
alszik	doc#1702	nappaliban	alszom	, a kanapén . </s>	indefinite
igyekszik	doc#1702	élni , de	igyekszem	. </s><s> Apa , a	indefinite
igyekszik	doc#1702	, ígérem ,	igyekszem	lemosni	indefinite
igyekszik	doc#1703	. </s><s> Mostantól	igyekszem	egy picit	indefinite
igyekszik	doc#1703	! </s><s> Köszönöm	Igyekszem	meg	indefinite
alszik	doc#1703	nyugodtan	alszom	jó éjt :-) </s>	indefinite
igyekszik	doc#1703	: D , viszont	igyekszem	NA	indefinite
baszik	doc#1703	telibe	baszom	a mikrofont	indefinite
igyekszik	doc#1703	forma :	Igyekszem	NA	indefinite
törekszik	doc#1703	arra	törekszem	, hogy ezt	indefinite
igyekszik	doc#1703	) és	igyekszem	átélni őket	indefinite
alszik	doc#1703	NA	alszom	el , hogy	indefinite
igyekszik	doc#1704	sem . </s><s>	Igyekszem	utolérni	indefinite
alszik	doc#1704	, hogy még	alszom	, mert mikor	indefinite
alszik	doc#1704	, hogy még	alszom	, mert mikor	indefinite
alszik	doc#1704	, hogy még	alszom	s megölelt s	indefinite
igyekszik	doc#1704	legyen ,	igyekszem	erről is	indefinite
alszik	doc#1705	<s> Mosolyogva	alszom	el , mert a	indefinite
alszik	doc#1705	<s>	Alszom	senki ne	indefinite
igyekszik	doc#1705	<s> Köszönöm ! </s><s>	Igyekszem	. </s><s> : D Még egy	indefinite
alszik	doc#1705	, ahol ma	alszom	, például	indefinite
alszik	doc#1705	a neveddel	alszom	el üres	indefinite
alszik	doc#1705	a neveddel	alszom	el havas	indefinite
alszik	doc#1705	a neveddel	alszom	el zárt	indefinite
alszik	doc#1705	a neveddel	alszom	el csodás	indefinite
alszik	doc#1705	a neveddel	alszom	el az	indefinite
alszik	doc#1705	a neveddel	alszom	el hányszor	indefinite
alszik	doc#1705	a neveddel	alszom	el """" :-( </s>	indefinite
igyekszik	doc#1706	, így	igyekszem	rövidre	indefinite
igyekszik	doc#1707	Igen , én is	igyekszem	azzal	indefinite
igyekszik	doc#1707	nagyon	igyekszem	. </s><s> -- De nem	indefinite
alszik	doc#1707	jól	alszom	. </s><s> Nem sokat ,	indefinite
igyekszik	doc#1707	, s épp ezért	igyekszem	NA	indefinite
baszik	doc#1707	az agyam meg	baszom	a szátokat	definite
alszik	doc#1708	sétálni . </s><s> Én	alszom	egy jót . </s>	indefinite
igyekszik	doc#1708	én	igyekszem	NA	indefinite
igyekszik	doc#1708	. </s><s>	Igyekszem	NA	indefinite
igyekszik	doc#1708	több . </s><s> Azért	igyekszem	lassan	indefinite
igyekszik	doc#1708	ajtaját és	igyekszem	rájönni a	indefinite
cselekszik	doc#1708	, hogy j ó t	cselekszem	é s k ö sz ö	indefinite
alszik	doc#1708	nélküle	alszom	el	indefinite
alszik	doc#1708	éjjel sírva	alszom	el , mert nem	indefinite
alszik	doc#1708	! </s><s> Ha kell itt	alszom	vele ,	indefinite
igyekszik	doc#1709	nem én magam	igyekszem	megóvni és	indefinite
igyekszik	doc#1709	A lányomnak	igyekszem	tanácsokat	indefinite
alszik	doc#1710	László </s><s> Nem	alszom	nem alszom	indefinite
alszik	doc#1710	alszom nem	alszom	két napja ,	indefinite
igyekszik	doc#1710	a golyók ! </s><s>	Igyekszem	NA	indefinite
úszik	doc#1710	télleg nem	úszom	meg !!! </s><s> : '' (	indefinite
igyekszik	doc#1710	Napok ) ,	igyekszem	jó képeket	indefinite
igyekszik	doc#1711	sem . </s><s>	Igyekszem	Fabiant	indefinite
igyekszik	doc#1711	részéről	igyekszem	betartani a	indefinite
igyekszik	doc#1711	ezért akkor	igyekszem	több körmös	indefinite
igyekszik	doc#1712	! :)	Igyekszem	vele ! :)	indefinite
igyekszik	doc#1712	! </s><s> :)	Igyekszem	NA	indefinite
igyekszik	doc#1712	, amelyeket	igyekszem	NA	indefinite
alszik	doc#1712	reggel . </s><s>	Alszom	tovább a	indefinite
alszik	doc#1712	macival	alszom	, de rajta	indefinite
alszik	doc#1712	macival	alszom	. </s><s> De persze ,	indefinite
alszik	doc#1713	, nem	alszom	, idegesen	indefinite
alszik	doc#1713	hónapja nem	alszom	többet	indefinite
igyekszik	doc#1713	NA	igyekszem	majd , hogy	indefinite
mozizik	doc#1713	sztereóban	mozizom	+ a sztereó	indefinite
igyekszik	doc#1713	. </s><s> Ezzel	igyekszem	nem	indefinite
igyekszik	doc#1713	<s> Szóval most	igyekszem	normálisan	indefinite
alszik	doc#1713	, ma piával	alszom	... </s>	indefinite
igyekszik	doc#1714	<s>	Igyekszem	, emberek ,	indefinite
igyekszik	doc#1714	, emberek ,	igyekszem	. </s>	indefinite
igyekszik	doc#1714	... erről	igyekszem	NA	indefinite
igyekszik	doc#1715	után	igyekszem	a lehető	indefinite
igyekszik	doc#1715	köszönöm !!	igyekszem	a jövőben én	indefinite
cselekszik	doc#1715	, hogy miért	cselekszem	. </s><s> Nincs	indefinite
igyekszik	doc#1715	mosolygok ,	igyekszem	megoldani a	indefinite
igyekszik	doc#1715	Akárhogy is	igyekszem	, nem	indefinite
igyekszik	doc#1715	én most	igyekszem	rád nem	indefinite
úszik	doc#1715	<s> Minden nap	úszom	, keresem a	indefinite
alszik	doc#1715	ezzel	alszom	és az	indefinite
alszik	doc#1715	csapok és	alszom	egyet . </s>	indefinite
alszik	doc#1715	? Én itt	alszom	, és jó lenne	indefinite
alszik	doc#1715	nehezen	alszom	el ... </s><s> Pedig	indefinite
igyekszik	doc#1715	:((( Persze	igyekszem	szépen	indefinite
igyekszik	doc#1716	évben	igyekszem	újból	indefinite
alszik	doc#1716	kettőkor	alszom	el , és	indefinite
alszik	doc#1716	Temiatd nem	alszom	</s><s> 2013-08-19 </s>	indefinite
alszik	doc#1716	egész jól	alszom	. </s><s> Nem a	indefinite
igyekszik	doc#1716	, magam	igyekszem	ezekből	indefinite
igyekszik	doc#1716	majd jobban	igyekszem	. </s>	indefinite
alszik	doc#1716	órát egyben	alszom	. </s><s> Szép	indefinite
igyekszik	doc#1716	is . </s><s> Én	igyekszem	a lehető	indefinite
cselekszik	doc#1716	nem hitböl	cselekszem	meghalt a	indefinite
igyekszik	doc#1716	<s> Köszi .	igyekszem	! </s><s> Valaminek	indefinite
baszik	doc#1717	és szét	baszom	az	indefinite
alszik	doc#1718	, és ott	alszom	éveket	indefinite
igyekszik	doc#1718	, de majd	igyekszem	. </s>	indefinite
törekszik	doc#1718	. </s><s> Én	törekszem	szolgálni a	indefinite
igyekszik	doc#1718	megoldja ! </s><s>	Igyekszem	úrrá lenni	indefinite
igyekszik	doc#1718	, és	igyekszem	nemsokára	indefinite
igyekszik	doc#1719	vagyunk . </s><s> De	igyekszem	helyre	indefinite
igyekszik	doc#1719	, azokat	igyekszem	átadni , és	indefinite
igyekszik	doc#1719	, illetve	igyekszem	betartani a	indefinite
baszik	doc#1719	<s> BISZEM	BASZOM	bukarest : D	indefinite
alszik	doc#1719	, ma újra nem	alszom	el , ha ő	indefinite
igyekszik	doc#1719	, és	igyekszem	inkább	indefinite
igyekszik	doc#1720	szépen ^^	igyekszem	a	indefinite
igyekszik	doc#1720	válaszok .	igyekszem	bejelölni	indefinite
igyekszik	doc#1720	! </s><s> Vallom és	igyekszem	ennek	indefinite
úszik	doc#1720	túlra	úszom	, és a part	indefinite
baszik	doc#1720	fölé	baszom	!! </s><s> Még a	indefinite
igyekszik	doc#1721	ügyben . </s><s>	Igyekszem	mielőbb	indefinite
igyekszik	doc#1721	<s> @ jEnci :	Igyekszem	biza ,	indefinite
igyekszik	doc#1721	biza ,	igyekszem	!!! </s><s> ;-)) </s>	indefinite
cselekszik	doc#1721	Igéjét	cselekszem	! </s><s> ( Jakab	indefinite
alszik	doc#1721	Jakso </s><s> Ha	alszom	, rólad	indefinite
igyekszik	doc#1721	na , erre	igyekszem	gondolni ,	indefinite
igyekszik	doc#1721	esik jól és	igyekszem	nem	indefinite
igyekszik	doc#1721	a blogon ,	igyekszem	ezt	definite
baszik	doc#1721	kutya meg	baszom	anyàdat lo	indefinite
igyekszik	doc#1721	majd azért	igyekszem	lenni ! :) * B </s>	indefinite
igyekszik	doc#1721	szart se ér . </s><s>	Igyekszem	mielőbb	indefinite
igyekszik	doc#1721	csak ma , de	igyekszem	nedvesen	indefinite
igyekszik	doc#1721	megyek és	igyekszem	az	indefinite
igyekszik	doc#1722	aggódom , de	igyekszem	NA	indefinite
igyekszik	doc#1722	<s> Köszi ,	igyekszem	:) </s>	indefinite
baszik	doc#1722	azért nem is	baszom	fel magam	indefinite
igyekszik	doc#1722	. </s><s> Most	igyekszem	újra	indefinite
igyekszik	doc#1722	in period . </s><s>	Igyekszem	, de annyi	indefinite
alszik	doc#1722	is veletek	alszom	. </s>	indefinite
baszik	doc#1722	azt a biszem	baszom	szar	indefinite
igyekszik	doc#1722	srácok !! </s><s>	Igyekszem	a nem tucat	definite
alszik	doc#1723	Veled	alszom	el ! </s><s> Miért	indefinite
igyekszik	doc#1723	Legalábbis	igyekszem	:) Először	indefinite
igyekszik	doc#1723	,	igyekszem	majd	indefinite
alszik	doc#1723	is vele	alszom	,, Ezért is	indefinite
baszik	doc#1723	meg	baszom	és le baszom	indefinite
baszik	doc#1723	baszom és le	baszom	azokat	indefinite
cselekszik	doc#1724	dolgokat	cselekszem	, amik	indefinite
alszik	doc#1724	és én	alszom	a lekvárban	indefinite
igyekszik	doc#1724	) . </s><s> Még csak	igyekszem	arra , hogy	indefinite
cselekszik	doc#1724	cibál , - Azt	cselekszem	, ami	definite
igyekszik	doc#1724	,	igyekszem	az összes	indefinite
alszik	doc#1725	és lehet , h	alszom	egy kicsit ! </s>	indefinite
igyekszik	doc#1725	azert	igyekszem	kepbe	indefinite
igyekszik	doc#1725	olyanokat	igyekszem	elkerulni	indefinite
igyekszik	doc#1725	alapján	igyekszem	bevezetni	indefinite
igyekszik	doc#1725	egy kicsit . </s><s>	Igyekszem	utolérni a	indefinite
igyekszik	doc#1725	hatása , de	igyekszem	NA	indefinite
igyekszik	doc#1725	Vincze </s><s>	Igyekszem	ezt tenni	definite
igyekszik	doc#1725	? </s><s> Már 3 napja	igyekszem	belépni ,	indefinite
alszik	doc#1725	sírva	alszom	el Ez meddig	indefinite
alszik	doc#1725	már otthon	alszom	... </s><s> :( :) </s>	indefinite
alszik	doc#1726	, mert nem is	alszom	, de ha mégis	indefinite
igyekszik	doc#1726	, de mindig	igyekszem	egy kis időt	indefinite
igyekszik	doc#1726	szövegeit .	igyekszem	közel vinni	indefinite
alszik	doc#1726	De ma miért	alszom	el	indefinite
alszik	doc#1726	De ma miért	alszom	el	indefinite
igyekszik	doc#1726	<s> Jansen Eva </s><s>	Igyekszem	megnézni ,	indefinite
igyekszik	doc#1727	NA	igyekszem	a	indefinite
igyekszik	doc#1727	:)	Igyekszem	a következő	indefinite
igyekszik	doc#1727	. </s><s> De utolag	igyekszem	meg	indefinite
igyekszik	doc#1727	veled ,	igyekszem	is pozitív	indefinite
igyekszik	doc#1727	leírni , de	igyekszem	NA	indefinite
igyekszik	doc#1727	vezetőként	igyekszem	helytállni	indefinite
igyekszik	doc#1727	, de azért	igyekszem	. </s>	indefinite
alszik	doc#1727	mennyit	alszom	, amióta	indefinite
törekszik	doc#1728	és emellett	törekszem	arra , hogy	indefinite
igyekszik	doc#1728	fenn . </s><s> Na ,	igyekszem	még	indefinite
igyekszik	doc#1728	, ha egyedül	igyekszem	túl lenni	indefinite
igyekszik	doc#1728	. </s><s> """"	Igyekszem	mindig	indefinite
igyekszik	doc#1729	, de ezt majd	igyekszem	pótolni . </s>	indefinite
alszik	doc#1729	, nem is	alszom	. </s><s> A Kineto	indefinite
igyekszik	doc#1729	:)))) de	igyekszem	piszkosul	indefinite
alszik	doc#1729	. </s><s> Ha nem	alszom	el biztos ,	indefinite
igyekszik	doc#1729	aztán	igyekszem	jókedvűen	indefinite
cselekszik	doc#1730	. </s><s> Ha csak	cselekszem	,	indefinite
törekszik	doc#1730	<s> """" Ma arra	törekszem	, hogy	indefinite
igyekszik	doc#1730	leszek ,	igyekszem	egyenként	indefinite
alszik	doc#1730	most	alszom	egy kicsit	indefinite
alszik	doc#1730	de ki	alszom	magam ma	indefinite
alszik	doc#1730	már sokszor	alszom	. </s><s> Délelőtt	indefinite
alszik	doc#1730	. </s><s> Nem	alszom	el . </s>	indefinite
igyekszik	doc#1731	meg és én	igyekszem	Neki a	indefinite
alszik	doc#1731	pedig úgy	alszom	el , mint egy	indefinite
igyekszik	doc#1731	címet ,	igyekszem	délelőtt	indefinite
igyekszik	doc#1731	, de	igyekszem	minél előbb	indefinite
alszik	doc#1731	jobban	alszom	. </s><s> És azontúl	indefinite
alszik	doc#1731	. </s><s> Rosszul	alszom	, többször	indefinite
igyekszik	doc#1732	múlt . </s><s>	Igyekszem	megérezni ,	indefinite
cselekszik	doc#1732	szívesen	cselekszem	NA	indefinite
igyekszik	doc#1732	sem , de	igyekszem	eljutni . </s><s> A	indefinite
alszik	doc#1732	,	alszom	egy nagyot ! </s>	indefinite
alszik	doc#1732	este veled	alszom	,	indefinite
alszik	doc#1732	nélküle	alszom	el ! </s><s> Nem	indefinite
cselekszik	doc#1732	láttam majd	cselekszem	ahoz mérten	indefinite
baszik	doc#1732	te ! </s><s> -Ó , hogy	baszom	a nyakadat ,	definite
igyekszik	doc#1732	! </s><s>	Igyekszem	NA	indefinite
igyekszik	doc#1732	<s> Ezt gyorsan	igyekszem	NA	indefinite
alszik	doc#1732	, vagy én	alszom	túl gyorsan	indefinite
igyekszik	doc#1732	? </s><s> Én	igyekszem	alázatos	indefinite
igyekszik	doc#1732	itt , de	igyekszem	rövidebb	indefinite
igyekszik	doc#1732	. </s><s>	Igyekszem	a	indefinite
cselekszik	doc#1733	akkor is azt	cselekszem	amit jónak	definite
alszik	doc#1733	jövőnk .. </s><s> Ha	alszom	felkelek	indefinite
alszik	doc#1733	: két éve nem	alszom	rendesen ,	indefinite
alszik	doc#1734	Csenddel	alszom	Az ősz	indefinite
igyekszik	doc#1734	<s> Mindig	igyekszem	őszinte	indefinite
alszik	doc#1734	. </s><s> - Akkor	alszom	? - fordult	indefinite
igyekszik	doc#1734	.... </s><s> Én	igyekszem	csöndben	indefinite
igyekszik	doc#1734	, de	igyekszem	úgy látni az	indefinite
igyekszik	doc#1734	, de	igyekszem	minnél	indefinite
úszik	doc#1735	, azt nem	úszom	meg	definite
igyekszik	doc#1735	azért	igyekszem	tisztában	indefinite
igyekszik	doc#1735	szavakat ! </s><s>	Igyekszem	több	indefinite
alszik	doc#1735	, hogy én	alszom	itt - ölel	indefinite
bogarászik	doc#1735	! </s><s> Hetek óta	bogarászom	, de sehol	indefinite
igyekszik	doc#1735	.. élek és	igyekszem	jól	indefinite
igyekszik	doc#1735	a napjaim és	igyekszem	színesen	indefinite
alszik	doc#1736	le , és el is	alszom	, mert csak	indefinite
igyekszik	doc#1736	és akkor	igyekszem	majd	indefinite
igyekszik	doc#1736	, ha	igyekszem	mellőzni a	indefinite
igyekszik	doc#1736	ritmusát . </s><s> S	igyekszem	minden nap	indefinite
baszik	doc#1736	ha	baszom	a barátnőd	indefinite
alszik	doc#1737	helyen	alszom	ahol a 00	indefinite
alszik	doc#1737	hónapja nem	alszom	, szerintem	indefinite
úszik	doc#1737	1 km-t	úszom	. </s><s> Egy ideje	indefinite
igyekszik	doc#1737	következőn	igyekszem	ott lenni	indefinite
alszik	doc#1737	ott , Nem	alszom	. </s><s> Ezernyi	indefinite
alszik	doc#1737	ott , Nem	alszom	. </s>	indefinite
alszik	doc#1737	könnyebben	alszom	! </s><s> Ha érted	indefinite
alszik	doc#1738	egész nap	alszom	a	indefinite
alszik	doc#1738	, amíg el nem	alszom	. </s><s> Puha , új	indefinite
igyekszik	doc#1738	szemben , és	igyekszem	kordában	indefinite
igyekszik	doc#1738	felülök ,	igyekszem	nem	indefinite
igyekszik	doc#1738	NA	igyekszem	, nem tudom	indefinite
igyekszik	doc#1738	<s> Próbálom ,	igyekszem	. </s><s> Annyira	indefinite
igyekszik	doc#1738	. </s><s> -	Igyekszem	jó apa lenni	indefinite
igyekszik	doc#1738	, és	igyekszem	NA	indefinite
cselekszik	doc#1738	, helyesen	cselekszem	. </s><s> Mia . </s>	indefinite
alszik	doc#1738	! </s><s> Nem	alszom	vele . </s>	indefinite
igyekszik	doc#1738	nyelek ,	igyekszem	a	indefinite
igyekszik	doc#1738	a vér , és	igyekszem	NA	indefinite
igyekszik	doc#1738	veszek ,	igyekszem	elfojtani a	indefinite
igyekszik	doc#1738	magam ,	igyekszem	távol	indefinite
igyekszik	doc#1738	... -	igyekszem	, hogy a	indefinite
igyekszik	doc#1738	, nagyon	igyekszem	, de a testem	indefinite
igyekszik	doc#1738	nevetve , és	igyekszem	eltemetni	indefinite
igyekszik	doc#1738	- morgom , és	igyekszem	NA	indefinite
igyekszik	doc#1738	. </s><s> - De	igyekszem	NA	indefinite
igyekszik	doc#1738	bugyrot . </s><s>	Igyekszem	a	indefinite
igyekszik	doc#1738	. </s><s> De ezentúl	igyekszem	méginkább	indefinite
igyekszik	doc#1738	. de	igyekszem	tartani az	indefinite
igyekszik	doc#1738	a jövőben	igyekszem	nem	indefinite
igyekszik	doc#1739	kapok . </s><s>	Igyekszem	hamar	indefinite
igyekszik	doc#1739	,	igyekszem	kipihenni	indefinite
igyekszik	doc#1739	jobban	igyekszem	:) </s>	indefinite
igyekszik	doc#1739	is tudtam . </s><s>	Igyekszem	szervízt	indefinite
alszik	doc#1740	egy kicsit ,	alszom	rá párat ,	indefinite
igyekszik	doc#1740	szemét de	igyekszem	takarítani	indefinite
alszik	doc#1740	vagyok ,	alszom	egy kicsit ,	indefinite
igyekszik	doc#1740	zömét	igyekszem	átélni úgy ,	indefinite
törekszik	doc#1741	legalábbis	törekszem	erre -néha	indefinite
igyekszik	doc#1741	, hogy	igyekszem	NA	indefinite
törekszik	doc#1741	NA	törekszem	. </s>	indefinite
igyekszik	doc#1741	pihenéssel	igyekszem	ünnepelni -	indefinite
igyekszik	doc#1741	szerint	igyekszem	is	indefinite
igyekszik	doc#1741	is drága . </s><s> Én	igyekszem	olyan	indefinite
úszik	doc#1741	alá . </s><s> Sokat	úszom	lefelé . </s>	indefinite
alszik	doc#1741	, ha ma itt	alszom	Lilcsi ? </s>	indefinite
cselekszik	doc#1741	, ki mindent	cselekszem	, aki az	indefinite
igyekszik	doc#1742	, hiába is	igyekszem	nem tudlak	indefinite
igyekszik	doc#1742	:-)	igyekszem	NA	indefinite
igyekszik	doc#1742	a világra . </s><s>	Igyekszem	nap mint nap	indefinite
igyekszik	doc#1742	az átírást ,	igyekszem	nehezen	indefinite
igyekszik	doc#1742	pillanatig	igyekszem	pozitív	indefinite
igyekszik	doc#1742	illetővel ,	igyekszem	az ő nyelvén	indefinite
cselekszik	doc#1742	NA	cselekszem	. </s><s> Ezeket	indefinite
úszik	doc#1742	, hogy nem	úszom	tovább . </s>	indefinite
úszik	doc#1742	, én is	úszom	napi két	indefinite
igyekszik	doc#1742	<s> 1080p-t is	igyekszem	HD hanggal	indefinite
igyekszik	doc#1742	jár , de	igyekszem	megfelelni	indefinite
igyekszik	doc#1742	a távolból	igyekszem	NA	indefinite
alszik	doc#1743	egyutt	alszom	azzal a	indefinite
cselekszik	doc#1743	szerint	cselekszem	akkor	indefinite
alszik	doc#1743	zokniban	alszom	, de ez a	indefinite
igyekszik	doc#1743	és	igyekszem	, hogy ez is	indefinite
igyekszik	doc#1743	a hibát én is	igyekszem	elkerülni	indefinite
igyekszik	doc#1743	... </s><s> DE	igyekszem	:) """" Sosem	indefinite
igyekszik	doc#1743	inkább	igyekszem	az a	indefinite
igyekszik	doc#1744	ezentúl	igyekszem	nem keresni	indefinite
alszik	doc#1744	... már	alszom	. </s>	indefinite
igyekszik	doc#1744	kaland ,	igyekszem	NA	indefinite
úszik	doc#1744	, én is	úszom	napi két	indefinite
alszik	doc#1744	, mikor	alszom	mindig	indefinite
baszik	doc#1744	..	baszom	anyád ,	indefinite
igyekszik	doc#1744	ezzel baj . </s><s>	Igyekszem	a lehető	indefinite
igyekszik	doc#1744	, és	igyekszem	erősíteni	indefinite
igyekszik	doc#1745	Ohjajj ,	igyekszem	ígérem	indefinite
alszik	doc#1745	, és már	alszom	is . </s><s> -	indefinite
igyekszik	doc#1745	, és	igyekszem	ettől nem	indefinite
törekszik	doc#1745	NA	törekszem	! </s>	indefinite
alszik	doc#1745	nyugodtam	alszom	. </s>	indefinite
alszik	doc#1747	!!! </s><s> Pont ma	alszom	el mikor nem	indefinite
igyekszik	doc#1747	, addig	igyekszem	az elvártan	indefinite
igyekszik	doc#1748	léteznek . </s><s>	Igyekszem	NA	indefinite
igyekszik	doc#1748	ennyi ,	igyekszem	minden	indefinite
igyekszik	doc#1748	is írtál ! és	igyekszem	: D éééés	indefinite
igyekszik	doc#1748	:) Ígérem	igyekszem	a	indefinite
igyekszik	doc#1748	a rész :)	igyekszem	:) Törlés </s>	indefinite
igyekszik	doc#1748	. </s><s> Több éve	igyekszem	az összeset	definite
igyekszik	doc#1748	kezdődni . </s><s>	Igyekszem	minél	indefinite
igyekszik	doc#1748	a célomhoz . </s><s>	Igyekszem	vele most	indefinite
igyekszik	doc#1748	vagyok , és	igyekszem	téged	indefinite
igyekszik	doc#1748	lett . :)	Igyekszem	nem	indefinite
igyekszik	doc#1750	robogóst ,	igyekszem	minél	indefinite
igyekszik	doc#1750	kérem (	igyekszem	minél	indefinite
igyekszik	doc#1750	megvan , de	igyekszem	nem bántó	indefinite
igyekszik	doc#1750	, hogy	igyekszem	minnél	indefinite
alszik	doc#1750	... inkább	alszom	és álmodok	indefinite
igyekszik	doc#1751	<s> Szia Foeni ! </s><s>	Igyekszem	. </s><s> Szeretnék	indefinite
úszik	doc#1752	, hogy nem	úszom	meg , de majd	indefinite
igyekszik	doc#1752	meg , de majd	igyekszem	óvatos	indefinite
cselekszik	doc#1752	, vágyódom ,	cselekszem	be is	indefinite
cselekszik	doc#1752	vagyok , úgy	cselekszem	, mint	indefinite
igyekszik	doc#1752	mamának ! </s><s>	Igyekszem	gyors lenni	indefinite
igyekszik	doc#1753	megosztom	igyekszem	a géppel	indefinite
baszik	doc#1753	NA	baszom	a szdád	indefinite
igyekszik	doc#1753	, ahol	igyekszem	egy öl	indefinite
bogarászik	doc#1753	végig is	bogarászom	és most	indefinite
igyekszik	doc#1754	,	igyekszem	NA	indefinite
igyekszik	doc#1754	,	igyekszem	NA	indefinite
igyekszik	doc#1754	és	igyekszem	pozitívan	indefinite
igyekszik	doc#1754	!!! </s><s>	Igyekszem	majd	indefinite
igyekszik	doc#1755	képből és	igyekszem	vissza meg	indefinite
alszik	doc#1755	házra Veled	alszom	el a 483-as	indefinite
igyekszik	doc#1756	. </s><s> Azért	igyekszem	rugalmas	indefinite
igyekszik	doc#1756	egy E100 ,	igyekszem	lekötni és	indefinite
igyekszik	doc#1756	valamit ...	igyekszem	pótolni :-)	indefinite
igyekszik	doc#1756	<s> Köszi ..	igyekszem	.. </s>	indefinite
igyekszik	doc#1757	. </s><s>	Igyekszem	gyakran	indefinite
igyekszik	doc#1757	,	igyekszem	képben	indefinite
igyekszik	doc#1757	nagyon	igyekszem	. </s><s> -- >	indefinite
étkezik	doc#1757	NA	ÉTKEZEM	A VERSENY	indefinite
igyekszik	doc#1758	illet én	igyekszem	mindig	indefinite
igyekszik	doc#1758	ünnep . </s><s>	Igyekszem	azonban	indefinite
cselekszik	doc#1758	is	cselekszem	. </s><s> Csak azért	indefinite
alszik	doc#1758	, majd még	alszom	rá . </s><s> Ha tudsz	indefinite
igyekszik	doc#1758	magunkat . </s><s>	Igyekszem	majd nem	indefinite
igyekszik	doc#1758	. </s><s> Köszönöm ,	igyekszem	végre	indefinite
igyekszik	doc#1758	belőled : D ! </s><s>	Igyekszem	: D Tényleg	indefinite
hugyozik	doc#1758	kendő , hogy	hugyozom	le a	indefinite
alszik	doc#1758	a szobában	alszom	!!! </s><s> Törlés </s>	indefinite
igyekszik	doc#1758	NA	Igyekszem	ma is	indefinite
cselekszik	doc#1759	, ha ezt	cselekszem	? </s><s> Hogyan	definite
alszik	doc#1759	. </s><s> Éjjel	alszom	, ekkor is	indefinite
igyekszik	doc#1759	mellőzni	igyekszem	. </s><s> Popper	indefinite
igyekszik	doc#1759	NA	igyekszem	minél előbb	indefinite
igyekszik	doc#1759	ellen pedig	igyekszem	védekezni . </s>	indefinite
igyekszik	doc#1759	szépen ,	igyekszem	:) Törlés </s>	indefinite
úszik	doc#1759	is szívesen	úszom	, de ilyen	indefinite
igyekszik	doc#1759	, pedig én	igyekszem	mindent	indefinite
baszik	doc#1759	<s>	Baszom	a klumpát </s>	definite
igyekszik	doc#1759	, ezért	igyekszem	majd utána	indefinite
törekszik	doc#1759	<s> Nem arra	törekszem	, hogy	indefinite
igyekszik	doc#1760	) , akkor	igyekszem	NA	indefinite
igyekszik	doc#1760	. </s><s> Én tényleg	igyekszem	nézni a	indefinite
alszik	doc#1760	és jól	alszom	. </s><s> Amikor meg	indefinite
alszik	doc#1760	mikor	alszom	? </s><s> - . - """"	indefinite
alszik	doc#1760	mellett	alszom	. < 3 </s><s> Kinek	indefinite
alszik	doc#1760	, fél 8-ig	alszom	, ebéd után	indefinite
igyekszik	doc#1760	, ezért	igyekszem	, már	indefinite
igyekszik	doc#1761	bennem . </s><s>	Igyekszem	elsősorban	indefinite
igyekszik	doc#1761	marimókat . </s><s>	Igyekszem	minél	indefinite
igyekszik	doc#1761	es	igyekszem	NA	indefinite
igyekszik	doc#1761	mondani , -	igyekszem	minél	indefinite
igyekszik	doc#1761	Köszönöm ! </s><s>	Igyekszem	mielőbb	indefinite
igyekszik	doc#1761	.. </s><s> Azért	igyekszem	. </s>	indefinite
alszik	doc#1761	nem , holnap	alszom	majd , had	indefinite
alszik	doc#1761	. </s><s> Míg	alszom	a vonaton	indefinite
igyekszik	doc#1762	terveim , de	igyekszem	a lehető	indefinite
igyekszik	doc#1762	majd rá ,	igyekszem	előre	indefinite
igyekszik	doc#1762	, de	igyekszem	titkolni ! </s>	indefinite
igyekszik	doc#1762	mennem ,	igyekszem	a gyengébb	indefinite
alszik	doc#1762	, míg el nem	alszom	. </s><s> S akkor	indefinite
igyekszik	doc#1762	Nap a vízen . </s><s>	Igyekszem	jó és igaz	indefinite
törekszik	doc#1762	ahol a maxra	törekszem	, utána	indefinite
törekszik	doc#1762	szemem arra	törekszem	, hogy az a	indefinite
alszik	doc#1762	még mindég	alszom	, hiszen	indefinite
igyekszik	doc#1763	én például	igyekszem	mindig jobb	indefinite
igyekszik	doc#1763	<s> Épp	igyekszem	felmérni a	indefinite
alszik	doc#1763	NA	alszom	. </s><s> Volt már rá	indefinite
igyekszik	doc#1763	<s> Mostanában	igyekszem	úgy nézni ,	indefinite
igyekszik	doc#1763	szóval	igyekszem	pótolni egy	indefinite
alszik	doc#1763	mért nem	alszom	soksok éjen	indefinite
igyekszik	doc#1763	azért nem	igyekszem	annyira , de	indefinite
alszik	doc#1763	és	alszom	egy jót . </s>	indefinite
igyekszik	doc#1763	, majd	igyekszem	egy nagy	indefinite
igyekszik	doc#1763	. </s><s>	Igyekszem	a képekkel	indefinite
alszik	doc#1763	'' nyugodtan	alszom	:)) </s>	indefinite
igyekszik	doc#1763	utánatok ,	igyekszem	.. </s>	indefinite
igyekszik	doc#1763	NA	igyekszem	eleget	indefinite
igyekszik	doc#1763	,	igyekszem	, amit tudok	indefinite
alszik	doc#1764	, 8ha el nem	alszom	) </s>	indefinite
baszik	doc#1764	vagyok	baszom	anyäd </s>	indefinite
baszik	doc#1764	vagyok	baszom	anyäd </s>	indefinite
baszik	doc#1764	vagyok	baszom	anyäd </s>	indefinite
baszik	doc#1764	szepen	baszom	anyäd	indefinite
baszik	doc#1764	faszät hogy	baszom	a kurva	indefinite
alszik	doc#1764	asszem nem	alszom	: S	indefinite
alszik	doc#1764	, ha most	alszom	egyet ? </s><s> - Nem	indefinite
igyekszik	doc#1764	.... de	igyekszem	a maximumot	definite
igyekszik	doc#1764	illet ,	igyekszem	minél	indefinite
igyekszik	doc#1764	mindig	igyekszem	NA	indefinite
igyekszik	doc#1764	lányok ! </s><s>	Igyekszem	majd	indefinite
igyekszik	doc#1764	23:29 Akkor	igyekszem	majd . </s><s> :) Kár	indefinite
igyekszik	doc#1764	NA	igyekszem	rávenni a	indefinite
igyekszik	doc#1765	miatt , de	igyekszem	a lelkem	indefinite
igyekszik	doc#1765	azonban	igyekszem	tanulni . </s>	indefinite
cselekszik	doc#1765	el , ha jót	cselekszem	! </s><s> Ne	indefinite
alszik	doc#1765	mindig nem	alszom	. </s>	indefinite
alszik	doc#1765	, hogy nála	alszom	akkor	indefinite
alszik	doc#1765	órakor már	alszom	:-) /	indefinite
alszik	doc#1765	, hogy nem	alszom	valami jól ,	indefinite
alszik	doc#1765	! </s><s> Nem	alszom	, nem	indefinite
alszik	doc#1765	jobban	alszom	, mert	indefinite
alszik	doc#1765	4 éve nem	alszom	jobb oldalt	indefinite
igyekszik	doc#1765	. </s><s> Szóval	igyekszem	lekötni az	indefinite
baszik	doc#1765	továbbra is	baszom	az anyám itt	indefinite
igyekszik	doc#1765	NA	igyekszem	jó színben	indefinite
alszik	doc#1765	5-7 órát	alszom	,	indefinite
igyekszik	doc#1766	majd érte ,	igyekszem	gyakran	indefinite
alszik	doc#1766	még mindig	alszom	. </s><s> De erőt	indefinite
igyekszik	doc#1766	be . </s><s>	Igyekszem	gyakran	indefinite
igyekszik	doc#1766	napok , és én	igyekszem	megragadni	indefinite
alszik	doc#1766	, amin	alszom	.	indefinite
igyekszik	doc#1767	. </s><s> -	Igyekszem	kideríteni	indefinite
úszik	doc#1767	az imáim . </s><s>	Úszom	az árral , és	indefinite
alszik	doc#1767	NA	alszom	. </s><s> Sokáig nem	indefinite
alszik	doc#1767	szemmel	alszom	át ... </s><s> ( MLM ) </s>	indefinite
alszik	doc#1767	szarul	alszom	, kell az a	indefinite
igyekszik	doc#1767	van drágám ,	igyekszem	haza ... """" </s><s> Az	indefinite
igyekszik	doc#1767	megoldást	igyekszem	NA	indefinite
alszik	doc#1768	lévőn meg	alszom	. </s><s> Sokkal	indefinite
igyekszik	doc#1768	után	igyekszem	két lábbal a	indefinite
igyekszik	doc#1768	prózát	igyekszem	elolvasni . </s>	indefinite
igyekszik	doc#1768	közben . </s><s>	Igyekszem	kitalálni	indefinite
alszik	doc#1768	eső- inkább	alszom	,	indefinite
igyekszik	doc#1768	,	igyekszem	nem	indefinite
igyekszik	doc#1768	! """" </s><s> """" Jövök ,	igyekszem	, de Évike	indefinite
igyekszik	doc#1768	! </s><s> - Azért	igyekszem	! -	indefinite
igyekszik	doc#1769	és	igyekszem	reagálni . </s>	indefinite
igyekszik	doc#1769	meg ... </s><s> És	igyekszem	emelni a	indefinite
alszik	doc#1769	ma nem	alszom	, 2 üveg	indefinite
alszik	doc#1769	... inkább	alszom	: D </s>	indefinite
alszik	doc#1769	éjszaka jól	alszom	. </s><s> Már ezért	indefinite
igyekszik	doc#1769	is , amit	igyekszem	eltanulni ,	indefinite
úszik	doc#1769	. </s><s> Tornázom ,	úszom	, szaunázok	indefinite
igyekszik	doc#1769	) , én	igyekszem	ennél	indefinite
igyekszik	doc#1770	<s> A fészbukot	igyekszem	online	definite
alszik	doc#1770	nem írok . ma	alszom	. </s>	indefinite
igyekszik	doc#1770	 . </s><s>	Igyekszem	válaszolni	indefinite
baszik	doc#1770	ki hol	baszom	a rezet	definite
alszik	doc#1770	éjjel úgy	alszom	el , Remélem	indefinite
igyekszik	doc#1771	persze én	igyekszem	segíteni	indefinite
alszik	doc#1771	. </s><s> Amíg	alszom	, szabadíts	indefinite
igyekszik	doc#1771	fel , de	igyekszem	a többit is	definite
igyekszik	doc#1771	? </s><s> Most	igyekszem	a kovetkezo	indefinite
alszik	doc#1771	Nitáéknál	alszom	. </s><s> Anya és a	indefinite
törekszik	doc#1771	. </s><s> Erre	törekszem	én is . </s>	indefinite
igyekszik	doc#1771	az oldal , de	igyekszem	bővíteni . </s>	indefinite
igyekszik	doc#1771	lerázni . </s><s>	Igyekszem	inkább	indefinite
cselekszik	doc#1771	, meg is	cselekszem	! </s>	indefinite
alszik	doc#1771	( 166. nap )	Alszom	( 167. nap )	indefinite
alszik	doc#1772	egyedül	alszom	köszönöm	indefinite
igyekszik	doc#1772	benne ,	igyekszem	NA	indefinite
törekszik	doc#1772	8:15	törekszem	, törekszem	indefinite
törekszik	doc#1772	törekszem ,	törekszem	... :-)	indefinite
igyekszik	doc#1772	publikus ,	igyekszem	, csak	indefinite
igyekszik	doc#1772	Zsuzsika . </s><s>	Igyekszem	NA	indefinite
alszik	doc#1773	nyugodtam	alszom	</s><s> 2013-09-15 </s>	indefinite
igyekszik	doc#1773	,	igyekszem	meghálálni	indefinite
igyekszik	doc#1773	. </s><s> Muhahaha .	igyekszem	:) Törlés </s>	indefinite
törekszik	doc#1773	és	törekszem	is rá , hogy	indefinite
igyekszik	doc#1773	nem ! """" </s><s>	Igyekszem	talpon	indefinite
igyekszik	doc#1774	tette ,	igyekszem	másikat	indefinite
igyekszik	doc#1774	van és	igyekszem	átadni a	indefinite
igyekszik	doc#1774	van és	igyekszem	átadni a	indefinite
igyekszik	doc#1774	felé	igyekszem	- Harcsa	indefinite
igyekszik	doc#1774	mindig	igyekszem	hozzátenni	indefinite
igyekszik	doc#1774	felé	igyekszem	a zenében ,	indefinite
törekszik	doc#1774	én is erre	törekszem	, csak	indefinite
igyekszik	doc#1774	felé	igyekszem	Harcsa	indefinite
igyekszik	doc#1774	Liza ! </s><s>	Igyekszem	rövidre	indefinite
igyekszik	doc#1774	fullva . </s><s> De	igyekszem	olvasgatni	indefinite
igyekszik	doc#1774	... </s><s>	Igyekszem	ott lenni a	indefinite
igyekszik	doc#1775	: 3 ♥	Igyekszem	, csak az	indefinite
igyekszik	doc#1775	vagy : '' ) ♥	Igyekszem	, de a	indefinite
igyekszik	doc#1775	... </s><s>	Igyekszem	csak tudod ,	indefinite
igyekszik	doc#1775	<s> Köszi ,	igyekszem	! </s><s> :) </s>	indefinite
igyekszik	doc#1775	vannak . </s><s>	Igyekszem	NA	indefinite
igyekszik	doc#1775	inkább ,	igyekszem	NA	indefinite
igyekszik	doc#1775	sorozat , de	igyekszem	pótolni és	indefinite
törekszik	doc#1775	erővel arra	törekszem	, hogy a	indefinite
igyekszik	doc#1775	. </s><s>	Igyekszem	nem sokszor	indefinite
igyekszik	doc#1775	vetelevel . </s><s>	Igyekszem	NA	indefinite
igyekszik	doc#1776	főzni . </s><s> De	igyekszem	kinőni ezt	indefinite
igyekszik	doc#1776	rajta ? ezt	igyekszem	mindig az	definite
igyekszik	doc#1776	) . jaj ,	igyekszem	óvatosan	indefinite
igyekszik	doc#1776	, de majd	igyekszem	! </s>	indefinite
igyekszik	doc#1777	. </s><s> Addig meg	igyekszem	jófej lenni	indefinite
alszik	doc#1778	<s> Remélem nem	alszom	el ? mert	indefinite
úszik	doc#1778	szívesen	úszom	, hiszen egy	indefinite
törekszik	doc#1778	. </s><s> Erre	törekszem	majd másfél	indefinite
igyekszik	doc#1778	a dolgokra . </s><s>	Igyekszem	minden	indefinite
igyekszik	doc#1778	...	igyekszem	beolvadni . </s>	indefinite
cselekszik	doc#1778	el ha jót	cselekszem	. </s><s> Ne	indefinite
igyekszik	doc#1778	... </s><s> De	igyekszem	akkor ezek	indefinite
igyekszik	doc#1779	ilyesztő ,	igyekszem	elkerülni	indefinite
igyekszik	doc#1779	illeti ,	igyekszem	, komolyan	indefinite
igyekszik	doc#1779	Szeretet és	igyekszem	, és mindig	indefinite
cselekszik	doc#1779	miatt ahogy	cselekszem	, nevetek ,	indefinite
igyekszik	doc#1779	 hírtől	igyekszem	távol	indefinite
alszik	doc#1779	hogy már nem	alszom	.! : 3 </s>	indefinite
törekszik	doc#1779	, hogy nem	törekszem	jobbá lenni	indefinite
igyekszik	doc#1779	~* XYZZS ~* ! </s><s>	Igyekszem	majd sok	indefinite
alszik	doc#1779	Ne zavarj ,	alszom	. </s><s> ____ A	indefinite
alszik	doc#1779	vagy én	alszom	túl gyorsan	indefinite
alszik	doc#1779	este veled	alszom	,	indefinite
igyekszik	doc#1779	embert . </s><s> Ezt	igyekszem	a saját	definite
alszik	doc#1779	: amikor	alszom	, és amikor	indefinite
igyekszik	doc#1779	is	igyekszem	ilyen	indefinite
igyekszik	doc#1779	és akkor	igyekszem	tudatosan	indefinite
igyekszik	doc#1780	! </s><s> Nagyon	igyekszem	megfelelni	indefinite
igyekszik	doc#1780	, de majd	igyekszem	bájos és	indefinite
igyekszik	doc#1780	tiltva ,	igyekszem	NA	indefinite
igyekszik	doc#1780	látni , és	igyekszem	a szabad	indefinite
igyekszik	doc#1780	: köszönöm ,	igyekszem	, figyelem a	indefinite
igyekszik	doc#1781	. </s><s> :(	Igyekszem	magamévá	indefinite
törekszik	doc#1781	. </s><s> És nem	törekszem	megszabni a	indefinite
törekszik	doc#1781	is végig	törekszem	, a	indefinite
igyekszik	doc#1782	rendben ,	igyekszem	majd idővel	indefinite
igyekszik	doc#1782	NA	igyekszem	NA	indefinite
igyekszik	doc#1782	a földön	igyekszem	követni . </s>	indefinite
alszik	doc#1783	este úgy	alszom	el , hogy a	indefinite
alszik	doc#1783	este úgy	alszom	el , hogy a	indefinite
baszik	doc#1783	, nyakon	baszom	a nyulat ,	definite
igyekszik	doc#1783	<s> jó van na ,	igyekszem	</s><s> 2013-09-15 </s>	indefinite
igyekszik	doc#1783	. </s><s>	Igyekszem	mielőbb	indefinite
igyekszik	doc#1784	, de azért	igyekszem	mostantól	indefinite
igyekszik	doc#1784	<s> Az gáz én	igyekszem	le gyűrni a	indefinite
cselekszik	doc#1784	, én , az ÚR ,	cselekszem	mindezt . """" </s>	definite
igyekszik	doc#1784	dolgozom ,	igyekszem	NA	indefinite
igyekszik	doc#1784	olyankor . </s><s>	Igyekszem	mindent ùgy	indefinite
alszik	doc#1784	éberen	alszom	, hogy	indefinite
alszik	doc#1784	alszik én is	alszom	, plusz nem	indefinite
igyekszik	doc#1785	zavaromat	igyekszem	palástolni	indefinite
igyekszik	doc#1785	Zsoltnak ,	igyekszem	majd	indefinite
igyekszik	doc#1785	Értettem ! </s><s>	Igyekszem	magam	indefinite
igyekszik	doc#1785	. </s><s> De persze	igyekszem	, de egy	indefinite
igyekszik	doc#1785	. </s><s> En is	igyekszem	minden nap	indefinite
igyekszik	doc#1785	vagyok és	igyekszem	mindig	indefinite
baszik	doc#1785	a biszem	baszom	ligát akkor	indefinite
igyekszik	doc#1785	<s> """"	Igyekszem	is majd ezt	indefinite
igyekszik	doc#1785	van , de	igyekszem	a	indefinite
igyekszik	doc#1785	20:52	igyekszem	hozni majd a	indefinite
igyekszik	doc#1785	nekem és	igyekszem	minél előbb	indefinite
baszik	doc#1785	MERT SZÁJBA	BASZOM	AZ ÖSSZES	indefinite
igyekszik	doc#1785	, most	igyekszem	minden nap	indefinite
igyekszik	doc#1785	ajánlom , de	igyekszem	egy	indefinite
igyekszik	doc#1785	, bár	igyekszem	:-) mert	indefinite
törekszik	doc#1786	megértésre	törekszem	. </s><s> Az	indefinite
igyekszik	doc#1786	,	igyekszem	élni vele ,	indefinite
igyekszik	doc#1786	NA	igyekszem	e bonyolult	indefinite
igyekszik	doc#1786	NA	igyekszem	a bonyolult	indefinite
igyekszik	doc#1786	NA	igyekszem	- ilyen	indefinite
igyekszik	doc#1786	NA	igyekszem	igazolni ,	indefinite
igyekszik	doc#1786	:)	Igyekszem	NA	indefinite
alszik	doc#1787	este úgy	alszom	el miként	indefinite
igyekszik	doc#1787	:	Igyekszem	válaszolni	indefinite
úszik	doc#1787	, így nem	úszom	meg	indefinite
igyekszik	doc#1787	program . </s><s>	Igyekszem	megoldani	indefinite
igyekszik	doc#1787	esetedből ,	igyekszem	lassan	indefinite
úszik	doc#1787	fülem , de én	úszom	előre . </s>	indefinite
igyekszik	doc#1788	<s> caterina3 </s><s>	Igyekszem	! </s><s> :-) Ma már	indefinite
igyekszik	doc#1788	NA	igyekszem	ezt	definite
alszik	doc#1788	veled ! </s><s> Ha	alszom	, rólad	indefinite
alszik	doc#1788	! </s><s>	Alszom	vagy 6-ig ; )	indefinite
igyekszik	doc#1789	sulihoz , és	igyekszem	hozni a	indefinite
alszik	doc#1789	<s> Újra itthon	alszom	anyáékkal ,	indefinite
alszik	doc#1789	jobban is	alszom	! </s><s> Nem	indefinite
igyekszik	doc#1789	felé	igyekszem	Harcsa	indefinite
igyekszik	doc#1789	Géza : Majd	igyekszem	, Gejza ... </s>	indefinite
igyekszik	doc#1789	sok mindent	igyekszem	fejben	indefinite
igyekszik	doc#1789	időnként	igyekszem	NA	indefinite
igyekszik	doc#1789	<s> Mindkettőt	igyekszem	alacsonyan	indefinite
alszik	doc#1789	után el is	alszom	. </s><s> Igaz ,	indefinite
alszik	doc#1789	amúgy sem	alszom	el máskor	indefinite
baszik	doc#1789	parkettára	baszom	a	indefinite
igyekszik	doc#1789	Köszönöm :)	Igyekszem	majd akkor a	indefinite
igyekszik	doc#1789	minimum	igyekszem	tartani . </s>	indefinite
igyekszik	doc#1789	. </s><s>	Igyekszem	nem	indefinite
igyekszik	doc#1790	8:39	Igyekszem	nem eltűnni	indefinite
igyekszik	doc#1790	lesznek . </s><s>	Igyekszem	fotókkal is	indefinite
alszik	doc#1790	azonnal . </s><s>	Alszom	rá néhányat	indefinite
igyekszik	doc#1790	gondozok és	igyekszem	nekik új	indefinite
bogarászik	doc#1790	<s> Talán . </s><s> Most	bogarászom	. </s><s> Nem könnyű	indefinite
alszik	doc#1790	, nem	alszom	egész éjjel	indefinite
igyekszik	doc#1790	. </s><s> Hát igen ,	igyekszem	tartani a	indefinite
alszik	doc#1790	<s> Én nem	alszom	a	indefinite
igyekszik	doc#1790	<s> Idén	igyekszem	nem az	indefinite
igyekszik	doc#1790	Köszönöm ,	igyekszem	! </s><s> Most	indefinite
igyekszik	doc#1790	! </s><s> Nagyon	igyekszem	. </s>	indefinite
igyekszik	doc#1790	? </s><s> ÉN Hát ...	igyekszem	. </s><s> DOLORES	indefinite
alszik	doc#1790	holnap	alszom	gyorsan	indefinite
alszik	doc#1790	<s> Gyere jót	alszom	8ig ! </s>	indefinite
alszik	doc#1790	sem igen	alszom	. </s><s> Minek is	indefinite
igyekszik	doc#1791	Ildikém ,	igyekszem	NA	indefinite
igyekszik	doc#1791	, de azért	igyekszem	NA	indefinite
igyekszik	doc#1791	NA	igyekszem	NA	indefinite
alszik	doc#1791	mélyen	alszom	én . </s><s> De nem	indefinite
úszik	doc#1791	, hogy nem	úszom	meg ilyen	indefinite
igyekszik	doc#1791	<s> Köszönöm ,	igyekszem	rövid	indefinite
úszik	doc#1791	. idén sem	úszom	meg az	indefinite
alszik	doc#1791	, sose	alszom	ki magam , ez	indefinite
igyekszik	doc#1791	, ezért	igyekszem	egyáltalán	indefinite
igyekszik	doc#1791	! </s><s> De nagyon	igyekszem	J 3) A	indefinite
igyekszik	doc#1791	ezt van . </s><s>	Igyekszem	NA	indefinite
igyekszik	doc#1791	Köszönöm ,	igyekszem	! </s><s> :) Imádom	indefinite
alszik	doc#1791	tovább	alszom	. </s><s> Persze ,	indefinite
alszik	doc#1791	macival	alszom	, ami	indefinite
baszik	doc#1791	pofán	baszom	majd ....	indefinite
igyekszik	doc#1791	NA	igyekszem	kimeríteni	indefinite
alszik	doc#1791	<s> Na ezt ma nem	alszom	át . </s>	indefinite
adakozik	doc#1792	Isnyu </s><s> Én sem	adakozom	NA	indefinite
baszik	doc#1792	BISZEM	BASZOM	JÁTÉKOKON ,	indefinite
baszik	doc#1792	EGY BISZEM	BASZOM	VÉDELEM IS . </s>	indefinite
igyekszik	doc#1792	beszél , s én	igyekszem	most őket	indefinite
igyekszik	doc#1792	. </s><s>	Igyekszem	fejre	indefinite
igyekszik	doc#1792	szépen ,	igyekszem	</s><s> 2013-09-23 </s>	indefinite
alszik	doc#1792	vagyok vqgy	alszom	vagy anyám	indefinite
törekszik	doc#1792	NA	törekszem	, ezért a	indefinite
igyekszik	doc#1792	NA	igyekszem	kerülni , a	indefinite
törekszik	doc#1792	már ! </s><s> Arra	törekszem	, hogy a	indefinite
igyekszik	doc#1792	, de	igyekszem	mindig	indefinite
igyekszik	doc#1792	. </s><s> Írásomban	igyekszem	NA	indefinite
alszik	doc#1792	/ - Ma itt	alszom	. </s><s> /mondta	indefinite
cselekszik	doc#1792	, aszerint	cselekszem	, amit súg ,	indefinite
alszik	doc#1792	amikor	alszom	eszem vagy	indefinite
igyekszik	doc#1792	letérést és	igyekszem	lefelé	indefinite
igyekszik	doc#1792	van , de	igyekszem	... </s>	indefinite
igyekszik	doc#1792	magam ,	igyekszem	mindig a	indefinite
igyekszik	doc#1792	, de	igyekszem	tartani a	indefinite
igyekszik	doc#1792	nem lenni	igyekszem	. </s><s> Kérem ,	indefinite
alszik	doc#1793	NA	alszom	el ! </s><s> Hosszú	indefinite
alszik	doc#1793	éjfélig nem	alszom	, mert amire	indefinite
baszik	doc#1793	nagyon meg	baszom	a szádat !!!	definite
igyekszik	doc#1793	kiindulva	igyekszem	kerülni az """"	indefinite
igyekszik	doc#1793	jólesett ,	igyekszem	az itt	indefinite
igyekszik	doc#1793	<s> Park Hyde </s><s>	Igyekszem	. </s><s> Ezek	indefinite
tojik	doc#1793	Szőnyi </s><s> LE	TOJOM	A NŐT !!!! </s>	definite
cselekszik	doc#1793	, hanem amit	cselekszem	!! """" </s><s> Mindent	indefinite
alszik	doc#1793	nyugodtan	alszom	[ ezek a	indefinite
igyekszik	doc#1793	napon belül	igyekszem	a többit is . </s>	definite
igyekszik	doc#1793	NA	igyekszem	betartani ,	indefinite
igyekszik	doc#1794	tetejére és	igyekszem	NA	indefinite
igyekszik	doc#1794	lenne ,	igyekszem	minél	indefinite
igyekszik	doc#1794	, hogy	igyekszem	úgy élni az	indefinite
alszik	doc#1794	, mert sosem	alszom	( najó ez így	indefinite
úszik	doc#1794	hogy ezt nem	úszom	meg ...	definite
úszik	doc#1794	vagyok , és	úszom	az égen	indefinite
úszik	doc#1794	vagyok , és	úszom	az égen	indefinite
igyekszik	doc#1794	NA	igyekszem	munkairőre	indefinite
igyekszik	doc#1794	is ,	igyekszem	most már	indefinite
igyekszik	doc#1794	NA	igyekszem	friss	indefinite
igyekszik	doc#1794	gondolom . </s><s>	Igyekszem	majd	indefinite
igyekszik	doc#1794	magától . </s><s>	Igyekszem	a	indefinite
igyekszik	doc#1794	, ezekhez	igyekszem	tartani	indefinite
igyekszik	doc#1794	,	igyekszem	én is	indefinite
törekszik	doc#1794	NA	törekszem	, nem	indefinite
alszik	doc#1794	jobban	alszom	, mint az	indefinite
igyekszik	doc#1794	balesete . </s><s>	Igyekszem	spoilerek	indefinite
baszik	doc#1794	, miért	baszom	el az időmet	indefinite
törekszik	doc#1794	képeket de	törekszem	, hogy a	indefinite
igyekszik	doc#1794	szeretem ,	igyekszem	nem csak	indefinite
igyekszik	doc#1794	igen ,	igyekszem	velük ! </s>	indefinite
igyekszik	doc#1794	volt lázam ,	igyekszem	NA	indefinite
igyekszik	doc#1794	<s> Legalábbis	igyekszem	ezt	definite
igyekszik	doc#1794	már , így	igyekszem	NA	indefinite
alszik	doc#1794	Jimmy-vel	alszom	, amikor	indefinite
igyekszik	doc#1795	, oda mindig	igyekszem	finom ,	indefinite
cselekszik	doc#1795	, de mást	cselekszem	. </s><s> Azért	indefinite
igyekszik	doc#1795	különösen	igyekszem	azerint az	indefinite
igyekszik	doc#1795	( pedig	igyekszem	) , hogy ne	indefinite
igyekszik	doc#1795	lesz . </s><s>	Igyekszem	NA	indefinite
igyekszik	doc#1795	. </s><s> Majd	igyekszem	NA	indefinite
igyekszik	doc#1795	tudatosan	igyekszem	NA	indefinite
igyekszik	doc#1795	módon	igyekszem	NA	indefinite
igyekszik	doc#1795	,	igyekszem	lekötni	indefinite
igyekszik	doc#1795	van neki ,	igyekszem	nem sokat	indefinite
úszik	doc#1795	Orchestra -	Úszom	az árral	indefinite
úszik	doc#1795	Orchestra -	Úszom	az árral (	indefinite
baszik	doc#1795	meg : """"	baszom	, ezt a	indefinite
alszik	doc#1795	NEHEZEBBEN	ALSZOM	EL , A	indefinite
igyekszik	doc#1796	. </s><s>	Igyekszem	amennyire	indefinite
igyekszik	doc#1796	velük . </s><s>	Igyekszem	felkutatni	indefinite
igyekszik	doc#1796	maradt , de	igyekszem	NA	indefinite
alszik	doc#1796	<s> félig	alszom	</s><s> 2013-09-23 </s>	indefinite
igyekszik	doc#1796	, én pedig	igyekszem	minden	indefinite
alszik	doc#1796	hónapja nem	alszom	, és hát	indefinite
alszik	doc#1796	kelsz én már	alszom	, és tudom ,	indefinite
igyekszik	doc#1796	NA	igyekszem	viselkedni	indefinite
igyekszik	doc#1796	nélkül	igyekszem	sorra venni	indefinite
igyekszik	doc#1796	tanítás . </s><s>	Igyekszem	teret adni	indefinite
törekszik	doc#1796	a legjobbra	törekszem	, de nehéz	indefinite
igyekszik	doc#1796	NA	igyekszem	majd jobban	indefinite
igyekszik	doc#1797	ez ihlette . </s><s>	Igyekszem	majd a	indefinite
igyekszik	doc#1797	Roberto07 :	igyekszem	! </s>	indefinite
igyekszik	doc#1797	, pár napja	igyekszem	sokat	indefinite
alszik	doc#1797	ööö . sokat	alszom	? </s><s> A	indefinite
igyekszik	doc#1797	a nyelvet és	igyekszem	egyre	indefinite
igyekszik	doc#1797	, de	igyekszem	mihamarabb	indefinite
igyekszik	doc#1797	facebookon	igyekszem	megosztani	indefinite
igyekszik	doc#1797	, de azért	igyekszem	rá figyelni	indefinite
igyekszik	doc#1797	sminkről ,	igyekszem	egy	indefinite
igyekszik	doc#1797	nektek . </s><s>	Igyekszem	előttetek	indefinite
igyekszik	doc#1797	adjunk . </s><s> Én	igyekszem	minden	indefinite
alszik	doc#1798	jókat	alszom	. </s><s> /no	indefinite
dudorászik	doc#1798	) , halkan	dudorászom	, Rózi meg	indefinite
igyekszik	doc#1798	<s> Egyszerűen	igyekszem	kiélvezni a	indefinite
igyekszik	doc#1798	:	igyekszem	, van esély ,	indefinite
igyekszik	doc#1798	szeretni . </s><s>	Igyekszem	figyelni ,	indefinite
igyekszik	doc#1798	most ez az ! </s><s>	Igyekszem	így	indefinite
igyekszik	doc#1798	köszönöm ,	igyekszem	. </s><s> : $ Canon	indefinite
igyekszik	doc#1798	: D) , szóval	igyekszem	azért ! </s><s> :) És	indefinite
alszik	doc#1799	, hogy inkáb	alszom	rá egyet . </s>	indefinite
igyekszik	doc#1799	érte : *	igyekszem	majd	indefinite
alszik	doc#1799	, Látod már	alszom	is , csak	indefinite
igyekszik	doc#1799	ugyan	igyekszem	időben	indefinite
igyekszik	doc#1799	örülök , és	igyekszem	NA	indefinite
igyekszik	doc#1799	<s> Mostanában	igyekszem	jobban	indefinite
igyekszik	doc#1799	is	igyekszem	NA	indefinite
igyekszik	doc#1799	a résszel . </s><s>	Igyekszem	sietni ,	indefinite
alszik	doc#1799	<s> 3.napja nem	alszom	... most	indefinite
igyekszik	doc#1799	. </s><s> Én is	igyekszem	bemutatni	indefinite
igyekszik	doc#1799	, hogy	igyekszem	másképp	indefinite
igyekszik	doc#1799	. </s><s> Nem baj . </s><s>	Igyekszem	többet írni	indefinite
törekszik	doc#1799	, de arra	törekszem	, hogy	indefinite
igyekszik	doc#1799	időben	igyekszem	mindennap	indefinite
igyekszik	doc#1799	. </s><s> Nagyon	igyekszem	, de alig van	indefinite
törekszik	doc#1799	. </s><s> Erre én is	törekszem	, hogy ne	indefinite
alszik	doc#1799	az éj nehéz . </s><s>	Alszom	hát én is ,	indefinite
igyekszik	doc#1799	. </s><s> Azért	igyekszem	megoldani a	indefinite
igyekszik	doc#1799	itthon	igyekszem	minél	indefinite
igyekszik	doc#1799	,	igyekszem	is	indefinite
igyekszik	doc#1799	lemaradva . </s><s>	Igyekszem	ptólni . </s>	indefinite
törekszik	doc#1800	<s> @* ufó * nem	törekszem	NA	indefinite
igyekszik	doc#1800	magam ,	igyekszem	a sok-sok	indefinite
igyekszik	doc#1800	!!! </s><s> :)	Igyekszem	összehozni	indefinite
igyekszik	doc#1800	tanulni , de	igyekszem	minél több	indefinite
igyekszik	doc#1800	csak lehet ,	igyekszem	NA	indefinite
igyekszik	doc#1800	! </s><s> Köszi ,	igyekszem	ezt is	definite
igyekszik	doc#1800	legyen az . </s><s>	Igyekszem	megfogadni	indefinite
igyekszik	doc#1800	, inkább	igyekszem	egy kicsit	indefinite
baszik	doc#1800	! </s><s> Nem biszem	baszom	csokit ,	indefinite
igyekszik	doc#1800	tehetnék ? </s><s>	Igyekszem	ébren	indefinite
igyekszik	doc#1800	<s> Az odautat	igyekszem	NA	definite
alszik	doc#1800	jobban	alszom	, de néha	indefinite
alszik	doc#1800	semmi . </s><s> Még	alszom	egyet	indefinite
alszik	doc#1800	, de mélyen	alszom	. </s><s> A tüdőm	indefinite
igyekszik	doc#1800	. </s><s>	Igyekszem	tartani a	indefinite
igyekszik	doc#1800	most	igyekszem	NA	indefinite
igyekszik	doc#1801	és télen is	igyekszem	legalább	indefinite
alszik	doc#1801	őket ( velük	alszom	, velük	indefinite
igyekszik	doc#1801	... </s><s> Csupán	igyekszem	nem hagyni	indefinite
igyekszik	doc#1801	14:52	Igyekszem	a	indefinite
igyekszik	doc#1801	. </s><s> Inkább	igyekszem	elérni a	indefinite
igyekszik	doc#1801	a szintet	igyekszem	tartani és	definite
igyekszik	doc#1801	lesz . </s><s> Majd	igyekszem	azért	indefinite
alszik	doc#1801	hogy már nem	alszom	. </s><s> Mikor	indefinite
törekszik	doc#1801	NA	törekszem	, a művészet	indefinite
alszik	doc#1801	le , el is	alszom	azonnal ,	indefinite
igyekszik	doc#1801	??? ) </s><s>	Igyekszem	mielőbb a	indefinite
igyekszik	doc#1801	is . </s><s>	Igyekszem	követni ,	indefinite
igyekszik	doc#1801	mit tenni . </s><s>	Igyekszem	és tényleg	indefinite
igyekszik	doc#1802	, és	igyekszem	úgy	indefinite
igyekszik	doc#1802	gondolatát	igyekszem	visszaadni	indefinite
alszik	doc#1802	ágyamban	alszom	, ahol , ha	indefinite
igyekszik	doc#1802	pedig	igyekszem	képi	indefinite
igyekszik	doc#1802	de ez van ...	igyekszem	javulni	indefinite
igyekszik	doc#1802	illeti ,	igyekszem	nem	indefinite
igyekszik	doc#1803	a lényeg ,	igyekszem	nem eltűnni	indefinite
törekszik	doc#1803	NA	törekszem	, hanem	indefinite
igyekszik	doc#1803	össze ,	igyekszem	segíteni ,	indefinite
igyekszik	doc#1803	, ezért	igyekszem	rá se	indefinite
igyekszik	doc#1803	is	igyekszem	, nem tudok	indefinite
adakozik	doc#1803	már nem	adakozom	olyan	indefinite
igyekszik	doc#1803	az órát , meg	igyekszem	fejlődni ,	indefinite
úszik	doc#1803	végett nem	úszom	meg . </s>	indefinite
igyekszik	doc#1803	, mindig	igyekszem	akkor	indefinite
igyekszik	doc#1803	, és	igyekszem	spórolni	indefinite
igyekszik	doc#1803	, és	igyekszem	spórolni	indefinite
igyekszik	doc#1803	áradatában	igyekszem	, hogy ne	indefinite
igyekszik	doc#1803	vannak , de	igyekszem	pozitívan	indefinite
igyekszik	doc#1803	semmit de	igyekszem	minél	indefinite
igyekszik	doc#1803	között és	igyekszem	túltenni	indefinite
alszik	doc#1803	alatt	alszom	. </s>	indefinite
igyekszik	doc#1803	NA	igyekszem	NA	indefinite
igyekszik	doc#1803	meg , és	igyekszem	szem előtt	indefinite
alszik	doc#1803	már nem is	alszom	, a szörnyü	indefinite
igyekszik	doc#1804	se- úgyhogy	igyekszem	pontos	indefinite
igyekszik	doc#1804	? </s><s> Hétvégén	igyekszem	fellelni	indefinite
igyekszik	doc#1804	helyezem és	igyekszem	minél előbb	indefinite
igyekszik	doc#1804	témában . </s><s> De	igyekszem	. ; )	indefinite
igyekszik	doc#1804	hozni . </s><s>	Igyekszem	, tényleg ,	indefinite
úszik	doc#1804	alatt nem	úszom	meg . </s><s> Na most	indefinite
igyekszik	doc#1804	fel , hogy	igyekszem	elérni a	indefinite
igyekszik	doc#1804	már most . </s><s> De	igyekszem	NA	indefinite
alszik	doc#1804	. </s><s> Nem	alszom	, az biztos ,	indefinite
alszik	doc#1804	<s> Tudom , hogy	alszom	, hogy	indefinite
alszik	doc#1804	pedig nem is	alszom	. </s>	indefinite
igyekszik	doc#1804	. </s><s>	Igyekszem	olyan	indefinite
alszik	doc#1804	Harryvel	alszom	?! </s><s> -	indefinite
alszik	doc#1804	? </s><s> Mondjuk ha	alszom	, az nem	indefinite
alszik	doc#1804	<s> Vele	alszom	el , vele	indefinite
igyekszik	doc#1804	15 éves ) de	igyekszem	és hiszem ,	indefinite
alszik	doc#1804	ha egyedül	alszom	, egyébként	indefinite
alszik	doc#1804	, ahogy	alszom	? - vontam	indefinite
igyekszik	doc#1804	. </s><s> Arra is	igyekszem	NA	indefinite
igyekszik	doc#1804	. </s><s> De majd	igyekszem	bepótolni a	indefinite
igyekszik	doc#1805	, de azért	igyekszem	az átmeneti	indefinite
igyekszik	doc#1805	embereket . </s><s>	Igyekszem	a dolgok	indefinite
cselekszik	doc#1805	szerint	cselekszem	, ímé adok	indefinite
igyekszik	doc#1805	észrevesz ,	igyekszem	vészterhes	indefinite
igyekszik	doc#1805	szerint	igyekszem	viccel	indefinite
igyekszik	doc#1805	tovább ,	igyekszem	magam	indefinite
alszik	doc#1805	szerint úgy	alszom	, hogy le se	indefinite
alszik	doc#1805	<s> Már majdnem	alszom	, amikor	indefinite
igyekszik	doc#1805	bárhogy is	igyekszem	NA	indefinite
úszik	doc#1805	. </s><s> Nem	úszom	meg	indefinite
baszik	doc#1805	miközben	baszom	a nagy	indefinite
alszik	doc#1805	Igen , de nem	alszom	itt . </s><s> Sz :	indefinite
igyekszik	doc#1805	,	igyekszem	csak a	indefinite
igyekszik	doc#1805	Fölfelé	igyekszem	. </s><s> Ma	indefinite
igyekszik	doc#1805	mára , de	igyekszem	egy	indefinite
igyekszik	doc#1805	, de	igyekszem	a jövőben	indefinite
igyekszik	doc#1805	köszönöm ,	igyekszem	több videót	indefinite
igyekszik	doc#1805	, hogy	igyekszem	, és ha kész ,	indefinite
igyekszik	doc#1805	a részt , de	igyekszem	vele . </s>	indefinite
igyekszik	doc#1805	választás . </s><s>	Igyekszem	mindig	indefinite
igyekszik	doc#1806	, sajnálom -	igyekszem	NA	indefinite
igyekszik	doc#1806	, majd	igyekszem	még tanulni	indefinite
igyekszik	doc#1806	rá időm . </s><s>	Igyekszem	pótolni és	indefinite
alszik	doc#1806	nem	alszom	, csak nézem	indefinite
igyekszik	doc#1806	Petikém ,	igyekszem	! </s><s> : D </s>	indefinite
adakozik	doc#1806	<s> Én biztosan	adakozom	NA	indefinite
igyekszik	doc#1806	leginkább . </s><s>	Igyekszem	majd	indefinite
alszik	doc#1806	pörög Amíg	alszom	addig	indefinite
igyekszik	doc#1806	, márpedig	igyekszem	a lehető	indefinite
alszik	doc#1806	, hogy	alszom	,	indefinite
igyekszik	doc#1806	<s> Szabo Erika </s><s>	Igyekszem	, tényleg	indefinite
igyekszik	doc#1806	, tényleg	igyekszem	mindig	indefinite
cselekszik	doc#1806	aszerint	cselekszem	. </s><s> Pontosan	indefinite
alszik	doc#1806	, jobban	alszom	, valamint	indefinite
igyekszik	doc#1806	helyiségbe	igyekszem	,	indefinite
alszik	doc#1806	Bangkokban	alszom	!!! </s><s> Hogy	indefinite
igyekszik	doc#1806	posztokban	igyekszem	a	indefinite
igyekszik	doc#1806	nap alatt	igyekszem	kikúrálni	indefinite
igyekszik	doc#1806	látom át . </s><s>	Igyekszem	az	indefinite
igyekszik	doc#1807	kommentre	igyekszem	reagálni ,	indefinite
igyekszik	doc#1807	,	igyekszem	figyelembe	indefinite
igyekszik	doc#1807	mindenben	igyekszem	a pozitív ,	indefinite
igyekszik	doc#1807	őket , de	igyekszem	! </s><s> Nagyon , de	indefinite
alszik	doc#1807	NŐVÉR Nem	alszom	el , mert	indefinite
igyekszik	doc#1807	! :) Ezentúl	igyekszem	megosztani	indefinite
igyekszik	doc#1807	küldött ! </s><s>	Igyekszem	, hogy igy	indefinite
igyekszik	doc#1807	, hogy	igyekszem	jó fej , csak	indefinite
alszik	doc#1807	Vuk-ra	alszom	el . </s><s> Olyan	indefinite
alszik	doc#1807	be , ma sem	alszom	[	indefinite
igyekszik	doc#1807	csinálom ,	igyekszem	NA	indefinite
igyekszik	doc#1807	, de majd	igyekszem	:) </s>	indefinite
igyekszik	doc#1808	ellenére	igyekszem	a legjobb	indefinite
igyekszik	doc#1808	, de majd	igyekszem	lépést	indefinite
igyekszik	doc#1808	papi ! </s><s> Majd	igyekszem	..... </s>	indefinite
igyekszik	doc#1808	/ Kérdések :	Igyekszem	hozzád Uram	indefinite
igyekszik	doc#1808	jó voltál ,	igyekszem	minél előbb	indefinite
igyekszik	doc#1808	. </s><s> Akkor	igyekszem	ügyesebb	indefinite
baszik	doc#1808	vagy én	baszom	el . </s><s> Vagy az	indefinite
törekszik	doc#1808	én állatira	törekszem	arra , hogy	indefinite
úszik	doc#1808	. </s><s> Mivel nem	úszom	edzővel ,	indefinite
alszik	doc#1809	dolgozni . </s><s>	Alszom	éjszaka : D </s>	indefinite
igyekszik	doc#1809	, és	igyekszem	úgy élni ,	indefinite
igyekszik	doc#1809	keresztül	igyekszem	körképet	indefinite
igyekszik	doc#1809	Lövei </s><s> én	igyekszem	Jókislány	indefinite
igyekszik	doc#1809	. </s><s> Egy képen	igyekszem	NA	indefinite
igyekszik	doc#1809	során , de	igyekszem	. </s><s> Tetszik ,	indefinite
igyekszik	doc#1809	harcolok ,	igyekszem	, és	indefinite
igyekszik	doc#1809	érdekel . </s><s>	Igyekszem	majd	indefinite
alszik	doc#1810	puha ágyban	alszom	, van mit	indefinite
igyekszik	doc#1810	, akkor	igyekszem	majd a	indefinite
igyekszik	doc#1810	egy fonal ,	igyekszem	a dobozzal ,	indefinite
igyekszik	doc#1810	ötletet ! </s><s>	Igyekszem	majd	indefinite
igyekszik	doc#1810	20:54 Angi ,	igyekszem	még	indefinite
igyekszik	doc#1810	!!! </s><s> ÉS	IGYEKSZEM	A TÖBBIEKET	definite
igyekszik	doc#1810	és	igyekszem	orvosolni	indefinite
étkezik	doc#1810	odafent	étkezem	a hercegi	indefinite
igyekszik	doc#1810	... ,	igyekszem	megfogadni	indefinite
igyekszik	doc#1810	16:59	Igyekszem	a pozitív	indefinite
igyekszik	doc#1810	!! </s><s>	Igyekszem	:) Törlés </s>	indefinite
igyekszik	doc#1810	. </s><s> Mostantól	igyekszem	mindig	indefinite
igyekszik	doc#1810	bátran ,	igyekszem	a fenti	indefinite
igyekszik	doc#1810	szedve ,	igyekszem	ide a blogra	indefinite
igyekszik	doc#1810	NA	igyekszem	úgy	indefinite
igyekszik	doc#1810	együtt is . </s><s>	Igyekszem	megtenni	indefinite
alszik	doc#1810	beszélni . </s><s>	Alszom	rá egyet , s	indefinite
igyekszik	doc#1810	<s> buvarki </s><s>	Igyekszem	meg oldani	indefinite
igyekszik	doc#1810	, amiket	igyekszem	fixen	indefinite
igyekszik	doc#1810	valamit . </s><s>	Igyekszem	nem . </s>	indefinite
igyekszik	doc#1810	nem . </s><s>	Igyekszem	észben	indefinite
törekszik	doc#1810	jó , mégis	törekszem	rá , mert	indefinite
törekszik	doc#1810	inkább	törekszem	, annál	indefinite
igyekszik	doc#1810	,	igyekszem	NA	indefinite
törekszik	doc#1810	, és erre	törekszem	leginkább . </s>	indefinite
igyekszik	doc#1810	) . </s><s> Én	igyekszem	mindent	indefinite
igyekszik	doc#1810	egyből . </s><s>	Igyekszem	majd több	indefinite
igyekszik	doc#1810	. </s><s>	Igyekszem	ezt	definite
igyekszik	doc#1810	viszont	igyekszem	olyat	indefinite
igyekszik	doc#1810	NA	igyekszem	megtalálni	indefinite
igyekszik	doc#1810	úton , és	igyekszem	ráakadni a	indefinite
cselekszik	doc#1810	mert amikor	cselekszem	, meg vagyok	indefinite
igyekszik	doc#1810	volt , és	igyekszem	mindig	indefinite
igyekszik	doc#1810	. </s><s>	Igyekszem	az utóbbi	indefinite
igyekszik	doc#1810	-, és	igyekszem	a Börje	indefinite
igyekszik	doc#1810	. </s><s>	Igyekszem	olyan	indefinite
igyekszik	doc#1810	neked ! </s><s> :)	Igyekszem	NA	indefinite
igyekszik	doc#1810	el , de	igyekszem	majd	indefinite
igyekszik	doc#1810	14:40	Igyekszem	! </s><s> :) Törlés </s>	indefinite
igyekszik	doc#1810	során	igyekszem	nem csak az	indefinite
igyekszik	doc#1810	mi mindent	igyekszem	nap mint nap	indefinite
igyekszik	doc#1810	háztartás t	igyekszem	vezetni ,	indefinite
igyekszik	doc#1811	, de	igyekszem	másokat nem	indefinite
igyekszik	doc#1811	, de	igyekszem	a	indefinite
igyekszik	doc#1811	garantált ,	igyekszem	továbbra is	indefinite
igyekszik	doc#1811	és azért	igyekszem	időnként	indefinite
alszik	doc#1811	<s> Rengeteget	alszom	.... </s><s> Reggel	indefinite
alszik	doc#1811	3-4 órákat	alszom	. </s><s> És ilyen	indefinite
igyekszik	doc#1811	Tőletek ,	igyekszem	utolérni	indefinite
alszik	doc#1812	amennyit	alszom	, de	indefinite
igyekszik	doc#1812	alszom , de	igyekszem	figyelni rá	indefinite
igyekszik	doc#1812	, de azért	igyekszem	. </s><s> :-) Tehát	indefinite
cselekszik	doc#1812	tudtam , mit	cselekszem	, csak	definite
igyekszik	doc#1812	csak lehet	igyekszem	ezeket	indefinite
igyekszik	doc#1812	, hogy	igyekszem	. </s><s> Boldog	indefinite
igyekszik	doc#1813	unatkozik . </s><s>	Igyekszem	mindenbe	indefinite
igyekszik	doc#1813	el és	igyekszem	elmesélni	indefinite
igyekszik	doc#1813	Na mindegy . </s><s>	Igyekszem	majd	indefinite
baszik	doc#1813	órája itt	baszom	az eget a	definite
igyekszik	doc#1813	, de	igyekszem	másokat nem	indefinite
igyekszik	doc#1813	nem	igyekszem	neki	indefinite
cselekszik	doc#1814	helyesen	cselekszem	. </s><s> Nehogy már	indefinite
igyekszik	doc#1814	, és mivel	igyekszem	előre	indefinite
igyekszik	doc#1814	<s> Franc </s><s> Most	igyekszem	NA	indefinite
igyekszik	doc#1814	,	igyekszem	értelmes	indefinite
igyekszik	doc#1814	poharával	igyekszem	ezt	definite
igyekszik	doc#1814	Radics </s><s>	Igyekszem	megértetni	indefinite
alszik	doc#1814	csak órákat	alszom	, mégis a	indefinite
igyekszik	doc#1814	a földről	igyekszem	egyből	indefinite
törekszik	doc#1814	a maximumra	törekszem	, egyedül	indefinite
úszik	doc#1814	az imáim ,	Úszom	az árral és	indefinite
igyekszik	doc#1815	NA	igyekszem	kizárni	indefinite
törekszik	doc#1815	, ha nagyon	törekszem	, arra , hogy	indefinite
baszik	doc#1815	és nem	baszom	ki a	indefinite
törekszik	doc#1815	. </s><s> De azért	törekszem	rá :-))) </s>	indefinite
alszik	doc#1815	nyugodtan	alszom	. </s><s> Tanultam	indefinite
igyekszik	doc#1815	, addig	igyekszem	NA	indefinite
igyekszik	doc#1815	, mégis	igyekszem	NA	indefinite
alszik	doc#1815	meg	alszom	is rá egyet </s>	indefinite
alszik	doc#1815	. </s><s> Én inkább	alszom	egy jót az	indefinite
igyekszik	doc#1816	, de	igyekszem	másokat nem	indefinite
igyekszik	doc#1816	, hogy - bár	igyekszem	olyan	indefinite
igyekszik	doc#1817	kérnem . </s><s>	Igyekszem	mindenütt	indefinite
cselekszik	doc#1817	, hanem	cselekszem	!!!..... </s>	indefinite
cselekszik	doc#1817	, hanem	cselekszem	; ) </s>	indefinite
igyekszik	doc#1818	<s> Mindig	igyekszem	majd , hogy	indefinite
igyekszik	doc#1818	sorjában	igyekszem	NA	indefinite
törekszik	doc#1818	a jobbért	törekszem	nézd az	indefinite
igyekszik	doc#1818	, majd	igyekszem	leszokni	indefinite
igyekszik	doc#1818	. </s><s> Általában	igyekszem	olyan	indefinite
alszik	doc#1818	kidőlve	alszom	és hideg	indefinite
alszik	doc#1818	, ha mélyen	alszom	, bárhol	indefinite
igyekszik	doc#1818	készül ,	igyekszem	szombatra	indefinite
igyekszik	doc#1818	Banczik </s><s>	igyekszem	;-) osztva </s>	indefinite
igyekszik	doc#1818	Jantyik </s><s>	Igyekszem	úgy élni az	indefinite
igyekszik	doc#1818	a célunk ,	igyekszem	segíteni	indefinite
alszik	doc#1818	éppen el	alszom	! </s><s> Pörgős ez	indefinite
igyekszik	doc#1819	. </s><s> Ilyenkor	igyekszem	mindél több	indefinite
alszik	doc#1819	alig	alszom	. </s><s> | csak	indefinite
igyekszik	doc#1819	is , ahol	igyekszem	sok sok	indefinite
igyekszik	doc#1819	képest	igyekszem	mindent	indefinite
baszik	doc#1819	? </s><s> Én telibe	baszom	a pinát , te	definite
igyekszik	doc#1820	<s> Hasábburit	igyekszem	kerülni . </s>	indefinite
igyekszik	doc#1820	. </s><s> Közben	igyekszem	dúlává	indefinite
igyekszik	doc#1820	... </s><s> Magam	igyekszem	a 60 -at nem	definite
igyekszik	doc#1820	ki . </s><s> Azért	igyekszem	mihamarabb	indefinite
igyekszik	doc#1821	érintem is ,	igyekszem	azt sokkal	definite
alszik	doc#1821	mindig bent	alszom	a	indefinite
igyekszik	doc#1821	óvatosan	igyekszem	használni a	indefinite
cselekszik	doc#1821	, és amit	cselekszem	. </s><s> Lényemmel	indefinite
cselekszik	doc#1821	el , ha jót	cselekszem	. </s><s> Sose	indefinite
alszik	doc#1821	! ki	alszom	magam addig	indefinite
igyekszik	doc#1821	, azóta meg	igyekszem	utolérni	indefinite
igyekszik	doc#1821	, bár én	igyekszem	nem szólni	indefinite
igyekszik	doc#1821	:) . </s><s> És	igyekszem	úgy	indefinite
alszik	doc#1822	eszek , hogy	alszom	, hogy élek	indefinite
igyekszik	doc#1822	kérdése . </s><s> Én	igyekszem	elfogadni	indefinite
igyekszik	doc#1822	NA	igyekszem	NA	indefinite
igyekszik	doc#1822	magamból ,	igyekszem	betartani a	indefinite
igyekszik	doc#1822	<s> Nana majd	igyekszem	! </s>	indefinite
alszik	doc#1822	helyen	alszom	:-) </s>	indefinite
igyekszik	doc#1822	de azt azért	igyekszem	NA	indefinite
igyekszik	doc#1823	, miközben	igyekszem	ellenállni	indefinite
igyekszik	doc#1823	, ígérem ,	igyekszem	a	indefinite
igyekszik	doc#1823	hölgyének	igyekszem	majd a	indefinite
igyekszik	doc#1823	. </s><s> Humorral	igyekszem	feloldani ,	indefinite
igyekszik	doc#1823	 Ott	igyekszem	a	indefinite
baszik	doc#1823	a biszem	baszom	ligák	indefinite
igyekszik	doc#1823	, hanem	igyekszem	segíteni	indefinite
igyekszik	doc#1824	! </s><s> Köszönöm ,	igyekszem	! </s><s> :) Törlés </s>	indefinite
alszik	doc#1824	nyugodtan	alszom	el , nincs	indefinite
igyekszik	doc#1824	között	igyekszem	NA	indefinite
igyekszik	doc#1824	is	igyekszem	majd	indefinite
igyekszik	doc#1824	is	igyekszem	majd	indefinite
törekszik	doc#1824	: Nem , én nem	törekszem	erre , ez a	indefinite
igyekszik	doc#1824	nagyon	igyekszem	NA	indefinite
igyekszik	doc#1824	, akkor	igyekszem	megtenni	indefinite
alszik	doc#1824	de ha nem	alszom	akkor	indefinite
igyekszik	doc#1824	<s> nagyon	igyekszem	, én	indefinite
igyekszik	doc#1824	- igaz ,	igyekszem	NA	indefinite
alszik	doc#1824	többet nem	alszom	NA	indefinite
alszik	doc#1824	végre	alszom	. </s><s> Onnantól	indefinite
igyekszik	doc#1824	közben majd	igyekszem	meghozni a	indefinite
igyekszik	doc#1824	, Marika ! </s><s>	Igyekszem	gyakrabban	indefinite
igyekszik	doc#1824	magára , de	igyekszem	! </s><s> Hiányzott	indefinite
igyekszik	doc#1824	! </s><s>	Igyekszem	innen is	indefinite
igyekszik	doc#1824	( Mostantól	igyekszem	majd mindig	indefinite
igyekszik	doc#1825	, bár mindig	igyekszem	úgy	indefinite
alszik	doc#1825	szerdán nem	alszom	át az egész	indefinite
alszik	doc#1825	olyan félig	alszom	félig nem	indefinite
alszik	doc#1825	jókat	alszom	ebéd után ,	indefinite
alszik	doc#1825	tuti nem	alszom	és annál	indefinite
alszik	doc#1825	, és nem	alszom	az alvó	indefinite
alszik	doc#1825	4.ha nem	alszom	ki magam ,	indefinite
igyekszik	doc#1825	nyerünk ,	igyekszem	túlélni , de	indefinite
igyekszik	doc#1825	! </s><s>	Igyekszem	a	indefinite
cselekszik	doc#1825	Igéjét	cselekszem	( Jakab 1:22	indefinite
igyekszik	doc#1826	buksimban . </s><s>	Igyekszem	, hogy a	indefinite
igyekszik	doc#1826	miatt , de	igyekszem	, az aromák	indefinite
igyekszik	doc#1826	monitorom ,	igyekszem	kölcsön	indefinite
igyekszik	doc#1826	arra	igyekszem	rámutatni ,	indefinite
baszik	doc#1826	kell olyan	baszom	szolid	indefinite
igyekszik	doc#1826	. </s><s>	Igyekszem	majd kissé	indefinite
igyekszik	doc#1826	is vannak . </s><s>	Igyekszem	megjavulni	indefinite
igyekszik	doc#1826	, ezért itt	igyekszem	vàlaszt	indefinite
igyekszik	doc#1826	es	igyekszem	valtozatos	indefinite
alszik	doc#1826	odabenn	alszom	az	indefinite
alszik	doc#1826	a másnapos #	alszom	#	indefinite
alszik	doc#1826	többet	alszom	, annál	indefinite
alszik	doc#1826	; $ </s><s> Megyek	alszom	egy kicsit	indefinite
alszik	doc#1826	-én még nem	alszom	, mert nem	indefinite
alszik	doc#1826	Tony </s><s> Ha nem	alszom	be biztos	indefinite
igyekszik	doc#1826	legalábbis	igyekszem	-, és	indefinite
igyekszik	doc#1827	vásárolok . </s><s>	Igyekszem	mindent	indefinite
igyekszik	doc#1827	, akkor	igyekszem	egy keveset	indefinite
igyekszik	doc#1827	, szóval	igyekszem	mindig jól	indefinite
igyekszik	doc#1827	pár éve és	igyekszem	is fejlődni	indefinite
igyekszik	doc#1827	. </s><s>	Igyekszem	hasznossá	indefinite
igyekszik	doc#1827	! </s><s> Lezártam ,	igyekszem	feledni . </s>	indefinite
igyekszik	doc#1827	, de	igyekszem	ezzel nem	indefinite
igyekszik	doc#1827	,	igyekszem	a legjobb	indefinite
igyekszik	doc#1827	tanulnak ,	igyekszem	őket	indefinite
igyekszik	doc#1827	NA	igyekszem	ennél azért	indefinite
igyekszik	doc#1827	mellett	igyekszem	minél több	indefinite
törekszik	doc#1828	a maximumra	törekszem	, de ez most	indefinite
törekszik	doc#1828	NA	törekszem	- vallotta . </s>	indefinite
alszik	doc#1828	fel , ha	alszom	Vigyázz rám	indefinite
igyekszik	doc#1828	? </s><s> R:	Igyekszem	minél	indefinite
cselekszik	doc#1828	mit s hogyan	cselekszem	, nem tudod	indefinite
igyekszik	doc#1828	fog , de	igyekszem	NA	indefinite
igyekszik	doc#1828	Kőszegen . </s><s>	Igyekszem	még	indefinite
igyekszik	doc#1828	nő </s><s>	Igyekszem	:-D	indefinite
törekszik	doc#1828	legalábbis	törekszem	erre	indefinite
igyekszik	doc#1828	előbbre ,	igyekszem	valamiféle	indefinite
igyekszik	doc#1828	élek :)	igyekszem	nem hibázni	indefinite
igyekszik	doc#1828	- ellenben ,	igyekszem	erteni	indefinite
alszik	doc#1828	nyugodtan	alszom	! </s><s> Hidd el ! </s>	indefinite
igyekszik	doc#1828	! </s><s>	Igyekszem	tartani az	indefinite
igyekszik	doc#1828	, de nagyon	igyekszem	; ) </s>	indefinite
igyekszik	doc#1828	különös . </s><s> És	igyekszem	minden	indefinite
igyekszik	doc#1828	Ivánért . </s><s> Én	igyekszem	készülni 25	indefinite
igyekszik	doc#1828	, meg	igyekszem	egyébként	indefinite
igyekszik	doc#1829	NA	igyekszem	minél	indefinite
alszik	doc#1829	AZÉRT NEM	ALSZOM	, MERT VÁROM	indefinite
baszik	doc#1829	a másikon	baszom	a rezet , itt	definite
igyekszik	doc#1829	is	igyekszem	nem megy	indefinite
törekszik	doc#1829	Klára </s><s>	Törekszem	a	indefinite
igyekszik	doc#1829	oldalán	igyekszem	azon	indefinite
cselekszik	doc#1830	többé nem	cselekszem	félelemből	indefinite
igyekszik	doc#1830	enyém ... de	igyekszem	jó gazada	indefinite
igyekszik	doc#1830	<s>	igyekszem	komolyan	indefinite
alszik	doc#1830	, és nálad	alszom	. </s><s> Azért	indefinite
alszik	doc#1830	szobában	alszom	. </s>	indefinite
igyekszik	doc#1830	, de	igyekszem	ezen	indefinite
baszik	doc#1830	, hogy ODA	BASZOM	, végre hús	indefinite
igyekszik	doc#1831	lesz . :(( De	igyekszem	!! </s><s> Puszi :) #	indefinite
igyekszik	doc#1831	. </s><s> De	igyekszem	pótolni ez	indefinite
igyekszik	doc#1831	NA	igyekszem	nézni , nem	indefinite
igyekszik	doc#1831	, még élek és	igyekszem	még élni egy	indefinite
alszik	doc#1831	lelépek és	alszom	:DD </s>	indefinite
igyekszik	doc#1831	válaszait ! </s><s>	Igyekszem	majd a	indefinite
igyekszik	doc#1831	per nap """"	Igyekszem	olyan	indefinite
igyekszik	doc#1831	ma is	igyekszem	behozni a	indefinite
igyekszik	doc#1832	kedvére	igyekszem	cselekedni	indefinite
igyekszik	doc#1832	, h szóltál ! </s><s>	Igyekszem	mindenképp	indefinite
cselekszik	doc#1832	NA	cselekszem	, és	indefinite
igyekszik	doc#1832	,	igyekszem	mielőtt	indefinite
igyekszik	doc#1832	és nagyon	igyekszem	.... </s>	indefinite
igyekszik	doc#1832	... </s><s>	Igyekszem	megfogadni	indefinite
alszik	doc#1832	hogy ma nem	alszom	... </s><s> : S : D </s>	indefinite
cselekszik	doc#1833	nélkül	cselekszem	és titokban	indefinite
törekszik	doc#1833	lóg a f.szom	törekszem	! </s>	indefinite
igyekszik	doc#1833	, ezért	igyekszem	úgy veled	indefinite
alszik	doc#1833	bunkó . </s><s> Néha	alszom	is : D </s>	indefinite
alszik	doc#1833	ha most nem	alszom	. jo ejt :) </s>	indefinite
igyekszik	doc#1833	viszont	igyekszem	megtenni	indefinite
igyekszik	doc#1833	gubanc , azt	igyekszem	kibontani ,	definite
igyekszik	doc#1833	21:03	Igyekszem	... </s><s> :)	indefinite
igyekszik	doc#1833	vitt le .... </s><s>	Igyekszem	olyan	indefinite
igyekszik	doc#1833	részét	igyekszem	elkerülni	indefinite
igyekszik	doc#1834	, jó móka . </s><s>	Igyekszem	minden	indefinite
alszik	doc#1834	egy órája	alszom	. </s><s> Mia	indefinite
alszik	doc#1834	megint	alszom	egy picit és	indefinite
baszik	doc#1834	NO TO BISZEM	BASZOM	</s><s> 2013-10-20 </s>	indefinite
alszik	doc#1834	alig	alszom	Ne vedd el ,	indefinite
alszik	doc#1834	alig	alszom	Ne vedd el ,	indefinite
igyekszik	doc#1835	a blogon , de	igyekszem	hozni	indefinite
igyekszik	doc#1835	NA	igyekszem	válaszolni	indefinite
igyekszik	doc#1836	, azt is	igyekszem	beépíteni	definite
alszik	doc#1836	Jó Bulikról	alszom	... </s><s> Szép	indefinite
baszik	doc#1836	de nem	baszom	seggbe ,	indefinite
igyekszik	doc#1836	! </s><s> Majd	igyekszem	! </s><s> :) Haha ..	indefinite
igyekszik	doc#1837	NA	igyekszem	. </s><s> Ha egyedül	indefinite
igyekszik	doc#1837	NA	igyekszem	belőle	indefinite
törekszik	doc#1837	, de arra	törekszem	, hogy minél	indefinite
baszik	doc#1837	hogy tele	baszom	a tumblr-t a	indefinite
igyekszik	doc#1837	, hogy azért	igyekszem	NA	indefinite
igyekszik	doc#1838	NA	igyekszem	is segíteni	indefinite
igyekszik	doc#1838	(	igyekszem	egyetlen	indefinite
baszik	doc#1838	balkézzel	baszom	el a	indefinite
alszik	doc#1838	a pénzem és	alszom	majd ha akad	indefinite
alszik	doc#1838	ma sem	alszom	... jól . </s>	indefinite
igyekszik	doc#1838	ezt inkább	igyekszem	hamar	indefinite
alszik	doc#1838	tényleg	alszom	. jóéjt :) </s>	indefinite
igyekszik	doc#1838	a drágám ,	igyekszem	elébe menni	indefinite
cselekszik	doc#1838	szó nélkül	cselekszem	.. </s><s> : P </s>	indefinite
cselekszik	doc#1839	mit s hogyan	cselekszem	, nem tudod	indefinite
alszik	doc#1839	, egyedül	alszom	én is . </s>	indefinite
alszik	doc#1839	? </s><s> Apu , miért	alszom	el	indefinite
baszik	doc#1840	Roland </s><s>	Baszom	én meg ezt a	indefinite
igyekszik	doc#1840	, Mamici ,	igyekszem	:)) </s>	indefinite
igyekszik	doc#1840	, szóval	igyekszem	tenni a	indefinite
igyekszik	doc#1840	a könyvvel	igyekszem	megtörni	indefinite
igyekszik	doc#1840	NA	igyekszem	kifejteni ,	indefinite
igyekszik	doc#1840	sikerül , de	igyekszem	e szerint	indefinite
igyekszik	doc#1840	de olyankor	igyekszem	nem többet	indefinite
alszik	doc#1840	: D lehet nem	alszom	az éjjel .. :	indefinite
igyekszik	doc#1840	:) Ma	igyekszem	pótolni az	indefinite
igyekszik	doc#1840	az oldal , de	igyekszem	újra	indefinite
igyekszik	doc#1841	a lábam , így	igyekszem	napközben	indefinite
igyekszik	doc#1841	8 után is	igyekszem	felvenni a	indefinite
bogarászik	doc#1841	Át is	bogarászom	a piacot ,	definite
alszik	doc#1841	): Sokáig	alszom	. </s><s> Olykor	indefinite
cselekszik	doc#1842	dolgokat	cselekszem	, és jól	indefinite
igyekszik	doc#1842	miatt , de	igyekszem	más	indefinite
igyekszik	doc#1842	, de	igyekszem	, hiszen	indefinite
igyekszik	doc#1842	, akkor	igyekszem	majd szép	indefinite
alszik	doc#1842	, ha nem	alszom	8 órát ,	indefinite
alszik	doc#1842	keresztül	alszom	,	indefinite
igyekszik	doc#1842	NA	igyekszem	valami	indefinite
igyekszik	doc#1842	a sapiért ! </s><s>	Igyekszem	NA	indefinite
alszik	doc#1842	Aljában	alszom	, és elhever	indefinite
igyekszik	doc#1842	, de azért	igyekszem	most leírni	indefinite
törekszik	doc#1843	. </s><s> Így hát	törekszem	arra , hogy	indefinite
alszik	doc#1843	<s> na inkabb	alszom	: c </s>	indefinite
alszik	doc#1843	<s> inkabb	alszom	. jo	indefinite
alszik	doc#1843	is inkább	alszom	egyet ! </s>	indefinite
alszik	doc#1844	, aztán	alszom	egy kanapén	indefinite
igyekszik	doc#1844	módon	igyekszem	objektívan	indefinite
igyekszik	doc#1844	a szavaknál	igyekszem	alkalmazni	indefinite
alszik	doc#1844	NA	alszom	el , És	indefinite
baszik	doc#1845	csak én	baszom	a rezet a	definite
alszik	doc#1845	. </s><s> Miért	alszom	el majdnem	indefinite
igyekszik	doc#1846	NA	igyekszem	NA	indefinite
alszik	doc#1846	és a papánál	alszom	, sokat	indefinite
igyekszik	doc#1847	lehetőség ,	igyekszem	frissíteni	indefinite
igyekszik	doc#1847	... </s><s> Majd	igyekszem	felrakni a	indefinite
alszik	doc#1847	kevesebbet	alszom	! </s>	indefinite
úszik	doc#1848	, gyakran	úszom	benne , ha	indefinite
alszik	doc#1848	én már akkor	alszom	</s><s> 2013-10-20 </s>	indefinite
igyekszik	doc#1848	NA	igyekszem	NA	indefinite
igyekszik	doc#1848	, de	igyekszem	elkerülni -	indefinite
igyekszik	doc#1848	alapján ,	igyekszem	mindig	indefinite
alszik	doc#1848	<s> Ah , tényleg	alszom	. </s><s> # whatnow </s>	indefinite
alszik	doc#1848	: '' D most	alszom	még 2 órát	indefinite
alszik	doc#1848	! :) most	alszom	egy kicsit .	indefinite
cselekszik	doc#1848	szándékkal	cselekszem	) -- áldozni	indefinite
igyekszik	doc#1848	a sírjához	igyekszem	, aki az	indefinite
igyekszik	doc#1848	,	igyekszem	viselkedni	indefinite
alszik	doc#1848	, én ruhában	alszom	, nyáron	indefinite
alszik	doc#1848	keveset	alszom	( 3-4 óra )	indefinite
baszik	doc#1848	.... ott	baszom	az eget a	definite
igyekszik	doc#1848	írom , ahogy	igyekszem	megérteni a	indefinite
igyekszik	doc#1848	, és	igyekszem	is élni	indefinite
igyekszik	doc#1848	kérek . </s><s>	Igyekszem	eleget	indefinite
törekszik	doc#1848	esetben	törekszem	az egyenes	indefinite
alszik	doc#1848	is rosszul	alszom	a meleg	indefinite
igyekszik	doc#1848	is teszem és	igyekszem	karban	indefinite
igyekszik	doc#1848	puszta ,	igyekszem	gyorsan	indefinite
alszik	doc#1849	, hogy nem	alszom	. </s><s> Emlékszem	indefinite
alszik	doc#1849	- többet	alszom	( akkor	indefinite
igyekszik	doc#1849	:( : D de	igyekszem	kitenni a	indefinite
alszik	doc#1849	Én már nem	alszom	nyugodtan ,	indefinite
igyekszik	doc#1849	jól estek ! </s><s>	Igyekszem	NA	indefinite
igyekszik	doc#1849	:-) panni	igyekszem	fotózni is	indefinite
igyekszik	doc#1849	kisfiam . </s><s> Én	igyekszem	délután	indefinite
törekszik	doc#1849	beszélek ,	törekszem	arra , hogy	indefinite
alszik	doc#1849	idegenben	alszom	, hogy nincs	indefinite
igyekszik	doc#1849	részben de	igyekszem	: D és köszi :	indefinite
baszik	doc#1849	az országot	baszom	meg ! </s><s> Nem	definite
igyekszik	doc#1849	lehet írni . </s><s>	Igyekszem	folyton	indefinite
igyekszik	doc#1849	függően	igyekszem	sok sok	indefinite
alszik	doc#1849	el hogy el	alszom	a dolgokat	definite
igyekszik	doc#1849	zolee5016 :	igyekszem	. </s><s> [	indefinite
igyekszik	doc#1850	legyen erőm	igyekszem	, nem akar	indefinite
alszik	doc#1850	tali előtt	alszom	egyet	indefinite
igyekszik	doc#1850	után mindig	igyekszem	legalább	indefinite
igyekszik	doc#1850	kapni ,	igyekszem	ennek	indefinite
igyekszik	doc#1850	el . </s><s> Majd	igyekszem	NA	indefinite
igyekszik	doc#1850	miatt	igyekszem	mindenhol	indefinite
igyekszik	doc#1850	, este	igyekszem	felrakni ,	indefinite
baszik	doc#1850	még baja meg	baszom	a szájukat	definite
igyekszik	doc#1851	van .. erre	igyekszem	felébredni	indefinite
alszik	doc#1851	nyugodtan	alszom	. </s><s> Az	indefinite
alszik	doc#1851	mikor	alszom	</s><s> 2013-10-30 </s>	indefinite
igyekszik	doc#1851	<s> Akárhogy is	igyekszem	, érzem ,	indefinite
igyekszik	doc#1851	Arrow 2x03 . </s><s>	Igyekszem	vele . </s>	indefinite
igyekszik	doc#1851	után	igyekszem	utolérni ,	indefinite
igyekszik	doc#1851	, ezért	igyekszem	viszonylag	indefinite
igyekszik	doc#1852	a tányérra . </s><s>	Igyekszem	az	indefinite
igyekszik	doc#1852	, de ezen	igyekszem	dolgozni . </s>	indefinite
étkezik	doc#1852	vegánként	étkezem	, viszont	indefinite
alszik	doc#1852	, mikor	alszom	. </s><s> Aztán	indefinite
úszik	doc#1852	Orchestra -	Úszom	az árral (	indefinite
igyekszik	doc#1852	:	igyekszem	majd	indefinite
alszik	doc#1852	, hogy	alszom	fél 8-ig és	indefinite
baszik	doc#1852	másra ...	baszom	az anyja	indefinite
törekszik	doc#1852	, és arra	törekszem	, hogy	indefinite
igyekszik	doc#1852	hónapja már	igyekszem	ráállni	indefinite
igyekszik	doc#1853	Na , akkor	igyekszem	hamar	indefinite
igyekszik	doc#1853	odaadja . </s><s>	Igyekszem	csinálni	indefinite
törekszik	doc#1853	őket . </s><s> Nem	törekszem	semmilyen	indefinite
igyekszik	doc#1853	. </s><s>	Igyekszem	a legapróbb	indefinite
igyekszik	doc#1853	elkezdeni . </s><s>	Igyekszem	, amennyire	indefinite
igyekszik	doc#1853	csak	igyekszem	A szemembe	indefinite
alszik	doc#1853	???? még	alszom	rá 1 , 2 ,	indefinite
úszik	doc#1853	vagyunk ... </s><s>	Úszom	a vízben : a	indefinite
igyekszik	doc#1853	. </s><s>	Igyekszem	mihamarabb	indefinite
igyekszik	doc#1853	NA	igyekszem	. </s><s> XoXo Lana	indefinite
alszik	doc#1853	ne hidd hogy	alszom	, hisz ott	indefinite
alszik	doc#1853	ott . </s><s> Nem	alszom	. </s><s> De ott	indefinite
alszik	doc#1853	éjszaka nem	alszom	a köhögő	indefinite
igyekszik	doc#1853	félnének . </s><s>	Igyekszem	megértően	indefinite
alszik	doc#1853	. </s><s> Nyugodtan	alszom	. </s>	indefinite
baszik	doc#1854	László </s><s>	baszom	az eget :DDD	definite
baszik	doc#1854	róla gégén	baszom	egy ásóval ,	indefinite
igyekszik	doc#1854	na . </s><s> Pedig	igyekszem	minden	indefinite
igyekszik	doc#1854	a szünet ,	igyekszem	aktívan	indefinite
igyekszik	doc#1854	volt . </s><s>	Igyekszem	a fogorvos	indefinite
igyekszik	doc#1854	? </s><s> : PPP Na jó ,	igyekszem	. </s><s> :)	indefinite
alszik	doc#1854	, hogy ma	alszom	utoljára ? </s><s> A	indefinite
alszik	doc#1854	el is	alszom	. </s>	indefinite
baszik	doc#1854	nem érdekel	baszom	szét az	indefinite
cselekszik	doc#1854	. ) </s><s> Én is így	cselekszem	</s><s> 2013-10-30 </s>	indefinite
alszik	doc#1854	, és már	alszom	is . </s><s> -	indefinite
igyekszik	doc#1854	16:03	Igyekszem	... abból	indefinite
alszik	doc#1854	, majd	alszom	:) </s>	indefinite
cselekszik	doc#1854	magam is így	cselekszem	: """" értsük	indefinite
igyekszik	doc#1854	magam . </s><s>	Igyekszem	megélni a	indefinite
törekszik	doc#1854	, arra	törekszem	, hogy	indefinite
alszik	doc#1855	NA	alszom	, mint TE """"	indefinite
alszik	doc#1855	miközben	alszom	, akkor a	indefinite
törekszik	doc#1855	írok , nem	törekszem	arra , hogy	indefinite
alszik	doc#1855	. </s><s> I tt ahol	alszom	mostantól	indefinite
alszik	doc#1855	. </s><s> Samnél	alszom	!	indefinite
igyekszik	doc#1855	, és	igyekszem	kicsit	indefinite
igyekszik	doc#1855	újra rá ,	igyekszem	NA	indefinite
törekszik	doc#1855	felé	törekszem	. </s><s> Ami volt ,	indefinite
igyekszik	doc#1855	képes , de	igyekszem	, ahogyan	indefinite
cselekszik	doc#1855	azt , amit Én	cselekszem	, és az Én	indefinite
igyekszik	doc#1855	van a helye	igyekszem	oda menni ,	indefinite
igyekszik	doc#1855	A fordítást	igyekszem	NA	indefinite
igyekszik	doc#1855	az igazi .	igyekszem	pozitiv	indefinite
igyekszik	doc#1855	..... </s><s> : s de	igyekszem	NA	indefinite
igyekszik	doc#1855	havazva , de	igyekszem	most már	indefinite
igyekszik	doc#1855	én tényleg	igyekszem	mindent	indefinite
igyekszik	doc#1855	,	igyekszem	nagyon	indefinite
igyekszik	doc#1855	, de én	igyekszem	mindent	indefinite
igyekszik	doc#1855	19:17	Igyekszem	majd	indefinite
igyekszik	doc#1855	... </s><s> Majd	igyekszem	olyan	indefinite
igyekszik	doc#1855	! </s><s> Majd	igyekszem	NA	indefinite
igyekszik	doc#1855	.... de	igyekszem	mindig jó	indefinite
igyekszik	doc#1855	, és	igyekszem	még hozni	indefinite
igyekszik	doc#1855	a blogomat ,	igyekszem	a jövőben is	indefinite
baszik	doc#1855	hozzá	baszom	a földhöz	indefinite
cselekszik	doc#1856	: """" Ha nem	cselekszem	,	indefinite
igyekszik	doc#1856	össze . </s><s>	Igyekszem	NA	indefinite
igyekszik	doc#1856	nézem ,	igyekszem	minél több	indefinite
igyekszik	doc#1856	Éppen ezért	igyekszem	nem	indefinite
igyekszik	doc#1856	ötleteket ! </s><s>	Igyekszem	alkalmazni	indefinite
igyekszik	doc#1856	, legalább	igyekszem	NA	indefinite
alszik	doc#1856	? </s><s> -Mert	alszom	. </s>	indefinite
alszik	doc#1856	karjaidban	alszom	el Ez kell	indefinite
alszik	doc#1856	inkább	alszom	joejt :)))	indefinite
igyekszik	doc#1856	reagálunk . </s><s>	Igyekszem	azért	indefinite
igyekszik	doc#1856	! </s><s> :)	Igyekszem	felvenni	indefinite
igyekszik	doc#1856	... </s><s> Én	igyekszem	figyelni	indefinite
törekszik	doc#1857	NA	törekszem	. </s>	indefinite
igyekszik	doc#1857	már . </s><s> Ezért	igyekszem	sokféle	indefinite
igyekszik	doc#1857	egyaránt és	igyekszem	minden	indefinite
igyekszik	doc#1857	. </s><s> De	igyekszem	úgy	indefinite
igyekszik	doc#1857	a blogot , de	igyekszem	pótolni . </s><s> A	indefinite
igyekszik	doc#1857	tagadom , de	igyekszem	nem olyan	indefinite
igyekszik	doc#1857	érkezése . </s><s>	Igyekszem	a lehető	indefinite
igyekszik	doc#1857	. </s><s> Ígérem	igyekszem	a	indefinite
alszik	doc#1857	tudom hol	alszom	... </s>	indefinite
igyekszik	doc#1857	részt , de	igyekszem	. </s>	indefinite
alszik	doc#1857	, hogy sokat	alszom	. </s><s> Ez a kissé	indefinite
igyekszik	doc#1857	máshol nem . </s><s>	Igyekszem	arra is	indefinite
igyekszik	doc#1857	,	igyekszem	NA	indefinite
baszik	doc#1858	látvány az a	baszom	konzol	indefinite
alszik	doc#1858	a padlón	alszom	 embernek )	indefinite
alszik	doc#1858	is amikor	alszom	es nem logók	indefinite
igyekszik	doc#1858	érdekeset ,	igyekszem	majd írni	indefinite
alszik	doc#1858	... </s><s> Nem	alszom	, nem eszem ,	indefinite
alszik	doc#1858	nyugodtan	alszom	..... </s>	indefinite
igyekszik	doc#1858	én mindent	igyekszem	NA	indefinite
igyekszik	doc#1859	szobámból ,	igyekszem	némi	indefinite
igyekszik	doc#1859	, majd	igyekszem	NA	indefinite
étkezik	doc#1859	diétát és	étkezem	NA	indefinite
alszik	doc#1859	is ez a kuki ! </s><s>	Alszom	én is ! </s>	indefinite
törekszik	doc#1859	a menye ... </s><s>	Törekszem	arra , hogy	indefinite
alszik	doc#1859	<s> Ma éjjel nem	alszom	én Rólad	indefinite
igyekszik	doc#1859	. </s><s>	Igyekszem	NA	indefinite
igyekszik	doc#1860	, ámde	igyekszem	tömören	indefinite
törekszik	doc#1860	- De	törekszem	! </s><s> Nem vagyok	indefinite
igyekszik	doc#1860	):	Igyekszem	minél	indefinite
baszik	doc#1860	<s> A Nem	baszom	fel-re	indefinite
igyekszik	doc#1860	Majd még	igyekszem	jönni . </s>	indefinite
igyekszik	doc#1861	filmben , de	igyekszem	) </s>	indefinite
igyekszik	doc#1861	, ezért	igyekszem	minden	indefinite
alszik	doc#1861	általában	alszom	órán , vagy	indefinite
mozizik	doc#1861	ritkán	mozizom	. </s><s> Eddig	indefinite
igyekszik	doc#1861	NA	igyekszem	is lenni ,	indefinite
igyekszik	doc#1861	Embereknek	igyekszem	-e tetszeni	indefinite
alszik	doc#1862	. </s><s> Szóval még	alszom	rá eggyet	indefinite
igyekszik	doc#1862	<s> Videóimban	igyekszem	megmutatni	indefinite
alszik	doc#1862	és kiválóan	alszom	, 8-9 órát	indefinite
igyekszik	doc#1862	. </s><s>	Igyekszem	NA	indefinite
alszik	doc#1862	ha veled	alszom	. </s><s> Hát	indefinite
igyekszik	doc#1862	, én pedig	igyekszem	élni vele és	indefinite
igyekszik	doc#1862	készülnek ,	igyekszem	, hogy	indefinite
igyekszik	doc#1862	kapcsán ! </s><s>	Igyekszem	öregbíteni	indefinite
igyekszik	doc#1862	a héten ,	igyekszem	behozni a	indefinite
úszik	doc#1862	, hűvösében	úszom	,	indefinite
igyekszik	doc#1862	irányokat	igyekszem	feltárni ,	indefinite
úszik	doc#1862	föld felett	úszom	el , nekem	indefinite
igyekszik	doc#1863	:DD ; )	Igyekszem	a	indefinite
igyekszik	doc#1863	az hogy	igyekszem	minél	indefinite
törekszik	doc#1863	, nem	törekszem	arra , hogy ő	indefinite
igyekszik	doc#1863	, és én	igyekszem	végigjárni	indefinite
alszik	doc#1863	óta nem	alszom	. </s><s> Egy váltóm	indefinite
igyekszik	doc#1863	gondoltam ,	igyekszem	ezentúl a	indefinite
igyekszik	doc#1863	pedig	igyekszem	külön	indefinite
igyekszik	doc#1863	NA	igyekszem	NA	indefinite
igyekszik	doc#1863	érezzem . </s><s>	Igyekszem	figyelni	indefinite
igyekszik	doc#1863	a napokon	igyekszem	még jobban	indefinite
igyekszik	doc#1863	, majd	igyekszem	alkotni ,	indefinite
igyekszik	doc#1864	miatt . </s><s>	Igyekszem	NA	indefinite
alszik	doc#1864	de boldog	alszom	de azéqt	indefinite
úszik	doc#1864	, nem	úszom	meg , hogy	indefinite
cselekszik	doc#1864	? </s><s> Vajon	cselekszem	e Krisztus	indefinite
igyekszik	doc#1864	vagyok e	igyekszem	e alázatos	indefinite
alszik	doc#1864	?! """" </s><s> Amíg nem	alszom	el , addig	indefinite
alszik	doc#1864	:) :( Néha	Alszom	is :) < 3 < 3	indefinite
igyekszik	doc#1864	, de majd	igyekszem	kordában	indefinite
igyekszik	doc#1864	, de majd	igyekszem	kordában	indefinite
alszik	doc#1864	nem otthon	alszom	:-( </s>	indefinite
alszik	doc#1865	megint nem	alszom	, hanem	indefinite
alszik	doc#1865	nyugodtan	alszom	! </s><s> :-) </s>	indefinite
igyekszik	doc#1865	felé	igyekszem	megvédeni a	indefinite
igyekszik	doc#1866	így van : '' )	igyekszem	erős lenni	indefinite
igyekszik	doc#1866	éhes	igyekszem	e sérülést	indefinite
igyekszik	doc#1866	,	igyekszem	azokra	indefinite
igyekszik	doc#1866	tartom és	igyekszem	száz	indefinite
alszik	doc#1867	vagyok	alszom	 . a sokféle	indefinite
igyekszik	doc#1867	de egyelőre	igyekszem	a	indefinite
baszik	doc#1867	a körmöd alá	baszom	be a százas	indefinite
cselekszik	doc#1867	: A mit én	cselekszem	, te azt most	indefinite
igyekszik	doc#1867	, úgyhogy ,	igyekszem	valami	indefinite
alszik	doc#1867	magammal	alszom	el </s>	indefinite
igyekszik	doc#1867	előtt , de	igyekszem	követni a	indefinite
igyekszik	doc#1867	. </s><s> De	igyekszem	kiírni ide	indefinite
alszik	doc#1867	, én	alszom	itt , te meg	indefinite
alszik	doc#1867	jó fürdőt és	alszom	. </s><s> - Ahogy	indefinite
igyekszik	doc#1868	, így	igyekszem	inkább	indefinite
igyekszik	doc#1868	dolga ! """" </s><s>	Igyekszem	építgetni	indefinite
törekszik	doc#1868	alapozva	törekszem	inkább a	indefinite
igyekszik	doc#1868	, és	igyekszem	minden nap	indefinite
igyekszik	doc#1868	receptet . </s><s>	Igyekszem	majd az	indefinite
igyekszik	doc#1868	vagyok és	igyekszem	pótolni a	indefinite
alszik	doc#1868	... </s><s> Néha	alszom	is ... </s>	indefinite
igyekszik	doc#1868	, de	igyekszem	mostantól	indefinite
alszik	doc#1868	... </s><s> :) Néha	alszom	is ... </s>	indefinite
alszik	doc#1868	fekszek és	alszom	mi van velem	indefinite
úszik	doc#1868	, Tova	úszom	hát , a	indefinite
alszik	doc#1868	napom volt	alszom	: D Lány : És	indefinite
igyekszik	doc#1868	. </s><s> De nagyon	igyekszem	, itt is az	indefinite
baszik	doc#1868	jò ! </s><s> Oda	baszom	neked	indefinite
igyekszik	doc#1869	<s> nagyon	igyekszem	:-))) </s>	indefinite
igyekszik	doc#1869	NA	igyekszem	maradandót	indefinite
igyekszik	doc#1869	de nagyon	igyekszem	!!! nekem	indefinite
igyekszik	doc#1869	jelent . </s><s>	Igyekszem	mielőbb	indefinite
igyekszik	doc#1869	! </s><s> Ezentúl	igyekszem	hamarabb	indefinite
törekszik	doc#1869	s ezért arra	törekszem	, hogy a	indefinite
igyekszik	doc#1869	járnom , de	igyekszem	jó	indefinite
alszik	doc#1870	, iszom ,	alszom	, leszek . </s>	indefinite
igyekszik	doc#1870	áll , de	igyekszem	nem	indefinite
cselekszik	doc#1870	nélkül	cselekszem	. </s><s> - Csak a	indefinite
igyekszik	doc#1871	<s> _timcsoo </s><s>	Igyekszem	azonnal , es	indefinite
igyekszik	doc#1871	. </s><s> Ezen kívül	igyekszem	minden	indefinite
alszik	doc#1871	vagyok	alszom	 . a sokféle	indefinite
igyekszik	doc#1871	NA	igyekszem	a	indefinite
igyekszik	doc#1871	. </s><s> De majd	igyekszem	jó	indefinite
alszik	doc#1871	el nem	alszom	addig . </s>	indefinite
igyekszik	doc#1872	: Majd	igyekszem	. </s><s> : ) érdemes	indefinite
baszik	doc#1872	tönkre	baszom	, ahogyan	indefinite
alszik	doc#1872	hogy már nem	alszom	. </s><s> - Miért	indefinite
igyekszik	doc#1872	leszek	igyekszem	lelkileg	indefinite
alszik	doc#1872	este sírva	alszom	el , mert	indefinite
igyekszik	doc#1873	NA	igyekszem	dolgozni ,	indefinite
igyekszik	doc#1873	<s> Rhéman </s><s>	Igyekszem	úgy írni ,	indefinite
igyekszik	doc#1873	<s> :) De ígérem	igyekszem	behozni a	indefinite
törekszik	doc#1873	. </s><s> Arra	törekszem	, hogy az	indefinite
cselekszik	doc#1873	: """" Ha nem	cselekszem	,	indefinite
igyekszik	doc#1873	egy posztot	igyekszem	tartani , és	indefinite
igyekszik	doc#1873	. </s><s> Undorító ! </s><s>	Igyekszem	az	indefinite
igyekszik	doc#1873	mást tenni ,	igyekszem	a helyzet	definite
cselekszik	doc#1873	inkább	cselekszem	míg lehet ,	indefinite
cselekszik	doc#1873	<s> Magam is így	cselekszem	: a sokféle	indefinite
igyekszik	doc#1873	. </s><s> Az MTV-hez	igyekszem	... </s>	indefinite
törekszik	doc#1873	NA	törekszem	, kiváló	indefinite
igyekszik	doc#1873	majd meg , és	igyekszem	a legjobb	indefinite
igyekszik	doc#1873	hogy mindig	igyekszem	NA	indefinite
pakolászik	doc#1873	<s> Műsor után	pakolászom	a	indefinite
igyekszik	doc#1874	holnap is ,	igyekszem	keresni egy	indefinite
igyekszik	doc#1874	sokat , de	igyekszem	majd itt is (	indefinite
hugyozik	doc#1874	a sirját sem	hugyozom	le . </s>	indefinite
baszik	doc#1874	és maxra	baszom	a hangerőt	definite
igyekszik	doc#1874	, ígérem	igyekszem	mindenkit	indefinite
igyekszik	doc#1874	: """"	Igyekszem	a lehető	indefinite
igyekszik	doc#1874	..... :)) . </s><s>	Igyekszem	az eredeti	indefinite
igyekszik	doc#1875	a felületen	igyekszem	azon	indefinite
alszik	doc#1875	NA	alszom	el , két	indefinite
alszik	doc#1875	meztelenül	alszom	ezért	indefinite
alszik	doc#1875	, Csend van ,	alszom	nemsokára . </s>	indefinite
baszik	doc#1875	a fejükhöz	baszom	. </s>	indefinite
igyekszik	doc#1875	... nem is	igyekszem	NA	indefinite
igyekszik	doc#1875	alapvetően	igyekszem	pártatlan	indefinite
igyekszik	doc#1875	. </s><s>	Igyekszem	rövidre	indefinite
igyekszik	doc#1875	. </s><s> Ellenben	igyekszem	szem előtt	indefinite
igyekszik	doc#1876	is	igyekszem	átmosni ,	indefinite
igyekszik	doc#1876	részleteit	igyekszem	majd	indefinite
baszik	doc#1876	valóság só	baszom	a szátok én	indefinite
igyekszik	doc#1876	. </s><s> És	igyekszem	őszintén	indefinite
igyekszik	doc#1876	közelébe . </s><s>	Igyekszem	NA	indefinite
igyekszik	doc#1876	Amíg lehet ,	igyekszem	a	indefinite
igyekszik	doc#1876	, de azért	igyekszem	minél	indefinite
hugyozik	doc#1877	szájba	hugyozom	! </s><s> Stúdió	indefinite
baszik	doc#1877	<s> mind biszem	baszom	</s><s> 2013-11-10 </s>	indefinite
baszik	doc#1877	<s> A biszem	baszom	ligákba a	indefinite
baszik	doc#1877	no to biszem	baszom	.. </s>	indefinite
alszik	doc#1877	NA	alszom	. </s><s> Holnap go	indefinite
igyekszik	doc#1878	mostantól	igyekszem	rá újra időt	indefinite
igyekszik	doc#1878	. </s><s>	Igyekszem	mindig	indefinite
igyekszik	doc#1878	magam , és	igyekszem	jó kedvű	indefinite
alszik	doc#1878	. </s><s> Még	alszom	rá eggyet . </s>	indefinite
alszik	doc#1878	a pincében	alszom	: D </s>	indefinite
igyekszik	doc#1878	ha sütök is ,	igyekszem	teljes	indefinite
igyekszik	doc#1878	...... :) de	igyekszem	, helynek és	indefinite
cselekszik	doc#1878	, úgy	cselekszem	. </s><s> A pénz	indefinite
cselekszik	doc#1878	döntök és	cselekszem	, kicsit	indefinite
igyekszik	doc#1878	lesz . </s><s>	Igyekszem	lazán venni	indefinite
baszik	doc#1878	úgy meg	baszom	a szádott	indefinite
igyekszik	doc#1879	vele . </s><s>	Igyekszem	megőrizni	indefinite
igyekszik	doc#1879	flooralynn	igyekszem	, a késői	indefinite
alszik	doc#1879	<s> LOL , inkább	alszom	egyet . </s>	indefinite
baszik	doc#1880	nagy fölény	baszom	a szádat . </s>	definite
törekszik	doc#1880	lehet , de	törekszem	rá ! </s>	indefinite
alszik	doc#1880	. </s><s> Nappal nem	alszom	. </s><s> Nem tudom . </s>	indefinite
igyekszik	doc#1880	. </s><s>	Igyekszem	túltenni	indefinite
alszik	doc#1880	NA	alszom	</s><s> 2013-11-10 </s>	indefinite
igyekszik	doc#1881	nincs nékem	Igyekszem	őszinte	indefinite
törekszik	doc#1881	. </s><s>	Törekszem	a lényegre . </s>	indefinite
igyekszik	doc#1881	. </s><s> Azert	igyekszem	. </s>	indefinite
alszik	doc#1881	nagyban	alszom	erre beront	indefinite
igyekszik	doc#1881	. </s><s> Ma	igyekszem	elengedni	indefinite
cselekszik	doc#1881	esetleg	cselekszem	:) A mai	indefinite
igyekszik	doc#1882	NA	igyekszem	a	indefinite
igyekszik	doc#1882	<s> A b. pontban	igyekszem	, a c.	indefinite
igyekszik	doc#1882	ügyes ,	igyekszem	utolérni ! </s><s> A	indefinite
baszik	doc#1883	tokját	baszom	szét , vagy a	indefinite
igyekszik	doc#1883	mondani : """"	Igyekszem	látni	indefinite
igyekszik	doc#1883	mondani : """"	Igyekszem	látni	indefinite
igyekszik	doc#1883	találom , de	igyekszem	. </s><s> Majd	indefinite
alszik	doc#1883	se csókkal	alszom	el Az éjjel	indefinite
alszik	doc#1883	vélemények	alszom	még rá egyet	indefinite
igyekszik	doc#1884	gyúrni . </s><s>	Igyekszem	life-os	indefinite
igyekszik	doc#1884	Kovács </s><s>	Igyekszem	olyan bölcs	indefinite
igyekszik	doc#1884	majd át . </s><s>	Igyekszem	többnyire	indefinite
baszik	doc#1884	az arcodba	baszom	ma ,	indefinite
baszik	doc#1884	az arcodba	baszom	ma , állj	indefinite
alszik	doc#1884	... </s><s> Nem	alszom	Tv re , nincs	indefinite
baszik	doc#1884	mert én	baszom	ki mint	indefinite
baszik	doc#1884	<s> Ha meg	baszom	valakinek a	indefinite
igyekszik	doc#1884	sajnos de	igyekszem	magolni a	indefinite
igyekszik	doc#1885	NA	igyekszem	elérni ,	indefinite
igyekszik	doc#1885	a lájkokat ! </s><s>	Igyekszem	a jövőben is	indefinite
igyekszik	doc#1885	. </s><s> De most már	igyekszem	, mert	indefinite
igyekszik	doc#1885	. </s><s> Ennyi . </s><s> :)	Igyekszem	minden nap	indefinite
alszik	doc#1885	: Azért nem	alszom	délután	indefinite
cselekszik	doc#1885	ítéleteket	cselekszem	benne , és	indefinite
cselekszik	doc#1885	<s> De egyet	cselekszem	, azokat , a	indefinite
igyekszik	doc#1885	8:45	Igyekszem	NA	indefinite
alszik	doc#1885	, én 7. éve	alszom	egy Aerial	indefinite
adakozik	doc#1885	kénére """" nem	adakozom	. </s>	indefinite
igyekszik	doc#1885	dolgokat és	igyekszem	megosztani	indefinite
alszik	doc#1886	, hanem ott	alszom	valakinél . </s>	indefinite
baszik	doc#1886	biszem	baszom	NA	indefinite
igyekszik	doc#1886	kössek ,	igyekszem	mindent	indefinite
igyekszik	doc#1886	, nagyon	igyekszem	megfogadni	indefinite
igyekszik	doc#1886	nektek : *	igyekszem	: D </s>	indefinite
igyekszik	doc#1887	NA	igyekszem	jól	indefinite
törekszik	doc#1887	. </s><s> Ilyenkor	törekszem	arra hogy a	indefinite
alszik	doc#1887	hogy sokáig	alszom	: D </s>	indefinite
igyekszik	doc#1887	magam is . </s><s>	Igyekszem	megismerni	indefinite
igyekszik	doc#1887	tudatosan	igyekszem	kerülni az	indefinite
igyekszik	doc#1888	írok , de	igyekszem	érthetőre	indefinite
igyekszik	doc#1888	NA	igyekszem	NA	indefinite
igyekszik	doc#1888	,	igyekszem	pótolni a	indefinite
alszik	doc#1888	az időmérőt	alszom	el , amikor a	definite
furikázik	doc#1888	többet	furikázom	városban ,	indefinite
igyekszik	doc#1888	, de	igyekszem	sokat írni . </s>	indefinite
igyekszik	doc#1889	és én is	igyekszem	az szerint	indefinite
igyekszik	doc#1890	, most	igyekszem	elmesélni a	indefinite
úszik	doc#1890	alatt nem	úszom	meg ahogy	indefinite
baszik	doc#1890	meg	baszom	a száját . </s>	definite
alszik	doc#1890	? </s><s> Ha én nem	alszom	, ne aludjon	indefinite
alszik	doc#1890	<s> Addig is	alszom	egyet . </s>	indefinite
alszik	doc#1891	év , S nem	alszom	NA	indefinite
igyekszik	doc#1891	<s> Egyszerűen	igyekszem	a legjobb	indefinite
igyekszik	doc#1891	akkor	igyekszem	sokszínű	indefinite
igyekszik	doc#1891	. [ link ]	Igyekszem	felvenni	indefinite
igyekszik	doc#1891	az időmet . </s><s>	Igyekszem	azért még a	indefinite
alszik	doc#1891	ki , hogy én	alszom	náluk : D	indefinite
igyekszik	doc#1891	meccseket	igyekszem	majd	indefinite
igyekszik	doc#1891	mind ... </s><s>	Igyekszem	holnap írni	indefinite
törekszik	doc#1892	arra	törekszem	, hogy ne	indefinite
alszik	doc#1892	két órát	alszom	, amikor	indefinite
igyekszik	doc#1892	verseny , de	igyekszem	mindent	indefinite
igyekszik	doc#1892	. </s><s> Én 1995 óta	igyekszem	minden	indefinite
igyekszik	doc#1893	ami Foci </s><s>	Igyekszem	minél	indefinite
igyekszik	doc#1893	ami Foci </s><s>	Igyekszem	4 meccset is	indefinite
igyekszik	doc#1893	. </s><s> Persze	igyekszem	állandóan	indefinite
igyekszik	doc#1893	, de	igyekszem	NA	indefinite
igyekszik	doc#1893	én mindig	igyekszem	akciósan	indefinite
igyekszik	doc#1893	és mire . </s><s> Én	igyekszem	, hogy	indefinite
baszik	doc#1894	? </s><s> Hú , akkor	baszom	csúnya vagy	indefinite
alszik	doc#1895	<s> inkább	alszom	tovább úgy	indefinite
igyekszik	doc#1895	lennie , és	igyekszem	NA	indefinite
igyekszik	doc#1895	Wax2_ :	igyekszem	, ígérem	indefinite
igyekszik	doc#1895	.. </s><s>	Igyekszem	minél több	indefinite
igyekszik	doc#1895	<s> 3 @ hhonor	Igyekszem	... </s><s> A rendet	indefinite
alszik	doc#1895	... 3-4 órát	alszom	naponta én	indefinite
alszik	doc#1895	<s> Én 4-4 1/2	alszom	, de ez kit	indefinite
igyekszik	doc#1896	a jót ... </s><s>	Igyekszem	, tényleg . </s>	indefinite
alszik	doc#1896	hogy jobban	alszom	, hogy	indefinite
alszik	doc#1896	maradok és	alszom	a cuki	indefinite
igyekszik	doc#1897	így nem jó és	igyekszem	menekülni	indefinite
igyekszik	doc#1897	a képeken ,	igyekszem	NA	indefinite
törekszik	doc#1897	NA	törekszem	és próbálok	indefinite
igyekszik	doc#1897	is elmúlt :)	Igyekszem	a	indefinite
alszik	doc#1897	szájtátva	alszom	miért nem	indefinite
igyekszik	doc#1898	<s> kérdezz ,	igyekszem	válaszolni	indefinite
igyekszik	doc#1898	0:22	Igyekszem	! </s><s> :) Törlés </s>	indefinite
igyekszik	doc#1898	<s> :( Megint	igyekszem	írogatni ,	indefinite
igyekszik	doc#1898	<s> bocsi	igyekszem	rájuk	indefinite
dudorászik	doc#1898	NA	dudorászom	őket :)	indefinite
alszik	doc#1899	ELŐTTE MÉG	ALSZOM	RÁ EGYET ! </s>	indefinite
igyekszik	doc#1899	mellett	igyekszem	a	indefinite
igyekszik	doc#1899	mond , azt	igyekszem	csinálni ,,	definite
igyekszik	doc#1899	előtt még	igyekszem	NA	indefinite
úszik	doc#1899	nélkül nem	úszom	meg . </s><s> -	indefinite
alszik	doc#1899	van és nem	alszom	épp mélyen ,	indefinite
törekszik	doc#1900	mindig arra	törekszem	, hogy	indefinite
igyekszik	doc#1900	, és	igyekszem	egy kicsit	indefinite
igyekszik	doc#1900	, de	igyekszem	mindezt	definite
igyekszik	doc#1900	elutazni . </s><s>	Igyekszem	mindig	indefinite
alszik	doc#1900	keresek ,	alszom	, szidom a	indefinite
igyekszik	doc#1900	is volt ; ) .	igyekszem	NA	indefinite
igyekszik	doc#1901	. </s><s>	Igyekszem	még idén	indefinite
igyekszik	doc#1901	az érzést	igyekszem	NA	indefinite
baszik	doc#1901	hirtelen	baszom	a száját	definite
törekszik	doc#1901	feloldani . </s><s>	Törekszem	újból	indefinite
alszik	doc#1901	Atyám , Amíg	alszom	, vigyázz	indefinite
igyekszik	doc#1901	szavakat ,	igyekszem	meghálálni	indefinite
alszik	doc#1901	ilyenekre	alszom	és	indefinite
igyekszik	doc#1901	<s> Köszönöm . </s><s>	Igyekszem	NA	indefinite
igyekszik	doc#1902	teljesít . </s><s>	Igyekszem	tanulni	indefinite
alszik	doc#1902	jol van majd	alszom	a	indefinite
igyekszik	doc#1902	magamat :	igyekszem	NA	indefinite
igyekszik	doc#1902	haza :)	igyekszem	NA	indefinite
igyekszik	doc#1902	NA	igyekszem	játékos	indefinite
alszik	doc#1903	ahol	alszom	xd </s>	indefinite
igyekszik	doc#1903	,	igyekszem	majd	indefinite
baszik	doc#1904	szurnak ,	Baszom	a száját	definite
baszik	doc#1904	albummal	baszom	szét a nem	indefinite
igyekszik	doc#1904	pedig ,	igyekszem	minden	indefinite
igyekszik	doc#1904	szerint	igyekszem	felelni . </s>	indefinite
igyekszik	doc#1904	,	igyekszem	részben	indefinite
alszik	doc#1904	. </s><s> Én nem	alszom	szexi	indefinite
cselekszik	doc#1904	Ha pedig azt	cselekszem	, amit nem	definite
cselekszik	doc#1904	már nem én	cselekszem	azt , hanem a	definite
igyekszik	doc#1904	, azokat	igyekszem	megmenteni	indefinite
alszik	doc#1904	éjjel nem	alszom	... </s><s> :( </s>	indefinite
alszik	doc#1904	óta alig	alszom	, mert ez a	indefinite
alszik	doc#1905	álmát	alszom	a csizmámba	definite
igyekszik	doc#1905	hozzá . </s><s>	Igyekszem	értelmesen	indefinite
alszik	doc#1905	, ütöget , ha	alszom	felébreszt	indefinite
igyekszik	doc#1905	egyszerű de	igyekszem	. </s><s> Én	indefinite
igyekszik	doc#1905	, viszont	igyekszem	úgy intézni	indefinite
törekszik	doc#1905	még ha nem is	törekszem	most	indefinite
alszik	doc#1906	telve	alszom	egy	indefinite
alszik	doc#1906	és akkor	alszom	majd ! </s>	indefinite
igyekszik	doc#1906	! </s><s> Holnap	igyekszem	valamikor	indefinite
igyekszik	doc#1906	. </s><s> : D	igyekszem	, igyekszem	indefinite
igyekszik	doc#1906	igyekszem ,	igyekszem	, csak hát	indefinite
alszik	doc#1906	NA	alszom	aztán	indefinite
igyekszik	doc#1907	és mindig	igyekszem	100	indefinite
törekszik	doc#1907	NA	törekszem	. </s><s> Sőt	indefinite
alszik	doc#1907	az ágyadban	alszom	, mert ágy	indefinite
igyekszik	doc#1908	) lisztből	igyekszem	keveset	indefinite
igyekszik	doc#1908	csinálom ,	igyekszem	NA	indefinite
igyekszik	doc#1908	muszáj , de	igyekszem	azt is	definite
cselekszik	doc#1908	Ige alapján	cselekszem	, és az Ige	indefinite
alszik	doc#1908	ma egyedül	alszom	. </s>	indefinite
igyekszik	doc#1909	, úgyhogy	igyekszem	nem	indefinite
alszik	doc#1910	talán 10-ig	alszom	. </s><s> A férjem	indefinite
igyekszik	doc#1911	<s> Én egy ideje	igyekszem	az olajban	indefinite
igyekszik	doc#1911	nem én	igyekszem	rábeszélni	indefinite
igyekszik	doc#1911	tudom , noha	igyekszem	, kis	indefinite
alszik	doc#1912	sokat ,	alszom	nem eleget ! </s>	indefinite
alszik	doc#1912	, nem ha még	alszom	is . </s>	indefinite
cselekszik	doc#1912	, Ma és most	cselekszem	, de nem	indefinite
igyekszik	doc#1912	létezem , és	igyekszem	, a	indefinite
igyekszik	doc#1912	NA	igyekszem	NA	indefinite
alszik	doc#1913	<s> picit most	alszom	... de nem	indefinite
alszik	doc#1913	:) Ma nem	alszom	itthon , nem	indefinite
törekszik	doc#1913	NA	törekszem	a	indefinite
igyekszik	doc#1914	szintén	igyekszem	NA	indefinite
törekszik	doc#1914	arra	törekszem	, hogy a	indefinite
cselekszik	doc#1914	ha mondjuk """"	cselekszem	 , de nem	indefinite
alszik	doc#1914	:) na megyek	alszom	mert hulla	indefinite
igyekszik	doc#1914	még a héten	igyekszem	felrántani	indefinite
alszik	doc#1915	egy szobába	alszom	vele ,	indefinite
alszik	doc#1915	<s> ha én nem	alszom	akkor más se	indefinite
igyekszik	doc#1915	vagyok de	igyekszem	.. </s>	indefinite
alszik	doc#1916	nem igazán	alszom	... </s>	indefinite
alszik	doc#1916	, ÉN	alszom	el ülve """" ? </s><s> És	indefinite
baszik	doc#1917	miért	baszom	el az időm	indefinite
alszik	doc#1917	és jót	alszom	az éjjel """"	indefinite
alszik	doc#1917	bajom . </s><s>	Alszom	, olvasok . </s>	indefinite
alszik	doc#1917	, olvasok . </s><s>	Alszom	. </s>	indefinite
törekszik	doc#1917	NA	törekszem	. úgyse	indefinite
igyekszik	doc#1918	is	igyekszem	majd	indefinite
alszik	doc#1918	hogy már nem	alszom	!!! </s><s> : D </s>	indefinite
alszik	doc#1918	odabújok és	alszom	is , így	indefinite
alszik	doc#1919	<s> ha ma sem	alszom	, holnapra	indefinite
igyekszik	doc#1919	, úgyhogy	igyekszem	rendszeres	indefinite
igyekszik	doc#1919	. </s><s> Én	igyekszem	nem	indefinite
igyekszik	doc#1920	a munkámban	igyekszem	mindig	indefinite
alszik	doc#1921	már nem	alszom	! </s>	indefinite
alszik	doc#1921	napi 15 órát	alszom	is ,	indefinite
igyekszik	doc#1922	magadban . </s><s> -	Igyekszem	. - nevettem	indefinite
igyekszik	doc#1922	köszönöm ,	igyekszem	. </s><s> :) xx	indefinite
úszik	doc#1922	ezt most nem	úszom	meg élve . -	indefinite
igyekszik	doc#1922	, de majd	igyekszem	NA	indefinite
igyekszik	doc#1922	, így	igyekszem	mellőzni a	indefinite
alszik	doc#1922	zenét és	alszom	egy kicsit	indefinite
alszik	doc#1922	jah és addig	alszom	ameddig	indefinite
igyekszik	doc#1922	és	igyekszem	a	indefinite
toszik	doc#1923	<s> KI A	TOSZOM	SZALADGÁL	indefinite
alszik	doc#1923	tuti délig	alszom	, nem számít	indefinite
baszik	doc#1924	pofán	baszom	őket !!? </s><s> s	indefinite
igyekszik	doc#1924	szerint	igyekszem	arra	indefinite
igyekszik	doc#1924	, ahogy én	igyekszem	megmenteni	indefinite
alszik	doc#1925	reggel is	alszom	~ 1,5 órát . </s>	indefinite
törekszik	doc#1925	a legjobbra	törekszem	így	indefinite
úszik	doc#1925	mindennap . </s><s>	Úszom	, futok ,	indefinite
alszik	doc#1926	, inkább	alszom	, mint	indefinite
igyekszik	doc#1926	<s> bunkomen </s><s>	igyekszem	majd aktív	indefinite
igyekszik	doc#1926	beszélni ? </s><s>	Igyekszem	figyelni rá	indefinite
igyekszik	doc#1926	követve ,	igyekszem	csak	indefinite
igyekszik	doc#1926	okbol pl.	igyekszem	még a	indefinite
igyekszik	doc#1926	majd mindig	igyekszem	aktív lenni	indefinite
igyekszik	doc#1926	. </s><s> Nagyon	igyekszem	, de remélem	indefinite
alszik	doc#1926	, ha nem	alszom	8 órát , én	indefinite
alszik	doc#1926	10-kor már	alszom	. </s>	indefinite
igyekszik	doc#1926	a keze . </s><s> Én	igyekszem	ezt	definite
igyekszik	doc#1926	sora . </s><s> Bár	igyekszem	keveset	indefinite
alszik	doc#1926	mindegy még	alszom	rá egyet . </s>	indefinite
alszik	doc#1926	nem otthon	alszom	, de reggel	indefinite
igyekszik	doc#1927	Al-start is	igyekszem	még holnap	indefinite
törekszik	doc#1927	rálátásra	törekszem	NA	indefinite
igyekszik	doc#1927	felfedezni	igyekszem	a	indefinite
igyekszik	doc#1927	, akkor azt	igyekszem	úgy	definite
igyekszik	doc#1927	egy listát . </s><s>	Igyekszem	beleszőni a	indefinite
igyekszik	doc#1927	egy listát . </s><s>	Igyekszem	beleszőni a	indefinite
igyekszik	doc#1927	Hát persze . </s><s>	Igyekszem	nem	indefinite
igyekszik	doc#1927	rettentően	igyekszem	elég	indefinite
igyekszik	doc#1927	csak	igyekszem	megtartani	indefinite
igyekszik	doc#1927	. </s><s> Kicsit	igyekszem	NA	indefinite
igyekszik	doc#1927	, de	igyekszem	fejlődni ! </s><s> [	indefinite
igyekszik	doc#1927	izgatnak . </s><s>	Igyekszem	nem sokat	indefinite
igyekszik	doc#1927	vele . </s><s>	Igyekszem	én is a	indefinite
alszik	doc#1928	<s> Hát ez az . </s><s> Ha	alszom	akkor nem	indefinite
igyekszik	doc#1928	, de holnap	igyekszem	befotózni	indefinite
úszik	doc#1928	Háttal	úszom	a divatnak	indefinite
igyekszik	doc#1928	, most	igyekszem	bepótolni	indefinite
alszik	doc#1928	egész nap	alszom	és tanulok	indefinite
alszik	doc#1929	részletben	alszom	6 órát egy	indefinite
igyekszik	doc#1929	. </s><s>	Igyekszem	, röviden	indefinite
igyekszik	doc#1929	furcsa , de	igyekszem	nem ilyenné	indefinite
igyekszik	doc#1929	is	igyekszem	utolérni	indefinite
alszik	doc#1929	, és akkorát	alszom	, hogy az	indefinite
törekszik	doc#1930	NA	törekszem	, de nekem	indefinite
alszik	doc#1930	. </s><s> A lényeg ha	alszom	csak a	indefinite
igyekszik	doc#1930	össze - és	igyekszem	frissen	indefinite
igyekszik	doc#1930	is , úgyhogy	igyekszem	mindig	indefinite
alszik	doc#1930	bátran	alszom	, kimennek a	indefinite
igyekszik	doc#1930	, és	igyekszem	mindig a	indefinite
baszik	doc#1931	. </s><s> A falhoz	baszom	a másik	indefinite
alszik	doc#1931	akkor ott	alszom	, akkor	indefinite
igyekszik	doc#1931	,	igyekszem	NA	indefinite
baszik	doc#1931	biszem	baszom	! </s>	indefinite
igyekszik	doc#1931	. </s><s> Én	igyekszem	kerülni az	indefinite
igyekszik	doc#1931	hogy ezeket	igyekszem	veletek a	indefinite
igyekszik	doc#1932	<s> Értem . </s><s>	Igyekszem	NA	indefinite
igyekszik	doc#1932	jatekot ? </s><s> En	igyekszem	megtartani	indefinite
igyekszik	doc#1932	bőven - és	igyekszem	olyan	indefinite
igyekszik	doc#1933	NA	igyekszem	segiteni	indefinite
igyekszik	doc#1933	, mert	igyekszem	minél több	indefinite
baszik	doc#1933	A rezet	baszom	NA	definite
igyekszik	doc#1933	jól és majd	igyekszem	minél	indefinite
igyekszik	doc#1933	és	igyekszem	beépíteni	indefinite
igyekszik	doc#1933	. </s><s> -	Igyekszem	minden nap	indefinite
igyekszik	doc#1933	NA	igyekszem	ennek a	indefinite
igyekszik	doc#1933	, és	igyekszem	minél	indefinite
igyekszik	doc#1933	, melyeket	igyekszem	felfűzni	indefinite
igyekszik	doc#1933	az okok ,	igyekszem	cikkeket	indefinite
igyekszik	doc#1933	ez tesz jót . </s><s>	Igyekszem	elfogadni	indefinite
igyekszik	doc#1934	<s> kukacapja </s><s>	Igyekszem	... </s><s> Bár	indefinite
igyekszik	doc#1934	és	igyekszem	közzétenni	indefinite
alszik	doc#1934	még ha nem	alszom	is rögtön . </s>	indefinite
alszik	doc#1934	a boltot , és	alszom	egyet . </s>	indefinite
úszik	doc#1934	, azt nem	úszom	meg 30%	definite
igyekszik	doc#1934	velük , hogy	igyekszem	NA	indefinite
igyekszik	doc#1934	nap és	igyekszem	tompítani a	indefinite
alszik	doc#1935	Lillával	alszom	egy ágyban . </s>	indefinite
alszik	doc#1935	valószínű	alszom	, és ha nincs	indefinite
igyekszik	doc#1935	felé	igyekszem	, a	indefinite
alszik	doc#1935	, s	alszom	reggel 8	indefinite
igyekszik	doc#1935	<s> Köszi ,	igyekszem	:) </s>	indefinite
igyekszik	doc#1936	- első rész	Igyekszem	NA	indefinite
igyekszik	doc#1936	kerülni	igyekszem	Csányi	indefinite
baszik	doc#1937	cigány ..	baszom	azt a köcsög	definite
igyekszik	doc#1937	lenni , de	igyekszem	majd a	indefinite
igyekszik	doc#1937	beszámolót	igyekszem	közreadni	indefinite
igyekszik	doc#1937	mindig	igyekszem	őt elvinni	definite
igyekszik	doc#1938	, pont azt	igyekszem	NA	definite
igyekszik	doc#1938	én is tudom .	igyekszem	levetkőzni	indefinite
úszik	doc#1939	<s> HAli !! </s><s> Nem	úszom	meg a	indefinite
igyekszik	doc#1939	van , amit	igyekszem	a	indefinite
igyekszik	doc#1939	Tibor :	Igyekszem	távolról ,	indefinite
igyekszik	doc#1939	. </s><s> De	igyekszem	nem úgy	indefinite
igyekszik	doc#1939	- én is	igyekszem	a humor	indefinite
alszik	doc#1939	. </s><s> Otthon	alszom	. </s>	indefinite
igyekszik	doc#1939	téged , majd	igyekszem	kicsit	indefinite
alszik	doc#1940	mellet	alszom	... békésen	indefinite
igyekszik	doc#1941	<s> Köszi ,	igyekszem	majd valami	indefinite
alszik	doc#1941	, és nem	alszom	egész éjjel	indefinite
alszik	doc#1941	szerint	alszom	, csak nem	indefinite
alszik	doc#1941	, hogy nem	alszom	, egész	indefinite
igyekszik	doc#1941	<s> Én	igyekszem	( bárha	indefinite
alszik	doc#1941	, de mivel	alszom	ekkor , csak	indefinite
igyekszik	doc#1941	<s> Köszönöm ,	igyekszem	, hogy	indefinite
igyekszik	doc#1941	óta azt	igyekszem	tenni , amit	definite
igyekszik	doc#1942	megbuktam ,	igyekszem	tanulni	indefinite
igyekszik	doc#1942	jut majd . </s><s>	Igyekszem	olyan	indefinite
alszik	doc#1942	nem az utcán	alszom	még , de a	indefinite
igyekszik	doc#1942	! </s><s> :)	Igyekszem	mihamarabb	indefinite
igyekszik	doc#1942	a szoba ,	igyekszem	az	indefinite
igyekszik	doc#1942	kívánsága ,	igyekszem	megoldani ,	indefinite
alszik	doc#1942	körül	alszom	el ,	indefinite
igyekszik	doc#1942	. : // Így	igyekszem	ma írni	indefinite
alszik	doc#1942	. </s><s> Èn inkább	alszom	. </s>	indefinite
igyekszik	doc#1942	érdekel , és	igyekszem	minden	indefinite
alszik	doc#1942	félig	alszom	, Hullik a hó	indefinite
törekszik	doc#1943	NA	törekszem	annak	indefinite
igyekszik	doc#1943	NA	igyekszem	pontosan	indefinite
igyekszik	doc#1943	! </s><s>	Igyekszem	mindent	indefinite
törekszik	doc#1943	, hogy arra	törekszem	, hogy	indefinite
igyekszik	doc#1943	annyira	igyekszem	a kedvedre	indefinite
igyekszik	doc#1943	! </s><s>	Igyekszem	megérteni a	indefinite
igyekszik	doc#1943	. </s><s> A jövőben	igyekszem	NA	indefinite
igyekszik	doc#1943	nezni csak	igyekszem	haladni . </s>	indefinite
igyekszik	doc#1943	nevezem . </s><s>	Igyekszem	NA	indefinite
igyekszik	doc#1943	, hogy	igyekszem	majd :)	indefinite
cselekszik	doc#1944	helyett	cselekszem	. </s><s> Talán nem	indefinite
alszik	doc#1944	, hogy nem	alszom	-e	indefinite
igyekszik	doc#1944	igazságát -	igyekszem	imában ,	indefinite
alszik	doc#1944	estig nem is	alszom	el ! """" </s><s> """" A	indefinite
igyekszik	doc#1944	is . </s><s> Ígérem ,	igyekszem	minél előbb	indefinite
baszik	doc#1945	ez a biszem	baszom	</s><s> 2013-12-29 </s>	indefinite
igyekszik	doc#1945	NA	igyekszem	,	indefinite
igyekszik	doc#1945	szerint	igyekszem	segíteni az	indefinite
igyekszik	doc#1945	(	igyekszem	NA	indefinite
igyekszik	doc#1945	<s> Ezért nem	igyekszem	titokban	indefinite
alszik	doc#1945	, Úgy	alszom	mellettem ,	indefinite
alszik	doc#1945	a padlón	alszom	inkább . </s><s> Bár	indefinite
igyekszik	doc#1945	szeretném ,	igyekszem	látni magam	indefinite
törekszik	doc#1945	. </s><s>	Törekszem	arra , hogy	indefinite
igyekszik	doc#1945	. </s><s> Azért	igyekszem	. </s><s> Szép estét	indefinite
igyekszik	doc#1945	, hol nincs . </s><s>	Igyekszem	figyelni a	indefinite
úszik	doc#1945	: futok ,	úszom	, táncolok ,	indefinite
alszik	doc#1945	Rózsa </s><s>	alszom	</s><s> 2013-12-29 </s>	indefinite
cselekszik	doc#1946	helyesen	cselekszem	,	indefinite
igyekszik	doc#1946	tenni , de	igyekszem	majd ! </s>	indefinite
cselekszik	doc#1946	tetteket én	cselekszem	, ő is	indefinite
törekszik	doc#1946	új ) :-) De	törekszem	. </s>	indefinite
alszik	doc#1946	megint nem	alszom	</s><s> 2013-12-29 </s>	indefinite
alszik	doc#1946	új eget . </s><s> Míg	alszom	tán ébren	indefinite
igyekszik	doc#1946	történik . </s><s>	Igyekszem	minden	indefinite
igyekszik	doc#1947	túl ! </s><s>	Igyekszem	azonban	indefinite
alszik	doc#1947	. </s><s> Ha nem	alszom	el , és	indefinite
igyekszik	doc#1947	kell :-( De	igyekszem	még ma	indefinite
igyekszik	doc#1948	. </s><s> Az , hogy	igyekszem	hiteles	indefinite
igyekszik	doc#1949	, de	igyekszem	! </s><s> Akkor	indefinite
adakozik	doc#1949	) * * * Mivel	adakozom	, nekem is	indefinite
igyekszik	doc#1949	azt	igyekszem	ide kiírni	definite
alszik	doc#1949	, este pedig	alszom	. </s>	indefinite
baszik	doc#1950	ez a Biszem	baszom	?? </s><s> Csak a	indefinite
igyekszik	doc#1950	szedem , s	igyekszem	NA	indefinite
igyekszik	doc#1950	, és	igyekszem	minél több	indefinite
igyekszik	doc#1950	be ! </s><s>	Igyekszem	ezeket	indefinite
alszik	doc#1951	már nem	alszom	jól . </s><s> Nem is	indefinite
cselekszik	doc#1951	szerint	cselekszem	, az a vétkem	indefinite
alszik	doc#1951	tudom , hol	alszom	, vagy időbe	indefinite
alszik	doc#1952	<s> Na jo meg	alszom	ra egyet . </s>	indefinite
igyekszik	doc#1952	:( még	igyekszem	jobban	indefinite
alszik	doc#1952	inkább	alszom	:) szép	indefinite
igyekszik	doc#1953	hallgat . </s><s> Én	igyekszem	lépést	indefinite
igyekszik	doc#1953	NA	igyekszem	NA	indefinite
baszik	doc#1953	, lapockán	baszom	. </s>	indefinite
igyekszik	doc#1953	anyját ! </s><s> És	igyekszem	csak a	indefinite
igyekszik	doc#1954	néven , ahol	igyekszem	a tőlem	indefinite
igyekszik	doc#1955	NA	igyekszem	többet írni	indefinite
igyekszik	doc#1955	 Igen ,	igyekszem	szívvel	indefinite
alszik	doc#1955	<s> Na , majd még	alszom	rájuk egyet	indefinite
igyekszik	doc#1956	szerint . </s><s>	Igyekszem	úgy	indefinite
cselekszik	doc#1956	ha egyedül	cselekszem	el visz a	indefinite
igyekszik	doc#1956	a másikat ! </s><s>	Igyekszem	majd ! </s>	indefinite
alszik	doc#1956	milyen jót	alszom	, erre én	indefinite
alszik	doc#1957	, Ha benned	alszom	el kérdés	indefinite
alszik	doc#1957	6-7 órát	alszom	és így most	indefinite
igyekszik	doc#1957	, köszönöm . </s><s>	Igyekszem	örömet ,	indefinite
törekszik	doc#1957	pedig arra	törekszem	, hogy	indefinite
igyekszik	doc#1957	) . </s><s> Azóta	igyekszem	nem gagyit	indefinite
cselekszik	doc#1957	helyesen	cselekszem	? -	indefinite
úszik	doc#1957	a kádat és	úszom	♥ bejgli .	indefinite
igyekszik	doc#1958	oldal-on ! </s><s>	Igyekszem	sokat	indefinite
baszik	doc#1958	, ha el nem	baszom	. </s><s> Na jó , én	indefinite
igyekszik	doc#1958	a mai napon	igyekszem	elérni ,	indefinite
alszik	doc#1958	lesz én még	alszom	majd	indefinite
alszik	doc#1958	én akkor már	alszom	. </s><s> Neked	indefinite
igyekszik	doc#1959	idézek ,	igyekszem	nagyon	indefinite
cselekszik	doc#1959	,	cselekszem	és	indefinite
alszik	doc#1960	, hanem	alszom	. </s><s> Munka	indefinite
igyekszik	doc#1960	.. </s><s> Én	igyekszem	a felületet	definite
igyekszik	doc#1960	de ilyenkor	igyekszem	minden	indefinite
igyekszik	doc#1961	fejlődtem ,	igyekszem	NA	indefinite
alszik	doc#1961	, amikor	alszom	, Te vagy az	indefinite
igyekszik	doc#1961	érdekében	igyekszem	megragadni	indefinite
igyekszik	doc#1963	Fannyhoz	igyekszem	, hogy	indefinite
alszik	doc#1963	nyugodtan	alszom	. </s>	indefinite
igyekszik	doc#1964	,	igyekszem	a dolog	indefinite
étkezik	doc#1967	, diétásan	étkezem	- nagyanyám	indefinite
igyekszik	doc#1968	, amikor én	igyekszem	a saját	definite
baszik	doc#1969	? </s><s> Mekkora	baszom	nagy arcod	indefinite
alszik	doc#1969	, amikor	alszom	. </s><s> Olyan	indefinite
igyekszik	doc#1969	mégis azon	igyekszem	, hogy ne	indefinite
igyekszik	doc#1969	, mert én	igyekszem	, azaz	indefinite
igyekszik	doc#1971	sem , de	igyekszem	ott lenni . </s><s> A	indefinite
igyekszik	doc#1971	! </s><s>	Igyekszem	magamat	indefinite
igyekszik	doc#1971	majd	igyekszem	úgy	indefinite
igyekszik	doc#1976	, de	igyekszem	azt a	definite
alszik	doc#1979	közt </s><s>	alszom	ma . </s>	indefinite
igyekszik	doc#1982	tudok ,	igyekszem	majd	indefinite
igyekszik	doc#1982	. </s><s>	Igyekszem	udvarias és	indefinite
igyekszik	doc#1982	az elején	igyekszem	valami	indefinite
igyekszik	doc#1983	. </s><s> Én itt	igyekszem	a legjobban	indefinite
igyekszik	doc#1983	, mindig	igyekszem	azon részt	indefinite
igyekszik	doc#1984	NA	igyekszem	eljárni ,	indefinite
úszik	doc#1984	NA	úszom	,	indefinite
igyekszik	doc#1985	. </s><s> – Ehhez én	igyekszem	a magam	indefinite
alszik	doc#1985	a másikon	alszom	. </s><s> A zárható	indefinite
igyekszik	doc#1985	ez a műsor ,	igyekszem	helyt állni	indefinite
igyekszik	doc#1985	amim van , és	igyekszem	annyi	indefinite
igyekszik	doc#1986	, és mindig	igyekszem	objektív	indefinite
igyekszik	doc#1986	fiamat	igyekszem	szoktatni . </s>	indefinite
igyekszik	doc#1987	éjszakán ? –	igyekszem	NA	indefinite
igyekszik	doc#1987	is mindig	igyekszem	NA	indefinite
alszik	doc#1987	: – Mikor hol	alszom	, veszélyes	indefinite
igyekszik	doc#1987	. </s><s>	Igyekszem	is kerülni	indefinite
cselekszik	doc#1988	ha én nem így	cselekszem	... </s><s> Na kérem	indefinite
alszik	doc#1989	kastélyban	alszom	majd a	indefinite
törekszik	doc#1989	karrierre	törekszem	, de úgy	indefinite
igyekszik	doc#1990	lenni . </s><s>	Igyekszem	nem	indefinite
igyekszik	doc#1990	vezetek ,	igyekszem	betartani	indefinite
igyekszik	doc#1990	, de	igyekszem	tartani	indefinite
alszik	doc#1991	napja nem	alszom	és még a	indefinite
igyekszik	doc#1991	én is	igyekszem	majd átadni	indefinite
igyekszik	doc#1991	. </s><s> Ezekre	igyekszem	reagálni ,	indefinite
alszik	doc#1991	csak	alszom	és	indefinite
igyekszik	doc#1991	kapok , azt	igyekszem	a legjobb	definite
igyekszik	doc#1991	őszintén	igyekszem	NA	indefinite
igyekszik	doc#1991	követve	igyekszem	 tenni a jót	indefinite
igyekszik	doc#1992	meg velünk . </s><s>	Igyekszem	tanulni	indefinite
igyekszik	doc#1992	a </s><s> – Lelkileg	igyekszem	magam	indefinite
igyekszik	doc#1992	. </s><s> """" Egyelőre	igyekszem	azokat az	indefinite
igyekszik	doc#1992	jel volt . </s><s>	Igyekszem	, de nem	indefinite
alszik	doc#1993	, és	alszom	. </s><s> Felkelek ,	indefinite
alszik	doc#1993	, eszem és	alszom	. </s><s> Így	indefinite
igyekszik	doc#1993	viták ! </s><s> –	Igyekszem	. </s><s> De mi a	indefinite
igyekszik	doc#1993	is vannak ? </s><s> -	Igyekszem	. </s><s> Ön szerint	indefinite
úszik	doc#1993	. </s><s> - Azóta	úszom	, pihenek ,	indefinite
igyekszik	doc#1994	legjavával	igyekszem	hirdetni a	indefinite
törekszik	doc#1994	megoldásra	törekszem	. </s><s> – Most azt	indefinite
alszik	doc#1995	hogy sokáig	alszom	, a hétvégi	indefinite
igyekszik	doc#1995	, hogy	igyekszem	picit	indefinite
igyekszik	doc#1996	. </s><s>	Igyekszem	annyira	indefinite
alszik	doc#1996	nyugodtan	alszom	, de nem is	indefinite
igyekszik	doc#1998	leszek , de	igyekszem	felnőni a	indefinite
igyekszik	doc#1998	, és persze	igyekszem	aktívan	indefinite
alszik	doc#1998	rosszul	alszom	már május	indefinite
igyekszik	doc#1998	is	igyekszem	megmenteni	indefinite
igyekszik	doc#1998	, és	igyekszem	, hogy	indefinite
igyekszik	doc#1999	csak lehet ,	igyekszem	NA	indefinite
igyekszik	doc#1999	egyszer és	igyekszem	azt az időt ,	definite
igyekszik	doc#2000	is	igyekszem	úgy	indefinite
úszik	doc#2000	most nem	úszom	meg” –	indefinite
igyekszik	doc#2000	valamit ,	igyekszem	igényesen	indefinite
igyekszik	doc#2001	? </s><s> –	Igyekszem	úgy leírni a	indefinite
igyekszik	doc#2001	csak azzal	igyekszem	NA	indefinite
alszik	doc#2001	később most	alszom	egy nagyot )	indefinite
igyekszik	doc#2002	. </s><s> – Mindig	igyekszem	a divatnak	indefinite
igyekszik	doc#2002	magát . </s><s> -	Igyekszem	megtenni	indefinite
igyekszik	doc#2003	lehet ,	igyekszem	magam	indefinite
alszik	doc#2004	, akkor nem	alszom	a	indefinite
igyekszik	doc#2005	bujkáló	igyekszem	magam	indefinite
igyekszik	doc#2006	. </s><s> Inkább	igyekszem	megérteni	indefinite
alszik	doc#2006	<s> “Nem	alszom	rosszul , ha	indefinite
igyekszik	doc#2006	NA	igyekszem	, gyakran	indefinite
igyekszik	doc#2008	, de	igyekszem	nyílt lenni	indefinite
igyekszik	doc#2008	éltem . </s><s> De	igyekszem	szélesen ,	indefinite
igyekszik	doc#2008	éltem . </s><s> De	igyekszem	szélesen ,	indefinite
alszik	doc#2008	ötlet jó , de	alszom	rá egy	indefinite
igyekszik	doc#2009	dolgok . </s><s> Azt	igyekszem	megmutatni	definite
alszik	doc#2009	jól	alszom	. </s><s> ( “to be or	indefinite
igyekszik	doc#2009	. </s><s> –	Igyekszem	finoman	indefinite
igyekszik	doc#2010	ígéreteket	igyekszem	NA	indefinite
igyekszik	doc#2010	kérdése . </s><s>	Igyekszem	a	indefinite
igyekszik	doc#2010	NA	igyekszem	közönyösen	indefinite
igyekszik	doc#2010	ismerem ,	igyekszem	a Komát is	definite
cselekszik	doc#2010	úgy	cselekszem	, ahogy a	indefinite
étkezik	doc#2010	NA	étkezem	, rengeteg	indefinite
igyekszik	doc#2011	fogytam . </s><s> De	igyekszem	erős lenni ,	indefinite
törekszik	doc#2011	. </s><s> Én is erre	törekszem	. </s><s> Az pedig	indefinite
törekszik	doc#2012	NA	törekszem	, de nem	indefinite
alszik	doc#2012	én még jól	alszom	, nem szedek	indefinite
törekszik	doc#2012	. </s><s> Ezért arra	törekszem	– és ezt	indefinite
igyekszik	doc#2012	lezárult . </s><s>	Igyekszem	sok időt	indefinite
alszik	doc#2013	, és még	alszom	rengeteget	indefinite
törekszik	doc#2014	, és arra	törekszem	már most ,	indefinite
alszik	doc#2014	nagyokat	alszom	, és persze	indefinite
igyekszik	doc#2014	. </s><s> Csak azon	igyekszem	, hogy	indefinite
étkezik	doc#2015	ötször	étkezem	, csak	indefinite
igyekszik	doc#2015	. </s><s> Én mindig	igyekszem	hű maradni a	indefinite
igyekszik	doc#2016	, én	igyekszem	beépíteni	indefinite
igyekszik	doc#2016	a talaj , de	igyekszem	egyenesen	indefinite
igyekszik	doc#2017	. </s><s> """"	Igyekszem	úgy	indefinite
igyekszik	doc#2017	illet :	igyekszem	NA	indefinite
igyekszik	doc#2019	, hiszen	igyekszem	elkerülni a	indefinite
igyekszik	doc#2020	, ezzel	igyekszem	segíteni . </s>	indefinite
igyekszik	doc#2020	megvan , én	igyekszem	a	indefinite
igyekszik	doc#2021	–	igyekszem	eltűnni az	indefinite
alszik	doc#2021	, és mondom	alszom	másnap	indefinite
törekszik	doc#2022	, de	törekszem	rá , hogy	indefinite
tojik	doc#2022	is """" . </s><s> – Le nem	tojom	, kire	indefinite
alszik	doc#2022	: """" erre még	alszom	egyet """" </s>	indefinite
alszik	doc#2022	, hogy ott	alszom	a	indefinite
igyekszik	doc#2022	lenni . </s><s> Most	igyekszem	bepótolni ,	indefinite
igyekszik	doc#2022	. </s><s> De	igyekszem	magam	indefinite
igyekszik	doc#2022	pedig	igyekszem	úgy	indefinite
törekszik	doc#2022	. </s><s> Nem	törekszem	arra	indefinite
igyekszik	doc#2023	. </s><s> Pedig	igyekszem	a humor	indefinite
igyekszik	doc#2023	is . </s><s> """"	Igyekszem	jó testvér	indefinite
igyekszik	doc#2023	lenni , meg	igyekszem	segíteni	indefinite
úszik	doc#2024	, hogy nem	úszom	meg ,	indefinite
igyekszik	doc#2024	, elhozom ,	igyekszem	nagyon	indefinite
igyekszik	doc#2024	. </s><s> De azért	igyekszem	késő este	indefinite
igyekszik	doc#2025	NA	igyekszem	lebeszélni	indefinite
úszik	doc#2025	éve	úszom	jeges	indefinite
úszik	doc#2026	között	úszom	majd </s>	indefinite
úszik	doc#2026	között	úszom	majd ,	indefinite
igyekszik	doc#2026	, amit én	igyekszem	kifejezni . </s>	indefinite
igyekszik	doc#2027	mérhetők . </s><s>	Igyekszem	megtalálni	indefinite
igyekszik	doc#2027	, de	igyekszem	az első	indefinite
igyekszik	doc#2027	tagadom ,	igyekszem	minél	indefinite
törekszik	doc#2027	arra	törekszem	, hogy	indefinite
igyekszik	doc#2027	veszélyére	igyekszem	fokozottan	indefinite
igyekszik	doc#2027	<s> Nem teszem . </s><s>	Igyekszem	kellő	indefinite
igyekszik	doc#2027	, s ezeket	igyekszem	- egyfajta	indefinite
cselekszik	doc#2027	, azt	cselekszem	én is	definite
törekszik	doc#2027	sem arra	törekszem	, hogy ilyen	indefinite
igyekszik	doc#2027	barátként	igyekszem	tanácsokat	indefinite
igyekszik	doc#2027	NA	igyekszem	, s	indefinite
igyekszik	doc#2027	. </s><s> Ezekben	igyekszem	tovább	indefinite
törekszik	doc#2027	<s> Mindig arra	törekszem	, hogy a	indefinite
törekszik	doc#2027	arra	törekszem	, hogy	indefinite
igyekszik	doc#2027	az , hogy	igyekszem	NA	indefinite
igyekszik	doc#2027	próbálok . </s><s>	Igyekszem	elterelni a	indefinite
igyekszik	doc#2027	, akkor	igyekszem	majd a	indefinite
alszik	doc#2027	sor </s><s> Elég jól	alszom	, reggel	indefinite
igyekszik	doc#2027	részéről	igyekszem	elkerülni . </s>	indefinite
törekszik	doc#2027	NA	törekszem	, melyben	indefinite
törekszik	doc#2027	; erre	törekszem	is az Akták	indefinite
törekszik	doc#2027	, amire	törekszem	. </s><s> Igazából	indefinite
igyekszik	doc#2027	tudatosan	igyekszem	NA	indefinite
törekszik	doc#2028	arra	törekszem	, hogy a	indefinite
igyekszik	doc#2028	vagyok , és	igyekszem	tanulni	indefinite
igyekszik	doc#2028	teher is . </s><s>	Igyekszem	mindig	indefinite
törekszik	doc#2028	NA	törekszem	, már csak	indefinite
törekszik	doc#2028	NA	törekszem	. </s><s> Kép : Mike	indefinite
igyekszik	doc#2028	teszi ezt ? </s><s>	Igyekszem	a	indefinite
cselekszik	doc#2028	dolgot	cselekszem	. </s><s> Meghívom	indefinite
cselekszik	doc#2028	Jónás , én	cselekszem	. </s><s> A híres	indefinite
igyekszik	doc#2028	inkább azt	igyekszem	megszokni ,	definite
igyekszik	doc#2029	, és	igyekszem	a munkámmal	indefinite
úszik	doc#2029	 futtában ""	úszom	vagy	indefinite
igyekszik	doc#2029	,	igyekszem	megismerni	indefinite
igyekszik	doc#2029	a világról ,	igyekszem	összevetni	indefinite
igyekszik	doc#2029	: """"	Igyekszem	távol	indefinite
igyekszik	doc#2029	hiány , noha	igyekszem	távolságot	indefinite
törekszik	doc#2029	híján ebben	törekszem	igazi	indefinite
igyekszik	doc#2029	NA	igyekszem	leírni . ) </s><s> A	indefinite
igyekszik	doc#2029	a filmmel	igyekszem	NA	indefinite
igyekszik	doc#2029	) . </s><s>	Igyekszem	kerülni a	indefinite
igyekszik	doc#2029	elnökeként	igyekszem	tenni	indefinite
alszik	doc#2029	, nem	alszom	, jár az	indefinite
alszik	doc#2029	nyugodtan	alszom	 - így	indefinite
igyekszik	doc#2029	rólam , de	igyekszem	NA	indefinite
igyekszik	doc#2029	később	igyekszem	felhívni a	indefinite
alszik	doc#2029	éjszaka nem	alszom	jól , majd	indefinite
alszik	doc#2029	majd nappal	alszom	... de nem	indefinite
igyekszik	doc#2029	kapok ,	igyekszem	javítani	indefinite
alszik	doc#2030	- ahol én	alszom	-, ott ő nem	indefinite
törekszik	doc#2030	sem arra	törekszem	, hogy	indefinite
igyekszik	doc#2030	. </s><s> Hát nem is	igyekszem	hasznossá	indefinite
törekszik	doc#2030	és én erre is	törekszem	. </s><s> - Látott	indefinite
igyekszik	doc#2030	elmesélni . </s><s>	Igyekszem	lojális	indefinite
igyekszik	doc#2030	, s addigra	igyekszem	magam	indefinite
alszik	doc#2030	teszel , </s><s> Ott	alszom	én	indefinite
úszik	doc#2030	viszont már	úszom	és úszom . </s>	indefinite
úszik	doc#2030	már úszom és	úszom	. </s>	indefinite
igyekszik	doc#2031	ahol tudok ,	igyekszem	biztosra	indefinite
igyekszik	doc#2031	köt , de	igyekszem	minél	indefinite
igyekszik	doc#2031	nyújtanom . </s><s>	Igyekszem	felvenni a	indefinite
igyekszik	doc#2031	és	igyekszem	elérni a	indefinite
igyekszik	doc#2032	nem mondok ,	igyekszem	mindenhez	indefinite
úszik	doc#2032	körbe . </s><s> De	úszom	is a BVSC	indefinite
igyekszik	doc#2032	? </s><s> -	Igyekszem	delegálni a	indefinite
igyekszik	doc#2032	a légkör ... </s><s>	Igyekszem	persze	indefinite
igyekszik	doc#2032	. </s><s> Én pedig	igyekszem	NA	indefinite
igyekszik	doc#2032	, én meg nem	igyekszem	. </s><s> Ha baráti	indefinite
igyekszik	doc#2032	dolgozik ? </s><s> -	Igyekszem	apró	indefinite
igyekszik	doc#2032	: """" ezúton is	igyekszem	NA	indefinite
törekszik	doc#2032	, de nem	törekszem	a	indefinite
igyekszik	doc#2032	, és én is	igyekszem	ezeket	indefinite
igyekszik	doc#2032	NA	igyekszem	szagolni e	indefinite
igyekszik	doc#2033	NA	igyekszem	feleségül	indefinite
igyekszik	doc#2033	belül	igyekszem	segíteni	indefinite
igyekszik	doc#2033	marad , azt	igyekszem	művelni ,	definite
igyekszik	doc#2033	. </s><s> De azért	igyekszem	kevéssé	indefinite
alszik	doc#2035	? </s><s> Nyugodtan	alszom	- hangzott	indefinite
alszik	doc#2035	óta nem	alszom	, de hát ez	indefinite
igyekszik	doc#2037	rendre	igyekszem	is megtenni	indefinite
igyekszik	doc#2037	ítéleteket	igyekszem	a	indefinite
igyekszik	doc#2037	dolgozva	igyekszem	elérni a	indefinite
törekszik	doc#2037	komolyan	törekszem	arra , - és ez	indefinite
alszik	doc#2038	nem	alszom	, hogy egy	indefinite
igyekszik	doc#2038	Csabát	igyekszem	elérni . </s><s> Az	indefinite
igyekszik	doc#2038	hangzik és	igyekszem	nagyon	indefinite
igyekszik	doc#2038	lenni ,	igyekszem	nem	indefinite
igyekszik	doc#2038	,	igyekszem	a	indefinite
igyekszik	doc#2039	, akkor	igyekszem	NA	indefinite
igyekszik	doc#2039	értékeket	igyekszem	beleszőni	indefinite
igyekszik	doc#2039	általában	igyekszem	keresni a	indefinite
igyekszik	doc#2039	harmóniát ,	igyekszem	megérteni	indefinite
törekszik	doc#2039	, én nem	törekszem	ilyenekre . </s>	indefinite
igyekszik	doc#2039	, hogy	igyekszem	mindent a	indefinite
igyekszik	doc#2040	azért , mert	igyekszem	lebeszélni	indefinite
igyekszik	doc#2040	, akkor	igyekszem	négy	indefinite
alszik	doc#2040	NA	alszom	. </s><s> Köszönöm	indefinite
igyekszik	doc#2041	, ennek	igyekszem	eleget	indefinite
igyekszik	doc#2041	ahol mindig	igyekszem	a saját	definite
igyekszik	doc#2041	:- Jelenleg	igyekszem	csak	indefinite
igyekszik	doc#2041	magát . </s><s>	Igyekszem	jó	indefinite
igyekszik	doc#2041	elég jól . </s><s>	Igyekszem	a rosszakra	indefinite
igyekszik	doc#2041	. </s><s> Ilyenkor	igyekszem	a különböző	indefinite
igyekszik	doc#2041	- és ennek	igyekszem	megfelelni	indefinite
úszik	doc#2041	NA	úszom	át a	indefinite
igyekszik	doc#2043	? </s><s> -	Igyekszem	. </s><s> Az a	indefinite
igyekszik	doc#2043	;	igyekszem	elsurranni	indefinite
törekszik	doc#2043	tudatosan	törekszem	a	indefinite
úszik	doc#2043	óra között	úszom	, délelőtt	indefinite
igyekszik	doc#2043	, de most	igyekszem	a találkozó	indefinite
igyekszik	doc#2043	jelölnek ,	igyekszem	a hétfőinél	indefinite
étkezik	doc#2043	. </s><s> Lakom is ,	étkezem	. </s>	indefinite
alszik	doc#2043	még jól	alszom	, s ezt nem	indefinite
igyekszik	doc#2043	forma , hogy	igyekszem	merőben	indefinite
igyekszik	doc#2043	, ezért	igyekszem	inkább	indefinite
igyekszik	doc#2044	maximumát	igyekszem	NA	indefinite
igyekszik	doc#2044	címen	igyekszem	NA	indefinite
alszik	doc#2044	én már	alszom	. </s><s> Jegyezzük	indefinite
törekszik	doc#2044	arra	törekszem	, hogy	indefinite
alszik	doc#2044	keveset	alszom	, de akkor	indefinite
igyekszik	doc#2044	boldog , de	igyekszem	higgadtan	indefinite
igyekszik	doc#2044	azon	igyekszem	- mondja -,	indefinite
igyekszik	doc#2044	, péntek </s><s>	Igyekszem	NA	indefinite
alszik	doc#2044	napja nem	alszom	... </s><s> Nem	indefinite
törekszik	doc#2044	, akkor nem	törekszem	semmilyen	indefinite
alszik	doc#2044	is nehezen	alszom	. </s><s> Nem tudok	indefinite
igyekszik	doc#2044	a házban ,	igyekszem	NA	indefinite
igyekszik	doc#2044	, ahol	igyekszem	értelmet	indefinite
igyekszik	doc#2045	az jó dolog . </s><s>	Igyekszem	azonnal	indefinite
igyekszik	doc#2045	állomásait	igyekszem	kinyomozni	indefinite
igyekszik	doc#2045	hasonlóvá	igyekszem	tenni ... """" </s>	indefinite
cselekszik	doc#2045	a jegyében	cselekszem	; én úgy	indefinite
cselekszik	doc#2045	; én úgy	cselekszem	, ahogy a	indefinite
igyekszik	doc#2045	NA	igyekszem	NA	indefinite
cselekszik	doc#2045	helyesen	cselekszem	-e . </s><s> Vajon rá	indefinite
igyekszik	doc#2045	a szemem ,	igyekszem	NA	indefinite
alszik	doc#2045	óta alig	alszom	- kezdte	indefinite
igyekszik	doc#2045	kinyomva . </s><s>	Igyekszem	megfejteni	indefinite
törekszik	doc#2045	erre	törekszem	. </s><s> Talán	indefinite
törekszik	doc#2045	. </s><s> Én arra	törekszem	, hogy a	indefinite
igyekszik	doc#2045	NA	igyekszem	NA	indefinite
törekszik	doc#2045	arra	törekszem	, hogy a	indefinite
alszik	doc#2045	, ahogyan	alszom	, eszem és	indefinite
törekszik	doc#2046	is . </s><s>	Törekszem	arra , hogy	indefinite
igyekszik	doc#2046	azonban	igyekszem	NA	indefinite
törekszik	doc#2046	. </s><s> Én erre	törekszem	minden	indefinite
úszik	doc#2046	pedig	úszom	a Héliában	indefinite
cselekszik	doc#2046	és többet	cselekszem	 . </s><s> A fehér	indefinite
igyekszik	doc#2046	? </s><s> - Nem	igyekszem	kikerülni . </s>	indefinite
igyekszik	doc#2046	. </s><s>	Igyekszem	mindig és	indefinite
alszik	doc#2046	nagyon jól	alszom	akkor is , ha	indefinite
törekszik	doc#2046	-, és arra	törekszem	, hogy	indefinite
igyekszik	doc#2046	éve	igyekszem	ellesni a	indefinite
igyekszik	doc#2046	NA	igyekszem	elérni , és	indefinite
igyekszik	doc#2046	. </s><s> - Magam is	igyekszem	számba	indefinite
törekszik	doc#2046	. </s><s> """" Ma arra	törekszem	, hogy	indefinite
igyekszik	doc#2047	NA	igyekszem	, Kautzky	indefinite
igyekszik	doc#2047	: KAF , KAF . </s><s>	Igyekszem	magamnak	indefinite
igyekszik	doc#2047	mindenkor	igyekszem	Róma	indefinite
igyekszik	doc#2047	. </s><s> Én is	igyekszem	megtalálni	indefinite
igyekszik	doc#2047	NA	igyekszem	edződni ,	indefinite
törekszik	doc#2047	nem	törekszem	. </s><s> - Utalt	indefinite
alszik	doc#2047	óvodába , én	alszom	egy órát	indefinite
igyekszik	doc#2047	munkáját	igyekszem	segíteni . </s><s> A	indefinite
igyekszik	doc#2047	NA	igyekszem	, ahonnét a	indefinite
igyekszik	doc#2047	napja is . </s><s>	Igyekszem	, mert ez a	indefinite
igyekszik	doc#2047	van ,	igyekszem	továbbadni	indefinite
igyekszik	doc#2047	legfeljebb	igyekszem	NA	indefinite
úszik	doc#2047	NA	úszom	,	indefinite
igyekszik	doc#2048	. </s><s>	Igyekszem	ugyanis	indefinite
igyekszik	doc#2048	futja ,	igyekszem	NA	indefinite
igyekszik	doc#2048	lebénítja . </s><s>	Igyekszem	legalább	indefinite
igyekszik	doc#2048	egyedül	igyekszem	NA	indefinite
igyekszik	doc#2048	metszem ,	igyekszem	rendbe	indefinite
cselekszik	doc#2048	élek és	cselekszem	. </s><s> De nekem	indefinite
igyekszik	doc#2048	elégedett ,	igyekszem	a maximumot	definite
igyekszik	doc#2048	NA	igyekszem	tömören	indefinite
igyekszik	doc#2048	NA	igyekszem	válaszolni	indefinite
alszik	doc#2048	NA	alszom	, felriadok	indefinite
alszik	doc#2048	, s én máris	alszom	. </s><s> Otthon	indefinite
alszik	doc#2048	, és már	alszom	is újra . </s>	indefinite
igyekszik	doc#2048	megértő	igyekszem	is lenni a	indefinite
törekszik	doc#2048	arra	törekszem	, mert ha	indefinite
igyekszik	doc#2048	. </s><s> Ezért	igyekszem	a lehető	indefinite
alszik	doc#2049	, nála	alszom	, és két	indefinite
alszik	doc#2049	, és ott	alszom	. </s><s> Elmentem ,	indefinite
igyekszik	doc#2049	. </s><s> Óvatosan	igyekszem	NA	indefinite
alszik	doc#2049	nehezen	alszom	el . </s><s> Ha az	indefinite
alszik	doc#2049	dőljek . </s><s>	Alszom	, alszom ,	indefinite
alszik	doc#2049	. </s><s> Alszom ,	alszom	, alszom . </s>	indefinite
alszik	doc#2049	, alszom ,	alszom	. </s><s> Most volt	indefinite
igyekszik	doc#2049	<s>	Igyekszem	a lehető	indefinite
alszik	doc#2049	<s> Lefekszem ,	alszom	. </s><s> Másnap fél	indefinite
igyekszik	doc#2049	támogatni . </s><s>	Igyekszem	igazodni	indefinite
igyekszik	doc#2049	objektíven	igyekszem	vizsgálni	indefinite
igyekszik	doc#2049	játszmát ,	igyekszem	ezt	definite
igyekszik	doc#2049	. </s><s> Hiába	igyekszem	megmutatni	indefinite
igyekszik	doc#2049	NA	igyekszem	NA	indefinite
igyekszik	doc#2049	igaz , hogy	igyekszem	tudatosan	indefinite
igyekszik	doc#2049	aztán	igyekszem	átültetni a	indefinite
alszik	doc#2049	a ruhában	alszom	,	indefinite
igyekszik	doc#2050	között </s><s>	Igyekszem	NA	indefinite
alszik	doc#2050	ha rosszul	alszom	is , az nem	indefinite
igyekszik	doc#2050	autóval	igyekszem	Budapestre	indefinite
igyekszik	doc#2050	úgy , hogy	igyekszem	minél jobb	indefinite
igyekszik	doc#2050	egyetemre . </s><s>	Igyekszem	minél szebb	indefinite
törekszik	doc#2050	NA	törekszem	, a	indefinite
úszik	doc#2050	nélkül	úszom	meg az idei	indefinite
igyekszik	doc#2050	NA	igyekszem	NA	indefinite
igyekszik	doc#2050	inkább csak	igyekszem	túlélni az	indefinite
igyekszik	doc#2050	. </s><s> De	igyekszem	úgy	indefinite
alszik	doc#2051	velem . </s><s> -Ott	alszom	, a lámpa	indefinite
törekszik	doc#2051	. </s><s> Én arra	törekszem	, hogy egy	indefinite
igyekszik	doc#2051	munkámat	igyekszem	NA	indefinite
igyekszik	doc#2051	. </s><s>	Igyekszem	úgy	indefinite
alszik	doc#2051	nyugodtan	alszom	. </s><s> Pekár	indefinite
törekszik	doc#2051	, arra	törekszem	, hogy minél	indefinite
igyekszik	doc#2052	érdekeiket	igyekszem	képviselni	indefinite
alszik	doc#2052	kocsiban . </s><s> S	alszom	is annyit ,	indefinite
igyekszik	doc#2052	, és	igyekszem	NA	indefinite
igyekszik	doc#2052	,	igyekszem	NA	indefinite
igyekszik	doc#2052	kerülök . </s><s> -	Igyekszem	. </s><s> A	indefinite
igyekszik	doc#2052	kifelé	igyekszem	. </s><s> Kinőtt	indefinite
igyekszik	doc#2052	, aztán	igyekszem	mielőbb	indefinite
igyekszik	doc#2052	őket , de	igyekszem	teljes	indefinite
igyekszik	doc#2052	, ott sem	igyekszem	azt a	definite
igyekszik	doc#2052	;	igyekszem	NA	indefinite
igyekszik	doc#2052	. </s><s> -	Igyekszem	történelmi	indefinite
úszik	doc#2052	, aztán	úszom	egyet . </s><s> Enni	indefinite
úszik	doc#2052	, most sem	úszom	meg	indefinite
igyekszik	doc#2052	odáig . </s><s> És	igyekszem	majd	indefinite
igyekszik	doc#2052	. </s><s> De	igyekszem	megmutatni	indefinite
törekszik	doc#2052	nélkül	törekszem	beszámolni	indefinite
igyekszik	doc#2052	kötelező . </s><s>	Igyekszem	hát	indefinite
alszik	doc#2053	itt	alszom	. </s><s> Viszont	indefinite
cselekszik	doc#2053	. </s><s> Helyesen	cselekszem	-e , amikor	indefinite
igyekszik	doc#2053	gyerek , és	igyekszem	mindent	indefinite
igyekszik	doc#2053	is , itt is	igyekszem	. </s><s> Mondom ,	indefinite
igyekszik	doc#2053	, így hát	igyekszem	Bálinttól	indefinite
igyekszik	doc#2053	, izgulok ,	igyekszem	. </s><s> A	indefinite
törekszik	doc#2053	NA	törekszem	az	indefinite
igyekszik	doc#2053	NA	igyekszem	távol	indefinite
igyekszik	doc#2053	, és én	igyekszem	ezt a	definite
igyekszik	doc#2053	feltűnést ,	igyekszem	normális ,	indefinite
igyekszik	doc#2053	elő a témát . </s><s>	Igyekszem	megértő	indefinite
igyekszik	doc#2054	hallok ,	igyekszem	magam kissé	indefinite
igyekszik	doc#2054	felében	igyekszem	hát a	indefinite
igyekszik	doc#2054	NA	igyekszem	megfejteni	indefinite
igyekszik	doc#2054	NA	igyekszem	az adott	indefinite
alszik	doc#2054	. </s><s> - Itt	alszom	ebben a	indefinite
igyekszik	doc#2054	valamit . </s><s>	Igyekszem	nem	indefinite
igyekszik	doc#2054	, melyet	igyekszem	megfogadni	indefinite
igyekszik	doc#2054	, de így van . </s><s>	Igyekszem	továbbadni	indefinite
igyekszik	doc#2054	napján	igyekszem	választ	indefinite
igyekszik	doc#2054	jó ! </s><s> Nagyon	igyekszem	, és ebből a	indefinite
igyekszik	doc#2054	, hogy	igyekszem	majd	indefinite
igyekszik	doc#2055	. </s><s> Akárhogy	igyekszem	, hogy része	indefinite
cselekszik	doc#2055	kedvére	cselekszem	ezzel , aki	indefinite
igyekszik	doc#2055	hazafiként	igyekszem	segíteni	indefinite
törekszik	doc#2055	. </s><s> Arra	törekszem	, hogy	indefinite
igyekszik	doc#2055	, és azokat	igyekszem	NA	indefinite
igyekszik	doc#2055	meg , és	igyekszem	a szülővel	indefinite
törekszik	doc#2055	arra	törekszem	, hogy a	indefinite
törekszik	doc#2055	. </s><s> Arra	törekszem	, hogy a mai	indefinite
törekszik	doc#2055	felül . </s><s> Arra	törekszem	, hogy a	indefinite
igyekszik	doc#2055	? -	igyekszem	NA	indefinite
igyekszik	doc#2055	dolog ,	igyekszem	olyan	indefinite
igyekszik	doc#2055	. </s><s>	Igyekszem	sok	indefinite
igyekszik	doc#2056	is	igyekszem	tartani	indefinite
igyekszik	doc#2056	olyannyira	igyekszem	-: nem	indefinite
alszik	doc#2056	, azzal	alszom	el , azzal	indefinite
cselekszik	doc#2056	nem a jót	cselekszem	, melyet	definite
cselekszik	doc#2056	a gonoszt	cselekszem	, melyet nem	indefinite
igyekszik	doc#2056	. </s><s> Én meg	igyekszem	, és	indefinite
törekszik	doc#2056	. </s><s> Ott arra	törekszem	, hogy	indefinite
törekszik	doc#2056	NA	törekszem	a	indefinite
igyekszik	doc#2056	a valóságot	igyekszem	mindenáron	definite
törekszik	doc#2056	? </s><s> - Arra	törekszem	, hogy	indefinite
igyekszik	doc#2056	azon	igyekszem	, hogy a nagy	indefinite
igyekszik	doc#2056	megoldás ! </s><s>	Igyekszem	magam előre	indefinite
igyekszik	doc#2057	NA	igyekszem	, amely a	indefinite
igyekszik	doc#2057	! </s><s> Oké ,	igyekszem	, jó utat ! </s>	indefinite
igyekszik	doc#2057	,	igyekszem	férfinak	indefinite
igyekszik	doc#2057	kutatok , és	igyekszem	olyan	indefinite
igyekszik	doc#2057	kutatok . </s><s>	Igyekszem	olyan	indefinite
igyekszik	doc#2057	színházat ,	igyekszem	megtudni	indefinite
igyekszik	doc#2057	, s én	igyekszem	NA	indefinite
igyekszik	doc#2057	miatt . </s><s>	Igyekszem	majd	indefinite
igyekszik	doc#2057	csoportot ? </s><s>	Igyekszem	a bizalmába	indefinite
igyekszik	doc#2057	változott . </s><s>	Igyekszem	ápoltnak	indefinite
igyekszik	doc#2057	vásárolni	igyekszem	, hiszen nem	indefinite
alszik	doc#2057	. </s><s> De nem	alszom	el , mert	indefinite
törekszik	doc#2058	erre	törekszem	. </s><s> - Most is	indefinite
igyekszik	doc#2058	-	igyekszem	könnyíteni	indefinite
igyekszik	doc#2058	lépem át . </s><s>	Igyekszem	NA	indefinite
igyekszik	doc#2059	, s	igyekszem	az	indefinite
úszik	doc#2059	, sokat	úszom	és futok . </s><s> De	indefinite
igyekszik	doc#2059	igen , akkor	igyekszem	jobban	indefinite
igyekszik	doc#2059	csinálom . </s><s>	Igyekszem	minden	indefinite
igyekszik	doc#2059	másokra . </s><s>	Igyekszem	úgy végezni	indefinite
törekszik	doc#2059	. </s><s> Hasonlóra	törekszem	én is . </s><s> - A	indefinite
igyekszik	doc#2059	minta </s><s> """"	Igyekszem	NA	indefinite
igyekszik	doc#2059	azóta ? </s><s>	Igyekszem	NA	indefinite
igyekszik	doc#2059	naplóját . </s><s>	Igyekszem	NA	indefinite
törekszik	doc#2059	is arra	törekszem	, hogy	indefinite
igyekszik	doc#2059	. </s><s>	Igyekszem	tenni róla ,	indefinite
igyekszik	doc#2059	, és	igyekszem	NA	indefinite
úszik	doc#2060	feladom , és	úszom	tovább	indefinite
törekszik	doc#2060	kezdve arra	törekszem	, hogy a	indefinite
igyekszik	doc#2060	, ezért	igyekszem	úgy	indefinite
igyekszik	doc#2060	. </s><s> Viszont	igyekszem	kevesebbet	indefinite
törekszik	doc#2060	arra	törekszem	, hogy	indefinite
igyekszik	doc#2060	asszony	igyekszem	segíteni őt	indefinite
úszik	doc#2061	a vb-ig	úszom	, de még egy	indefinite
igyekszik	doc#2061	mellett	igyekszem	élvezni az	indefinite
igyekszik	doc#2061	. </s><s> Mindig	igyekszem	megtalálni	indefinite
törekszik	doc#2061	is arra	törekszem	, hogy	indefinite
igyekszik	doc#2061	. </s><s> Én ugyanis	igyekszem	a	indefinite
igyekszik	doc#2061	NA	igyekszem	dolgozni ,	indefinite
törekszik	doc#2061	vágyom és	törekszem	. </s><s> / Hogy	indefinite
igyekszik	doc#2061	? </s><s> -	Igyekszem	NA	indefinite
alszik	doc#2062	NA	alszom	, hogy	indefinite
törekszik	doc#2062	ezért arra	törekszem	, hogy ne kis	indefinite
igyekszik	doc#2062	. </s><s> Mindig	igyekszem	NA	indefinite
igyekszik	doc#2062	is . </s><s> Ebben is	igyekszem	NA	indefinite
igyekszik	doc#2062	is . </s><s> Mindig	igyekszem	a legjobbat	definite
igyekszik	doc#2062	belülről	igyekszem	felépíteni	indefinite
igyekszik	doc#2062	<s> Ezt azóta is	igyekszem	NA	indefinite
igyekszik	doc#2062	azért	igyekszem	valamennyi	indefinite
igyekszik	doc#2062	. </s><s> Nekik	igyekszem	NA	indefinite
törekszik	doc#2062	NA	törekszem	. </s><s> Lehet ,	indefinite
igyekszik	doc#2062	a tervhez	igyekszem	megnyerni	indefinite
igyekszik	doc#2062	, ezért	igyekszem	még egyszer	indefinite
igyekszik	doc#2062	NA	igyekszem	kevésbé	indefinite
igyekszik	doc#2063	, és én is	igyekszem	annyi pénzt	indefinite
törekszik	doc#2063	sikerre	törekszem	ebben is ,	indefinite
törekszik	doc#2063	ilyesmire	törekszem	. </s><s> Ha jól	indefinite
igyekszik	doc#2063	,	igyekszem	őket ebben	indefinite
igyekszik	doc#2063	látom ;	igyekszem	mindig	indefinite
alszik	doc#2063	, eszem és	alszom	- egyelőre	indefinite
úszik	doc#2063	mozgok """" , és	úszom	, hogy	indefinite
igyekszik	doc#2063	amit látok ,	igyekszem	nem elhinni	indefinite
igyekszik	doc#2063	a kettő . </s><s>	Igyekszem	röhögni	indefinite
alszik	doc#2063	eszem ,	alszom	, és	indefinite
alszik	doc#2063	, azaz egyet	alszom	még rá , s az	indefinite
igyekszik	doc#2063	előadást . </s><s>	Igyekszem	, hogy a	indefinite
igyekszik	doc#2063	. </s><s> Most	igyekszem	a francia	indefinite
igyekszik	doc#2063	az Eb-n ,	igyekszem	meghálálni	indefinite
törekszik	doc#2064	nem	törekszem	- állította	indefinite
igyekszik	doc#2064	. </s><s> Tudósként	igyekszem	érteni a	indefinite
igyekszik	doc#2064	. </s><s> Most	igyekszem	rávenni	indefinite
törekszik	doc#2064	? </s><s> - Arra	törekszem	, hogy ne	indefinite
törekszik	doc#2064	győzelemre	törekszem	. </s><s> A	indefinite
igyekszik	doc#2064	, de azért	igyekszem	valahogy	indefinite
igyekszik	doc#2064	. </s><s> Csak	igyekszem	idomulni . </s>	indefinite
igyekszik	doc#2065	a legtöbbet	igyekszem	nyújtani . </s>	definite
igyekszik	doc#2065	, ezért	igyekszem	meggyőzni ,	indefinite
igyekszik	doc#2065	, ezért	igyekszem	most	indefinite
törekszik	doc#2066	arra	törekszem	, hogy a	indefinite
törekszik	doc#2066	, és arra	törekszem	, hogy erre	indefinite
cselekszik	doc#2067	így	cselekszem	. </s><s> A felelős	indefinite
igyekszik	doc#2067	fogalmát	igyekszem	NA	indefinite
igyekszik	doc#2068	enni jó . </s><s>	Igyekszem	kerülni a	indefinite
igyekszik	doc#2068	területen . </s><s>	Igyekszem	a	indefinite
igyekszik	doc#2068	élek ,	igyekszem	értékes	indefinite
igyekszik	doc#2068	bizalmukat	igyekszem	NA	indefinite
törekszik	doc#2069	arra	törekszem	, hogy a	indefinite
igyekszik	doc#2069	NA	igyekszem	előidézni . </s>	indefinite
igyekszik	doc#2069	. </s><s> Ezen	igyekszem	most is a	indefinite
igyekszik	doc#2069	mással	igyekszem	NA	indefinite
törekszik	doc#2070	jó . </s><s> Ezért	törekszem	átlátható ,	indefinite
törekszik	doc#2070	vita . </s><s> ? Arra	törekszem	, hogy	indefinite
úszik	doc#2071	járok ,	úszom	a Dunában ,	indefinite
igyekszik	doc#2071	dolgokat	igyekszem	megmutatni	indefinite
igyekszik	doc#2071	tartozom ,	igyekszem	átengedni	indefinite
igyekszik	doc#2071	én , hogyan	igyekszem	NA	indefinite
igyekszik	doc#2071	, és	igyekszem	tükröt	indefinite
törekszik	doc#2072	NA	törekszem	és nem	indefinite
cselekszik	doc#2072	, futok ,	cselekszem	, naponta	indefinite
igyekszik	doc#2073	. </s><s> Azért	igyekszem	markánsan	indefinite
alszik	doc#2073	: """" erre még	alszom	egyet """" . </s><s> Az	indefinite
alszik	doc#2073	: """" erre még	alszom	egyet """" . </s>	indefinite
igyekszik	doc#2073	együtt	igyekszem	világossá	indefinite
igyekszik	doc#2073	családomba	igyekszem	bevonulni	indefinite
törekszik	doc#2074	 , de arra	törekszem	, hogy	indefinite
törekszik	doc#2074	: arra	törekszem	, hogy egy	indefinite
igyekszik	doc#2074	rendje . </s><s> De	igyekszem	nem	indefinite
igyekszik	doc#2074	NA	igyekszem	szakmailag	indefinite
igyekszik	doc#2074	, de	igyekszem	. </s>	indefinite
igyekszik	doc#2074	, ennek	igyekszem	megnyerni a	indefinite
igyekszik	doc#2075	,	igyekszem	meggyőzni	indefinite
hugyozik	doc#2075	, és """" ide	hugyozom	nektek a	indefinite
cselekszik	doc#2075	dolgozom ,	cselekszem	. </s><s> Ez a	indefinite
igyekszik	doc#2076	, mindig	igyekszem	kifejteni a	indefinite
igyekszik	doc#2076	ki , de	igyekszem	a	indefinite
törekszik	doc#2076	erre	törekszem	-	indefinite
alszik	doc#2085	, amikor	alszom	az ágyban	indefinite
igyekszik	doc#2085	előtt ,	igyekszem	NA	indefinite
igyekszik	doc#2085	. </s><s> Most már	igyekszem	jól érezni	indefinite
igyekszik	doc#2085	. </s><s>	Igyekszem	majd jól	indefinite
igyekszik	doc#2088	az eszmét	igyekszem	- amennyire	definite
úszik	doc#2092	NA	úszom	, így	indefinite
igyekszik	doc#2092	jó , én pedig	igyekszem	, hogy	indefinite
törekszik	doc#2092	, én erre	törekszem	. """" </s><s> Red Bull </s>	indefinite
úszik	doc#2092	iramban	úszom	- nagyon sok	indefinite
alszik	doc#2092	, eszem ,	alszom	, aztán	indefinite
igyekszik	doc#2092	<s> """" Egészében	igyekszem	nézni a	indefinite
igyekszik	doc#2092	azonban	igyekszem	kiélvezni ,	indefinite
alszik	doc#2092	is nappal	alszom	és éjszaka	indefinite
igyekszik	doc#2092	a mai napig	igyekszem	megtartani	indefinite
törekszik	doc#2092	ma is arra	törekszem	, hogy a	indefinite
törekszik	doc#2092	. </s><s> Ezért	törekszem	arra , hogy	indefinite
igyekszik	doc#2092	került , és	igyekszem	csak ezt a	definite
igyekszik	doc#2092	. </s><s> De inkább	igyekszem	magam távol	indefinite
igyekszik	doc#2092	<s> Ugyanakkor	igyekszem	majd	indefinite
törekszik	doc#2092	mindig erre	törekszem	. </s>	indefinite
igyekszik	doc#2092	. </s><s>	Igyekszem	a	indefinite
törekszik	doc#2092	, és	törekszem	arra , hogy	indefinite
törekszik	doc#2092	. </s><s> Arra	törekszem	, hogy a	indefinite
igyekszik	doc#2093	időm , akkor	igyekszem	a különböző	indefinite
cselekszik	doc#2094	akkor	cselekszem	helyesen ,	indefinite
igyekszik	doc#2094	adódik ,	igyekszem	elviselni	indefinite
alszik	doc#2094	. </s><s> """" Már nem	alszom	, zuhany , és	indefinite
igyekszik	doc#2094	megvannak ,	igyekszem	humort is	indefinite
alszik	doc#2094	NA	alszom	, a	indefinite
cselekszik	doc#2097	, én	cselekszem	. </s><s> Te bíró	indefinite
törekszik	doc#2098	. </s><s> Arra	törekszem	, ne 3 ilyen	indefinite
igyekszik	doc#2098	az elem , de	igyekszem	magamat	indefinite
igyekszik	doc#2100	ezen ,	igyekszem	végezni a	indefinite
igyekszik	doc#2100	meg . </s><s> """"	Igyekszem	NA	indefinite
törekszik	doc#2100	NA	törekszem	 - mondta	indefinite
igyekszik	doc#2100	,	igyekszem	karakteres	indefinite
alszik	doc#2101	<s> """" Altatóval	alszom	, úgyhogy	indefinite
törekszik	doc#2101	, hogy	törekszem	jogaiba	indefinite
igyekszik	doc#2101	a dolgokat </s><s>	Igyekszem	minél	indefinite
törekszik	doc#2101	NA	törekszem	Széles	indefinite
törekszik	doc#2102	óta arra	törekszem	, hogy	indefinite
alszik	doc#2102	napja nem	alszom	, mert látom	indefinite
igyekszik	doc#2103	hétvégén	igyekszem	majd	indefinite
tojik	doc#2103	. </s><s> """" Le nem	tojom	, kire	indefinite
tojik	doc#2103	 </s><s> "" Le nem	tojom	, kire	indefinite
igyekszik	doc#2104	végzem ;	igyekszem	magamat ,	indefinite
igyekszik	doc#2105	esetben	igyekszem	mérlegelni	indefinite
törekszik	doc#2105	, és erre	törekszem	a jövőben is	indefinite
igyekszik	doc#2105	Atyát	igyekszem	szolgálni .	indefinite
igyekszik	doc#2105	? </s><s> - Én	igyekszem	NA	indefinite
igyekszik	doc#2105	. </s><s> Mai napig	igyekszem	a terv	indefinite
igyekszik	doc#2105	láttunk . </s><s>	Igyekszem	NA	indefinite
igyekszik	doc#2105	, és	igyekszem	is	indefinite
alszik	doc#2105	földimmel	alszom	majd egy	indefinite
igyekszik	doc#2105	. </s><s> Ezt	igyekszem	NA	definite
igyekszik	doc#2105	nem , de én	igyekszem	őket is	indefinite
igyekszik	doc#2106	. </s><s> Szaporán	igyekszem	utána az út	indefinite
igyekszik	doc#2106	mozgás . </s><s>	Igyekszem	diszkréten	indefinite
cselekszik	doc#2106	ha én nem így	cselekszem	 , és a	indefinite
igyekszik	doc#2106	NA	igyekszem	később is	indefinite
alszik	doc#2106	elnök . </s><s> """" Én	alszom	 - árulta el	indefinite
törekszik	doc#2112	, s nem arra	törekszem	, hogy	indefinite
igyekszik	doc#2112	mit írni ,	igyekszem	jobb kedvre	indefinite
alszik	doc#2112	. </s><s> Ugrás : még	alszom	. </s><s> Átford :	indefinite
alszik	doc#2112	, és hiába	alszom	kilenc órát	indefinite
alszik	doc#2112	tovább . </s><s>	Alszom	Calcuttáig	indefinite
alszik	doc#2112	. </s><s> 9 óra és	alszom	. </s><s> Péntek ,	indefinite
igyekszik	doc#2112	Talán ha nem	igyekszem	az első	indefinite
igyekszik	doc#2113	dolgokat . ,	igyekszem	egy jót	indefinite
igyekszik	doc#2113	NA	igyekszem	még jobban	indefinite
igyekszik	doc#2113	el a sztár . </s><s> -	Igyekszem	minden	indefinite
igyekszik	doc#2113	? </s><s> -	Igyekszem	a maximumot	definite
igyekszik	doc#2113	,	igyekszem	ott is jól	indefinite
igyekszik	doc#2113	de a döntőre	igyekszem	NA	indefinite
úszik	doc#2113	tempómat	úszom	. </s><s> Nagyon	indefinite
úszik	doc#2113	vicceltem . </s><s>	Úszom	tovább , és	indefinite
úszik	doc#2114	száradnak ,	úszom	egyet ... </s>	indefinite
törekszik	doc#2115	, hogy nem	törekszem	a	indefinite
igyekszik	doc#2118	vagyok , de	igyekszem	NA	indefinite
törekszik	doc#2119	NA	törekszem	1999 után , a	indefinite
igyekszik	doc#2119	? </s><s> -	Igyekszem	optimális	indefinite
igyekszik	doc#2119	, és	igyekszem	megadni	indefinite
igyekszik	doc#2119	. </s><s> Most is	igyekszem	csak	indefinite
igyekszik	doc#2119	, és	igyekszem	megvédeni	indefinite
igyekszik	doc#2119	, s én	igyekszem	a legtöbbet	definite
igyekszik	doc#2119	ad , és én	igyekszem	élni az	indefinite
igyekszik	doc#2119	] -nak . </s><s> """"	Igyekszem	nem	indefinite
igyekszik	doc#2119	kérnek . </s><s>	Igyekszem	megtartani	indefinite
igyekszik	doc#2119	, azért	igyekszem	ellesni	indefinite
igyekszik	doc#2119	, én azonban	igyekszem	ezekből	indefinite
igyekszik	doc#2119	Vágó . </s><s> """"	Igyekszem	mindent	indefinite
igyekszik	doc#2119	,	igyekszem	minél előbb	indefinite
törekszik	doc#2120	is arra	törekszem	, hogy az	indefinite
igyekszik	doc#2120	, hanem	igyekszem	a	indefinite
úszik	doc#2120	örömből	úszom	Nézzen	indefinite
igyekszik	doc#2120	az egyetem ,	igyekszem	NA	indefinite
törekszik	doc#2120	lőni , de	törekszem	rá ! """" </s><s> EPA	indefinite
cselekszik	doc#2120	? </s><s> - Nem	cselekszem	semmivel	indefinite
igyekszik	doc#2120	, és	igyekszem	a	indefinite
igyekszik	doc#2120	pedig	igyekszem	NA	indefinite
törekszik	doc#2121	arra	törekszem	majd , hogy	indefinite
igyekszik	doc#2121	érdekel ,	igyekszem	belelátni	indefinite
igyekszik	doc#2121	rólam . </s><s>	Igyekszem	minden	indefinite
igyekszik	doc#2121	engedi ,	igyekszem	előretörni	indefinite
alszik	doc#2121	napig nem	alszom	egy-egy	indefinite
igyekszik	doc#2121	mérkőzésen	igyekszem	101	indefinite
igyekszik	doc#2121	? </s><s> - Mindig	igyekszem	hű maradni	indefinite
igyekszik	doc#2121	maradok . </s><s>	Igyekszem	kombinálni	indefinite
igyekszik	doc#2121	fog , akkor	igyekszem	megelőzni """"	indefinite
igyekszik	doc#2121	játszanom . </s><s>	Igyekszem	NA	indefinite
igyekszik	doc#2121	képest	igyekszem	kihozni a	indefinite
igyekszik	doc#2121	a versenyt . </s><s>	Igyekszem	, hogy a tét	indefinite
igyekszik	doc#2121	múltammal ,	igyekszem	a végén is	indefinite
igyekszik	doc#2121	együtt . </s><s>	Igyekszem	megismerni	indefinite
igyekszik	doc#2121	végén	igyekszem	a legjobbat	definite
igyekszik	doc#2121	ellen ,	igyekszem	a	indefinite
alszik	doc#2121	napja nem	alszom	, fáradt	indefinite
igyekszik	doc#2121	. </s><s>	Igyekszem	csakis	indefinite
törekszik	doc#2122	játékra	törekszem	, kevéssé	indefinite
alszik	doc#2122	a repülőn	alszom	, és pihent	indefinite
törekszik	doc#2122	, erre	törekszem	én is a	indefinite
úszik	doc#2122	belül	úszom	, akkor	indefinite
igyekszik	doc#2122	megyek ki ,	igyekszem	NA	indefinite
igyekszik	doc#2122	szolgálja . </s><s>	Igyekszem	mindent	indefinite
igyekszik	doc#2122	NA	igyekszem	mindenben	indefinite
cselekszik	doc#2122	, akkor	cselekszem	helyesen ,	indefinite
igyekszik	doc#2122	. </s><s> """"	Igyekszem	mindig	indefinite
igyekszik	doc#2122	, hanem	igyekszem	kipihenni	indefinite
cselekszik	doc#2122	ellenére	cselekszem	, így	indefinite
igyekszik	doc#2122	is , de én	igyekszem	a	indefinite
igyekszik	doc#2123	lenne , és	igyekszem	minden	indefinite
igyekszik	doc#2123	. </s><s> Minden nap	igyekszem	megmutatni	indefinite
igyekszik	doc#2123	, hogy	igyekszem	NA	indefinite
alszik	doc#2123	, eszem és	alszom	. </s><s> Az utóbbi	indefinite
igyekszik	doc#2123	, és	igyekszem	minél	indefinite
igyekszik	doc#2123	játékán ,	igyekszem	már az	indefinite
igyekszik	doc#2123	én védek . </s><s>	Igyekszem	bent	indefinite
igyekszik	doc#2123	támadnak . </s><s> -	Igyekszem	olyan	indefinite
úszik	doc#2123	3-4 hónapja	úszom	már	indefinite
igyekszik	doc#2123	kerüljek . </s><s>	Igyekszem	úgy	indefinite
igyekszik	doc#2123	mondom ,	igyekszem	minden	indefinite
alszik	doc#2123	NA	alszom	el . </s><s> Reggel ,	indefinite
igyekszik	doc#2123	,	igyekszem	erőt önteni	indefinite
igyekszik	doc#2123	ezért én	igyekszem	megtenni a	indefinite
törekszik	doc#2123	mindig arra	törekszem	, hogy a	indefinite
igyekszik	doc#2123	vágynak . </s><s> Én	igyekszem	majd , de	indefinite
igyekszik	doc#2123	, hogy	igyekszem	a legjobbat	definite
igyekszik	doc#2123	tart ,	igyekszem	NA	indefinite
igyekszik	doc#2123	a dolgom ,	igyekszem	minél több	indefinite
igyekszik	doc#2123	hajtok és	igyekszem	minél	indefinite
igyekszik	doc#2123	van , tehát	igyekszem	megérteni ,	indefinite
igyekszik	doc#2123	általában	igyekszem	NA	indefinite
igyekszik	doc#2123	a dolgát . </s><s>	Igyekszem	jó példával	indefinite
törekszik	doc#2123	élek , arra	törekszem	, hogy	indefinite
törekszik	doc#2123	arra	törekszem	, hogy azok a	indefinite
alszik	doc#2124	<s> Én is szarul	alszom	, és én is az ő	indefinite
alszik	doc#2124	miatt	alszom	szarul . </s><s> -	indefinite
alszik	doc#2124	. </s><s> Sokat	alszom	, mert a	indefinite
igyekszik	doc#2124	,	igyekszem	NA	indefinite
igyekszik	doc#2124	,	igyekszem	képben	indefinite
igyekszik	doc#2124	, de	igyekszem	NA	indefinite
igyekszik	doc#2124	lövések , de	igyekszem	NA	indefinite
alszik	doc#2124	, de így még	alszom	rá egyet . </s>	indefinite
törekszik	doc#2124	. </s><s> Most arra	törekszem	, hogy a	indefinite
igyekszik	doc#2124	és	igyekszem	megmutatni	indefinite
igyekszik	doc#2124	. </s><s>	Igyekszem	néha magyar	indefinite
igyekszik	doc#2124	is	igyekszem	, egyre	indefinite
igyekszik	doc#2124	. </s><s>	Igyekszem	legjobb	indefinite
úszik	doc#2125	folyóban	úszom	, gyakran	indefinite
igyekszik	doc#2125	lesz . </s><s>	Igyekszem	addig minél	indefinite
igyekszik	doc#2125	is	igyekszem	majd	indefinite
törekszik	doc#2125	. </s><s> Arra	törekszem	, hogy	indefinite
igyekszik	doc#2125	: Majd	igyekszem	NA	indefinite
igyekszik	doc#2125	az , hogy	igyekszem	egységes	indefinite
igyekszik	doc#2125	a jövőt : """"	Igyekszem	minden	indefinite
alszik	doc#2126	tízkor már	alszom	, reggel fél	indefinite
alszik	doc#2126	! </s><s> Most	alszom	egy nagyot ,	indefinite
igyekszik	doc#2126	is	igyekszem	elvégezni .	indefinite
törekszik	doc#2126	a kiütésre	törekszem	, hiszen	indefinite
igyekszik	doc#2126	azóta is	igyekszem	NA	indefinite
igyekszik	doc#2126	, de edzek és	igyekszem	utolérni	indefinite
igyekszik	doc#2126	tudok ,	igyekszem	NA	indefinite
igyekszik	doc#2126	- a szerk. )	igyekszem	arra is	indefinite
igyekszik	doc#2126	történhet ,	igyekszem	megőrizni	indefinite
igyekszik	doc#2126	a csapatnak	igyekszem	segíteni ,	indefinite
igyekszik	doc#2126	elég . """" </s><s> """"	Igyekszem	segíteni a	indefinite
igyekszik	doc#2126	NA	igyekszem	előtérbe	indefinite
igyekszik	doc#2126	előtt , hogy	igyekszem	NA	indefinite
igyekszik	doc#2126	,	igyekszem	a lehető	indefinite
igyekszik	doc#2127	váltak ,	igyekszem	NA	indefinite
igyekszik	doc#2127	módon	igyekszem	megoldani ,	indefinite
igyekszik	doc#2127	nálunk . </s><s>	Igyekszem	NA	indefinite
igyekszik	doc#2127	csapatnak . </s><s>	Igyekszem	reális	indefinite
törekszik	doc#2127	NA	törekszem	. </s><s> A győzelem	indefinite
alszik	doc#2127	NA	alszom	- Kósa	indefinite
alszik	doc#2127	NA	alszom	, az orvosok	indefinite
igyekszik	doc#2127	NA	igyekszem	meghívni ,	indefinite
alszik	doc#2127	NA	alszom	- Kósa	indefinite
igyekszik	doc#2127	ez előttük . </s><s>	Igyekszem	nem	indefinite
úszik	doc#2127	, amelyiken	úszom	. """" </s><s> Cseh	indefinite
úszik	doc#2127	meg is	úszom	ezt az időt ,	definite
igyekszik	doc#2127	mentálisan	igyekszem	NA	indefinite
igyekszik	doc#2127	, de azért	igyekszem	nem	indefinite
igyekszik	doc#2127	vagyok ,	igyekszem	a váltóig	indefinite
úszik	doc#2127	beugrom , és	úszom	. </s><s> Egyelőre	indefinite
igyekszik	doc#2127	, amelynek	igyekszem	megfelelni	indefinite
igyekszik	doc#2127	is	igyekszem	rövidesen	indefinite
igyekszik	doc#2127	. </s><s>	Igyekszem	már a keddi	indefinite
igyekszik	doc#2127	, úgyhogy	igyekszem	majd ebből	indefinite
igyekszik	doc#2127	, én pedig	igyekszem	olyan	indefinite
igyekszik	doc#2127	. </s><s> Majd még	igyekszem	NA	indefinite
igyekszik	doc#2127	intézi , én	igyekszem	csak a napi	indefinite
alszik	doc#2129	nagyot	alszom	, és	indefinite
igyekszik	doc#2132	lesz , majd	igyekszem	valahogy	indefinite
törekszik	doc#2133	is arra	törekszem	, hogy a	indefinite
alszik	doc#2136	: ` erre még	alszom	egyet ` . </s>	indefinite
alszik	doc#2137	ők . </s><s> Földön	alszom	, és	indefinite
törekszik	doc#2137	. </s><s> ` Arra	törekszem	, hogy az	indefinite
igyekszik	doc#2137	a váltásra . </s><s>	Igyekszem	majd minden	indefinite
igyekszik	doc#2138	NA	igyekszem	olyan	indefinite
igyekszik	doc#2138	engedik ,	igyekszem	ott lenni . </s>	indefinite
étkezik	doc#2138	normálisan	étkezem	, de még	indefinite
alszik	doc#2138	általában	alszom	... </s><s> De a	indefinite
igyekszik	doc#2139	NA	igyekszem	kellő	indefinite
igyekszik	doc#2139	és	igyekszem	segíteni . </s>	indefinite
cselekszik	doc#2139	olyanokat	cselekszem	, amik a hét	indefinite
törekszik	doc#2139	<s> Éppen ezért	törekszem	én is , és sok	indefinite
igyekszik	doc#2139	is érzem , de	igyekszem	ellenállni	indefinite
igyekszik	doc#2139	vagyok és	igyekszem	ezt a	definite
igyekszik	doc#2139	: """"	igyekszem	ezt a	definite
úszik	doc#2140	NA	úszom	, amikor	indefinite
igyekszik	doc#2140	formában	igyekszem	NA	indefinite
törekszik	doc#2141	arra	törekszem	, hogy	indefinite
törekszik	doc#2141	erősen	törekszem	arra , hogy	indefinite
igyekszik	doc#2141	. </s><s> """"	Igyekszem	továbbra is	indefinite
törekszik	doc#2142	, ezért arra	törekszem	, hogy a	indefinite
igyekszik	doc#2142	NA	igyekszem	NA	indefinite
igyekszik	doc#2142	irántuk . </s><s>	Igyekszem	megosztani	indefinite
alszik	doc#2142	egyszer	alszom	Pesten , a	indefinite
igyekszik	doc#2142	két évben	igyekszem	NA	indefinite
úszik	doc#2142	akkor nem	úszom	meg ezzel a	indefinite
igyekszik	doc#2142	mellett . </s><s>	Igyekszem	szikáran	indefinite
igyekszik	doc#2142	pedig	igyekszem	az Urat	definite
igyekszik	doc#2142	, de	igyekszem	mindent a	indefinite
igyekszik	doc#2142	. </s><s> """" Ehhez én	igyekszem	a magam	indefinite
alszik	doc#2143	NA	alszom	- pl.	indefinite
úszik	doc#2143	még most is	úszom	. </s><s> Nem	indefinite
úszik	doc#2143	uszodában	úszom	. </s><s> Télen	indefinite
igyekszik	doc#2144	. </s><s> -	Igyekszem	megfelelni	indefinite
igyekszik	doc#2144	ábrázolom . </s><s>	Igyekszem	dolgozni	indefinite
igyekszik	doc#2144	NA	igyekszem	erre az egy	indefinite
igyekszik	doc#2144	előtt	igyekszem	fejben	indefinite
törekszik	doc#2144	. </s><s> Arra	törekszem	, hogy	indefinite
igyekszik	doc#2145	vádait . </s><s>	Igyekszem	magam is	indefinite
igyekszik	doc#2145	élünk , én	igyekszem	ettől távol	indefinite
igyekszik	doc#2145	minőségben	igyekszem	legjobb	indefinite
cselekszik	doc#2145	szerint	cselekszem	. </s><s> Ha nevén	indefinite
igyekszik	doc#2145	közepette """"	igyekszem	NA	indefinite
cselekszik	doc#2145	, se nem	cselekszem	, hanem	indefinite
úszik	doc#2145	a földből . </s><s>	Úszom	e csodás	indefinite
alszik	doc#2145	<s> térdepelve	alszom	</s>	indefinite
alszik	doc#2145	is keveset	alszom	. </s><s> Olyan	indefinite
törekszik	doc#2145	hogy én arra	törekszem	, hogy mi	indefinite
igyekszik	doc#2145	évében	igyekszem	ezt pótolni	definite
igyekszik	doc#2145	NA	igyekszem	NA	indefinite
alszik	doc#2145	<s> Az erdőben	alszom	. </s><s> Álmodok : </s>	indefinite
igyekszik	doc#2145	az anyagot ,	igyekszem	minél	indefinite
törekszik	doc#2145	tudja . </s><s> Én is	törekszem	arra , hogy	indefinite
igyekszik	doc#2145	, már	igyekszem	is a parkoló	indefinite
igyekszik	doc#2145	haladok , s	igyekszem	NA	indefinite
alszik	doc#2145	: míg álmom	alszom	, </s><s> éber marad	indefinite
igyekszik	doc#2145	. </s><s> Ezt	igyekszem	azonnal	definite
törekszik	doc#2146	óta arra	törekszem	, hogy az	indefinite
igyekszik	doc#2146	,	igyekszem	jó magam is	indefinite
törekszik	doc#2146	tömörségre	törekszem	,	indefinite
törekszik	doc#2147	zavarnak ? </s><s>	Törekszem	-e arra ,	indefinite
igyekszik	doc#2147	, hanem	igyekszem	a	indefinite
igyekszik	doc#2147	NA	igyekszem	NA	indefinite
igyekszik	doc#2147	között ,	igyekszem	megtartani	indefinite
igyekszik	doc#2147	töltse . </s><s> """"	Igyekszem	ilyenkor	indefinite
igyekszik	doc#2147	szemben . </s><s>	Igyekszem	NA	indefinite
törekszik	doc#2147	. </s><s> Két éve	törekszem	arra , hogy	indefinite
törekszik	doc#2147	. </s><s> Arra	törekszem	NA	indefinite
igyekszik	doc#2147	kapok ,	igyekszem	NA	indefinite
törekszik	doc#2147	? </s><s> """" Arra	törekszem	, hogy a	indefinite
igyekszik	doc#2147	. </s><s>	Igyekszem	, hogy az	indefinite
törekszik	doc#2147	egységére	törekszem	. </s><s> Önről	indefinite
igyekszik	doc#2147	, és én is	igyekszem	utánozni ,	indefinite
úszik	doc#2147	. </s><s> Ezt sem	úszom	meg	indefinite
igyekszik	doc#2147	, és	igyekszem	a alacsony	indefinite
igyekszik	doc#2147	ellen . </s><s>	Igyekszem	nem	indefinite
törekszik	doc#2147	lehet , arra	törekszem	, hogy az	indefinite
igyekszik	doc#2148	NA	igyekszem	röviden és	indefinite
igyekszik	doc#2148	végett	igyekszem	leszögezni	indefinite
igyekszik	doc#2148	,	igyekszem	begyűjteni	indefinite
igyekszik	doc#2148	, és	igyekszem	ezt az	definite
igyekszik	doc#2148	... </s><s>	Igyekszem	. </s><s> Az idei	indefinite
igyekszik	doc#2148	folyt . </s><s> Én	igyekszem	ezeket az	indefinite
igyekszik	doc#2148	, és	igyekszem	NA	indefinite
igyekszik	doc#2148	, és	igyekszem	is	indefinite
alszik	doc#2148	többet nem	alszom	vele . </s>	indefinite
igyekszik	doc#2148	. </s><s>	Igyekszem	minél több	indefinite
igyekszik	doc#2148	máshogy . </s><s>	Igyekszem	értelmesen	indefinite
igyekszik	doc#2148	van , .azt	igyekszem	gyorsan	definite
alszik	doc#2148	keveset	alszom	. </s><s> Persze	indefinite
igyekszik	doc#2148	munkával	igyekszem	NA	indefinite
törekszik	doc#2149	. </s><s> Arra	törekszem	, hogy	indefinite
törekszik	doc#2149	, hogy arra	törekszem	, hogy	indefinite
igyekszik	doc#2149	, akkor	igyekszem	nem	indefinite
igyekszik	doc#2149	. </s><s> Ezt én is	igyekszem	megtartani	indefinite
igyekszik	doc#2149	őket , de	igyekszem	ellenállni	indefinite
úszik	doc#2149	,	úszom	, sportolok	indefinite
alszik	doc#2149	, ha rosszul	alszom	3 </s><s> 2. Gyakran	indefinite
úszik	doc#2149	százat	úszom	. </s><s> - Istenem ,	indefinite
igyekszik	doc#2149	, azonban	igyekszem	bepótolni a	indefinite
igyekszik	doc#2149	? </s><s>	Igyekszem	mindent	indefinite
igyekszik	doc#2149	nem , akkor	igyekszem	NA	indefinite
igyekszik	doc#2149	az utolsóig	igyekszem	maximális	indefinite
igyekszik	doc#2149	félnem . </s><s>	Igyekszem	úgy	indefinite
igyekszik	doc#2149	, s	igyekszem	olyan	indefinite
alszik	doc#2149	Napi 18 órát	alszom	, a	indefinite
igyekszik	doc#2149	arányokkal	igyekszem	 építkezni	indefinite
igyekszik	doc#2149	, ugyanis	igyekszem	mindezt jó	definite
törekszik	doc#2149	NA	törekszem	, ám az én	indefinite
igyekszik	doc#2149	életre . </s><s> Én	igyekszem	valahogy	indefinite
igyekszik	doc#2150	ígértem ,	igyekszem	, hogy jó	indefinite
igyekszik	doc#2150	szerint	igyekszem	NA	indefinite
étkezik	doc#2150	másként	étkezem	, reggelire	indefinite
igyekszik	doc#2150	ételeket	igyekszem	NA	indefinite
étkezik	doc#2150	ha egyedül	étkezem	,	indefinite
igyekszik	doc#2150	vágni a fát ,	igyekszem	egy távoli	indefinite
igyekszik	doc#2150	. </s><s> Ezért	igyekszem	NA	indefinite
cselekszik	doc#2150	, illetve	cselekszem	, amikor a	indefinite
igyekszik	doc#2151	el , nagyon	igyekszem	. </s><s> Talán ezt a	indefinite
igyekszik	doc#2151	jó , de	igyekszem	ezzel nem	indefinite
törekszik	doc#2151	szem előtt :	törekszem	a jóra , ha	indefinite
igyekszik	doc#2151	a szellemet	igyekszem	NA	definite
igyekszik	doc#2151	NA	igyekszem	NA	indefinite
igyekszik	doc#2151	, és közben	igyekszem	összefogni	indefinite
igyekszik	doc#2151	öreg fejjel	igyekszem	megoldani a	indefinite
igyekszik	doc#2152	a helyem ;	igyekszem	, törekszem	indefinite
törekszik	doc#2152	igyekszem ,	törekszem	, csinálom . </s>	indefinite
törekszik	doc#2152	. </s><s> Jóra	törekszem	és jóra	indefinite
igyekszik	doc#2152	világáról . </s><s>	Igyekszem	a	indefinite
alszik	doc#2152	ha csöndben	alszom	még , </s>	indefinite
igyekszik	doc#2152	nehéz lesz ,	igyekszem	minél	indefinite
igyekszik	doc#2152	, de ígérem ,	igyekszem	NA	indefinite
igyekszik	doc#2153	bennünket ,	igyekszem	NA	indefinite
igyekszik	doc#2153	érdekében . </s><s>	Igyekszem	támogatni ,	indefinite
igyekszik	doc#2153	NA	igyekszem	NA	indefinite
igyekszik	doc#2153	szavaztak . </s><s>	Igyekszem	munkáról ,	indefinite
igyekszik	doc#2153	, így	igyekszem	néhány	indefinite
igyekszik	doc#2154	Istennek ,	igyekszem	mélyebb	indefinite
igyekszik	doc#2155	NA	igyekszem	megmutatni	indefinite
törekszik	doc#2160	<s> Én csak arra	törekszem	, hogy mind ,	indefinite
igyekszik	doc#2163	: miért	igyekszem	annyira az	indefinite
igyekszik	doc#2163	ismét csak	igyekszem	Dorkának és	indefinite
igyekszik	doc#2163	a tanácshoz	igyekszem	igazodni ,	indefinite
igyekszik	doc#2168	hatását	igyekszem	felmérni és	indefinite
igyekszik	doc#2168	, ilyenkor	igyekszem	NA	indefinite
alszik	doc#2169	(	alszom	,	indefinite
alszik	doc#2171	édesdeden	alszom	. </s><s> Nincsen	indefinite
alszik	doc#2171	édesdeden	alszom	S nincsen	indefinite
igyekszik	doc#2173	, bárhová	igyekszem	. """" </s>	indefinite
igyekszik	doc#2187	NA	igyekszem	NA	indefinite
alszik	doc#2187	Atyám , Amig	alszom	, vigyázz	indefinite
igyekszik	doc#2187	mégis	igyekszem	néhány	indefinite
igyekszik	doc#2189	ki , akkor	igyekszem	én	indefinite
igyekszik	doc#2285	. </s><s>	Igyekszem	röviden ,	indefinite
törekszik	doc#2285	nem	törekszem	arra , mert	indefinite
igyekszik	doc#2285	, Ezek után	igyekszem	nagyon	indefinite
igyekszik	doc#2285	. </s><s> Én is	igyekszem	NA	indefinite
igyekszik	doc#2285	Ház ! </s><s>	Igyekszem	rövid lenni	indefinite
igyekszik	doc#2285	, én magam	igyekszem	ennek a	indefinite
alszik	doc#2286	tíz év óta	alszom	, tehát	indefinite
igyekszik	doc#2286	, akkor	igyekszem	majd	indefinite
igyekszik	doc#2286	legalábbis	igyekszem	szó szerint	indefinite
igyekszik	doc#2286	Ház ! </s><s>	Igyekszem	rövid lenni	indefinite
igyekszik	doc#2286	, hogy	igyekszem	egy darabig	indefinite
igyekszik	doc#2286	,	igyekszem	figyelembe	indefinite
igyekszik	doc#2286	kérek . </s><s>	Igyekszem	ezt a hibát	definite
igyekszik	doc#2286	, és	igyekszem	NA	indefinite
igyekszik	doc#2286	úr . </s><s>	Igyekszem	NA	indefinite
igyekszik	doc#2286	, elnök úr . </s><s>	Igyekszem	olyan	indefinite
törekszik	doc#2286	NA	törekszem	, hiszen	indefinite
igyekszik	doc#2286	csak arra	igyekszem	NA	indefinite
igyekszik	doc#2286	a lapokban	igyekszem	a	indefinite
igyekszik	doc#2286	Fidesz ): Én	igyekszem	, csak a	indefinite
igyekszik	doc#2287	,	igyekszem	megfelelni	indefinite
igyekszik	doc#2287	NA	igyekszem	a jövő évben	indefinite
igyekszik	doc#2288	készíteni	igyekszem	egy olyan	indefinite
igyekszik	doc#2288	, elnök úr . </s><s>	Igyekszem	két percben	indefinite
törekszik	doc#2288	NA	törekszem	, hanem	indefinite
igyekszik	doc#2288	NA	igyekszem	NA	indefinite
igyekszik	doc#2289	NA	igyekszem	ennek	indefinite
cselekszik	doc#2289	érdekében	cselekszem	. </s><s> Olyan	indefinite
törekszik	doc#2289	is . </s><s> Arra	törekszem	, hogy	indefinite
igyekszik	doc#2289	érdekeit	igyekszem	kiolvasni	indefinite
igyekszik	doc#2289	, akkor	igyekszem	a figyelmet	definite
igyekszik	doc#2289	útján	igyekszem	majd	indefinite
igyekszik	doc#2289	tovább	igyekszem	bővíteni	indefinite
törekszik	doc#2290	NA	törekszem	, nem	indefinite
igyekszik	doc#2291	, akkor	igyekszem	a kiadási	indefinite
igyekszik	doc#2291	kapcsán is	igyekszem	rövid lenni	indefinite
igyekszik	doc#2291	Úr ! </s><s>	Igyekszem	eleget	indefinite
törekszik	doc#2291	is arra	törekszem	, hogy	indefinite
igyekszik	doc#2291	szól , mégis	igyekszem	röviden	indefinite
igyekszik	doc#2291	. </s><s>	Igyekszem	a mai	indefinite
igyekszik	doc#2291	reagálni . </s><s>	Igyekszem	tehát , amit	indefinite
törekszik	doc#2292	én	törekszem	erre . </s><s> (	indefinite
igyekszik	doc#2292	tett fel ,	igyekszem	ezekre	indefinite
igyekszik	doc#2292	vált ;	igyekszem	a	indefinite
igyekszik	doc#2292	NA	igyekszem	tanulni ,	indefinite
igyekszik	doc#2292	, úgyhogy	igyekszem	most ezzel	indefinite
igyekszik	doc#2292	gyorsan ,	igyekszem	időben	indefinite
igyekszik	doc#2293	. </s><s> Noha	igyekszem	, amikor	indefinite
igyekszik	doc#2294	a választ	igyekszem	lassan és	indefinite
igyekszik	doc#2295	! </s><s> Én	igyekszem	az ilyen kis	indefinite
igyekszik	doc#2295	az ülést ,	igyekszem	majd ezen	indefinite
igyekszik	doc#2295	ezt , és	igyekszem	NA	indefinite
igyekszik	doc#2295	NA	igyekszem	az anyagot	definite
törekszik	doc#2295	! </s><s> Én	törekszem	arra , hogy	indefinite
igyekszik	doc#2295	úr . </s><s> Én is	igyekszem	NA	indefinite
igyekszik	doc#2295	. ) ,	igyekszem	megkeresni	indefinite
igyekszik	doc#2295	mondatot . </s><s>	Igyekszem	rövidre	indefinite
igyekszik	doc#2295	, elnök úr ,	igyekszem	NA	indefinite
igyekszik	doc#2295	, de azt	igyekszem	majd akkor	definite
igyekszik	doc#2295	): Elnök úr ,	igyekszem	egy-két	indefinite
törekszik	doc#2295	NA	törekszem	arra , hogy a	indefinite
igyekszik	doc#2295	is . </s><s> Én	igyekszem	kerülni	indefinite
igyekszik	doc#2295	, elnök úr . </s><s>	Igyekszem	rövid lenni	indefinite
törekszik	doc#2295	elé . </s><s> Én nem	törekszem	itt arra ,	indefinite
igyekszik	doc#2296	! </s><s> Öt kérdés ,	igyekszem	nagyon	indefinite
igyekszik	doc#2296	, de azért	igyekszem	válaszolni	indefinite
igyekszik	doc#2297	, de azért	igyekszem	majd	indefinite
igyekszik	doc#2298	- és én ebben	igyekszem	példát	indefinite
igyekszik	doc#2298	. </s><s> Röviden	igyekszem	NA	indefinite
törekszik	doc#2298	NA	törekszem	az	indefinite
igyekszik	doc#2299	,	igyekszem	kivenni	indefinite
igyekszik	doc#2299	, elnök úr . </s><s>	Igyekszem	röviden	indefinite
igyekszik	doc#2299	, amit majd	igyekszem	kiemelni	indefinite
alszik	doc#2301	pedig egyet	alszom	, és utána	indefinite
alszik	doc#2301	, ha egyet	alszom	rá , és	indefinite
igyekszik	doc#2301	folytatni ,	igyekszem	két percen	indefinite
igyekszik	doc#2301	, elnök úr . </s><s>	Igyekszem	az időt	definite
igyekszik	doc#2301	Ház ! </s><s>	Igyekszem	konkrétan	indefinite
törekszik	doc#2302	<s> - igen . </s><s> Arra	törekszem	, és arra	indefinite
igyekszik	doc#2302	adni , de	igyekszem	, és bízom	indefinite
igyekszik	doc#2302	eszközzel	igyekszem	NA	indefinite
igyekszik	doc#2302	, elnök úr . </s><s>	Igyekszem	nagyon	indefinite
igyekszik	doc#2303	-e , de	igyekszem	olybá tenni	indefinite
igyekszik	doc#2304	NA	igyekszem	ezt	definite
igyekszik	doc#2304	NA	igyekszem	csak a	indefinite
igyekszik	doc#2304	Ház ! </s><s>	Igyekszem	a frakciónk	indefinite
törekszik	doc#2304	arra	törekszem	, a politika	indefinite
igyekszik	doc#2304	Mihály :	Igyekszem	felnőni	indefinite
igyekszik	doc#2304	. </s><s>	Igyekszem	NA	indefinite
igyekszik	doc#2304	azt	igyekszem	védeni ,	definite
igyekszik	doc#2304	fakadni , és	igyekszem	a	indefinite
igyekszik	doc#2304	kérdést	igyekszem	NA	indefinite
igyekszik	doc#2304	,	igyekszem	rövidre	indefinite
igyekszik	doc#2304	NA	igyekszem	apellálni ,	indefinite
igyekszik	doc#2304	. </s><s> Én	igyekszem	meglehetős	indefinite
igyekszik	doc#2304	. </s><s>	Igyekszem	, és	indefinite
igyekszik	doc#2304	, mert	igyekszem	hű maradni a	indefinite
igyekszik	doc#2304	, és	igyekszem	helytállni	indefinite
igyekszik	doc#2304	NA	igyekszem	vezetni az	indefinite
igyekszik	doc#2304	NA	igyekszem	NA	indefinite
igyekszik	doc#2304	olyanokat	igyekszem	NA	indefinite
igyekszik	doc#2306	is	igyekszem	NA	indefinite
cselekszik	doc#2306	, amikor	cselekszem	,	indefinite
igyekszik	doc#2306	NA	igyekszem	bemutatni ,	indefinite
igyekszik	doc#2306	szépen . </s><s>	Igyekszem	tovább nem	indefinite
igyekszik	doc#2307	és úgy	igyekszem	NA	indefinite
igyekszik	doc#2307	( SZDSZ ): </s><s>	Igyekszem	még két	indefinite
igyekszik	doc#2307	! </s><s>	Igyekszem	NA	indefinite
igyekszik	doc#2307	azt is -	igyekszem	szó szerint	indefinite
igyekszik	doc#2307	is -	igyekszem	szó szerint	indefinite
igyekszik	doc#2307	, de	igyekszem	még jóval	indefinite
igyekszik	doc#2307	felvetni -	igyekszem	a két percen	definite
igyekszik	doc#2307	Ház ! </s><s>	Igyekszem	időt	indefinite
törekszik	doc#2307	és	törekszem	, hogy a	indefinite
igyekszik	doc#2307	NA	igyekszem	megjelölni	indefinite
igyekszik	doc#2307	dolog . </s><s>	Igyekszem	ezt a	definite
igyekszik	doc#2307	Ház ! </s><s>	Igyekszem	rövidre	indefinite
igyekszik	doc#2307	, de valóban	igyekszem	NA	indefinite
igyekszik	doc#2307	finoman	igyekszem	magam	indefinite
igyekszik	doc#2307	Ház ! </s><s>	Igyekszem	ebben a	indefinite
igyekszik	doc#2307	! </s><s>	Igyekszem	röviden	indefinite
igyekszik	doc#2307	voltak . </s><s>	Igyekszem	rövid lenni	indefinite
igyekszik	doc#2307	az áll -	igyekszem	szó szerint	indefinite
igyekszik	doc#2307	kell - s	igyekszem	igen	indefinite
igyekszik	doc#2308	. </s><s>	Igyekszem	nagyon	indefinite
igyekszik	doc#2308	- és	igyekszem	röviden	indefinite
igyekszik	doc#2308	( Fidesz ): </s><s>	Igyekszem	rövidre	indefinite
törekszik	doc#2308	mindig arra	törekszem	, hogy	indefinite
igyekszik	doc#2308	( SZDSZ ): </s><s>	Igyekszem	nem	indefinite
igyekszik	doc#2308	. ) , s	igyekszem	nem	indefinite
igyekszik	doc#2308	! </s><s>	Igyekszem	én is a	indefinite
igyekszik	doc#2308	, én	igyekszem	NA	indefinite
igyekszik	doc#2308	! </s><s>	Igyekszem	a	indefinite
igyekszik	doc#2308	azért - bár	igyekszem	indulatok	indefinite
igyekszik	doc#2308	a szót . </s><s>	Igyekszem	rövid lenni	indefinite
igyekszik	doc#2308	asszony . </s><s>	Igyekszem	két percbe	indefinite
igyekszik	doc#2308	percet - bár	igyekszem	időn belül	indefinite
igyekszik	doc#2308	mégis	igyekszem	NA	indefinite
igyekszik	doc#2308	célját , így	igyekszem	rövidre	indefinite
igyekszik	doc#2308	közben . </s><s> Én	igyekszem	ezt	definite
igyekszik	doc#2308	, mert	igyekszem	, hogy	indefinite
igyekszik	doc#2308	-	igyekszem	szó szerint	indefinite
igyekszik	doc#2308	- és	igyekszem	nagyon	indefinite
igyekszik	doc#2308	bizalomnak	igyekszem	megfelelni	indefinite
igyekszik	doc#2308	, de	igyekszem	nagyon	indefinite
igyekszik	doc#2308	! </s><s>	Igyekszem	rendkívül	indefinite
igyekszik	doc#2308	, így	igyekszem	ennek	indefinite
igyekszik	doc#2308	szépen . </s><s>	Igyekszem	rövid lenni	indefinite
igyekszik	doc#2308	( MDF ): </s><s>	Igyekszem	majd , hogy	indefinite
igyekszik	doc#2308	a szót . </s><s>	Igyekszem	rövid lenni	indefinite
igyekszik	doc#2308	! </s><s>	Igyekszem	nagyon	indefinite
igyekszik	doc#2308	a szót . </s><s>	Igyekszem	rövidre	indefinite
igyekszik	doc#2308	! </s><s> Én is	igyekszem	humánusan	indefinite
igyekszik	doc#2308	. </s><s>	Igyekszem	nagyon	indefinite
igyekszik	doc#2308	<s> Alelnök Úr ! </s><s>	Igyekszem	rövid és	indefinite
igyekszik	doc#2308	, mert - és	igyekszem	keresgélni	indefinite
igyekszik	doc#2308	Ház ! </s><s>	Igyekszem	elnök úr	indefinite
igyekszik	doc#2308	- és erről	igyekszem	meg is	indefinite
igyekszik	doc#2308	- tényleg	igyekszem	rövidre	indefinite
igyekszik	doc#2308	! </s><s>	Igyekszem	rövid lenni	indefinite
igyekszik	doc#2308	<s> Kezdete óta	igyekszem	NA	indefinite
igyekszik	doc#2308	és	igyekszem	mindig	indefinite
igyekszik	doc#2308	NA	igyekszem	megvárni a	indefinite
igyekszik	doc#2308	röviden	igyekszem	kitérni a	indefinite
igyekszik	doc#2308	röviden	igyekszem	NA	indefinite
igyekszik	doc#2308	erősíteni ,	igyekszem	leszögezni	indefinite
igyekszik	doc#2308	után	igyekszem	a lehető	indefinite
igyekszik	doc#2308	hangzik ,	igyekszem	szó szerint	indefinite
igyekszik	doc#2308	Ház ! </s><s>	Igyekszem	megtartani	indefinite
igyekszik	doc#2308	): </s><s> Tehát	igyekszem	megtartani	indefinite
igyekszik	doc#2308	. </s><s> Tehát	igyekszem	megtartani	indefinite
igyekszik	doc#2308	, és	igyekszem	érdemi	indefinite
igyekszik	doc#2308	a szót . </s><s>	Igyekszem	nagyon	indefinite
igyekszik	doc#2308	NA	igyekszem	a több mint	indefinite
igyekszik	doc#2308	( MDF ): </s><s>	Igyekszem	nagyon	indefinite
igyekszik	doc#2308	NA	igyekszem	lényegre	indefinite
hazudozik	doc#2308	NA	hazudozom	, hadd	indefinite
igyekszik	doc#2308	: </s><s> Köszönöm ,	igyekszem	betartani . </s>	indefinite
igyekszik	doc#2308	gyorsan	igyekszem	válszolni ,	indefinite
igyekszik	doc#2308	. ) ... , de	igyekszem	rövidebbre	indefinite
igyekszik	doc#2308	NA	igyekszem	NA	indefinite
törekszik	doc#2308	kiélésére	törekszem	a	indefinite
igyekszik	doc#2308	, de	igyekszem	mindkét	indefinite
törekszik	doc#2309	, és arra	törekszem	, hogy az	indefinite
törekszik	doc#2309	arra	törekszem	, hogy a	indefinite
igyekszik	doc#2309	, és	igyekszem	nagyon	indefinite
igyekszik	doc#2309	. </s><s> Így	igyekszem	betenni a	indefinite
igyekszik	doc#2309	, és röviden	igyekszem	szólni	indefinite
igyekszik	doc#2309	, és	igyekszem	nem untatni	indefinite
igyekszik	doc#2309	pontosan	igyekszem	ismét	indefinite
igyekszik	doc#2309	dologra - és	igyekszem	két perc	indefinite
igyekszik	doc#2309	): </s><s> Elnök úr ,	igyekszem	benne	indefinite
igyekszik	doc#2309	elnök úr , én	igyekszem	rövidre	indefinite
igyekszik	doc#2309	tömöríteni	igyekszem	. </s><s> Egy . </s><s> Az ,	indefinite
igyekszik	doc#2309	elnök úr . </s><s>	Igyekszem	röviden	indefinite
igyekszik	doc#2309	asszony . </s><s>	Igyekszem	nem két	indefinite
igyekszik	doc#2309	, elnök úr ,	igyekszem	befejezni ;	indefinite
igyekszik	doc#2309	. </s><s> Én	igyekszem	nem eltérni	indefinite
igyekszik	doc#2309	Asszony ! </s><s>	Igyekszem	nagyon	indefinite
igyekszik	doc#2309	asszony . </s><s>	Igyekszem	olyan rövid	indefinite
igyekszik	doc#2309	kell . </s><s>	Igyekszem	alig	indefinite
igyekszik	doc#2309	Katalin : Én	igyekszem	, elnök úr . ) </s>	indefinite
igyekszik	doc#2309	tenni ; én	igyekszem	ezt a	definite
törekszik	doc#2309	, hanem arra	törekszem	és arra	indefinite
igyekszik	doc#2309	, ezt is	igyekszem	rövidre	definite
igyekszik	doc#2309	. </s><s> Ezért	igyekszem	nagyon	indefinite
igyekszik	doc#2309	elvárásnak	igyekszem	megfelelni	indefinite
igyekszik	doc#2309	NA	igyekszem	megtenni ,	indefinite
igyekszik	doc#2309	szót , és	igyekszem	nagyon	indefinite
igyekszik	doc#2309	szépen és	igyekszem	ezt a másfél	definite
igyekszik	doc#2309	! </s><s> Én is	igyekszem	nagyon	indefinite
igyekszik	doc#2309	oldalról ,	igyekszem	meghálálni	indefinite
igyekszik	doc#2309	szó . </s><s> Én is	igyekszem	rövid lenni	indefinite
igyekszik	doc#2309	- és erre	igyekszem	majd	indefinite
igyekszik	doc#2309	NA	igyekszem	röviden	indefinite
igyekszik	doc#2309	. </s><s> Én nagyon	igyekszem	pontosan	indefinite
igyekszik	doc#2309	asszony . </s><s>	Igyekszem	nagyon	indefinite
igyekszik	doc#2309	válaszát . </s><s>	Igyekszem	az ön által	indefinite
igyekszik	doc#2309	, de	igyekszem	megkezdeni	indefinite
törekszik	doc#2309	<s> Most is arra	törekszem	, hogy a	indefinite
törekszik	doc#2309	. </s><s> Azért	törekszem	erre , mert	indefinite
igyekszik	doc#2309	, és azt	igyekszem	vezérelni ,	definite
igyekszik	doc#2309	Ház ! </s><s>	Igyekszem	betartani a	indefinite
törekszik	doc#2309	elnök arra	törekszem	, hogy	indefinite
igyekszik	doc#2309	, de én	igyekszem	tényleg	indefinite
igyekszik	doc#2309	kérdésére	igyekszem	egy gyors	indefinite
igyekszik	doc#2309	beszéd . </s><s>	Igyekszem	az általam	indefinite
igyekszik	doc#2309	itt , és	igyekszem	ezektől	indefinite
igyekszik	doc#2309	. ) -	igyekszem	, mindjárt ,	indefinite
igyekszik	doc#2309	! </s><s>	Igyekszem	valódit és	indefinite
igyekszik	doc#2309	Ház ! </s><s>	Igyekszem	minél	indefinite
törekszik	doc#2309	. </s><s> Erre	törekszem	a	indefinite
igyekszik	doc#2309	veszem és	igyekszem	NA	indefinite
igyekszik	doc#2309	tartott ,	igyekszem	NA	indefinite
igyekszik	doc#2309	, mégis	igyekszem	kizárólag	indefinite
igyekszik	doc#2309	asszony ! </s><s>	Igyekszem	igen	indefinite
igyekszik	doc#2309	, ezért	igyekszem	még	indefinite
igyekszik	doc#2309	tudom , de	igyekszem	NA	indefinite
igyekszik	doc#2309	Ház ! </s><s>	Igyekszem	nagyon	indefinite
igyekszik	doc#2309	NA	igyekszem	fogalmazni	indefinite
igyekszik	doc#2309	! </s><s>	Igyekszem	nagyon	indefinite
igyekszik	doc#2309	Ház ! </s><s>	Igyekszem	mindig	indefinite
igyekszik	doc#2309	két percben	igyekszem	NA	indefinite
igyekszik	doc#2309	! </s><s>	Igyekszem	rövidre	indefinite
igyekszik	doc#2309	Úr ! </s><s> Ismét	igyekszem	nagyon	indefinite
igyekszik	doc#2310	viszont	igyekszem	egy pár	indefinite
igyekszik	doc#2310	NA	igyekszem	inkább nem	indefinite
igyekszik	doc#2311	illeti	igyekszem	rövid lenni	indefinite
igyekszik	doc#2311	Zoltán , </s><s>	Igyekszem	NA	indefinite
igyekszik	doc#2311	kellemesen	igyekszem	eltölteni a	indefinite
igyekszik	doc#2311	NA	igyekszem	csak arra	indefinite
igyekszik	doc#2311	magamra is	igyekszem	NA	indefinite
igyekszik	doc#2311	magamra is	igyekszem	NA	indefinite
igyekszik	doc#2311	NA	Igyekszem	nem	indefinite
igyekszik	doc#2311	<s> 12321 </s><s>	Igyekszem	nem	indefinite
igyekszik	doc#2311	erővel	igyekszem	jó	indefinite
igyekszik	doc#2311	tag	igyekszem	felelni . </s>	indefinite
igyekszik	doc#2311	NA	igyekszem	mellőzni a	indefinite
igyekszik	doc#2311	ellenére	igyekszem	inkább egy	indefinite
igyekszik	doc#2311	NA	igyekszem	elsősorban	indefinite
igyekszik	doc#2311	alkalommal	igyekszem	konkrét	indefinite
igyekszik	doc#2311	... de	igyekszem	NA	indefinite
igyekszik	doc#2311	, de	igyekszem	rövidre	indefinite
igyekszik	doc#2311	kritikát	igyekszem	NA	indefinite
igyekszik	doc#2311	topicnak ,	igyekszem	írni is bele	indefinite
igyekszik	doc#2311	kritikát	igyekszem	NA	indefinite
igyekszik	doc#2311	, de	igyekszem	lassan	indefinite
igyekszik	doc#2311	pénzre , így	igyekszem	minden	indefinite
igyekszik	doc#2311	NA	igyekszem	megtalálni	indefinite
igyekszik	doc#2311	<s> Éppen ezért	igyekszem	kizárólag	indefinite
igyekszik	doc#2311	egyet és	igyekszem	NA	indefinite
cselekszik	doc#2311	, hogy jót	cselekszem	azzal , hogy	indefinite
igyekszik	doc#2311	 ,	igyekszem	mindenkit	indefinite
igyekszik	doc#2312	, hogy	igyekszem	inkább	indefinite
igyekszik	doc#2315	<s> TaTTi ! </s><s> Majd	igyekszem	!! :-)))) </s>	indefinite
alszik	doc#2315	nappal	alszom	, éjjel	indefinite
alszik	doc#2315	akár . </s><s> Na	alszom	, mert itt a	indefinite
igyekszik	doc#2315	... , de	igyekszem	felnőni	indefinite
alszik	doc#2315	alapon	alszom	én a tiszti	indefinite
igyekszik	doc#2315	!!! </s><s> Én is ezt	igyekszem	tenni . </s><s> Hála	definite
alszik	doc#2315	van ? lehet	alszom	félig de mi	indefinite
igyekszik	doc#2315	évek óta	igyekszem	meggyőzni a	indefinite
igyekszik	doc#2315	NA	igyekszem	jobban	indefinite
igyekszik	doc#2315	jókat ! </s><s>	Igyekszem	NA	indefinite
igyekszik	doc#2315	hazámban	igyekszem	megismerni	indefinite
igyekszik	doc#2315	a listámba ! </s><s>	Igyekszem	majd arra	indefinite
alszik	doc#2315	a híd alatt	alszom	, csak	indefinite
alszik	doc#2315	ablaknál	alszom	, ami a	indefinite
igyekszik	doc#2315	, azért	igyekszem	NA	indefinite
cselekszik	doc#2315	, mielőtt	cselekszem	. </s><s> Ez néha jó	indefinite
igyekszik	doc#2315	volt ... </s><s>	Igyekszem	megjavulni	indefinite
törekszik	doc#2315	NA	törekszem	, hogy	indefinite
igyekszik	doc#2315	NA	igyekszem	megfelelni	indefinite
alszik	doc#2315	én addig még	alszom	itt egyet . </s>	indefinite
alszik	doc#2315	nem én ( mert	alszom	néha ) ,	indefinite
alszik	doc#2315	<s> Naná , hogy	alszom	, mer ''	indefinite
igyekszik	doc#2315	= eSPé ! </s><s> Majd	igyekszem	egységes	indefinite
alszik	doc#2315	rosszul	alszom	mióta	indefinite
igyekszik	doc#2315	jó . </s><s> Ezért én	igyekszem	megetenni	indefinite
igyekszik	doc#2315	NA	igyekszem	az ebet óvni	definite
úszik	doc#2315	a tóhoz és	úszom	egy fél órát	indefinite
alszik	doc#2315	! </s><s> Egy kicsit	alszom	, azután	indefinite
igyekszik	doc#2315	címeket	igyekszem	az emillel	indefinite
igyekszik	doc#2315	pillanatot	igyekszem	magamba	indefinite
alszik	doc#2315	, és kint	alszom	a víz	indefinite
igyekszik	doc#2315	NA	igyekszem	mindenkit	indefinite
igyekszik	doc#2315	, és	igyekszem	azokat jól	indefinite
cselekszik	doc#2315	önzetlenül	cselekszem	, azért	indefinite
igyekszik	doc#2315	van . </s><s> Majd	igyekszem	becsukni a	indefinite
igyekszik	doc#2315	. </s><s>	Igyekszem	magam is	indefinite
alszik	doc#2315	vagyok , jól	alszom	, nem remeg a	indefinite
igyekszik	doc#2315	<s> tlaci ! </s><s>	Igyekszem	, hogy ne	indefinite
úszik	doc#2315	, úgysem	úszom	meg . </s>	indefinite
igyekszik	doc#2315	. </s><s>	Igyekszem	nem	indefinite
igyekszik	doc#2315	, bár	igyekszem	) </s>	indefinite
alszik	doc#2315	és ott vagy	alszom	, vagy iszom	indefinite
igyekszik	doc#2315	következik	igyekszem	előre	indefinite
igyekszik	doc#2315	lát . </s><s> Pedig	igyekszem	szépeket	indefinite
igyekszik	doc#2315	! ) . </s><s>	Igyekszem	felnőni	indefinite
igyekszik	doc#2315	viszont	igyekszem	lazítani ,	indefinite
igyekszik	doc#2315	juttat . </s><s>	Igyekszem	NA	indefinite
igyekszik	doc#2315	erények , és	igyekszem	NA	indefinite
igyekszik	doc#2315	számokkal ,	igyekszem	NA	indefinite
cselekszik	doc#2315	csak azért	cselekszem	a	indefinite
igyekszik	doc#2316	Ember ! </s><s>	Igyekszem	önkritikus	indefinite
igyekszik	doc#2316	már volt , de	igyekszem	) -Csak ülök	indefinite
alszik	doc#2316	ma éjjel sem	alszom	! </s><s> fargo </s>	indefinite
alszik	doc#2316	, meztelnül	alszom	, s ha nem	indefinite
igyekszik	doc#2316	vagy Sziki ! </s><s>	Igyekszem	mindkét	indefinite
úszik	doc#2316	tehetem	úszom	és a	indefinite
igyekszik	doc#2316	a Szikin és	igyekszem	a felhőket	definite
igyekszik	doc#2316	, aztán	igyekszem	nem	indefinite
igyekszik	doc#2316	hozzá . </s><s>	Igyekszem	tényeket	indefinite
igyekszik	doc#2316	tartod . </s><s> De	igyekszem	elkerülni a	indefinite
törekszik	doc#2317	felé	törekszem	. </s><s> Persze	indefinite
igyekszik	doc#2317	, de azért	igyekszem	NA	indefinite
igyekszik	doc#2317	kerdesed ,	igyekszem	NA	indefinite
igyekszik	doc#2317	néha nagyon	igyekszem	eldugni a	indefinite
igyekszik	doc#2317	! </s><s> Koszonom ! </s><s>	Igyekszem	minnel	indefinite
igyekszik	doc#2317	, akkor én	igyekszem	ügyes lenni	indefinite
igyekszik	doc#2317	neki . </s><s>	Igyekszem	úgy	indefinite
igyekszik	doc#2317	szerint	igyekszem	majd	indefinite
cselekszik	doc#2317	NA	cselekszem	NA	indefinite
igyekszik	doc#2317	, csak	igyekszem	minél	indefinite
igyekszik	doc#2317	, és én	igyekszem	a Szent	indefinite
igyekszik	doc#2317	, amiket	igyekszem	levetkőzni	indefinite
alszik	doc#2317	, miért	alszom	otthon ,	indefinite
igyekszik	doc#2317	is Jézusról	igyekszem	elmélkedni	indefinite
igyekszik	doc#2317	az ilyesmit	igyekszem	is	definite
igyekszik	doc#2317	) , télen	igyekszem	síelni ,	indefinite
igyekszik	doc#2317	lesz ... </s><s> :-)	Igyekszem	viszonylag	indefinite
igyekszik	doc#2317	témában , de	igyekszem	belejönni . </s>	indefinite
igyekszik	doc#2317	hülyének . </s><s>	Igyekszem	NA	indefinite
úszik	doc#2317	, nem	úszom	meg	indefinite
igyekszik	doc#2317	, hogy ,	igyekszem	nem	indefinite
alszik	doc#2317	mélyen	alszom	, nincs	indefinite
igyekszik	doc#2317	van . </s><s> Én	igyekszem	nem	indefinite
igyekszik	doc#2317	, azt	igyekszem	NA	definite
igyekszik	doc#2317	lett esve . </s><s>	Igyekszem	méltón	indefinite
igyekszik	doc#2317	,	igyekszem	NA	indefinite
igyekszik	doc#2317	a film	igyekszem	a könyvet is	definite
törekszik	doc#2317	, de már	törekszem	rá ... </s>	indefinite
igyekszik	doc#2317	az , hogy	igyekszem	nem	indefinite
igyekszik	doc#2317	ha így van . </s><s>	Igyekszem	NA	indefinite
alszik	doc#2317	: én már	alszom	is . </s><s> Vagy nem	indefinite
igyekszik	doc#2317	rá . </s><s> Én pedig	igyekszem	mindig	indefinite
alszik	doc#2317	mindig , ha	alszom	( és itt	indefinite
alszik	doc#2317	itt mindig	alszom	) , nehogy má	indefinite
alszik	doc#2317	. </s><s> Vagy	alszom	meg ? </s><s> Lakki </s>	indefinite
alszik	doc#2317	) Néha azért	alszom	</s><s> Medwe </s>	indefinite
igyekszik	doc#2317	, de akkor	igyekszem	NA	indefinite
törekszik	doc#2318	jót . </s><s> Én erre	törekszem	, és ezt	indefinite
igyekszik	doc#2318	azért majd	igyekszem	... </s>	indefinite
igyekszik	doc#2318	, hogy	igyekszem	megtalálni	indefinite
törekszik	doc#2318	én is erre	törekszem	, a vágyam a	indefinite
igyekszik	doc#2319	, a többit	igyekszem	NA	definite
igyekszik	doc#2319	es	igyekszem	NA	indefinite
törekszik	doc#2319	NA	törekszem	arra , hogy	indefinite
igyekszik	doc#2319	NA	igyekszem	a legújabb	indefinite
alszik	doc#2319	hasom	alszom	, de a	indefinite
igyekszik	doc#2319	. </s><s>	Igyekszem	megtalálni	indefinite
igyekszik	doc#2319	példát	igyekszem	mutatni . </s>	indefinite
alszik	doc#2319	16:23:00 </s><s>	Alszom	. </s><s> zsoltu </s>	indefinite
igyekszik	doc#2319	vagyok ... </s><s>	Igyekszem	ismerkedni	indefinite
alszik	doc#2319	! </s><s> Nem mindig	alszom	ám nappal ,	indefinite
alszik	doc#2319	és éjjel	alszom	, de ez	indefinite
igyekszik	doc#2319	szenvedni !	igyekszem	Hozzád ! </s>	indefinite
alszik	doc#2319	: Még mindig	alszom	! </s><s> Ha meg	indefinite
igyekszik	doc#2319	hiányzol ,	igyekszem	vissza	indefinite
alszik	doc#2319	! </s><s> MMMmmm ...	alszom	tovább ... </s>	indefinite
igyekszik	doc#2319	betüidtől ! </s><s>	Igyekszem	halkan írni	indefinite
alszik	doc#2319	tovább	alszom	, és Te máris	indefinite
alszik	doc#2319	és én még nem	alszom	. </s><s> Hallgatom	indefinite
igyekszik	doc#2319	, de	igyekszem	minél	indefinite
igyekszik	doc#2319	, ( csak	igyekszem	leplezni ,	indefinite
igyekszik	doc#2319	, hogy	igyekszem	nem olvasni	indefinite
igyekszik	doc#2319	. </s><s> Ezért	igyekszem	egyszerűen	indefinite
igyekszik	doc#2319	NA	igyekszem	távol	indefinite
alszik	doc#2319	, majd délig	alszom	. </s><s> mosoly </s>	indefinite
igyekszik	doc#2319	szerint -	igyekszem	majd	indefinite
igyekszik	doc#2319	, ezért	igyekszem	én is	indefinite
igyekszik	doc#2319	,	igyekszem	meghálálni	indefinite
igyekszik	doc#2319	hogy mindíg	igyekszem	NA	indefinite
cselekszik	doc#2319	NA	cselekszem	NA	indefinite
igyekszik	doc#2319	) . """" </s><s>	Igyekszem	nem abba	indefinite
cselekszik	doc#2319	vagy	cselekszem	. </s><s> Én azt	indefinite
igyekszik	doc#2319	NA	igyekszem	élni . </s><s> Több	indefinite
igyekszik	doc#2319	Krisztus ,	igyekszem	boldogulni	indefinite
igyekszik	doc#2319	egyenként	igyekszem	 helyre	indefinite
igyekszik	doc#2319	,	igyekszem	pótolni a	indefinite
igyekszik	doc#2319	méreten-	igyekszem	támogatni	indefinite
adakozik	doc#2319	is	adakozom	. </s><s> Ennél	indefinite
igyekszik	doc#2319	, de	igyekszem	Önnek	indefinite
igyekszik	doc#2319	, ha ezeket	igyekszem	közkinccsé	indefinite
igyekszik	doc#2319	Egy dolgot	igyekszem	majd szem	indefinite
igyekszik	doc#2319	Jack . </s><s>	Igyekszem	tárgyszerű	indefinite
igyekszik	doc#2320	jol de majd	igyekszem	szinesse	indefinite
étkezik	doc#2320	<s> A konyhában	étkezem	( ha csak	indefinite
igyekszik	doc#2321	. </s><s>	Igyekszem	változni ,	indefinite
igyekszik	doc#2321	magam és	igyekszem	is eszerint	indefinite
cselekszik	doc#2321	isten ellen	cselekszem	, ha	indefinite
igyekszik	doc#2321	, ha	igyekszem	betartani	indefinite
törekszik	doc#2321	szerint-	törekszem	megismerni	indefinite
igyekszik	doc#2321	vagyok és	igyekszem	az	indefinite
igyekszik	doc#2321	van , én	igyekszem	megtérni ,	indefinite
igyekszik	doc#2321	területét	igyekszem	olyan	indefinite
igyekszik	doc#2321	. </s><s>	Igyekszem	majd a	indefinite
alszik	doc#2321	eszem , nem	alszom	, nem tudok	indefinite
igyekszik	doc#2321	azért , mert	igyekszem	minél	indefinite
igyekszik	doc#2321	, itthon is	igyekszem	 tudatosan	indefinite
igyekszik	doc#2321	kihozni	igyekszem	ebből : egy	indefinite
igyekszik	doc#2321	. </s><s> Most	igyekszem	folytatni . </s>	indefinite
igyekszik	doc#2321	. </s><s> És vissza	igyekszem	fogni magam	indefinite
igyekszik	doc#2321	NA	igyekszem	világossá	indefinite
igyekszik	doc#2321	. </s><s> Ilyenkor	igyekszem	világossá	indefinite
igyekszik	doc#2321	, en	igyekszem	kerulni ,	indefinite
igyekszik	doc#2321	erősen	igyekszem	) , hogy	indefinite
igyekszik	doc#2321	<s> Többnyire	igyekszem	férfi módra	indefinite
igyekszik	doc#2321	<s> Majd	igyekszem	nem	indefinite
alszik	doc#2321	ugyan még	alszom	, de majd ha	indefinite
igyekszik	doc#2321	<s> Öki	igyekszem	,	indefinite
alszik	doc#2321	. </s><s> Erre még	alszom	egyet . </s><s> McAl </s>	indefinite
alszik	doc#2321	, miért	alszom	el a napon . </s>	indefinite
alszik	doc#2321	<s> már én is	alszom	ám !	indefinite
alszik	doc#2321	, mert miért	alszom	NA	indefinite
alszik	doc#2321	NA	alszom	... </s><s> :-)) </s>	indefinite
igyekszik	doc#2321	+ , de	igyekszem	:-)) </s><s> maj	indefinite
igyekszik	doc#2321	. </s><s> Majd	igyekszem	fiatalodni	indefinite
alszik	doc#2321	, hogy	alszom	, közben meg	indefinite
alszik	doc#2321	nyugodtan	alszom	... </s><s> TamasS </s>	indefinite
igyekszik	doc#2321	velük . </s><s>	Igyekszem	NA	indefinite
igyekszik	doc#2321	el . </s><s> De majd	igyekszem	:-))) </s><s> HJM </s>	indefinite
igyekszik	doc#2321	NA	igyekszem	követni a	indefinite
alszik	doc#2321	még félig	alszom	. </s><s> Mizser	indefinite
cselekszik	doc#2321	NA	cselekszem	. </s><s> Már	indefinite
pakolászik	doc#2321	, én csak	pakolászom	) , abból	indefinite
igyekszik	doc#2321	. </s><s>	Igyekszem	NA	indefinite
baszik	doc#2321	kelleni az a	baszom	sok pénz : a	indefinite
hazudozik	doc#2321	, hogy én itt	hazudozom	. </s><s> Ezt pedig	indefinite
igyekszik	doc#2321	élet véges ,	igyekszem	a dolgokat	definite
hazudozik	doc#2321	hogy > én itt	hazudozom	. </s><s> Ezt pedig	indefinite
pakolászik	doc#2321	! </s><s> Most	pakolászom	át egyik	indefinite
törekszik	doc#2321	szerint	törekszem	és vágyom az	indefinite
igyekszik	doc#2321	, mert azon	igyekszem	, hogy	indefinite
alszik	doc#2321	nehezen	alszom	, görcsöl a	indefinite
igyekszik	doc#2321	majd én is	igyekszem	NA	indefinite
alszik	doc#2321	, akkor meg	alszom	. </s><s> Csak	indefinite
igyekszik	doc#2321	korx , </s><s>	Igyekszem	válaszolni	indefinite
alszik	doc#2321	AM , Nem	alszom	az	indefinite
alszik	doc#2321	délutánig	alszom	, mert	indefinite
alszik	doc#2321	, most éppen	alszom	, na ! </s><s> Ti is	indefinite
alszik	doc#2321	NA	alszom	? </s><s> Ez esetben	indefinite
igyekszik	doc#2321	emberek . </s><s> Én	igyekszem	a jóra nézni	indefinite
igyekszik	doc#2321	tekintem (	igyekszem	tekinteni )	indefinite
igyekszik	doc#2321	<s> Közben én is	igyekszem	NA	indefinite
igyekszik	doc#2321	. </s><s> Én viszont	igyekszem	megfelelni	indefinite
igyekszik	doc#2321	 zs "" -vel . </s><s>	Igyekszem	jobban	indefinite
adakozik	doc#2321	adok . </s><s> De nem	adakozom	olyan célra	indefinite
igyekszik	doc#2321	kell , akkor	igyekszem	hamar	indefinite
igyekszik	doc#2321	előtt (	igyekszem	én is ) , hogy	indefinite
igyekszik	doc#2321	NA	igyekszem	betartani ,	indefinite
igyekszik	doc#2321	. </s><s> Hanem	igyekszem	megfelelni	indefinite
igyekszik	doc#2321	, és	igyekszem	fejlődni e	indefinite
alszik	doc#2321	NA	alszom	,	indefinite
alszik	doc#2321	miatt	alszom	rosszul ,	indefinite
igyekszik	doc#2321	ki : Én	igyekszem	a legjobb	indefinite
igyekszik	doc#2321	kapok ,	igyekszem	NA	indefinite
igyekszik	doc#2321	kiesek , hát	igyekszem	megtérni ,	indefinite
igyekszik	doc#2321	NA	igyekszem	a	indefinite
igyekszik	doc#2321	ne félj , én	igyekszem	javulni , ha	indefinite
alszik	doc#2321	sportolok ,	alszom	és megyek is	indefinite
alszik	doc#2321	.. </s><s> | - ) ; már	alszom	: | - ) </s><s> HJM </s>	indefinite
alszik	doc#2321	? </s><s> Nna , akkor	alszom	egyet én is .	indefinite
igyekszik	doc#2322	. </s><s> Magam is	igyekszem	arra	indefinite
igyekszik	doc#2322	. </s><s>	Igyekszem	, de 1-2 nap	indefinite
alszik	doc#2322	, ha el nem	alszom	télen	indefinite
alszik	doc#2323	nyugodtan	alszom	, ha a	indefinite
alszik	doc#2323	! </s><s> Én itten	alszom	, és akkor	indefinite
törekszik	doc#2323	mindig arra	törekszem	, hogy amit	indefinite
igyekszik	doc#2323	között ,	igyekszem	szó szerint	indefinite
törekszik	doc#2323	akut ) miatt	törekszem	a pofám	indefinite
alszik	doc#2323	<s> Este lassan	alszom	el , pedig	indefinite
alszik	doc#2323	szorosan ! )	alszom	. </s><s> Bevallom ,	indefinite
alszik	doc#2323	. </s><s> Én gyakran	alszom	egy ágyban	indefinite
igyekszik	doc#2323	, Te kerted . </s><s>	Igyekszem	betartani . </s>	indefinite
igyekszik	doc#2323	. </s><s> Ezért én	igyekszem	elkerülni . </s>	indefinite
igyekszik	doc#2323	igenis	igyekszem	úgy	indefinite
igyekszik	doc#2323	f.ing . </s><s> Meg	igyekszem	kihozni	indefinite
igyekszik	doc#2323	. </s><s> Mindig	igyekszem	tartani	indefinite
alszik	doc#2323	NA	alszom	. </s><s> Aki a	indefinite
igyekszik	doc#2323	fel , majd	igyekszem	rábeszélni	indefinite
alszik	doc#2323	inkább ott	alszom	majd	indefinite
alszik	doc#2323	nem . </s><s> Még	alszom	rá néhányat	indefinite
igyekszik	doc#2323	a legtöbbön	igyekszem	csizsolni	indefinite
igyekszik	doc#2323	. </s><s> Máskor	igyekszem	NA	indefinite
igyekszik	doc#2323	, és nem	igyekszem	elterelni	indefinite
igyekszik	doc#2323	neduddgi ! </s><s>	Igyekszem	és amint	indefinite
igyekszik	doc#2323	módján	igyekszem	is . </s><s> Viszont	indefinite
igyekszik	doc#2323	,	igyekszem	őket	indefinite
igyekszik	doc#2323	<s> HJM ,	Igyekszem	OFFTOPIC	indefinite
alszik	doc#2323	Világ végén	alszom	Ne	indefinite
igyekszik	doc#2323	NA	igyekszem	betartani	indefinite
adakozik	doc#2323	amikor nem	adakozom	a	indefinite
igyekszik	doc#2323	tart ? hát	igyekszem	NA	indefinite
igyekszik	doc#2323	sikerul de	igyekszem	. </s><s> tec1 </s>	indefinite
igyekszik	doc#2323	. </s><s> Példa :	igyekszem	a szembe	indefinite
igyekszik	doc#2323	és mert	igyekszem	a	indefinite
igyekszik	doc#2323	, de	igyekszem	legalább	indefinite
adakozik	doc#2323	szívesen	adakozom	, ha : </s><s> 1. ha az	indefinite
alszik	doc#2323	. </s><s> Mától nem	alszom	. ( csak	indefinite
igyekszik	doc#2323	-et ,	igyekszem	NA	indefinite
igyekszik	doc#2323	. </s><s> Na , de majd	igyekszem	bepótolni . </s>	indefinite
igyekszik	doc#2324	19:48:54 </s><s>	Igyekszem	NA	indefinite
igyekszik	doc#2324	koszonom . </s><s>	Igyekszem	... </s><s> Pindur </s>	indefinite
igyekszik	doc#2324	, én mindig	igyekszem	ilyen lenni	indefinite
igyekszik	doc#2324	23:28:23 </s><s>	Igyekszem	! </s><s> Parancs ! </s>	indefinite
alszik	doc#2324	lyoban	alszom	. </s>	indefinite
alszik	doc#2324	: Egyedül	alszom	én is . </s>	indefinite
alszik	doc#2325	egészen )	alszom	, és egy	indefinite
igyekszik	doc#2325	. </s><s> De	igyekszem	gyorsan	indefinite
igyekszik	doc#2325	jelent -	igyekszem	a jó oldalát	definite
igyekszik	doc#2325	nézni . </s><s> Én	igyekszem	NA	indefinite
igyekszik	doc#2325	. </s><s> Majd	igyekszem	a	indefinite
igyekszik	doc#2325	tudatosan	igyekszem	minél	indefinite
cselekszik	doc#2325	NA	cselekszem	... </s><s> TaXiN </s>	indefinite
törekszik	doc#2325	) , nem	törekszem	hódításra ,	indefinite
törekszik	doc#2325	lenni , arra	törekszem	, hogy	indefinite
törekszik	doc#2325	már nem	törekszem	idegenbe . </s>	indefinite
alszik	doc#2325	is sokat	alszom	. </s><s> Leginkább	indefinite
igyekszik	doc#2325	, de nagyon	igyekszem	. </s><s> Galadriel </s>	indefinite
igyekszik	doc#2325	és	igyekszem	NA	indefinite
igyekszik	doc#2325	, - én is itt	igyekszem	leledzeni -	indefinite
igyekszik	doc#2325	is	igyekszem	, ahogy	indefinite
cselekszik	doc#2325	is eképpen	cselekszem	) Ilyen	indefinite
igyekszik	doc#2325	,	igyekszem	, hogy ez	indefinite
alszik	doc#2325	meg majd	alszom	1-et és	indefinite
alszik	doc#2325	NA	alszom	... </s><s> :))) Az	indefinite
igyekszik	doc#2325	kérdésekre	igyekszem	megfelelő	indefinite
igyekszik	doc#2325	vagyok itt . </s><s>	Igyekszem	mindenhez	indefinite
alszik	doc#2325	! </s><s> Nem	alszom	Bambi ,	indefinite
igyekszik	doc#2325	ugrott , és	igyekszem	javítani	indefinite
igyekszik	doc#2325	. </s><s> Őszintén	igyekszem	kideríteni	indefinite
igyekszik	doc#2325	NA	igyekszem	NA	indefinite
igyekszik	doc#2325	részéről	igyekszem	NA	indefinite
igyekszik	doc#2325	, hogy	igyekszem	nyitottnak	indefinite
igyekszik	doc#2325	<s> Viszont ,	igyekszem	a számomra	indefinite
igyekszik	doc#2325	illetoen . </s><s>	Igyekszem	egész évben	indefinite
igyekszik	doc#2325	, amit	igyekszem	november	indefinite
törekszik	doc#2325	hasonlóra	törekszem	az idén is ,	indefinite
igyekszik	doc#2325	, hogy	igyekszem	olyan	indefinite
igyekszik	doc#2325	, és	igyekszem	NA	indefinite
igyekszik	doc#2325	, és	igyekszem	udvarias	indefinite
alszik	doc#2325	én akkor még	alszom	. </s><s> :o) </s><s> Tini </s>	indefinite
alszik	doc#2325	viszont nem	alszom	. </s><s> ( Ez nem	indefinite
igyekszik	doc#2325	legalább ÉN	igyekszem	tenni ez	indefinite
igyekszik	doc#2325	<s> bloki : Én	igyekszem	, de	indefinite
igyekszik	doc#2325	. </s><s>	Igyekszem	két lábbal a	indefinite
alszik	doc#2325	, de addig se	alszom	nyugodtan	indefinite
alszik	doc#2326	, én nem	alszom	miatta	indefinite
cselekszik	doc#2326	, és	cselekszem	, de Te meg	indefinite
igyekszik	doc#2326	akárhogy	igyekszem	nem tudok	indefinite
igyekszik	doc#2326	én is	igyekszem	átverni	indefinite
alszik	doc#2327	: """" ha én nem	alszom	, ne	indefinite
alszik	doc#2327	hete ülve	alszom	.... </s>	indefinite
igyekszik	doc#2327	, és	igyekszem	válaszolni	indefinite
igyekszik	doc#2327	, sőt ,	igyekszem	NA	indefinite
alszik	doc#2327	, én néha	alszom	itt az	indefinite
igyekszik	doc#2327	, addig meg	igyekszem	csak olyan	indefinite
igyekszik	doc#2327	részéről	igyekszem	ezen a módon	indefinite
toszik	doc#2327	majd ot	toszom	szet a	indefinite
igyekszik	doc#2327	. </s><s> No , majd	igyekszem	gyakran	indefinite
alszik	doc#2327	, hogy ha nem	alszom	minimum 8	indefinite
igyekszik	doc#2327	<s> A szavakkal	igyekszem	óvatosan	indefinite
cselekszik	doc#2327	meg . </s><s>	Cselekszem	Isten	indefinite
igyekszik	doc#2327	komolyan . </s><s>	Igyekszem	egyre	indefinite
igyekszik	doc#2327	inkább	igyekszem	átaludni . </s>	indefinite
igyekszik	doc#2327	, szóval	igyekszem	kicsit """"	indefinite
törekszik	doc#2327	NA	törekszem	, de vannak	indefinite
baszik	doc#2327	<s> Megyek oszt	baszom	tovabb a	indefinite
alszik	doc#2327	. </s><s> ( Csak ha	alszom	, mert fazos	indefinite
alszik	doc#2327	, mert sokat	alszom	újabban , de	indefinite
igyekszik	doc#2327	,	igyekszem	bepótolni . </s>	indefinite
igyekszik	doc#2327	megkaptam ,	igyekszem	valaszolni	indefinite
alszik	doc#2327	van , és úgy	alszom	, mint egy	indefinite
igyekszik	doc#2327	! </s><s> Köszönöm . </s><s>	Igyekszem	. </s><s> Cactus ,	indefinite
igyekszik	doc#2327	mondatot : """"	Igyekszem	fenemód jól	indefinite
igyekszik	doc#2328	21:01:05 </s><s>	Igyekszem	nem	indefinite
igyekszik	doc#2328	a létezőt ! </s><s>	Igyekszem	nem tenni	indefinite
igyekszik	doc#2328	, alázattal	igyekszem	belátni ,	indefinite
igyekszik	doc#2329	és	igyekszem	jól	indefinite
igyekszik	doc#2329	vagyok ,	igyekszem	a megtévedt	indefinite
igyekszik	doc#2330	akkor is azt	igyekszem	követni ,	definite
törekszik	doc#2330	NA	törekszem	, tudva ,	indefinite
törekszik	doc#2330	ezért	törekszem	felnőtt	indefinite
igyekszik	doc#2330	NA	igyekszem	saját	indefinite
igyekszik	doc#2330	, és	igyekszem	válaszolni	indefinite
igyekszik	doc#2330	által . </s><s>	Igyekszem	majd	indefinite
cselekszik	doc#2330	melyeket én	cselekszem	, tesznek	indefinite
cselekszik	doc#2330	azokat	cselekszem	, a melyek	indefinite
alszik	doc#2330	, amikor épp	alszom	? </s><s> ? </s><s> 06/01/99	indefinite
igyekszik	doc#2330	, de	igyekszem	magammal	indefinite
igyekszik	doc#2330	! </s><s> :-) </s><s> Amúgy	igyekszem	Robzon	indefinite
igyekszik	doc#2330	van . </s><s>	Igyekszem	ötvözni ezt	indefinite
úszik	doc#2330	edzést nem	úszom	meg : futni	indefinite
étkezik	doc#2330	módon	étkezem	. </s><s> Soha nem	indefinite
igyekszik	doc#2330	így	igyekszem	éjszaka	indefinite
igyekszik	doc#2330	NA	igyekszem	betartani	indefinite
igyekszik	doc#2330	<s> Az étkezést	igyekszem	alakítani ,	indefinite
alszik	doc#2330	, arra	alszom	el . </s><s> Kicsit	indefinite
igyekszik	doc#2330	kaja , akkor	igyekszem	ahhoz	indefinite
törekszik	doc#2330	NA	törekszem	, addig nem	indefinite
igyekszik	doc#2330	. </s><s>	Igyekszem	minden	indefinite
étkezik	doc#2330	normálisan	étkezem	. </s><s> De	indefinite
igyekszik	doc#2330	) A husit	igyekszem	egyforma	definite
igyekszik	doc#2330	is van , de	igyekszem	7 előtt	indefinite
igyekszik	doc#2330	pont , amin	igyekszem	NA	indefinite
alszik	doc#2330	már majdnem	alszom	a zuhany	indefinite
igyekszik	doc#2330	, és	igyekszem	. </s><s> Abban is	indefinite
igyekszik	doc#2330	, most	igyekszem	NA	indefinite
igyekszik	doc#2330	nyújtás . </s><s> És	igyekszem	nem többet	indefinite
igyekszik	doc#2330	<s> Robzon ,	igyekszem	, de csak	indefinite
igyekszik	doc#2330	,	igyekszem	rendesen	indefinite
igyekszik	doc#2330	. </s><s>	Igyekszem	minden	indefinite
igyekszik	doc#2330	. </s><s> Azért	igyekszem	. </s><s> hant </s>	indefinite
alszik	doc#2330	addíg	alszom	, még csak	indefinite
igyekszik	doc#2330	vált . </s><s>	Igyekszem	NA	indefinite
igyekszik	doc#2330	, holnap	igyekszem	újra jönni . </s>	indefinite
igyekszik	doc#2330	majd nagyon	igyekszem	. </s><s> És egy	indefinite
igyekszik	doc#2330	Albion ) ,	igyekszem	sokat	indefinite
igyekszik	doc#2330	, ezeknek	igyekszem	utánajárni	indefinite
igyekszik	doc#2330	rendben ,	igyekszem	levelet	indefinite
alszik	doc#2330	Én már nem is	alszom	előtte ! </s><s> ; ) <	indefinite
alszik	doc#2330	NA	alszom	. </s><s> Úgy tűnik ,	indefinite
igyekszik	doc#2331	, amjd	igyekszem	+ Lehet , h	indefinite
alszik	doc#2331	még minidg	alszom	, pedig 9 óta	indefinite
igyekszik	doc#2331	olyan és	igyekszem	elkerülni a	indefinite
alszik	doc#2331	,	alszom	, fárasztó	indefinite
igyekszik	doc#2331	NA	igyekszem	röviden	indefinite
igyekszik	doc#2331	, ezért	igyekszem	NA	indefinite
igyekszik	doc#2331	is várom . </s><s>	Igyekszem	mihamarabb	indefinite
igyekszik	doc#2331	! </s><s>	Igyekszem	gépközelbe	indefinite
törekszik	doc#2331	, amire csak	törekszem	. </s><s> Téged is	indefinite
igyekszik	doc#2331	, és úgy	igyekszem	, de úgy ...	indefinite
igyekszik	doc#2331	én is	igyekszem	legalább a	indefinite
adakozik	doc#2332	, én is	adakozom	szegény	indefinite
igyekszik	doc#2332	! </s><s> Majd	igyekszem	. </s><s> Wágner úr </s>	indefinite
igyekszik	doc#2332	és	igyekszem	nem	indefinite
törekszik	doc#2332	áll . </s><s> Arra	törekszem	, hogy	indefinite
cselekszik	doc#2332	NA	cselekszem	, és	indefinite
cselekszik	doc#2332	nem	cselekszem	olyan	indefinite
igyekszik	doc#2332	állok , és	igyekszem	megfelelni	indefinite
igyekszik	doc#2332	hozzánk . </s><s>	Igyekszem	jobban	indefinite
igyekszik	doc#2332	, hogy hiába	igyekszem	, sehogy sem	indefinite
igyekszik	doc#2332	. </s><s> És	igyekszem	nappal	indefinite
törekszik	doc#2332	3-ra	törekszem	. </s><s> Strucc </s>	indefinite
igyekszik	doc#2332	ezért	igyekszem	toleráns és	indefinite
alszik	doc#2332	ma nem	alszom	itthon ! """" </s><s> 2 . </s>	indefinite
igyekszik	doc#2332	: Baj . </s><s> De	igyekszem	nem tenni . </s>	indefinite
igyekszik	doc#2332	. </s><s> Aztán majd	igyekszem	NA	indefinite
törekszik	doc#2332	sem	törekszem	többre ,	indefinite
alszik	doc#2332	inkább	alszom	tovább . </s><s> Csá </s>	indefinite
igyekszik	doc#2333	korom óta ,	igyekszem	minden	indefinite
igyekszik	doc#2333	, délután	igyekszem	válaszolni	indefinite
igyekszik	doc#2333	Neked	igyekszem	korrekt	indefinite
igyekszik	doc#2333	. </s><s>	Igyekszem	tahóskodás	indefinite
igyekszik	doc#2333	magamról ( s	igyekszem	nem másról	indefinite
igyekszik	doc#2333	, néha	igyekszem	NA	indefinite
igyekszik	doc#2333	őket , és	igyekszem	is magam	indefinite
igyekszik	doc#2333	<s> Szabi előtt	igyekszem	felkutatni	indefinite
igyekszik	doc#2333	késve is , de	igyekszem	NA	indefinite
igyekszik	doc#2333	] . </s><s> Igérem ,	igyekszem	NA	indefinite
igyekszik	doc#2333	túltengek ,	igyekszem	rövidebb	indefinite
alszik	doc#2333	. </s><s> Inkább	alszom	még egy	indefinite
alszik	doc#2333	, én még vagy	alszom	, vagy ma épp	indefinite
igyekszik	doc#2334	másoktól ,	igyekszem	minél több	indefinite
igyekszik	doc#2334	NA	igyekszem	csak olyat	indefinite
igyekszik	doc#2334	 vagyok , de	igyekszem	. </s><s> pici53 </s>	indefinite
igyekszik	doc#2334	képezné . </s><s>	Igyekszem	pótolni az	indefinite
igyekszik	doc#2334	arra	igyekszem	NA	indefinite
cselekszik	doc#2334	onerdekbol	cselekszem	. </s><s> Igen ,	indefinite
igyekszik	doc#2335	szabi előtt	igyekszem	NA	indefinite
igyekszik	doc#2335	itt vagyok ,	igyekszem	az	indefinite
igyekszik	doc#2335	. </s><s>	Igyekszem	lépést	indefinite
igyekszik	doc#2335	. </s><s> :-) Én	igyekszem	a témánál	indefinite
igyekszik	doc#2335	, de nagyon	igyekszem	. </s><s> Szóva , a	indefinite
igyekszik	doc#2335	, hogy	igyekszem	a nekem	indefinite
igyekszik	doc#2335	nem is	igyekszem	elképzelni	indefinite
törekszik	doc#2335	ezután erre	törekszem	. </s><s> geszthi </s>	indefinite
igyekszik	doc#2335	,	igyekszem	mihamarabb	indefinite
igyekszik	doc#2335	segítsek ,	igyekszem	például a	indefinite
igyekszik	doc#2335	<s> Részemről	igyekszem	az eredeti	indefinite
igyekszik	doc#2335	, jóllehet ,	igyekszem	rövidíteni	indefinite
igyekszik	doc#2335	valahogy	igyekszem	elfogadni . </s>	indefinite
igyekszik	doc#2335	<s> Majd	igyekszem	! </s><s> :o)	indefinite
igyekszik	doc#2336	mindent	igyekszem	megtudni	indefinite
igyekszik	doc#2336	velük , és	igyekszem	olyan	indefinite
hazudozik	doc#2336	! </s><s> Nem én	hazudozom	kettőnk	indefinite
igyekszik	doc#2336	felével	igyekszem	irányt adni	indefinite
igyekszik	doc#2336	Mechland ! </s><s>	Igyekszem	átérezni	indefinite
igyekszik	doc#2336	indult . </s><s> Én	igyekszem	nem eltérni	indefinite
igyekszik	doc#2336	zérus . </s><s> Nem	igyekszem	önt	indefinite
igyekszik	doc#2336	, a jövőben	igyekszem	elkerülni a	indefinite
igyekszik	doc#2336	, a jövőben	igyekszem	NA	indefinite
igyekszik	doc#2337	NA	igyekszem	NA	indefinite
igyekszik	doc#2337	mellettük	igyekszem	a	indefinite
igyekszik	doc#2337	, magam is	igyekszem	több , hazai	indefinite
igyekszik	doc#2337	:	Igyekszem	. </s><s> Woland	indefinite
igyekszik	doc#2337	<s> Máskor majd	igyekszem	egy kissé	indefinite
igyekszik	doc#2337	Máskor majd	igyekszem	egy kissé	indefinite
igyekszik	doc#2337	elol . </s><s>	Igyekszem	sorjaban	indefinite
alszik	doc#2337	fele annyit	alszom	:) (	indefinite
igyekszik	doc#2337	<s> Azt mondja (	igyekszem	jól	indefinite
igyekszik	doc#2337	is ,	igyekszem	ebben	indefinite
igyekszik	doc#2337	is . </s><s> Ezért	igyekszem	nem magamra	indefinite
törekszik	doc#2337	én erre	törekszem	, csak az a	indefinite
igyekszik	doc#2338	viták során	igyekszem	még	indefinite
igyekszik	doc#2338	időre	igyekszem	NA	indefinite
cselekszik	doc#2338	nem	cselekszem	ilyet . </s><s> A	indefinite
törekszik	doc#2338	NA	törekszem	. </s><s> Más kérdés	indefinite
törekszik	doc#2338	során is	törekszem	arra , hogy	indefinite
igyekszik	doc#2338	javulok , de	igyekszem	:) Légy	indefinite
alszik	doc#2338	pofa sört . </s><s>	Alszom	. </s>	indefinite
igyekszik	doc#2338	speaker ! </s><s>	Igyekszem	magam nem	indefinite
igyekszik	doc#2338	nézted ? """"	igyekszem	az összes	indefinite
igyekszik	doc#2338	NA	igyekszem	, két dolgot	indefinite
igyekszik	doc#2338	hónapok óta	igyekszem	elkerülni a	indefinite
alszik	doc#2338	már	alszom	. </s><s> Vagy még	indefinite
alszik	doc#2340	ki tudja hol	alszom	ma ? ) , BKV	indefinite
alszik	doc#2340	, ha nem	alszom	L :) </s>	indefinite
baszik	doc#2340	? </s><s> Régen	baszom	sok volt	indefinite
alszik	doc#2340	<s> Soha nem	alszom	, éberség	indefinite
cselekszik	doc#2340	is """" egyet	cselekszem	, azokat , a	indefinite
igyekszik	doc#2340	NA	igyekszem	az Istennek	indefinite
igyekszik	doc#2340	. </s><s> Majd	igyekszem	minél több	indefinite
igyekszik	doc#2340	majd	igyekszem	elolvasni ,	indefinite
igyekszik	doc#2340	. </s><s>	Igyekszem	a	indefinite
igyekszik	doc#2340	részben	igyekszem	NA	indefinite
alszik	doc#2340	, nem neked	alszom	!!! </s><s> Szóval	indefinite
úszik	doc#2340	, vagy	úszom	az árral és	indefinite
igyekszik	doc#2340	rá ,	igyekszem	. </s><s> De	indefinite
igyekszik	doc#2340	BBF . </s><s> ui. :	igyekszem	végig	indefinite
igyekszik	doc#2340	, de majd	igyekszem	jobban	indefinite
igyekszik	doc#2340	, mivel én is	igyekszem	elkerülni	indefinite
törekszik	doc#2340	másnéven ,	törekszem	erre , de	indefinite
igyekszik	doc#2340	mondana . </s><s> Én	igyekszem	minél több """"	indefinite
igyekszik	doc#2340	azért majd	igyekszem	( mikor ti	indefinite
alszik	doc#2340	, én	alszom	, és	indefinite
igyekszik	doc#2340	. </s><s> Majd	igyekszem	. </s><s> MaCs : az	indefinite
úszik	doc#2340	Ft alatt nem	úszom	meg , de én	indefinite
igyekszik	doc#2340	számítana . </s><s>	Igyekszem	a	indefinite
igyekszik	doc#2340	számítana . </s><s>	Igyekszem	a	indefinite
alszik	doc#2340	itt	alszom	el ülve ... </s>	indefinite
igyekszik	doc#2340	,	igyekszem	mekfogadni	indefinite
igyekszik	doc#2340	NA	igyekszem	NA	indefinite
törekszik	doc#2343	NA	törekszem	. """" </s><s> -Vass	indefinite
igyekszik	doc#2344	mond - de	igyekszem	úgy	indefinite
igyekszik	doc#2344	sorát	igyekszem	az	indefinite
igyekszik	doc#2345	? </s><s> -	Igyekszem	minden	indefinite
alszik	doc#2346	. </s><s> Én éjjel	alszom	, és nem	indefinite
úszik	doc#2350	nélkül nem	úszom	meg az	indefinite
igyekszik	doc#2350	példákat	igyekszem	hozni ,	indefinite
igyekszik	doc#2350	NA	igyekszem	elérni az	indefinite
igyekszik	doc#2351	a lépést	igyekszem	tartani . </s><s> Ez	indefinite
igyekszik	doc#2351	rólunk . </s><s>	Igyekszem	jó viszonyt	indefinite
igyekszik	doc#2351	útján	igyekszem	NA	indefinite
törekszik	doc#2355	tömörségre	törekszem	... """" -	indefinite
cselekszik	doc#2355	a nevében	cselekszem	, mert e	indefinite
igyekszik	doc#2355	közepette	igyekszem	NA	indefinite
igyekszik	doc#2355	az írónak	igyekszem	egy szép	indefinite
igyekszik	doc#2355	köszönöm , s	igyekszem	NA	indefinite
igyekszik	doc#2355	helyzetet ,	igyekszem	optimista	indefinite
igyekszik	doc#2355	,	igyekszem	a legjobb	indefinite
igyekszik	doc#2355	olyan is , de	igyekszem	minden	indefinite
igyekszik	doc#2355	. </s><s> Akkor	igyekszem	erre is	indefinite
igyekszik	doc#2355	. </s><s> -	Igyekszem	arra , hogy a	indefinite
igyekszik	doc#2355	bizalmat , s	igyekszem	a	indefinite
igyekszik	doc#2357	NA	igyekszem	és tudom	indefinite
igyekszik	doc#2357	engedi ,	igyekszem	az ICS	indefinite
igyekszik	doc#2357	, ugyanis	igyekszem	betervezni	indefinite
igyekszik	doc#2357	munkámért ,	igyekszem	tehát	indefinite
igyekszik	doc#2357	NA	igyekszem	mindig	indefinite
igyekszik	doc#2358	olvasok ,	igyekszem	azt angol	definite
igyekszik	doc#2358	fajtát . </s><s>	Igyekszem	segíteni - a	indefinite
törekszik	doc#2358	el : """" Én nem	törekszem	a funkcióra	indefinite
igyekszik	doc#2358	számára	igyekszem	NA	indefinite
igyekszik	doc#2360	NA	igyekszem	magam is	indefinite
igyekszik	doc#2360	továbbra is	igyekszem	magam minél	indefinite
alszik	doc#2360	házban	alszom	, ha lehet . </s>	indefinite
cselekszik	doc#2360	, mit	cselekszem	az én	definite
igyekszik	doc#2360	 . </s><s> Azóta	igyekszem	képviselői	indefinite
igyekszik	doc#2362	, de	igyekszem	a	indefinite
igyekszik	doc#2362	vannak . </s><s>	Igyekszem	ugyan nem	indefinite
igyekszik	doc#2363	küszködik ,	igyekszem	nyugtatni	indefinite
igyekszik	doc#2363	mindig	igyekszem	is	indefinite
igyekszik	doc#2363	NA	igyekszem	felidézni . </s>	indefinite
igyekszik	doc#2363	. </s><s> Mára	igyekszem	levenni	indefinite
igyekszik	doc#2363	NA	igyekszem	felhívni a	indefinite
igyekszik	doc#2363	, és idehaza	igyekszem	NA	indefinite
igyekszik	doc#2365	. </s><s>	Igyekszem	mindenhol	indefinite
törekszik	doc#2365	és többre	törekszem	. </s><s> Nagy	indefinite
igyekszik	doc#2365	diákokat . </s><s>	Igyekszem	azonban	indefinite
igyekszik	doc#2365	, azért is	igyekszem	minél több	indefinite
igyekszik	doc#2365	. </s><s> Csak	igyekszem	, hogy	indefinite
igyekszik	doc#2365	. </s><s> - Én	igyekszem	nekik	indefinite
igyekszik	doc#2366	. </s><s> Én viszont	igyekszem	NA	indefinite
törekszik	doc#2367	, és arra	törekszem	, ha	indefinite
igyekszik	doc#2367	épülni . </s><s> -	Igyekszem	úgy	indefinite
igyekszik	doc#2367	feladat . </s><s>	Igyekszem	a pártokat	definite
igyekszik	doc#2367	magam . </s><s>	Igyekszem	ugyanolyan	indefinite
igyekszik	doc#2367	. </s><s> Én is azt	igyekszem	tennia	definite
igyekszik	doc#2367	? </s><s> Mennyire	igyekszem	NA	indefinite
igyekszik	doc#2367	szeretem . </s><s>	Igyekszem	a gazdi	indefinite
igyekszik	doc#2367	. </s><s> Azóta	igyekszem	messze	indefinite
igyekszik	doc#2367	csupán arra	igyekszem	rámutatni ,	indefinite
igyekszik	doc#2369	NA	igyekszem	szolgálni	indefinite
igyekszik	doc#2369	, akikre	igyekszem	NA	indefinite
igyekszik	doc#2370	NA	igyekszem	a fejemmel	indefinite
igyekszik	doc#2370	NA	igyekszem	NA	indefinite
törekszik	doc#2370	óta arra	törekszem	, hogy ne	indefinite
igyekszik	doc#2370	. </s><s> """"	Igyekszem	az	indefinite
igyekszik	doc#2371	: előre ! </s><s>	Igyekszem	a tűző	indefinite
igyekszik	doc#2371	magyarokat	igyekszem	találni ,	indefinite
törekszik	doc#2371	NA	törekszem	</s><s> Az	indefinite
igyekszik	doc#2371	kötelez ,	igyekszem	a jövőben is	indefinite
alszik	doc#2371	: mért nem	alszom	? </s><s> Aggódva	indefinite
igyekszik	doc#2371	a bizalmat ,	igyekszem	NA	indefinite
igyekszik	doc#2371	adni , ezt	igyekszem	a	definite
igyekszik	doc#2371	, azokat	igyekszem	NA	indefinite
igyekszik	doc#2371	így van , s én	igyekszem	is zenémmel	indefinite
igyekszik	doc#2375	, így	igyekszem	kiheverni	indefinite
igyekszik	doc#2375	lelkileg ,	igyekszem	elfoglalni	indefinite
alszik	doc#2375	mért nem	alszom	és mért	indefinite
igyekszik	doc#2375	lesz rá mód ,	igyekszem	majd	indefinite
alszik	doc#2377	NA	alszom	! </s>	indefinite
igyekszik	doc#2378	éppen azon	igyekszem	, hogy	indefinite
törekszik	doc#2378	. </s><s> """" Arra	törekszem	majd , hogy	indefinite
igyekszik	doc#2379	, ezért	igyekszem	minden	indefinite
törekszik	doc#2380	NA	törekszem	. </s><s> Ahol lehet	indefinite
hazudozik	doc#2380	, nem ? </s><s> Én nem	hazudozom	! </s><s> Szóhoz sem	indefinite
igyekszik	doc#2380	lehetőség ,	igyekszem	NA	indefinite
igyekszik	doc#2380	, ezért	igyekszem	a	indefinite
igyekszik	doc#2380	. </s><s>	Igyekszem	mindent	indefinite
alszik	doc#2380	, s azóta úgy	alszom	, mint a	indefinite
alszik	doc#2380	. </s><s> Úgy	alszom	, mint a	indefinite
igyekszik	doc#2380	. </s><s> - Ezt	igyekszem	tágabban	definite
alszik	doc#2380	értékem , ha	alszom	, vagy	indefinite
törekszik	doc#2380	. </s><s> Arra	törekszem	, hogy Janus	indefinite
törekszik	doc#2380	. </s><s> Arra	törekszem	, hogy sokan	indefinite
igyekszik	doc#2380	vagyok , és	igyekszem	is a szakma	indefinite
igyekszik	doc#2380	, s	igyekszem	NA	indefinite
igyekszik	doc#2380	akarnak . </s><s>	Igyekszem	a zsidó	indefinite
igyekszik	doc#2380	. </s><s>	Igyekszem	megérteni	indefinite
törekszik	doc#2380	. </s><s> - Én arra	törekszem	- mondja az	indefinite
igyekszik	doc#2380	, hogy igen . </s><s>	Igyekszem	lebontani	indefinite
igyekszik	doc#2387	<s> Ami elmúlt ,	igyekszem	NA	indefinite
igyekszik	doc#2387	. </s><s>	Igyekszem	NA	indefinite
igyekszik	doc#2387	a vitát ,	igyekszem	NA	indefinite
alszik	doc#2387	és fél órát	alszom	naponta ,	indefinite
igyekszik	doc#2387	, s ehhez	igyekszem	igazítani a	indefinite
igyekszik	doc#2387	. </s><s> De mindig	igyekszem	rangsort	indefinite
igyekszik	doc#2388	, s	igyekszem	párhuzamot	indefinite
igyekszik	doc#2388	NA	igyekszem	segíteni a	indefinite
igyekszik	doc#2388	NA	igyekszem	erősíteni . </s>	indefinite
igyekszik	doc#2388	a pályákat ,	igyekszem	minden	indefinite
igyekszik	doc#2388	, s azon	igyekszem	, hogy minél	indefinite
igyekszik	doc#2388	, és	igyekszem	megértetni	indefinite
igyekszik	doc#2389	,	igyekszem	lépést	indefinite
igyekszik	doc#2389	viszont	igyekszem	 lekötni "" a	indefinite
törekszik	doc#2389	. </s><s> Arra	törekszem	, hogy a	indefinite
igyekszik	doc#2389	szerint	igyekszem	NA	indefinite
cselekszik	doc#2389	NA	cselekszem	, ha komoly	indefinite
igyekszik	doc#2389	? </s><s>	Igyekszem	NA	indefinite
igyekszik	doc#2389	, ezért	igyekszem	úgy	indefinite
igyekszik	doc#2389	NA	igyekszem	a bírói és a	indefinite
törekszik	doc#2389	<s> Mindig arra	törekszem	, hogy a	indefinite
igyekszik	doc#2389	van szó . </s><s>	Igyekszem	mindig	indefinite
törekszik	doc#2390	. </s><s> Erre	törekszem	. </s><s> -	indefinite
törekszik	doc#2390	. </s><s> """" Arra	törekszem	, hogy minél	indefinite
igyekszik	doc#2392	látszatot	igyekszem	állítólag	indefinite
igyekszik	doc#2394	. </s><s> Mégis	igyekszem	megőrizni	indefinite
igyekszik	doc#2394	vagyok , s	igyekszem	a szünetet	definite
cselekszik	doc#2394	<s> Tudom , hogy	cselekszem	! </s><s> Minden ,	indefinite
igyekszik	doc#2394	illeti ,	igyekszem	NA	indefinite
igyekszik	doc#2394	járok ,	igyekszem	fejlődni . </s>	indefinite
igyekszik	doc#2394	pedig , bár	igyekszem	NA	indefinite
igyekszik	doc#2394	NA	igyekszem	NA	indefinite
igyekszik	doc#2394	NA	igyekszem	NA	indefinite
igyekszik	doc#2394	mérten	igyekszem	közvetlen	indefinite
alszik	doc#2395	altatóval	alszom	. </s><s> Reggel	indefinite
igyekszik	doc#2396	folyamatát	igyekszem	NA	indefinite
törekszik	doc#2396	NA	törekszem	. </s><s> A	indefinite
igyekszik	doc#2396	s általában	igyekszem	magamat a	indefinite
igyekszik	doc#2396	NA	igyekszem	olyan	indefinite
igyekszik	doc#2396	birtokában	igyekszem	NA	indefinite
igyekszik	doc#2397	, s	igyekszem	tanulni	indefinite
alszik	doc#2397	, ma is úgy	alszom	, mint egy	indefinite
úszik	doc#2397	, állandóan	úszom	. </s><s> Az	indefinite
úszik	doc#2397	néha	úszom	és	indefinite
igyekszik	doc#2402	. </s><s>	Igyekszem	tanulni	indefinite
igyekszik	doc#2402	utóbb	igyekszem	tanulni is . </s>	indefinite
igyekszik	doc#2403	. </s><s> Mindenütt	igyekszem	tehát	indefinite
igyekszik	doc#2403	,	igyekszem	megérteni	indefinite
igyekszik	doc#2404	, vagyis	igyekszem	kikerülni ,	indefinite
törekszik	doc#2406	arra	törekszem	, hogy minél	indefinite
igyekszik	doc#2408	, de	igyekszem	. </s><s> A	indefinite
igyekszik	doc#2409	, és	igyekszem	minél	indefinite
igyekszik	doc#2409	. </s><s> Ilyenkor	igyekszem	a legújabb	indefinite
törekszik	doc#2410	során arra	törekszem	, hogy a	indefinite
igyekszik	doc#2410	NA	igyekszem	arra	indefinite
igyekszik	doc#2410	, ezért	igyekszem	minden	indefinite
igyekszik	doc#2411	kollégákat	igyekszem	megnyerni	indefinite
alszik	doc#2411	, addig nem	alszom	nyugodtan . </s>	indefinite
igyekszik	doc#2411	néhányat	igyekszem	számba	indefinite
törekszik	doc#2412	, mert arra	törekszem	bár , de	indefinite
igyekszik	doc#2413	, ezt	igyekszem	maximális	definite
alszik	doc#2414	is félig	alszom	, a reggeli	indefinite
igyekszik	doc#2421	... de	igyekszem	) , ám	indefinite
igyekszik	doc#2421	azonban	igyekszem	behozni a	indefinite
igyekszik	doc#2421	napon pedig	igyekszem	NA	indefinite
igyekszik	doc#2423	, hogy	igyekszem	mindent	indefinite
igyekszik	doc#2423	hozzájuk . </s><s>	Igyekszem	mihamarabb	indefinite
igyekszik	doc#2423	, de azért	igyekszem	némi	indefinite
igyekszik	doc#2423	gép előtt :)	Igyekszem	mindent	indefinite
igyekszik	doc#2423	: Ezentúl	igyekszem	mihamarabb	indefinite
igyekszik	doc#2423	azért én is	igyekszem	:) Most	indefinite
igyekszik	doc#2423	mostmár	igyekszem	egyre	indefinite
alszik	doc#2423	még mindig	alszom	... </s>	indefinite
igyekszik	doc#2423	, hogy	igyekszem	gyorsabban	indefinite
igyekszik	doc#2424	, ígyhát	igyekszem	még kihúzni	indefinite
igyekszik	doc#2424	. </s><s> A mai napon	igyekszem	kitenni ,	indefinite
igyekszik	doc#2424	. </s><s> Most azért	igyekszem	gyorsan	indefinite
igyekszik	doc#2424	helyett . </s><s>	Igyekszem	sietni :))	indefinite
igyekszik	doc#2424	hamarosan	igyekszem	újra	indefinite
igyekszik	doc#2424	hozzám ,	igyekszem	segíteni . </s>	indefinite
igyekszik	doc#2424	legtöbbjén	igyekszem	minél	indefinite
igyekszik	doc#2425	a GSC-től	igyekszem	kifaggatni	indefinite
igyekszik	doc#2425	részéről	igyekszem	bepótolni a	indefinite
alszik	doc#2425	mellett	alszom	! </s><s> < img src = """"	indefinite
igyekszik	doc#2425	,	igyekszem	objektív	indefinite
alszik	doc#2425	, hogy bent	alszom	a	indefinite
igyekszik	doc#2425	kommentbe ,	igyekszem	válaszolni	indefinite
igyekszik	doc#2425	, most	igyekszem	a	indefinite
igyekszik	doc#2425	. </s><s>	Igyekszem	az	indefinite
igyekszik	doc#2425	. </s><s> Képet majd	igyekszem	szerezni . </s>	indefinite
igyekszik	doc#2425	soha . </s><s>	Igyekszem	kideríteni	indefinite
igyekszik	doc#2426	, de ma már	igyekszem	több hírrel	indefinite
igyekszik	doc#2426	ezerrel . </s><s>	Igyekszem	nem minden	indefinite
igyekszik	doc#2426	folyamán	igyekszem	elérni a	indefinite
igyekszik	doc#2426	, akkor	igyekszem	minél	indefinite
igyekszik	doc#2426	NA	igyekszem	védeni a	indefinite
igyekszik	doc#2427	NA	igyekszem	kitölteni	indefinite
alszik	doc#2427	vissza nem	alszom	. </s><s> A fiatal	indefinite
alszik	doc#2427	meg tovább	alszom	. </s><s> Hogy	indefinite
igyekszik	doc#2427	híven	igyekszem	NA	indefinite
alszik	doc#2428	én inkább	alszom	. </s><s> Éccakát ! </s>	indefinite
igyekszik	doc#2428	fogok ( bár	igyekszem	majd ezt	indefinite
igyekszik	doc#2428	, jómagam	igyekszem	majd minden	indefinite
igyekszik	doc#2428	valamitől	igyekszem	megvédeni	indefinite
igyekszik	doc#2428	lehet ,	igyekszem	a repülés	indefinite
igyekszik	doc#2428	megintcsak	igyekszem	nem lelőni	indefinite
igyekszik	doc#2428	[ hirdetes ]	Igyekszem	nem sokat	indefinite
alszik	doc#2428	nehezen	alszom	el	indefinite
alszik	doc#2428	és már	alszom	is.- Csak	indefinite
igyekszik	doc#2428	játékot	igyekszem	kipróbálni	indefinite
alszik	doc#2429	többet nem	alszom	mazurral	indefinite
igyekszik	doc#2429	<s> Holnap én is	igyekszem	egész nap	indefinite
igyekszik	doc#2429	war , ezért	igyekszem	nem	indefinite
alszik	doc#2429	akkor én	alszom	kint . -	indefinite
igyekszik	doc#2429	. </s><s> Azért majd	igyekszem	mértékkel	indefinite
alszik	doc#2429	, és már	alszom	is.- Milyen	indefinite
alszik	doc#2429	vissza nem	alszom	... </s><s> - Nem	indefinite
igyekszik	doc#2429	Koreába , de	igyekszem	majd a	indefinite
igyekszik	doc#2429	egy kérést	igyekszem	NA	indefinite
igyekszik	doc#2429	kívánságát	igyekszem	NA	indefinite
igyekszik	doc#2429	. </s><s> Azért	igyekszem	majd	indefinite
alszik	doc#2429	. </s><s> Azóta nem	alszom	. </s><s> Mert nem	indefinite
igyekszik	doc#2429	egy kérést	igyekszem	NA	indefinite
igyekszik	doc#2430	? </s><s>	Igyekszem	elmesélni a	indefinite
igyekszik	doc#2430	egy kérést	igyekszem	majd	indefinite
alszik	doc#2430	délig	alszom	. </s><s> Majd	indefinite
igyekszik	doc#2430	NA	igyekszem	majd	indefinite
igyekszik	doc#2430	nem csoda -	igyekszem	minden	indefinite
igyekszik	doc#2430	, úgyhogy	igyekszem	minél	indefinite
igyekszik	doc#2430	nélkül	igyekszem	megosztani	indefinite
igyekszik	doc#2430	NA	igyekszem	tehát	indefinite
igyekszik	doc#2430	szereti . </s><s>	Igyekszem	NA	indefinite
úszik	doc#2430	szemben	úszom	( ohh , a	indefinite
igyekszik	doc#2430	, és ezzel	igyekszem	NA	indefinite
igyekszik	doc#2430	NA	igyekszem	mihamarabb	indefinite
alszik	doc#2430	, amikor	alszom	. </s><s> Az orvosi	indefinite
alszik	doc#2430	még félig	alszom	,	indefinite
igyekszik	doc#2430	a flame-et ,	igyekszem	is kerülni ,	indefinite
igyekszik	doc#2430	felelek ,	igyekszem	összefogni	indefinite
igyekszik	doc#2430	magam és	igyekszem	minden	indefinite
alszik	doc#2431	például úgy	alszom	, mint egy	indefinite
alszik	doc#2431	egészen . </s><s>	Alszom	néhány órát	indefinite
igyekszik	doc#2431	, majd azért	igyekszem	oknyomozó	indefinite
igyekszik	doc#2431	részéről	igyekszem	majd	indefinite
alszik	doc#2431	, és már	alszom	is ! </s><s> -	indefinite
alszik	doc#2431	kívül pedig	alszom	. </s><s> Sokat ! </s><s> A	indefinite
alszik	doc#2431	: Gyuval	alszom	egy	indefinite
igyekszik	doc#2431	. </s><s> Én	igyekszem	új neveket	indefinite
igyekszik	doc#2431	idő , akkor	igyekszem	befejezni	indefinite
igyekszik	doc#2431	. </s><s> Szada -	Igyekszem	NA	indefinite
igyekszik	doc#2431	illeti ,	igyekszem	hasonlóan	indefinite
igyekszik	doc#2431	alá . </s><s>	Igyekszem	pártatlan	indefinite
igyekszik	doc#2431	előtt	igyekszem	befejezni	indefinite
igyekszik	doc#2431	, akinek	igyekszem	megmutatni	indefinite
törekszik	doc#2436	NA	törekszem	. </s><s> Üzleti	indefinite
igyekszik	doc#2438	<s> Akárhogy is	igyekszem	, nem tudom	indefinite
igyekszik	doc#2438	NA	igyekszem	a főváros	indefinite
cselekszik	doc#2447	, és úgy	cselekszem	, élek , """"	indefinite
igyekszik	doc#2449	azért	igyekszem	sűrűn	indefinite
igyekszik	doc#2450	NA	igyekszem	NA	indefinite
igyekszik	doc#2450	, de	igyekszem	mindenkit	indefinite
igyekszik	doc#2450	mindig	igyekszem	NA	indefinite
igyekszik	doc#2450	NA	igyekszem	NA	indefinite
igyekszik	doc#2450	, így	igyekszem	ezeket a	indefinite
igyekszik	doc#2450	tudatosan	igyekszem	megismerni	indefinite
igyekszik	doc#2450	, de azért	igyekszem	kiemelni a	indefinite
igyekszik	doc#2451	NA	igyekszem	NA	indefinite
igyekszik	doc#2451	velem , azt	igyekszem	megosztani	definite
igyekszik	doc#2452	. </s><s>	Igyekszem	megbízható	indefinite
igyekszik	doc#2452	. </s><s> -	Igyekszem	jól	indefinite
igyekszik	doc#2452	témakört	igyekszem	kerülni , az	indefinite
igyekszik	doc#2452	<s> Éppen ezért	igyekszem	nem Zalán	indefinite
igyekszik	doc#2452	is.-	Igyekszem	a tudását	definite
mozizik	doc#2452	a telefonon	mozizom	. </s><s> Gondoltam	indefinite
törekszik	doc#2452	NA	törekszem	. </s><s> Ám	indefinite
igyekszik	doc#2452	őket . </s><s> Azért	igyekszem	NA	indefinite
igyekszik	doc#2453	és	igyekszem	felvenni a	indefinite
alszik	doc#2453	, aztán majd	alszom	is egy	indefinite
igyekszik	doc#2453	NA	igyekszem	NA	indefinite
igyekszik	doc#2453	mindvégig	igyekszem	NA	indefinite
törekszik	doc#2453	arra	törekszem	, hogy a nagy	indefinite
igyekszik	doc#2453	témakört	igyekszem	kerülni , a	indefinite
igyekszik	doc#2454	,	igyekszem	hát	indefinite
igyekszik	doc#2455	,	igyekszem	vigyázni a	indefinite
igyekszik	doc#2457	NA	igyekszem	növelni a	indefinite
igyekszik	doc#2458	részbe ,	igyekszem	válaszolni	indefinite
igyekszik	doc#2458	,	igyekszem	válaszolni	indefinite
igyekszik	doc#2465	<s> PC World </s><s> Ezt	igyekszem	is megadni	definite
igyekszik	doc#2470	országot és	igyekszem	hazai vagy	indefinite
igyekszik	doc#2470	azért	igyekszem	készpénzre	indefinite
igyekszik	doc#2477	el a kép , de	igyekszem	NA	indefinite
igyekszik	doc#2478	kombójával	igyekszem	majd	indefinite
igyekszik	doc#2480	Apple-t , és	igyekszem	NA	indefinite
igyekszik	doc#2486	NA	igyekszem	élni ,	indefinite
igyekszik	doc#2486	azóta is ezt	igyekszem	tenni ,	definite
igyekszik	doc#2486	között	igyekszem	segíteni	indefinite
igyekszik	doc#2486	. </s><s>	Igyekszem	még	indefinite
igyekszik	doc#2486	albumba	igyekszem	, mint ítész	indefinite
igyekszik	doc#2486	egymást . </s><s>	Igyekszem	úgy élni ,	indefinite
igyekszik	doc#2486	. </s><s> Ezért is	igyekszem	minden	indefinite
igyekszik	doc#2488	Anikó : </s><s>	Igyekszem	, de nem	indefinite
igyekszik	doc#2489	részéről	igyekszem	ennek	indefinite
alszik	doc#2489	nyugodtan	alszom	, mert ez azt	indefinite
törekszik	doc#2491	. </s><s> Arra	törekszem	, hogy a	indefinite
igyekszik	doc#2491	eszközzel	igyekszem	az	indefinite
igyekszik	doc#2491	időmet	igyekszem	jól	indefinite
igyekszik	doc#2491	én	igyekszem	sínre tenni	indefinite
igyekszik	doc#2491	nevében	igyekszem	a törvény	indefinite
igyekszik	doc#2491	van , azt	igyekszem	érvényre	definite
cselekszik	doc#2491	helyesen	cselekszem	. </s><s> - Nos , és mi	indefinite
törekszik	doc#2491	arra	törekszem	, hogy	indefinite
törekszik	doc#2491	. </s><s>	Törekszem	a	indefinite
igyekszik	doc#2491	ezen is	igyekszem	NA	indefinite
igyekszik	doc#2491	NA	igyekszem	a dolgokat	definite
igyekszik	doc#2491	ellenére	igyekszem	minél	indefinite
alszik	doc#2491	egész nap	alszom	, és nem	indefinite
igyekszik	doc#2491	és	igyekszem	minél	indefinite
törekszik	doc#2491	arra	törekszem	, hogy minél	indefinite
igyekszik	doc#2491	már ,	igyekszem	kerülni a	indefinite
alszik	doc#2491	nélkül	alszom	el a	indefinite
igyekszik	doc#2491	kérdésben	igyekszem	érvényt	indefinite
igyekszik	doc#2491	kerületbe	igyekszem	, mert ugye ,	indefinite
igyekszik	doc#2492	, de	igyekszem	kerülni ezt	indefinite
baszik	doc#2494	meg azt a	baszom	NA	indefinite
alszik	doc#2494	, melyeken	alszom	, széklábak	indefinite
alszik	doc#2494	Juventusra	alszom	el ,	indefinite
igyekszik	doc#2494	, ezennel	igyekszem	majd	indefinite
alszik	doc#2494	nem	alszom	, életemben	indefinite
alszik	doc#2494	,	alszom	én is ,	indefinite
törekszik	doc#2494	, és nem is	törekszem	rá . </s><s> A dolog	indefinite
igyekszik	doc#2494	NA	igyekszem	választ	indefinite
igyekszik	doc#2494	. </s><s>	Igyekszem	ezzel a	indefinite
alszik	doc#2494	is . </s><s> Míg	alszom	, és zúg a	indefinite
alszik	doc#2494	<s> Mosolyogva	alszom	, már kedd	indefinite
alszik	doc#2494	főleg mikor	alszom	, így némán	indefinite
igyekszik	doc#2494	turnéról ,	igyekszem	NA	indefinite
alszik	doc#2494	is	alszom	, mert a	indefinite
igyekszik	doc#2494	( kibújni	igyekszem	a pejoratív	indefinite
igyekszik	doc#2494	épp belakni	igyekszem	, elég	indefinite
igyekszik	doc#2494	. </s><s> Még majd	igyekszem	kitalálni	indefinite
alszik	doc#2494	, hogy én	alszom	kívül , pont	indefinite
törekszik	doc#2494	mindig arra	törekszem	, hogy	indefinite
igyekszik	doc#2494	de most majd	igyekszem	pótolni . </s><s> És	indefinite
igyekszik	doc#2494	én magam	igyekszem	munka	indefinite
igyekszik	doc#2494	? </s><s> DB : Igen ,	igyekszem	beépíteni	indefinite
igyekszik	doc#2494	NA	igyekszem	némileg	indefinite
törekszik	doc#2494	arra	törekszem	, hogy az	indefinite
alszik	doc#2494	NA	alszom	el . </s>	indefinite
alszik	doc#2494	befelé ,	alszom	végre , kösz	indefinite
igyekszik	doc#2494	tudatosan	igyekszem	elkerülni	indefinite
igyekszik	doc#2495	el , vagy	igyekszem	gyorsan	indefinite
törekszik	doc#2495	. </s><s> Nem is	törekszem	saját	indefinite
igyekszik	doc#2495	NA	igyekszem	úgy tenni ,	indefinite
törekszik	doc#2495	NA	törekszem	a kisgazda	indefinite
alszik	doc#2495	akkor én már	alszom	. </s><s> Vasárnap	indefinite
igyekszik	doc#2495	is	igyekszem	társítani . </s>	indefinite
úszik	doc#2495	kétszer	úszom	és futok egy	indefinite
törekszik	doc#2495	, és arra	törekszem	, hogy	indefinite
igyekszik	doc#2495	NA	igyekszem	megfelelő	indefinite
alszik	doc#2495	,	alszom	, ne	indefinite
alszik	doc#2495	karokkal	alszom	, mintha	indefinite
alszik	doc#2495	, de	alszom	már rögtön ,	indefinite
igyekszik	doc#2495	menni . </s><s>	Igyekszem	NA	indefinite
igyekszik	doc#2495	mindezeket	igyekszem	a tánc	indefinite
igyekszik	doc#2495	. </s><s> Ahol	igyekszem	hát azt a	indefinite
igyekszik	doc#2495	NA	igyekszem	NA	indefinite
igyekszik	doc#2495	NA	igyekszem	NA	indefinite
törekszik	doc#2496	volna . </s><s> Arra	törekszem	, hogy	indefinite
igyekszik	doc#2496	a színekben	igyekszem	NA	indefinite
igyekszik	doc#2496	. </s><s> Erről - bár	igyekszem	elolvasni	indefinite
igyekszik	doc#2496	végletet	igyekszem	NA	indefinite
törekszik	doc#2496	<s> Mindig arra	törekszem	, hogy olyan	indefinite
alszik	doc#2496	hármat nem	alszom	, és . </s>	indefinite
igyekszik	doc#2496	dolgokat	igyekszem	NA	indefinite
igyekszik	doc#2496	Stúdióba	igyekszem	Thomas	indefinite
igyekszik	doc#2497	, cserébe	igyekszem	nem	indefinite
igyekszik	doc#2497	NA	igyekszem	leadni	indefinite
törekszik	doc#2497	<s> A minőségre	törekszem	, ezért azt	indefinite
igyekszik	doc#2497	a művek . </s><s> Én	igyekszem	elolvasni	indefinite
törekszik	doc#2497	munkára	törekszem	, s úgy érzem	indefinite
törekszik	doc#2497	NA	törekszem	. </s><s> Az	indefinite
igyekszik	doc#2497	tanárnőhöz	igyekszem	, </s><s> aki a helyi	indefinite
igyekszik	doc#2497	fényénél	igyekszem	NA	indefinite
igyekszik	doc#2497	, és	igyekszem	számon	indefinite
igyekszik	doc#2497	NA	igyekszem	erősíteni	indefinite
igyekszik	doc#2499	terjed ki . </s><s>	Igyekszem	NA	indefinite
igyekszik	doc#2499	. </s><s> De	igyekszem	NA	indefinite
igyekszik	doc#2499	szerint	igyekszem	tehát	indefinite
törekszik	doc#2500	. </s><s> Arra	törekszem	, hogy ezen a	indefinite
igyekszik	doc#2500	már 40 éve	igyekszem	itthoni	indefinite
törekszik	doc#2500	? </s><s> - Nem	törekszem	rá , de arra	indefinite
igyekszik	doc#2500	, sietve	igyekszem	a	indefinite
igyekszik	doc#2501	, végül	igyekszem	minél több	indefinite
igyekszik	doc#2501	mentést ,	igyekszem	magamban	indefinite
törekszik	doc#2501	. </s><s> Arra	törekszem	, hogy a	indefinite
igyekszik	doc#2501	<s> - Másokat is	igyekszem	rávenni ,	indefinite
igyekszik	doc#2501	a békesség . </s><s>	Igyekszem	is vissza a	indefinite
törekszik	doc#2501	. </s><s> Arra	törekszem	, hogy	indefinite
igyekszik	doc#2501	vagyok . </s><s>	Igyekszem	arra	indefinite
törekszik	doc#2501	elérésére	törekszem	, hogy	indefinite
törekszik	doc#2502	NA	törekszem	. </s><s> Olyan	indefinite
törekszik	doc#2502	NA	törekszem	, és nagyon	indefinite
igyekszik	doc#2504	júliusában	igyekszem	a	indefinite
igyekszik	doc#2504	vagyok ,	igyekszem	teljesen	indefinite
igyekszik	doc#2504	,	igyekszem	a	indefinite
igyekszik	doc#2504	, s	igyekszem	a	indefinite
törekszik	doc#2504	arra	törekszem	majd , hogy	indefinite
igyekszik	doc#2504	,	igyekszem	NA	indefinite
törekszik	doc#2504	, mert arra	törekszem	, hogy a	indefinite
igyekszik	doc#2504	. </s><s> Csak akkor	igyekszem	NA	indefinite
törekszik	doc#2505	NA	törekszem	. </s><s> Lehet ,	indefinite
törekszik	doc#2505	-, nem arra	törekszem	, hogy az	indefinite
törekszik	doc#2507	harmóniára	törekszem	, de mindig	indefinite
alszik	doc#2507	, két napig	alszom	, koccintok	indefinite
igyekszik	doc#2507	okára	igyekszem	rájönni . </s>	indefinite
igyekszik	doc#2507	alkotásait	igyekszem	saját	indefinite
törekszik	doc#2507	során arra	törekszem	, hogy az	indefinite
igyekszik	doc#2508	. </s><s> m	Igyekszem	a jóra	indefinite
igyekszik	doc#2508	. </s><s> l	Igyekszem	levonni a	indefinite
cselekszik	doc#2508	döntök , jól	cselekszem	, néha nem is	indefinite
igyekszik	doc#2508	vagyok . </s><s> m	Igyekszem	boldognak	indefinite
alszik	doc#2509	. </s><s> Még	alszom	egyet a	indefinite
igyekszik	doc#2509	. </s><s> A jövőben	igyekszem	minél több	indefinite
igyekszik	doc#2510	NA	igyekszem	végigvinni	indefinite
igyekszik	doc#2510	meg , s	igyekszem	a	indefinite
igyekszik	doc#2510	? </s><s> - Mindig	igyekszem	időt	indefinite
törekszik	doc#2510	NA	törekszem	. </s><s> A	indefinite
igyekszik	doc#2510	, egyébként	igyekszem	nem	indefinite
igyekszik	doc#2510	<s> A színpadon	igyekszem	NA	indefinite
igyekszik	doc#2510	férfi . </s><s> Azt	igyekszem	megmutatni	definite
igyekszik	doc#2510	az óévben . </s><s>	Igyekszem	kerülni a	indefinite
igyekszik	doc#2510	a tavasszal	igyekszem	a maximumot	definite
igyekszik	doc#2510	, de azért	igyekszem	képben	indefinite
igyekszik	doc#2510	, szörnyű . </s><s>	Igyekszem	naprakész	indefinite
igyekszik	doc#2510	vagyok túl . </s><s>	Igyekszem	meghálálni	indefinite
törekszik	doc#2510	NA	törekszem	, főként	indefinite
igyekszik	doc#2511	<s>	Igyekszem	NA	indefinite
igyekszik	doc#2511	oldalról	igyekszem	szemügyre	indefinite
igyekszik	doc#2511	koncert ? </s><s> -	Igyekszem	ezen a	indefinite
törekszik	doc#2511	NA	törekszem	. </s><s> - Ez a	indefinite
törekszik	doc#2511	, arra	törekszem	, hogy ezt az	indefinite
igyekszik	doc#2511	, és	igyekszem	NA	indefinite
igyekszik	doc#2511	NA	igyekszem	ezáltal	indefinite
igyekszik	doc#2511	vagyok ,	igyekszem	a régi , nagy	indefinite
igyekszik	doc#2511	darabom . </s><s>	Igyekszem	úgy színre	indefinite
igyekszik	doc#2511	, de	igyekszem	olyan	indefinite
igyekszik	doc#2511	pályára , és	igyekszem	jól érezni	indefinite
igyekszik	doc#2511	. </s><s> Ezért	igyekszem	otthon is	indefinite
igyekszik	doc#2511	ellene ! </s><s> -	Igyekszem	mindent	indefinite
igyekszik	doc#2511	. </s><s> - Addig	igyekszem	a klub	indefinite
igyekszik	doc#2512	? </s><s> - Azt	igyekszem	továbbadni	definite
igyekszik	doc#2512	. </s><s>	Igyekszem	kinyitni a	indefinite
igyekszik	doc#2512	NA	igyekszem	megfelelni	indefinite
törekszik	doc#2512	, s arra	törekszem	, hogy ez	indefinite
igyekszik	doc#2512	. </s><s>	Igyekszem	képviselni	indefinite
igyekszik	doc#2512	posztot ,	igyekszem	is	indefinite
igyekszik	doc#2512	készül ? </s><s> -	Igyekszem	. </s><s> Eltökélt	indefinite
igyekszik	doc#2512	és	igyekszem	új életet	indefinite
igyekszik	doc#2512	így felel : """"	Igyekszem	minél több	indefinite
törekszik	doc#2513	NA	törekszem	, mely	indefinite
igyekszik	doc#2513	NA	igyekszem	a	indefinite
étkezik	doc#2513	szerényen	étkezem	, ne	indefinite
igyekszik	doc#2513	, hogy	igyekszem	az adott	indefinite
igyekszik	doc#2513	nem le- het ,	igyekszem	NA	indefinite
törekszik	doc#2513	úton ? </s><s> - Nem	törekszem	NA	indefinite
törekszik	doc#2513	le . </s><s> Nagyon	törekszem	arra , hogy	indefinite
törekszik	doc#2513	NA	törekszem	. </s><s> Igyekszem	indefinite
igyekszik	doc#2513	törekszem . </s><s>	Igyekszem	bővíteni a	indefinite
igyekszik	doc#2513	én a monguzt	igyekszem	utánozni -	indefinite
törekszik	doc#2513	pontra	törekszem	, csak a	indefinite
igyekszik	doc#2513	, tényleg	igyekszem	igényes	indefinite
alszik	doc#2513	<s> Autót . </s><s> El is	alszom	. </s><s> Amikor	indefinite
alszik	doc#2513	. </s><s> Na , nem is	alszom	el . </s><s> Pedig	indefinite
igyekszik	doc#2514	. </s><s> Én pedig	igyekszem	NA	indefinite
igyekszik	doc#2514	keresztül	igyekszem	meglátni	indefinite
igyekszik	doc#2514	, de	igyekszem	összekapni	indefinite
törekszik	doc#2516	. </s><s> Horn : arra	törekszem	, hogy	indefinite
úszik	doc#2516	ezt most nem	úszom	meg ép	indefinite
alszik	doc#2516	de azért még	alszom	egyet az	indefinite
igyekszik	doc#2516	, s	igyekszem	nem	indefinite
igyekszik	doc#2516	, csak azért	igyekszem	, hogy még	indefinite
igyekszik	doc#2516	mindent	igyekszem	pontosan	indefinite
igyekszik	doc#2516	vb-t . </s><s> Azért	igyekszem	nem erre	indefinite
törekszik	doc#2516	értem . </s><s> Arra	törekszem	, hogy	indefinite
úszik	doc#2516	jobban	úszom	, így	indefinite
törekszik	doc#2516	NA	törekszem	, ami persze	indefinite
igyekszik	doc#2517	volt - de	igyekszem	szeretni	indefinite
igyekszik	doc#2518	és	igyekszem	megadni a	indefinite
törekszik	doc#2520	. </s><s> - Arra	törekszem	, hogy ne	indefinite
igyekszik	doc#2521	, de	igyekszem	jó példával	indefinite
igyekszik	doc#2521	ekkor	igyekszem	ellátni	indefinite
igyekszik	doc#2521	között ? </s><s> -	Igyekszem	. </s>	indefinite
törekszik	doc#2521	NA	törekszem	. </s><s> - Nekem	indefinite
törekszik	doc#2521	<s> Harmóniára	törekszem	. </s><s> - S	indefinite
igyekszik	doc#2521	. </s><s> Azóta	igyekszem	NA	indefinite
törekszik	doc#2521	, de	törekszem	rá . </s><s> Ezentúl	indefinite
igyekszik	doc#2529	<s> ? Nem tudom ,	igyekszem	mindent	indefinite
törekszik	doc#2529	, és erre	törekszem	a jövőben is	indefinite
törekszik	doc#2529	szerepre	törekszem	. </s><s> Hiszek	indefinite
igyekszik	doc#2533	. </s><s> Két dolgot	igyekszem	kideríteni	indefinite
igyekszik	doc#2534	eljutni ,	igyekszem	majd minél	indefinite
igyekszik	doc#2534	félek , és	igyekszem	ezt polgár	definite
törekszik	doc#2535	a kört . </s><s> Arra	törekszem	a saját	definite
igyekszik	doc#2537	eszközöket	igyekszem	NA	indefinite
törekszik	doc#2537	viszonyra	törekszem	az	indefinite
igyekszik	doc#2538	írásban	igyekszem	válaszolni	indefinite
igyekszik	doc#2538	, vagy	igyekszem	a	indefinite
igyekszik	doc#2540	és az utcán	igyekszem	elmondom	indefinite
igyekszik	doc#2543	kávét ,	igyekszem	NA	indefinite
igyekszik	doc#2543	,	igyekszem	mindenhová	indefinite
igyekszik	doc#2544	NA	igyekszem	alkalmazni	indefinite
alszik	doc#2546	úgy öt órát	alszom	- mondja és	indefinite
törekszik	doc#2547	, arra	törekszem	, hogy	indefinite
törekszik	doc#2553	. </s><s> Arra	törekszem	, hogy a	indefinite
igyekszik	doc#2560	csal , és	igyekszem	úgy	indefinite
törekszik	doc#2561	NA	törekszem	arra , hogy a	indefinite
igyekszik	doc#2561	NA	igyekszem	minden	indefinite
igyekszik	doc#2561	. </s><s>	Igyekszem	majd	indefinite
törekszik	doc#2572	NA	törekszem	, amely	indefinite
igyekszik	doc#2572	. </s><s> """" Most azon	igyekszem	, hogy	indefinite
igyekszik	doc#2572	mondanak ,	igyekszem	is	indefinite
igyekszik	doc#2573	. </s><s> Bár én már	igyekszem	nem volt	indefinite
igyekszik	doc#2573	! </s><s> De	igyekszem	megérteni a	indefinite
igyekszik	doc#2573	, hogy én	igyekszem	ennek egy	indefinite
igyekszik	doc#2574	a pártban . </s><s> """"	Igyekszem	magam köré	indefinite
törekszik	doc#2576	tegyünk . </s><s>	Törekszem	én ilyen	indefinite
törekszik	doc#2577	<s> Mindig arra	törekszem	, hogy	indefinite
igyekszik	doc#2577	tovább ? </s><s> -	Igyekszem	kifizetni	indefinite
igyekszik	doc#2578	NA	igyekszem	NA	indefinite
igyekszik	doc#2578	<s> A Traviatát	igyekszem	sokáig a	definite
igyekszik	doc#2578	tudják ,	igyekszem	NA	indefinite
igyekszik	doc#2578	őket ebben . </s><s>	Igyekszem	azonban	indefinite
törekszik	doc#2578	De azért még	törekszem	/ Én vagyok	indefinite
igyekszik	doc#2578	közeget	igyekszem	teremteni a	indefinite
igyekszik	doc#2578	. </s><s>	Igyekszem	majd	indefinite
igyekszik	doc#2578	Sándor . </s><s> -	Igyekszem	megoldani	indefinite
igyekszik	doc#2578	,	igyekszem	olyan lenni	indefinite
igyekszik	doc#2578	többet	igyekszem	csinálni . </s>	indefinite
igyekszik	doc#2578	előtt is	igyekszem	NA	indefinite
igyekszik	doc#2578	fárasztó ,	igyekszem	úgy intézni	indefinite
igyekszik	doc#2579	alkalommal	igyekszem	a színészek	indefinite
igyekszik	doc#2579	. </s><s>	Igyekszem	, hogy a	indefinite
igyekszik	doc#2579	. </s><s>	Igyekszem	mindig azt	definite
igyekszik	doc#2579	hátterét	igyekszem	NA	indefinite
igyekszik	doc#2579	, bár nagyon	igyekszem	. </s><s> Talán ha	indefinite
igyekszik	doc#2579	tudom , de	igyekszem	. </s><s> Erre azt	indefinite
igyekszik	doc#2583	semmit . </s><s> Ezt	igyekszem	visszaadni	definite
igyekszik	doc#2583	zenélek . </s><s>	Igyekszem	NA	indefinite
igyekszik	doc#2583	bennem , és	igyekszem	ezt	definite
cselekszik	doc#2583	, úgy	cselekszem	majd , ahogy	indefinite
igyekszik	doc#2583	, mindig	igyekszem	túltenni	indefinite
törekszik	doc#2584	mindig arra	törekszem	, hogy az	indefinite
igyekszik	doc#2584	2010-től . </s><s>	Igyekszem	az egyes	indefinite
igyekszik	doc#2584	teszem ,	igyekszem	feltárni az	indefinite
igyekszik	doc#2584	kapcsán	igyekszem	NA	indefinite
törekszik	doc#2584	. </s><s> Arra	törekszem	, hogy a	indefinite
igyekszik	doc#2584	NA	igyekszem	részt venni	indefinite
alszik	doc#2584	matracon	alszom	,	indefinite
alszik	doc#2584	, amíg én	alszom	, bebújik az	indefinite
törekszik	doc#2584	. </s><s> Arra	törekszem	, hogy a	indefinite
igyekszik	doc#2584	, mert	igyekszem	valami	indefinite
igyekszik	doc#2585	szemben ? </s><s> -	Igyekszem	. </s><s> A Fédra	indefinite
igyekszik	doc#2585	, azt	igyekszem	megtenni . </s>	definite
igyekszik	doc#2585	amíg lehet ,	igyekszem	élni	indefinite
igyekszik	doc#2585	, tehát	igyekszem	megérteni	indefinite
igyekszik	doc#2585	őket . </s><s>	Igyekszem	minél	indefinite
igyekszik	doc#2585	, akkor 130 . </s><s>	Igyekszem	úgy	indefinite
igyekszik	doc#2585	, de ezt	igyekszem	nem	definite
alszik	doc#2585	mellett	alszom	, töksötét	indefinite
igyekszik	doc#2585	 módszerét	igyekszem	mindig	indefinite
igyekszik	doc#2585	. </s><s> -	Igyekszem	minden	indefinite
törekszik	doc#2585	is . </s><s> Nem	törekszem	arra , hogy	indefinite
igyekszik	doc#2585	. </s><s> Közben	igyekszem	meggyőzni a	indefinite
igyekszik	doc#2586	? </s><s> -	Igyekszem	a lehető	indefinite
törekszik	doc#2586	arra	törekszem	, hogy egyre	indefinite
igyekszik	doc#2586	írjak és	igyekszem	egyre	indefinite
alszik	doc#2586	nyugodtan	alszom	 - mondta az	indefinite
igyekszik	doc#2586	jellemző . </s><s> """"	Igyekszem	biztosnak	indefinite
törekszik	doc#2586	során arra	törekszem	, hogy	indefinite
igyekszik	doc#2586	üresen	igyekszem	elkezdeni a	indefinite
igyekszik	doc#2586	fel , mindig	igyekszem	egy-két	indefinite
igyekszik	doc#2586	olyankor is	igyekszem	valós	indefinite
igyekszik	doc#2587	el . </s><s> """"	Igyekszem	évről-évre	indefinite
igyekszik	doc#2587	? </s><s> -	Igyekszem	, hogy így	indefinite
törekszik	doc#2587	<s> Mindig arra	törekszem	, hogy	indefinite
igyekszik	doc#2587	valaki ,	igyekszem	Lang	indefinite
igyekszik	doc#2587	is	igyekszem	sok zenét	indefinite
igyekszik	doc#2587	alkalomra	igyekszem	olyan	indefinite
alszik	doc#2587	attól én jól	alszom	, sőt büszke	indefinite
alszik	doc#2587	, hogy nem	alszom	éjjel , a	indefinite
úszik	doc#2587	álmodom . </s><s>	Úszom	a valóság s	indefinite
igyekszik	doc#2589	kapok ,	igyekszem	másként	indefinite
igyekszik	doc#2589	tartok , és	igyekszem	úgy	indefinite
igyekszik	doc#2589	takarítást	igyekszem	péntekre	indefinite
törekszik	doc#2589	érdekében	törekszem	arra , hogy a	indefinite
igyekszik	doc#2589	keretében	igyekszem	NA	indefinite
igyekszik	doc#2590	, és közben	igyekszem	, amennyire	indefinite
törekszik	doc#2590	látok , de	törekszem	rá és	indefinite
igyekszik	doc#2590	. </s><s> - Igen . </s><s>	Igyekszem	naponta	indefinite
igyekszik	doc#2591	NA	igyekszem	meggyőzni a	indefinite
igyekszik	doc#2591	időben	igyekszem	minél több	indefinite
úszik	doc#2591	nem	úszom	, ezért ez is	indefinite
igyekszik	doc#2591	élményt , de	igyekszem	majd	indefinite
úszik	doc#2591	csúcsot	úszom	. </s><s> Éreztem ,	indefinite
úszik	doc#2591	óta sorra	úszom	az egyéni	indefinite
úszik	doc#2591	, általában	úszom	és erősítek	indefinite
úszik	doc#2591	, lapáttal	úszom	,	indefinite
igyekszik	doc#2591	probléma . </s><s>	Igyekszem	megoldani a	indefinite
igyekszik	doc#2592	jöttem ,	igyekszem	gyorsan	indefinite
igyekszik	doc#2592	örülnének . </s><s>	Igyekszem	csak a	indefinite
igyekszik	doc#2592	, mindig	igyekszem	100	indefinite
igyekszik	doc#2592	, mégis	igyekszem	NA	indefinite
igyekszik	doc#2592	, úgy most is	igyekszem	a realitás	indefinite
igyekszik	doc#2592	csapatnál	igyekszem	a legjobban	indefinite
igyekszik	doc#2592	<s> - Először is	igyekszem	tisztázni a	indefinite
alszik	doc#2592	vele	alszom	egy	indefinite
úszik	doc#2592	NA	úszom	majd , erre	indefinite
igyekszik	doc#2592	senkihez ,	igyekszem	minden	indefinite
alszik	doc#2593	órát , aztán	alszom	csak vissza	indefinite
igyekszik	doc#2593	,	igyekszem	ezúttal is	indefinite
igyekszik	doc#2593	segítséget	igyekszem	majd	indefinite
igyekszik	doc#2596	,	igyekszem	sérülten is	indefinite
igyekszik	doc#2597	. </s><s>	Igyekszem	minél több	indefinite
igyekszik	doc#2597	, akkor	igyekszem	ezt	definite
igyekszik	doc#2597	vagyok ,	igyekszem	begyűjteni	indefinite
törekszik	doc#2598	mindig erre	törekszem	, még ha ez	indefinite
igyekszik	doc#2598	Moszkvából	igyekszem	a magyar	indefinite
úszik	doc#2598	, hogy nem	úszom	majd meg a	indefinite
úszik	doc#2598	dresszben	úszom	, szerintem	indefinite
igyekszik	doc#2598	pilóta . </s><s> -	Igyekszem	elérni a	indefinite
igyekszik	doc#2598	elverhet . </s><s>	Igyekszem	a legjobb	indefinite
igyekszik	doc#2599	hibázni . </s><s>	Igyekszem	tanulni az	indefinite
igyekszik	doc#2599	keresem , s	igyekszem	minél	indefinite
igyekszik	doc#2599	illeti ,	igyekszem	majd azt	indefinite
törekszik	doc#2599	pedig arra	törekszem	, hogy	indefinite
igyekszik	doc#2599	<s> Továbbra is	igyekszem	betalálni ,	indefinite
igyekszik	doc#2599	törődik . </s><s> """"	Igyekszem	magamra	indefinite
alszik	doc#2599	. </s><s> Nyugodtan	alszom	az eset	definite
igyekszik	doc#2599	. </s><s> """" Addig is	igyekszem	ellesni a	indefinite
igyekszik	doc#2599	a kulcs . </s><s>	Igyekszem	minden	indefinite
igyekszik	doc#2599	ellen is	igyekszem	NA	indefinite
igyekszik	doc#2599	ezért is	igyekszem	a lehető	indefinite
alszik	doc#2599	után nem	alszom	a	indefinite
igyekszik	doc#2600	országban	igyekszem	az eltérő	indefinite
igyekszik	doc#2600	a maximumot	igyekszem	nyújtani . </s>	definite
alszik	doc#2600	nyugodtan	alszom	, és várom a	indefinite
úszik	doc#2600	percet	úszom	a	indefinite
igyekszik	doc#2600	a munkát . </s><s> """"	Igyekszem	segíteni	indefinite
igyekszik	doc#2600	most már	igyekszem	a jó oldalát	definite
törekszik	doc#2600	NA	törekszem	, próbálok	indefinite
úszik	doc#2600	ezer métert	úszom	. </s><s> Aztán	indefinite
étkezik	doc#2600	és hogyan	étkezem	. """" </s><s> A 37 éves	indefinite
igyekszik	doc#2601	módon	igyekszem	megoldani ,	indefinite
törekszik	doc#2601	elsőségre	törekszem	 - altatta	indefinite
cselekszik	doc#2601	tudtam , mit	cselekszem	, nem voltam	definite
igyekszik	doc#2601	országban ,	igyekszem	megtanulni	indefinite
úszik	doc#2601	taktikával	úszom	, és az	indefinite
úszik	doc#2601	kilométert	úszom	naponta ,	indefinite
igyekszik	doc#2601	volt , de	igyekszem	kárpótolni	indefinite
igyekszik	doc#2602	. </s><s> Napjaimat	igyekszem	tölteni . </s>	indefinite
alszik	doc#2602	éjszaka nem	alszom	. </s><s> Amint Réka	indefinite
alszik	doc#2602	, hogy miben	alszom	:	indefinite
alszik	doc#2602	<s> Mindegy , én	alszom	. </s><s> 8.05 -	indefinite
törekszik	doc#2602	NA	törekszem	. </s><s> - Ennek az	indefinite
igyekszik	doc#2602	támadok . </s><s>	Igyekszem	a magam	indefinite
igyekszik	doc#2602	, tudom . </s><s> Ezt	igyekszem	továbbadni	definite
törekszik	doc#2602	NA	törekszem	. </s><s> És ebből a	indefinite
igyekszik	doc#2602	mélységeit	igyekszem	kiaknázni . </s>	indefinite
dudorászik	doc#2602	majd az óra -	dudorászom	a pálmafák	indefinite
igyekszik	doc#2602	, s	igyekszem	észrevenni	indefinite
igyekszik	doc#2602	léptekkel	igyekszem	elkerülni :	indefinite
igyekszik	doc#2602	értek , s	igyekszem	úgy mondani	indefinite
igyekszik	doc#2602	hát ,	igyekszem	szépen	indefinite
igyekszik	doc#2602	szerint	igyekszem	válaszolni	indefinite
igyekszik	doc#2602	négy évben . </s><s>	Igyekszem	NA	indefinite
alszik	doc#2602	. </s><s> - Nem	alszom	el , rossz	indefinite
törekszik	doc#2602	harmóniára	törekszem	, ami nem	indefinite
igyekszik	doc#2602	jobban	igyekszem	, hogy jó	indefinite
igyekszik	doc#2603	műfaján át	igyekszem	segíteni	indefinite
igyekszik	doc#2604	szerint	igyekszem	megelőzni	indefinite
igyekszik	doc#2604	, mert abból	igyekszem	NA	indefinite
törekszik	doc#2604	arra	törekszem	, hogy	indefinite
igyekszik	doc#2604	tanácsának	igyekszem	megfelelni	indefinite
igyekszik	doc#2604	. </s><s> Minthogy	igyekszem	NA	indefinite
igyekszik	doc#2604	. </s><s> Nagyon	igyekszem	. </s><s> Mondják ,	indefinite
igyekszik	doc#2604	optimistán	igyekszem	tenni a	indefinite
igyekszik	doc#2604	magunkat """" . </s><s>	Igyekszem	. </s><s> László	indefinite
igyekszik	doc#2604	, és	igyekszem	könnyed	indefinite
cselekszik	doc#2604	, hogy akkor	cselekszem	helyesen ,	indefinite
igyekszik	doc#2604	. </s><s> Végül	igyekszem	NA	indefinite
cselekszik	doc#2604	és	cselekszem	. </s><s> Talán a	indefinite
igyekszik	doc#2604	, aki életet	igyekszem	visszaadni	indefinite
igyekszik	doc#2604	<s> Magyarázni	igyekszem	,	indefinite
igyekszik	doc#2604	. </s><s>	Igyekszem	NA	indefinite
cselekszik	doc#2604	a rosszat	cselekszem	 , ez	definite
alszik	doc#2604	: jól	alszom	. </s><s> László	indefinite
igyekszik	doc#2604	kezdetnek	igyekszem	mindig jó	indefinite
igyekszik	doc#2604	kell állni . </s><s>	Igyekszem	a nyugdíjas	indefinite
igyekszik	doc#2604	. </s><s>	Igyekszem	megérteni	indefinite
igyekszik	doc#2604	, ahogy	igyekszem	megérteni	indefinite
igyekszik	doc#2604	, abban a jót	igyekszem	NA	definite
igyekszik	doc#2604	<s> Kontaktust	igyekszem	kiépíteni	indefinite
alszik	doc#2604	szívvel	alszom	. </s><s> Lehet ,	indefinite
igyekszik	doc#2604	, és javulni	igyekszem	. </s><s> Eddig is	indefinite
igyekszik	doc#2604	. </s><s>	Igyekszem	úgy	indefinite
alszik	doc#2605	négy órát	alszom	, időnként	indefinite
alszik	doc#2605	is abban	alszom	. </s><s> Dési János </s>	indefinite
törekszik	doc#2605	NA	törekszem	. </s><s> Talán naív	indefinite
alszik	doc#2605	hogy sokáig	alszom	, de nem	indefinite
igyekszik	doc#2605	. </s><s> S ma is	igyekszem	megfelelni	indefinite
igyekszik	doc#2605	,	igyekszem	a heti	indefinite
igyekszik	doc#2605	a játékra	igyekszem	NA	indefinite
igyekszik	doc#2605	hibáját . </s><s> Én	igyekszem	a magam	indefinite
igyekszik	doc#2605	. </s><s> Ezt	igyekszem	a mai napig	definite
igyekszik	doc#2605	, ezért	igyekszem	NA	indefinite
igyekszik	doc#2605	az egyik ! </s><s>	Igyekszem	elkapni a	indefinite
igyekszik	doc#2605	most már	igyekszem	megérteni	indefinite
alszik	doc#2605	kilenckor	alszom	el , és igaz ,	indefinite
törekszik	doc#2605	. </s><s> Arra	törekszem	, hogy a	indefinite
igyekszik	doc#2605	. </s><s> Inkább	igyekszem	NA	indefinite
igyekszik	doc#2605	segítséget	igyekszem	nyújtani az	indefinite
igyekszik	doc#2605	felejteni	igyekszem	. </s><s> Rím ,	indefinite
igyekszik	doc#2605	írásban	igyekszem	értékelni a	indefinite
igyekszik	doc#2605	a csábítást	igyekszem	elkerülni . </s>	indefinite
igyekszik	doc#2605	, mert	igyekszem	a saját	definite
alszik	doc#2605	. </s><s> Most is	alszom	, akár már	indefinite
úszik	doc#2605	vásárolok ,	úszom	, szaunázom	indefinite
alszik	doc#2605	álmosan sem	alszom	el , csak	indefinite
törekszik	doc#2605	, arra	törekszem	: nálunk is	indefinite
igyekszik	doc#2605	az ember . </s><s> """"	Igyekszem	a repülési	indefinite
törekszik	doc#2605	őket , hanem	törekszem	arra , hogy	indefinite
törekszik	doc#2605	NA	törekszem	. </s><s> Életünk	indefinite
igyekszik	doc#2605	? </s><s> Kerülni	igyekszem	a	indefinite
igyekszik	doc#2605	túl nehéz ,	igyekszem	elemezni ,	indefinite
igyekszik	doc#2605	vagyok . </s><s>	Igyekszem	megfejteni	indefinite
igyekszik	doc#2605	vagyok . </s><s> Bár	igyekszem	minél több	indefinite
alszik	doc#2606	rosszul	alszom	, ráz a hideg	indefinite
igyekszik	doc#2606	ellenére	igyekszem	nagyon	indefinite
törekszik	doc#2606	. </s><s>	Törekszem	arra ,	indefinite
igyekszik	doc#2606	. </s><s> Most már	igyekszem	NA	indefinite
igyekszik	doc#2606	- amelyet	igyekszem	a	indefinite
igyekszik	doc#2606	telefonon	igyekszem	egyeztetni	indefinite
alszik	doc#2606	dolgozom . </s><s>	Alszom	. </s><s> Kata úgyis	indefinite
igyekszik	doc#2606	hallod , úgy	igyekszem	vigyázni	indefinite
igyekszik	doc#2606	. </s><s> Onnan	igyekszem	erőm	indefinite
alszik	doc#2606	Katánál	alszom	. </s><s> Majdnem	indefinite
alszik	doc#2606	mámból . </s><s> Így	alszom	. </s><s> Elalvás	indefinite
igyekszik	doc#2606	vagyok , és	igyekszem	is , hogy így	indefinite
igyekszik	doc#2606	. </s><s> """"	Igyekszem	nem	indefinite
igyekszik	doc#2606	adna ? </s><s> -	Igyekszem	nem	indefinite
igyekszik	doc#2606	, és azért	igyekszem	NA	indefinite
alszik	doc#2606	. </s><s> Nem	alszom	, hanem	indefinite
alszik	doc#2606	a múlt időt . </s><s>	Alszom	. </s><s> Felkelek . </s>	indefinite
igyekszik	doc#2606	neveli ? </s><s> -	Igyekszem	arra	indefinite
igyekszik	doc#2606	Lánchídig ,	igyekszem	kerek	indefinite
igyekszik	doc#2606	várakozni . </s><s>	Igyekszem	, mondta	indefinite
törekszik	doc#2606	NA	törekszem	. </s><s> Úgyhogy a	indefinite
igyekszik	doc#2606	szomszédba	igyekszem	egy 3500	indefinite
igyekszik	doc#2609	pedig	igyekszem	meggyőzni	indefinite
alszik	doc#2609	lassan	alszom	el . </s><s> Vagy	indefinite
igyekszik	doc#2609	NA	igyekszem	arra	indefinite
igyekszik	doc#2609	. </s><s> Ekkor	igyekszem	NA	indefinite
igyekszik	doc#2609	. </s><s>	Igyekszem	egykori ,	indefinite
igyekszik	doc#2609	legalábbis	igyekszem	jól lenni -	indefinite
alszik	doc#2609	el is	alszom	, és	indefinite
igyekszik	doc#2609	NA	igyekszem	NA	indefinite
igyekszik	doc#2609	rajtam . </s><s>	Igyekszem	agilis ,	indefinite
cselekszik	doc#2609	. </s><s> Ha nem így	cselekszem	, akkor	indefinite
igyekszik	doc#2609	, amint	igyekszem	a habok	indefinite
alszik	doc#2609	várja , amin	alszom	. </s><s> De azért	indefinite
törekszik	doc#2609	<s> Nos én itt is	törekszem	arra , hogy	indefinite
alszik	doc#2609	<s> Évek óta itt	alszom	, a	indefinite
igyekszik	doc#2609	el , nagyon	igyekszem	. </s><s> Szeretnék	indefinite
igyekszik	doc#2609	, ott	igyekszem	összefogni	indefinite
alszik	doc#2610	harminc éve	alszom	hetente	indefinite
igyekszik	doc#2610	új dalaimat	igyekszem	NA	indefinite
alszik	doc#2610	. </s><s> Néha el is	alszom	így . </s><s> Erősen	indefinite
igyekszik	doc#2610	is , az is . </s><s> -	Igyekszem	a szavak	indefinite
igyekszik	doc#2610	a nevem . </s><s>	Igyekszem	vigyázni rá	indefinite
cselekszik	doc#2610	helyesen	cselekszem	, mégis volt	indefinite
igyekszik	doc#2610	szövegeket	igyekszem	fejben	indefinite
alszik	doc#2610	ebéd után	alszom	egy	indefinite
igyekszik	doc#2610	magam , de	igyekszem	a	indefinite
igyekszik	doc#2610	, de	igyekszem	mindig	indefinite
igyekszik	doc#2610	, miközben	igyekszem	egy	indefinite
igyekszik	doc#2610	mint én , aki	igyekszem	kicsukni	indefinite
igyekszik	doc#2610	, és az időt	igyekszem	a lehető	definite
igyekszik	doc#2610	NA	igyekszem	felhívni a	indefinite
alszik	doc#2610	én már	alszom	. </s><s> Egyszer	indefinite
igyekszik	doc#2610	, és	igyekszem	adni . </s><s> Az	indefinite
igyekszik	doc#2610	. </s><s>	Igyekszem	. </s><s> Behunyom a	indefinite
cselekszik	doc#2611	Jónás , én	cselekszem	. </s><s> A dolgom az	indefinite
alszik	doc#2611	ezért nem	alszom	olyan jól . </s><s> -	indefinite
igyekszik	doc#2611	. </s><s> Többnyire	igyekszem	olyan	indefinite
igyekszik	doc#2611	az íráshoz . </s><s>	Igyekszem	kerülni a	indefinite
igyekszik	doc#2611	azóta is	igyekszem	hálás	indefinite
alszik	doc#2611	éve keveset	alszom	. </s><s> Azt	indefinite
alszik	doc#2611	három órát	alszom	naponta . </s>	indefinite
igyekszik	doc#2611	az , hogy	igyekszem	életben	indefinite
igyekszik	doc#2611	napod ? </s><s> KZS :	Igyekszem	szépen és	indefinite
igyekszik	doc#2611	hiszek . </s><s>	Igyekszem	e szerint	indefinite
igyekszik	doc#2611	, ezért	igyekszem	nagyon	indefinite
igyekszik	doc#2611	is , azt	igyekszem	összegezni	definite
igyekszik	doc#2612	részt . </s><s>	Igyekszem	NA	indefinite
úszik	doc#2612	tudtam , nem	úszom	meg a	indefinite
igyekszik	doc#2612	,	igyekszem	csak azzal	indefinite
alszik	doc#2612	. </s><s> Nem itt	alszom	, hanem a kis	indefinite
alszik	doc#2612	, ha én nem	alszom	, akkor maga	indefinite
igyekszik	doc#2612	, tudatosan	igyekszem	naiv	indefinite
igyekszik	doc#2612	beszélni ,	igyekszem	konkrét	indefinite
igyekszik	doc#2619	eszembe ,	igyekszem	őket	indefinite
igyekszik	doc#2623	lent ! ) . </s><s>	Igyekszem	NA	indefinite
úszik	doc#2623	<s> Nyilván nem	úszom	meg	indefinite
igyekszik	doc#2623	sorsát . </s><s>	Igyekszem	hűen	indefinite
alszik	doc#2624	, és már	alszom	is . </s><s> Nincs	indefinite
igyekszik	doc#2624	NA	igyekszem	kifejteni ,	indefinite
igyekszik	doc#2624	? </s><s> Madáchhoz	igyekszem	igazodni ,	indefinite
törekszik	doc#2625	NA	törekszem	. </s><s> Ez ilyen	indefinite
alszik	doc#2625	rosszul	alszom	,	indefinite
igyekszik	doc#2625	szavával	igyekszem	NA	indefinite
igyekszik	doc#2625	hová	igyekszem	. </s><s> Mondtam , a	indefinite
bogarászik	doc#2626	óta	bogarászom	a	indefinite
igyekszik	doc#2626	NA	igyekszem	mindenki	indefinite
cselekszik	doc#2626	. </s><s> Nem én	cselekszem	. </s><s> Hyde-park	indefinite
alszik	doc#2626	, ha rosszul	alszom	eszembe jut	indefinite
igyekszik	doc#2626	, védeni	igyekszem	a	indefinite
igyekszik	doc#2626	. </s><s>	Igyekszem	híven , bár	indefinite
igyekszik	doc#2626	NA	igyekszem	NA	indefinite
igyekszik	doc#2626	olvasni ,	igyekszem	a szükséges	indefinite
igyekszik	doc#2626	,	igyekszem	a szakmai és	indefinite
igyekszik	doc#2627	ő volt ! """" </s><s>	Igyekszem	. </s><s> Nem biztos	indefinite
igyekszik	doc#2627	a kozmoszba	igyekszem	. </s><s> Hittel	indefinite
igyekszik	doc#2627	( MSZP ) </s><s>	Igyekszem	NA	indefinite
törekszik	doc#2632	NA	törekszem	, vagyis	indefinite
igyekszik	doc#2634	. </s><s> B	Igyekszem	szoros	indefinite
igyekszik	doc#2634	, így	igyekszem	a lehető	indefinite
igyekszik	doc#2635	tehetem ,	igyekszem	minden nap	indefinite
igyekszik	doc#2635	a közélet ,	igyekszem	több	indefinite
igyekszik	doc#2635	nincs időm . </s><s>	Igyekszem	minél	indefinite
igyekszik	doc#2636	. </s><s> """"	Igyekszem	fix	indefinite
igyekszik	doc#2637	, mert	igyekszem	optimistán	indefinite
úszik	doc#2638	19 órakor	úszom	a	indefinite
igyekszik	doc#2638	tenném . </s><s>	Igyekszem	legalább	indefinite
igyekszik	doc#2638	időszakot	igyekszem	NA	indefinite
igyekszik	doc#2638	. </s><s> Mindig	igyekszem	olyan	indefinite
igyekszik	doc#2638	érzek ,	igyekszem	a munkámmal	indefinite
igyekszik	doc#2640	, ezért is	igyekszem	felmérni	indefinite
törekszik	doc#2644	. </s><s> """" Nem	törekszem	semmilyen	indefinite
igyekszik	doc#2647	eseményt . </s><s>	Igyekszem	a lehető	indefinite
igyekszik	doc#2648	Kahle . </s><s> """"	Igyekszem	viszonozni	indefinite
igyekszik	doc#2648	. </s><s>	Igyekszem	úgy vezetni	indefinite
igyekszik	doc#2650	NA	igyekszem	a tőlem	indefinite
igyekszik	doc#2650	jó , de azért	igyekszem	majd jól	indefinite
igyekszik	doc#2650	tartunk . </s><s>	Igyekszem	NA	indefinite
igyekszik	doc#2651	. -, és én	igyekszem	betartani	indefinite
úszik	doc#2651	, nem	úszom	meg , ebből	indefinite
igyekszik	doc#2651	túllépve	igyekszem	az előre	indefinite
igyekszik	doc#2651	sorait , de	igyekszem	rámutatni a	indefinite
igyekszik	doc#2653	volt ,	igyekszem	hát	indefinite
igyekszik	doc#2653	. </s><s> Parádra	igyekszem	gumikkal	indefinite
igyekszik	doc#2653	, de	igyekszem	jól	indefinite
törekszik	doc#2653	is erre	törekszem	! </s>	indefinite
igyekszik	doc#2653	. </s><s> Azóta	igyekszem	begyűjteni	indefinite
igyekszik	doc#2653	, én pedig	igyekszem	nem	indefinite
igyekszik	doc#2653	a témában ,	igyekszem	átadni a	indefinite
igyekszik	doc#2654	egyelőre	igyekszem	elkerülni a	indefinite
igyekszik	doc#2654	Sanyi után	igyekszem	,	indefinite
alszik	doc#2654	. </s><s> Nyugodtan	alszom	ma este ,	indefinite
igyekszik	doc#2655	2000 : """"	Igyekszem	egyre jobb	indefinite
igyekszik	doc#2657	, és	igyekszem	NA	indefinite
igyekszik	doc#2658	kérdésekbe	igyekszem	nem	indefinite
igyekszik	doc#2658	tempómat ,	igyekszem	elkerülni a	indefinite
igyekszik	doc#2659	rajthoz ,	igyekszem	minél jobb	indefinite
törekszik	doc#2659	NA	törekszem	az	indefinite
igyekszik	doc#2659	kezd . </s><s>	Igyekszem	finoman , de	indefinite
igyekszik	doc#2661	érzést	igyekszem	NA	indefinite
igyekszik	doc#2661	én is	igyekszem	NA	indefinite
igyekszik	doc#2662	mostantól	igyekszem	kerülni ,	indefinite
igyekszik	doc#2666	, itt is	igyekszem	NA	indefinite
igyekszik	doc#2666	, várok ,	igyekszem	elintézni	indefinite
igyekszik	doc#2666	, és	igyekszem	haza . </s><s> A	indefinite
igyekszik	doc#2667	részéről	igyekszem	hasznos	indefinite
igyekszik	doc#2667	. </s><s> Cserébe	igyekszem	, hogy	indefinite
igyekszik	doc#2669	vár rám ,	igyekszem	majd sok	indefinite
alszik	doc#2670	NA	alszom	. </s><s> Gulácsi	indefinite
igyekszik	doc#2670	,	igyekszem	mindig	indefinite
törekszik	doc#2670	arra	törekszem	, hogy	indefinite
igyekszik	doc#2670	alapján	igyekszem	NA	indefinite
igyekszik	doc#2670	, azaz	igyekszem	olyan	indefinite
igyekszik	doc#2670	illeszteni	igyekszem	a dolgokat . </s>	definite
igyekszik	doc#2678	lenni . </s><s>	Igyekszem	kihozni egy	indefinite
igyekszik	doc#2678	? </s><s> -	Igyekszem	, de elég	indefinite
igyekszik	doc#2684	levegőt . </s><s> 7.	Igyekszem	teljes	indefinite
úszik	doc#2684	együtt	úszom	egyet , vagy	indefinite
igyekszik	doc#2689	. </s><s>	Igyekszem	is vigyázni	indefinite
alszik	doc#2689	. </s><s> Amikor	alszom	,	indefinite
igyekszik	doc#2689	pórusokra	igyekszem	krémeket	indefinite
alszik	doc#2689	, de tudom ,	alszom	kettőt , és	indefinite
alszik	doc#2689	, és már	alszom	is . """" </s><s> Pacino	indefinite
úszik	doc#2689	sportokat :	úszom	, futok ,	indefinite
igyekszik	doc#2689	. </s><s>	Igyekszem	barátaim ,	indefinite
igyekszik	doc#2689	adást , de	igyekszem	majd """"	indefinite
igyekszik	doc#2689	. </s><s>	Igyekszem	követni a	indefinite
törekszik	doc#2689	címet . </s><s> """" Nem	törekszem	már minden	indefinite
igyekszik	doc#2689	így akarta . </s><s>	Igyekszem	majd	indefinite
igyekszik	doc#2689	jól magam . </s><s>	Igyekszem	NA	indefinite
törekszik	doc#2689	. </s><s> Én néha	törekszem	, hogy	indefinite
alszik	doc#2689	. </s><s> Vele	alszom	, vele	indefinite
igyekszik	doc#2689	. </s><s> """" Én	igyekszem	úgy öltözni	indefinite
igyekszik	doc#2689	bánkódnod ,	igyekszem	NA	indefinite
alszik	doc#2689	mellett	alszom	. """" </s>	indefinite
igyekszik	doc#2690	tettél föl ,	igyekszem	egyenként	indefinite
igyekszik	doc#2690	,	igyekszem	minden	indefinite
igyekszik	doc#2690	bárhogy	igyekszem	, nem tudom	indefinite
igyekszik	doc#2691	. </s><s>	Igyekszem	nem elvenni	indefinite
alszik	doc#2692	: """" eszem ,	alszom	,	indefinite
igyekszik	doc#2692	legjavát	igyekszem	nyújtani ,	indefinite
igyekszik	doc#2692	. </s><s> -	Igyekszem	optimistán	indefinite
törekszik	doc#2692	, amire	törekszem	. </s><s> Fontosak a	indefinite
igyekszik	doc#2693	letenni ,	igyekszem	NA	indefinite
törekszik	doc#2693	tudatosan	törekszem	rá , hogy	indefinite
igyekszik	doc#2693	az olyasmit	igyekszem	NA	definite
igyekszik	doc#2693	ezt tudjam . </s><s>	Igyekszem	mindig	indefinite
igyekszik	doc#2693	munka . </s><s>	Igyekszem	más	indefinite
törekszik	doc#2693	a maximumra	törekszem	, ezért nem	indefinite
törekszik	doc#2693	NA	törekszem	vele , mert	indefinite
alszik	doc#2693	nyugodtan	alszom	... """" </s><s> Solya :	indefinite
igyekszik	doc#2693	. </s><s> Ezért	igyekszem	nem	indefinite
igyekszik	doc#2693	magam ,	igyekszem	úgy	indefinite
igyekszik	doc#2693	is ,	igyekszem	majd	indefinite
alszik	doc#2693	a hálóban	alszom	,	indefinite
igyekszik	doc#2696	feszült ,	igyekszem	szabadon	indefinite
alszik	doc#2696	, nem	alszom	túl sokat ,	indefinite
alszik	doc#2696	, hogy el sem	alszom	vagy	indefinite
igyekszik	doc#2696	: - Itt bent	igyekszem	nem	indefinite
alszik	doc#2696	<s> - Csak akkor	alszom	el , ha Majka	indefinite
igyekszik	doc#2696	le : """"	Igyekszem	NA	indefinite
igyekszik	doc#2696	szereztem ,	igyekszem	tartani ezt	indefinite
igyekszik	doc#2696	. </s><s>	Igyekszem	majd	indefinite
törekszik	doc#2696	műfaj . </s><s> Én	törekszem	arra , hogy	indefinite
igyekszik	doc#2696	. </s><s>	Igyekszem	megfelelni	indefinite
igyekszik	doc#2696	jelent ? </s><s> -	Igyekszem	minden	indefinite
igyekszik	doc#2696	? </s><s> - Igen ,	igyekszem	úgy	indefinite
igyekszik	doc#2696	, de	igyekszem	szem előtt	indefinite
alszik	doc#2696	. </s><s> - Ma otthon	alszom	, úgy érzem -	indefinite
alszik	doc#2696	vagyok , hol	alszom	ma . </s>	indefinite
alszik	doc#2696	! </s><s> Ma egyedül	alszom	, de ott	indefinite
úszik	doc#2696	! </s><s> Futok ,	úszom	, jógázom ,	indefinite
igyekszik	doc#2696	NA	igyekszem	eleget	indefinite
alszik	doc#2696	és tízre már	alszom	is . </s><s> Mivel	indefinite
igyekszik	doc#2696	, ezeknek	igyekszem	eleget	indefinite
igyekszik	doc#2696	. </s><s>	Igyekszem	mexikói	indefinite
alszik	doc#2699	, és utána	alszom	. </s><s> Milyen	indefinite
igyekszik	doc#2699	, akárhogy	igyekszem	is . </s><s> Volt úgy	indefinite
igyekszik	doc#2699	percemet	igyekszem	NA	indefinite
igyekszik	doc#2699	is kiváló . </s><s>	Igyekszem	majd	indefinite
igyekszik	doc#2699	majd jobban	igyekszem	. """" </s><s> A	indefinite
alszik	doc#2699	, és ott	alszom	egy	indefinite
igyekszik	doc#2699	állok ,	igyekszem	NA	indefinite
igyekszik	doc#2699	rövidesen	igyekszem	majd egy	indefinite
igyekszik	doc#2699	tengelyébe	igyekszem	állítani :	indefinite
igyekszik	doc#2700	óra alatt is	igyekszem	egy olyan	indefinite
alszik	doc#2700	, hogy én is	alszoM	, és itt	indefinite
igyekszik	doc#2703	... </s><s> -	Igyekszem	és a	indefinite
törekszik	doc#2703	inkább arra	törekszem	, hogy	indefinite
alszik	doc#2703	. </s><s> Sokáig	alszom	, de ha	indefinite
igyekszik	doc#2703	. </s><s>	Igyekszem	neki	indefinite
igyekszik	doc#2703	vele . </s><s>	Igyekszem	nem	indefinite
alszik	doc#2703	és nem sokat	alszom	, de azt	indefinite
igyekszik	doc#2703	maradj ? </s><s> -	Igyekszem	 jól "" élni . </s>	indefinite
igyekszik	doc#2703	, ezért	igyekszem	mindig	indefinite
törekszik	doc#2703	én is arra	törekszem	, hogy csak a	indefinite
igyekszik	doc#2703	-n , a többit	igyekszem	NA	definite
igyekszik	doc#2703	van ,	igyekszem	napközben	indefinite
igyekszik	doc#2703	azt	igyekszem	NA	definite
igyekszik	doc#2703	én végzek ,	igyekszem	hazaérni ,	indefinite
alszik	doc#2703	vagy ? """" . </s><s>	Alszom	, hagyj	indefinite
úszik	doc#2703	futok ,	úszom	, végzem a	indefinite
igyekszik	doc#2703	Egyetemen	igyekszem	diplomát	indefinite
igyekszik	doc#2703	erőmmel	igyekszem	majd	indefinite
igyekszik	doc#2705	GP-n	igyekszem	elkerülni	indefinite
törekszik	doc#2706	NA	törekszem	 - mondta a	indefinite
igyekszik	doc#2706	,	igyekszem	mindent	indefinite
igyekszik	doc#2706	Doktor Úr ! </s><s>	Igyekszem	NA	indefinite
igyekszik	doc#2706	felé	igyekszem	NA	indefinite
törekszik	doc#2706	mindenáron	törekszem	a körtéhez ,	indefinite
igyekszik	doc#2706	kerülöm el ,	igyekszem	az	indefinite
igyekszik	doc#2706	NA	igyekszem	más értéket	indefinite
igyekszik	doc#2706	hónapja	igyekszem	kiverni a	indefinite
igyekszik	doc#2706	- én is	igyekszem	így	indefinite
törekszik	doc#2706	inkább arra	törekszem	, hogy a	indefinite
igyekszik	doc#2706	semmit ,	igyekszem	pozitíve	indefinite
igyekszik	doc#2706	bármit . </s><s>	Igyekszem	példakép is	indefinite
törekszik	doc#2708	NA	törekszem	, mert a	indefinite
igyekszik	doc#2708	igazán . </s><s>	Igyekszem	mindig az	indefinite
alszik	doc#2708	helyzetben	alszom	! """" , szokták	indefinite
igyekszik	doc#2708	,	igyekszem	ellesni a	indefinite
alszik	doc#2708	, ahol	alszom	egyet . </s>	indefinite
alszik	doc#2708	? </s><s> - Akkor ott	alszom	, ahol	indefinite
igyekszik	doc#2708	GP-n	igyekszem	elkerülni	indefinite
igyekszik	doc#2708	sürgetni ,	igyekszem	lazábban	indefinite
igyekszik	doc#2708	megfelé ,	igyekszem	minden	indefinite
alszik	doc#2708	rajt . </s><s> Addig	alszom	egyet . </s><s> Hát ,	indefinite
törekszik	doc#2708	NA	törekszem	, amelyek	indefinite
törekszik	doc#2708	. </s><s> Arra	törekszem	, hogy a	indefinite
alszik	doc#2708	az ágyba , és	alszom	egy nagyot	indefinite
alszik	doc#2708	nst-t , de ha	alszom	, ne	indefinite
igyekszik	doc#2708	változás . </s><s>	Igyekszem	magam ahhoz	indefinite
igyekszik	doc#2708	 Igazamról	igyekszem	meggyőzni a	indefinite
alszik	doc#2708	éjjel nem	alszom	. </s>	indefinite
igyekszik	doc#2708	. </s><s> Persze	igyekszem	minél	indefinite
úszik	doc#2708	szerint """"	úszom	 valamiben	indefinite
alszik	doc#2708	: """" amikor	alszom	 , 74-es	indefinite
igyekszik	doc#2711	NA	igyekszem	tanácsokat	indefinite
igyekszik	doc#2712	<s> """" ( ... )	igyekszem	minden , a	indefinite
alszik	doc#2712	békésen	alszom	, és	indefinite
igyekszik	doc#2712	is	igyekszem	figyelni ,	indefinite
alszik	doc#2712	. </s><s> Hacsak nem	alszom	el	indefinite
alszik	doc#2712	semmit nem	alszom	, azokról az	indefinite
igyekszik	doc#2712	is fog , és	igyekszem	ebben a	indefinite
alszik	doc#2714	gyorsabban	alszom	el , mint az ,	indefinite
alszik	doc#2714	, hogy majd	alszom	egy finomat	indefinite
igyekszik	doc#2714	továbbra is	igyekszem	követni az	indefinite
törekszik	doc#2714	, tudatosan	törekszem	arra , hogy	indefinite
igyekszik	doc#2714	, és	igyekszem	ismét	indefinite
igyekszik	doc#2714	, hogy	igyekszem	NA	indefinite
igyekszik	doc#2714	. </s><s>	Igyekszem	NA	indefinite
igyekszik	doc#2714	. </s><s>	Igyekszem	NA	indefinite
törekszik	doc#2717	. </s><s> Arra	törekszem	, hogy a	indefinite
igyekszik	doc#2717	telhetően	igyekszem	a	indefinite
igyekszik	doc#2717	befelé	igyekszem	, amikor az	indefinite
alszik	doc#2718	mélyen	alszom	, mellettem	indefinite
igyekszik	doc#2718	,	igyekszem	mindenre	indefinite
alszik	doc#2718	, együtt	alszom	el a	indefinite
igyekszik	doc#2718	magamra ,	igyekszem	nem	indefinite
alszik	doc#2718	látva , hogy	alszom	, már	indefinite
alszik	doc#2718	keveset	alszom	. </s><s> Általában	indefinite
igyekszik	doc#2718	, nagyon	igyekszem	kedvesen	indefinite
igyekszik	doc#2718	állapotban	igyekszem	elkerülni a	indefinite
igyekszik	doc#2718	. </s><s>	Igyekszem	minden	indefinite
törekszik	doc#2718	is	törekszem	, igyekszem	indefinite
igyekszik	doc#2718	törekszem ,	igyekszem	szexuális	indefinite
igyekszik	doc#2718	. </s><s> 10.	Igyekszem	minél	indefinite
igyekszik	doc#2721	én is , és	igyekszem	, hogy	indefinite
igyekszik	doc#2721	utálta , és	igyekszem	azokat is	indefinite
alszik	doc#2721	nappaliban	alszom	, a háló	indefinite
igyekszik	doc#2721	tartatni ,	igyekszem	NA	indefinite
igyekszik	doc#2721	tisztelet ,	igyekszem	is példát	indefinite
igyekszik	doc#2721	vagy sem ? </s><s> -	Igyekszem	hasonló	indefinite
igyekszik	doc#2721	,	igyekszem	én is ennek	indefinite
igyekszik	doc#2721	a srác ,	igyekszem	hozzá közel	indefinite
alszik	doc#2721	hitte már	alszom	. </s><s> A fickó	indefinite
igyekszik	doc#2721	NA	igyekszem	NA	indefinite
cselekszik	doc#2721	, amit	cselekszem	. </s><s> Sőt ,	indefinite
igyekszik	doc#2721	. </s><s> """"	Igyekszem	erős lenni """"	indefinite
igyekszik	doc#2721	, és elhagy . </s><s>	Igyekszem	NA	indefinite
alszik	doc#2721	közt	Alszom	ma . </s>	indefinite
alszik	doc#2721	: """" Ebben	alszom	én . """" </s><s> Majd a	indefinite
alszik	doc#2721	, Benne	alszom	én is . </s><s> Nem	indefinite
igyekszik	doc#2721	NA	igyekszem	neki is	indefinite
alszik	doc#2721	. </s><s> És akkor	alszom	, ugye ? </s><s> Kész	indefinite
alszik	doc#2721	, keveset	alszom	és nagyon	indefinite
igyekszik	doc#2721	is ezt	igyekszem	hirdeni ,	definite
alszik	doc#2721	este sírva	alszom	el , és	indefinite
igyekszik	doc#2724	távcsövet . </s><s>	Igyekszem	irányítani	indefinite
alszik	doc#2725	legyen :	alszom	, s talán	indefinite
alszik	doc#2725	Jesszus ...	alszom	... aludtam	indefinite
igyekszik	doc#2725	. </s><s> Ezért	igyekszem	inkább a	indefinite
törekszik	doc#2725	tudatosan	törekszem	rá , hogy jó	indefinite
igyekszik	doc#2725	előre ,	igyekszem	mindig az	indefinite
igyekszik	doc#2725	. </s><s> Általában	igyekszem	mindenkit	indefinite
igyekszik	doc#2725	apuka	igyekszem	lenni . </s>	indefinite
úszik	doc#2725	fenn	úszom	, és	indefinite
úszik	doc#2725	? </s><s> - Még	úszom	200	indefinite
úszik	doc#2725	között	úszom	majd . </s><s> Nem	indefinite
törekszik	doc#2725	. </s><s>	Törekszem	nagyon	indefinite
úszik	doc#2725	a hazámért	úszom	, és mindig	indefinite
igyekszik	doc#2725	továbbra is	igyekszem	hasonló	indefinite
cselekszik	doc#2725	, hanem	cselekszem	. </s><s> Különben	indefinite
igyekszik	doc#2725	állását , de	igyekszem	, hogy ez ne	indefinite
igyekszik	doc#2725	szólok rá ,	igyekszem	a szex terén	indefinite
alszik	doc#2725	rosszul	alszom	azóta . </s>	indefinite
úszik	doc#2725	 Húsz éve	úszom	, idegileg	indefinite
alszik	doc#2727	óta nem	alszom	emiatt """" -	indefinite
igyekszik	doc#2727	: """" Mindig	igyekszem	NA	indefinite
igyekszik	doc#2727	mód van rá ,	igyekszem	figyelembe	indefinite
igyekszik	doc#2730	a legjobbat	igyekszem	nyújtani a	definite
alszik	doc#2730	pihenek ,	alszom	egy jót , és	indefinite
igyekszik	doc#2730	beleadok és	igyekszem	minél több	indefinite
törekszik	doc#2730	rá . </s><s> """" Arra	törekszem	, hogy	indefinite
igyekszik	doc#2730	ismerem , és	igyekszem	majd	indefinite
igyekszik	doc#2730	, és	igyekszem	, hogy ne is	indefinite
igyekszik	doc#2732	, mindig	igyekszem	a lehető	indefinite
alszik	doc#2732	már	alszom	 - mondja . </s><s> A	indefinite
igyekszik	doc#2732	: """"	Igyekszem	lépésről	indefinite
igyekszik	doc#2732	illeti ,	igyekszem	lépésről	indefinite
úszik	doc#2732	 na , ezt nem	úszom	meg ! """" . </s><s> A	definite
törekszik	doc#2732	ugyanerre	törekszem	, és	indefinite
igyekszik	doc#2732	NA	igyekszem	majd	indefinite
igyekszik	doc#2732	kell ; majd	igyekszem	NA	indefinite
igyekszik	doc#2732	NA	igyekszem	ledolgozni	indefinite
igyekszik	doc#2732	Racingtől . </s><s>	Igyekszem	minél	indefinite
törekszik	doc#2735	NA	törekszem	, ezért nem	indefinite
igyekszik	doc#2735	. </s><s>	Igyekszem	NA	indefinite
igyekszik	doc#2735	NA	igyekszem	fejlődni ,	indefinite
igyekszik	doc#2735	NA	igyekszem	érzékelni . </s>	indefinite
igyekszik	doc#2735	. </s><s>	Igyekszem	NA	indefinite
törekszik	doc#2735	<s> Mindig erre	törekszem	, amikor	indefinite
úszik	doc#2735	napokon	úszom	 -	indefinite
igyekszik	doc#2735	,	igyekszem	néhány	indefinite
úszik	doc#2735	erősebben	úszom	, ugyanúgy	indefinite
úszik	doc#2735	miért nem	úszom	száz	indefinite
igyekszik	doc#2735	nyerni ,	igyekszem	majd a most	indefinite
igyekszik	doc#2735	lenni . </s><s> """"	Igyekszem	mindenben	indefinite
törekszik	doc#2735	NA	törekszem	a versenyen	indefinite
úszik	doc#2735	. </s><s> ( """"	Úszom	az árral , és	indefinite
törekszik	doc#2735	eredményre	törekszem	majd a	indefinite
igyekszik	doc#2735	( 2010 ) óta	igyekszem	követni , mi	indefinite
törekszik	doc#2735	köridőre	törekszem	. </s>	indefinite
igyekszik	doc#2735	. </s><s> Így	igyekszem	NA	indefinite
igyekszik	doc#2735	mindent	igyekszem	NA	indefinite
igyekszik	doc#2735	. </s><s> HGY : Én	igyekszem	figyelni	indefinite
igyekszik	doc#2737	hozom ,	igyekszem	többször	indefinite
alszik	doc#2737	jobban	alszom	. </s><s> Hogy miért	indefinite
úszik	doc#2738	a vízben	úszom	és nem kell	indefinite
igyekszik	doc#2738	, hanem	igyekszem	a most	indefinite
igyekszik	doc#2738	: """"	Igyekszem	majd a	indefinite
igyekszik	doc#2738	. </s><s> """"	Igyekszem	nem	indefinite
baszik	doc#2738	hivatott	baszom	nagy zajig ,	indefinite
törekszik	doc#2740	<s> Most is erre	törekszem	. </s>	indefinite
igyekszik	doc#2740	nap lesz ,	igyekszem	kiélvezni a	indefinite
törekszik	doc#2742	mindig arra	törekszem	, hogy	indefinite
igyekszik	doc#2742	nap , és	igyekszem	még jobb	indefinite
törekszik	doc#2742	mindig arra	törekszem	, hogy	indefinite
igyekszik	doc#2742	idő alatt	igyekszem	majd	indefinite
igyekszik	doc#2742	engedi ,	igyekszem	minél több	indefinite
törekszik	doc#2745	én arra	törekszem	az életben ,	indefinite
úszik	doc#2746	NA	úszom	. </s><s> Céline :	indefinite
igyekszik	doc#2746	, amelyhez	igyekszem	NA	indefinite
igyekszik	doc#2746	vagyok ,	igyekszem	áthárítani	indefinite
igyekszik	doc#2746	. </s><s>	Igyekszem	. </s><s> - És végül	indefinite
igyekszik	doc#2746	valami ? </s><s> """"	Igyekszem	a magam	indefinite
igyekszik	doc#2747	, és	igyekszem	átélni az	indefinite
igyekszik	doc#2747	szerepemet	igyekszem	megóvni az	indefinite
igyekszik	doc#2747	színész	igyekszem	ezt az	definite
igyekszik	doc#2748	mondok ,	igyekszem	formálni ,	indefinite
igyekszik	doc#2748	dolgozom . </s><s>	Igyekszem	levetkőzni	indefinite
alszik	doc#2748	Júlia ) Nem	alszom	, és	indefinite
igyekszik	doc#2748	keresi . </s><s>	Igyekszem	teljesen	indefinite
igyekszik	doc#2748	róluk . </s><s>	Igyekszem	azokról a	indefinite
törekszik	doc#2748	Mindig arra	törekszem	, hogy	indefinite
igyekszik	doc#2748	együtt . </s><s>	Igyekszem	szem előtt	indefinite
igyekszik	doc#2749	, ezért	igyekszem	olyan	indefinite
igyekszik	doc#2750	van . </s><s> De	igyekszem	azért	indefinite
igyekszik	doc#2750	élni ? </s><s> -	Igyekszem	nem helyhez	indefinite
igyekszik	doc#2750	. </s><s> Jelenleg	igyekszem	minél több	indefinite
alszik	doc#2750	tovább	alszom	. </s>	indefinite
igyekszik	doc#2750	. </s><s> Erre	igyekszem	nagyon	indefinite
igyekszik	doc#2750	, hogy	igyekszem	a lehető	indefinite
alszik	doc#2750	négyórákat	alszom	, ha	indefinite
pakolászik	doc#2750	,	pakolászom	, bámulom a	indefinite
alszik	doc#2750	NA	alszom	el , hogy ne	indefinite
törekszik	doc#2750	, de arra	törekszem	, hogy ne	indefinite
alszik	doc#2751	már	alszom	olyankor ,	indefinite
igyekszik	doc#2751	pályát sem . </s><s>	Igyekszem	majd	indefinite
igyekszik	doc#2751	szemben	igyekszem	a pozitív	indefinite
igyekszik	doc#2751	, mennyire	igyekszem	, hogy	indefinite
törekszik	doc#2751	<s> Mindig erre	törekszem	. </s><s> Itt	indefinite
törekszik	doc#2751	. </s><s> Erre	törekszem	. </s><s> De nem	indefinite
igyekszik	doc#2751	<s> Nagy Ervin :	Igyekszem	nem hazudni </s>	indefinite
igyekszik	doc#2751	percekre ? </s><s> -	Igyekszem	NA	indefinite
igyekszik	doc#2751	lebuktam . </s><s>	Igyekszem	nem hazudni	indefinite
igyekszik	doc#2751	, de azért	igyekszem	NA	indefinite
törekszik	doc#2751	. </s><s> Arra	törekszem	, hogy	indefinite
alszik	doc#2751	Én amúgy sem	alszom	sokat ,	indefinite
igyekszik	doc#2751	. </s><s>	Igyekszem	kerülni a	indefinite
igyekszik	doc#2752	NA	igyekszem	NA	indefinite
igyekszik	doc#2752	. </s><s> Én magam	igyekszem	jól végezni	indefinite
igyekszik	doc#2752	az újra	igyekszem	nyitott	indefinite
igyekszik	doc#2752	Nagy Ervin :	Igyekszem	nem hazudni	indefinite
igyekszik	doc#2752	Nagy Ervin :	Igyekszem	nem hazudni	indefinite
igyekszik	doc#2752	történetet	igyekszem	mesélni . """" </s>	indefinite
igyekszik	doc#2753	nekem . </s><s> -	Igyekszem	mindig	indefinite
igyekszik	doc#2753	, meg	igyekszem	a	indefinite
igyekszik	doc#2753	, de most már	igyekszem	minden	indefinite
igyekszik	doc#2753	szerep ? </s><s> -	Igyekszem	belemenni . </s>	indefinite
törekszik	doc#2753	lenni . </s><s> Nem	törekszem	se a	indefinite
igyekszik	doc#2753	, úgyhogy	igyekszem	a valóság	indefinite
törekszik	doc#2753	... amire	törekszem	. </s><s> Hálás	indefinite
törekszik	doc#2753	életre	törekszem	. </s><s> Most már	indefinite
törekszik	doc#2753	<s> Mindig arra	törekszem	, hogy	indefinite
alszik	doc#2753	, akkor benn	alszom	a városban . </s>	indefinite
igyekszik	doc#2753	a szakmát . </s><s>	Igyekszem	olyat	indefinite
alszik	doc#2753	állva nem	alszom	el . </s><s> A	indefinite
igyekszik	doc#2753	a fonákját	igyekszem	majd	definite
igyekszik	doc#2754	érhetnek . </s><s>	Igyekszem	nagyon	indefinite
alszik	doc#2754	a kocsiban	alszom	. </s><s> A	indefinite
alszik	doc#2754	előbb	alszom	egy hétig ,	indefinite
igyekszik	doc#2754	külföldön ,	igyekszem	minél több	indefinite
igyekszik	doc#2754	3 -ban . </s><s> És	igyekszem	minél	indefinite
igyekszik	doc#2754	<s> - Ez az , amin	igyekszem	tudatosan	indefinite
igyekszik	doc#2754	rá , és	igyekszem	úgy	indefinite
igyekszik	doc#2754	, és ezt	igyekszem	- ha nem is	definite
alszik	doc#2754	sétálok ,	alszom	a	indefinite
alszik	doc#2755	. </s><s> Néha itt is	alszom	, az	indefinite
alszik	doc#2755	NA	alszom	vagy egész	indefinite
igyekszik	doc#2755	, hogy """"	igyekszem	a lehető	indefinite
igyekszik	doc#2755	során , és	igyekszem	filmi	indefinite
igyekszik	doc#2755	: hiába	igyekszem	NA	indefinite
igyekszik	doc#2755	egészről ,	igyekszem	magam távol	indefinite
igyekszik	doc#2755	önben ? </s><s> -	Igyekszem	az	indefinite
igyekszik	doc#2755	, és	igyekszem	minél több	indefinite
igyekszik	doc#2755	azért	igyekszem	empatikus	indefinite
igyekszik	doc#2755	előtérben . </s><s>	Igyekszem	olyankor	indefinite
alszik	doc#2756	napokig nem	alszom	. </s><s> Mindegyik	indefinite
igyekszik	doc#2756	, úgyhogy	igyekszem	elkerülni ,	indefinite
igyekszik	doc#2756	szükség . </s><s>	Igyekszem	annyit	indefinite
törekszik	doc#2756	igen . </s><s>	Törekszem	arra , hogy	indefinite
igyekszik	doc#2756	? </s><s> Ó , igen ,	igyekszem	hat-nyolc	indefinite
alszik	doc#2756	, és nyolcig	alszom	. </s><s> Naponta	indefinite
igyekszik	doc#2756	ezek közül	igyekszem	minél	indefinite
igyekszik	doc#2756	, akkor is	igyekszem	napi	indefinite
igyekszik	doc#2756	. </s><s> Persze	igyekszem	, hogy ez ne	indefinite
igyekszik	doc#2756	azon	igyekszem	, hogy	indefinite
igyekszik	doc#2756	évben már	igyekszem	máshogy	indefinite
úszik	doc#2756	, edzem ,	úszom	, próbálok	indefinite
igyekszik	doc#2758	én is mindig	igyekszem	nyitott	indefinite
igyekszik	doc#2758	, az is mást . </s><s>	Igyekszem	, hogy	indefinite
igyekszik	doc#2758	évek során ? </s><s>	Igyekszem	ésszel	indefinite
igyekszik	doc#2767	videót . </s><s> """"	Igyekszem	 -	indefinite
igyekszik	doc#2768	kezdenem . </s><s>	Igyekszem	nem	indefinite
igyekszik	doc#2769	, és	igyekszem	is . </s><s> Örülök	indefinite
igyekszik	doc#2769	, de én	igyekszem	a hazai	indefinite
igyekszik	doc#2769	szavam ,	igyekszem	vidámságot	indefinite
igyekszik	doc#2769	az oka , hogy	igyekszem	minél	indefinite
igyekszik	doc#2769	haza , és	igyekszem	minél	indefinite
cselekszik	doc#2769	, ha másképp	cselekszem	. </s><s> Jézus azt	indefinite
igyekszik	doc#2769	, és én is	igyekszem	NA	indefinite
igyekszik	doc#2769	a díjnak , de	igyekszem	a helyén	indefinite
igyekszik	doc#2770	, de majd	igyekszem	utolérni	indefinite
igyekszik	doc#2770	rendesen . </s><s>	Igyekszem	kipihenni a	indefinite
igyekszik	doc#2770	, de	igyekszem	mindent	indefinite
igyekszik	doc#2771	NA	igyekszem	majd élni a	indefinite
igyekszik	doc#2788	a számomra ,	igyekszem	megfelelni	indefinite
alszik	doc#2791	üzem . </s><s> """" Ha én	alszom	, felőlem	indefinite
alszik	doc#2794	, addig nála	alszom	 - tette	indefinite
alszik	doc#2795	takaróval	alszom	. </s><s> Hétvége	indefinite
cselekszik	doc#2795	szerint	cselekszem	, sokan	indefinite
igyekszik	doc#2795	. </s><s> """" Egyelőre	igyekszem	nem	indefinite
igyekszik	doc#2795	NA	igyekszem	intézkedni	indefinite
cselekszik	doc#2798	ezért nem	cselekszem	ilyet . </s><s> De	indefinite
igyekszik	doc#2798	Gábor ] </s><s> -	Igyekszem	, de nem	indefinite
igyekszik	doc#2798	. </s><s> """" Kitörni	igyekszem	abból a	indefinite
alszik	doc#2798	NA	alszom	, és üres	indefinite
igyekszik	doc#2801	oldalra . </s><s> De	igyekszem	NA	indefinite
igyekszik	doc#2801	se ,	igyekszem	a Józsit is	definite
törekszik	doc#2804	arra	törekszem	, hogy a	indefinite
igyekszik	doc#2804	a szagot ,	igyekszem	felidézni	indefinite
igyekszik	doc#2804	is	igyekszem	megvetni a	indefinite
igyekszik	doc#2804	is . </s><s> """" Nagyon	igyekszem	elkerülni	indefinite
igyekszik	doc#2807	írásban	igyekszem	válaszolni	indefinite
alszik	doc#2807	Vojtinával	alszom	el este , és	indefinite
igyekszik	doc#2807	<s> Én talán nem	igyekszem	? </s><s> Én nem	indefinite
igyekszik	doc#2808	telhetően	igyekszem	NA	indefinite
alszik	doc#2809	van , és azon	alszom	, azt nem	indefinite
alszik	doc#2809	NA	alszom	még ebben a	indefinite
alszik	doc#2809	párna , azon	alszom	. </s><s> A rendőrök	indefinite
úszik	doc#2810	nem	úszom	, sőt	indefinite
cselekszik	doc#2810	. </s><s> Mert ha jól	cselekszem	, minden	indefinite
cselekszik	doc#2810	, akkor jól	cselekszem	minden	indefinite
igyekszik	doc#2811	nekik is	igyekszem	több	indefinite
igyekszik	doc#2811	, ezért én	igyekszem	a cicáimnak	indefinite
törekszik	doc#2813	arra	törekszem	, hogy	indefinite
igyekszik	doc#2813	adatokba ,	igyekszem	nem ránézni	indefinite
igyekszik	doc#2813	jó kérdés ,	igyekszem	mindent	indefinite
törekszik	doc#2813	. </s><s> """" Arra	törekszem	, nehogy	indefinite
alszik	doc#2813	? </s><s> Itt nem	alszom	. """" </s><s> Miután	indefinite
törekszik	doc#2813	, hogy """" arra	törekszem	, nehogy	indefinite
igyekszik	doc#2822	. </s><s> Őket úgy	igyekszem	életre	indefinite
igyekszik	doc#2822	a lista ,	igyekszem	majd idővel	indefinite
alszik	doc#2822	, 10-kor	alszom	. </s><s> Azt mondta	indefinite
igyekszik	doc#2822	a vonalán	igyekszem	haladni ,	indefinite
igyekszik	doc#2822	Gergely </s><s>	Igyekszem	sokat	indefinite
igyekszik	doc#2828	illeti ,	igyekszem	kizárólag a	indefinite
igyekszik	doc#2832	én is , de	igyekszem	egészséges	indefinite
igyekszik	doc#2832	szerint	igyekszem	bemutatni ,	indefinite
igyekszik	doc#2832	egy jó ideje	igyekszem	jó ember	indefinite
igyekszik	doc#2832	Afrikát ,	igyekszem	minden	indefinite
igyekszik	doc#2832	. </s><s>	Igyekszem	megfelelni	indefinite
igyekszik	doc#2832	nagyon	igyekszem	a legjobb	indefinite
igyekszik	doc#2832	a mai kort is	igyekszem	valamilyen	indefinite
igyekszik	doc#2832	személyben	igyekszem	beszélni ,	indefinite
igyekszik	doc#2833	NA	igyekszem	jót	indefinite
igyekszik	doc#2833	, de	igyekszem	inkább	indefinite
törekszik	doc#2833	táncba . </s><s> """"	Törekszem	a táncos	indefinite
igyekszik	doc#2833	. </s><s> Általában	igyekszem	olyan távol	indefinite
igyekszik	doc#2833	között . </s><s>	Igyekszem	kerülni	indefinite
igyekszik	doc#2834	előadás ! </s><s>	Igyekszem	az	indefinite
igyekszik	doc#2834	is . </s><s>	Igyekszem	mindig	indefinite
igyekszik	doc#2847	mezőnnyel . </s><s>	Igyekszem	majd	indefinite
törekszik	doc#2848	eredményre	törekszem	az Ausztrál	indefinite
igyekszik	doc#2849	'' címet	igyekszem	majd	indefinite
igyekszik	doc#2863	: """"	igyekszem	megelőzni ,	indefinite
törekszik	doc#2864	NA	törekszem	 -	indefinite
igyekszik	doc#2864	benne ... </s><s>	Igyekszem	a lehető	indefinite
igyekszik	doc#2864	, és	igyekszem	majd úgy	indefinite
igyekszik	doc#2864	lépésre	igyekszem	haladni """" -	indefinite
igyekszik	doc#2869	szerint """"	igyekszem	ügyelni	indefinite
igyekszik	doc#2871	eszközzel	igyekszem	tisztázni	indefinite
alszik	doc#2871	nyugodtan	alszom	 - mondja . </s>	indefinite
alszik	doc#2875	kilenc órát	alszom	, meditálok	indefinite
törekszik	doc#2875	viszonyra	törekszem	. </s><s> Volt talán	indefinite
igyekszik	doc#2877	, azóta	igyekszem	a lehető	indefinite
alszik	doc#2878	iszom és	alszom	- nem	indefinite
alszik	doc#2878	pihenek ,	alszom	, iszom ,	indefinite
alszik	doc#2878	iszom és	alszom	- nem	indefinite
alszik	doc#2878	iszom és	alszom	- nem	indefinite
igyekszik	doc#2880	maradékot ,	igyekszem	annyi ételt	indefinite
alszik	doc#2882	, hogy sokat	alszom	vagy	indefinite
törekszik	doc#2885	. </s><s>	Törekszem	NA	indefinite
igyekszik	doc#2885	kicsi , és én	igyekszem	úgy	indefinite
igyekszik	doc#2885	, de azóta	igyekszem	kerülni . </s>	indefinite
igyekszik	doc#2885	tudásokat	igyekszem	keresni és	indefinite
igyekszik	doc#2885	legjavát	igyekszem	NA	indefinite
igyekszik	doc#2885	együtt élve	igyekszem	a legtöbbet	definite
törekszik	doc#2885	mindig arra	törekszem	, hogy	indefinite
igyekszik	doc#2885	NA	igyekszem	NA	indefinite
igyekszik	doc#2885	. </s><s>	Igyekszem	most	indefinite
úszik	doc#2885	férfi . </s><s>	Úszom	a tengerben	indefinite
igyekszik	doc#2885	NA	igyekszem	legalább az	indefinite
úszik	doc#2886	<s> A tengerben	úszom	, amikor	indefinite
igyekszik	doc#2886	NA	igyekszem	tovább	indefinite
igyekszik	doc#2886	szabad ) . </s><s>	Igyekszem	napközben	indefinite
igyekszik	doc#2886	, és bár	igyekszem	titkolni ,	indefinite
igyekszik	doc#2886	8 órát . </s><s>	Igyekszem	. </s><s> 4 óráig	indefinite
étkezik	doc#2886	gazdagon	étkezem	. </s><s> Reggelire	indefinite
igyekszik	doc#2886	. </s><s> Én	igyekszem	minden	indefinite
alszik	doc#2886	rosszul	alszom	,	indefinite
igyekszik	doc#2886	, úgyhogy	igyekszem	elcsípni	indefinite
alszik	doc#2886	a folyosón	alszom	, mivel	indefinite
igyekszik	doc#2886	, tudatosan	igyekszem	ezt kezelni	definite
igyekszik	doc#2888	a lángot ? </s><s> Én	igyekszem	NA	indefinite
igyekszik	doc#2888	 , sőt ,	igyekszem	meggyőzni	indefinite
igyekszik	doc#2888	ezt azóta is	igyekszem	betartani . </s>	indefinite
igyekszik	doc#2888	, és	igyekszem	neki minél	indefinite
igyekszik	doc#2888	Csilla ! </s><s>	Igyekszem	sorba venni	indefinite
alszik	doc#2888	békésen	alszom	? </s><s> Miért kell	indefinite
alszik	doc#2889	, és még nem	alszom	. </s><s> Egyre	indefinite
igyekszik	doc#2889	NA	igyekszem	elaludni . </s>	indefinite
igyekszik	doc#2889	magam , de	igyekszem	gyakorolni	indefinite
alszik	doc#2889	. </s><s> Erre	alszom	el . </s><s> Dukát	indefinite
alszik	doc#2889	. </s><s> Altatóval	alszom	, nem tudom	indefinite
igyekszik	doc#2889	leülök ,	igyekszem	NA	indefinite
alszik	doc#2889	, iszom ,	alszom	, eljárok	indefinite
igyekszik	doc#2889	nézni ,	igyekszem	tehát	indefinite
igyekszik	doc#2889	? </s><s>	Igyekszem	megfogadni	indefinite
étkezik	doc#2889	NA	étkezem	, és sokkal	indefinite
igyekszik	doc#2889	nagyon	igyekszem	, hogy	indefinite
igyekszik	doc#2889	szinten	igyekszem	kerülni a	indefinite
alszik	doc#2889	, de én nem	alszom	akárhol """" </s>	indefinite
úszik	doc#2889	már nem	úszom	meg némi	indefinite
alszik	doc#2889	, és velük	alszom	el . </s><s> Azért jó	indefinite
igyekszik	doc#2889	, de	igyekszem	keveset	indefinite
igyekszik	doc#2889	NA	igyekszem	vigyázni az	indefinite
igyekszik	doc#2889	NA	igyekszem	élni azon	indefinite
igyekszik	doc#2889	főzni , de	igyekszem	megtanulni	indefinite
alszik	doc#2889	15 órát	alszom	, és amikor	indefinite
igyekszik	doc#2889	. </s><s>	Igyekszem	ezen	indefinite
alszik	doc#2889	éjszaka	alszom	teljesen a	indefinite
étkezik	doc#2889	NA	étkezem	, meg persze	indefinite
igyekszik	doc#2889	. </s><s> - """" De	igyekszem	mindent	indefinite
igyekszik	doc#2889	amíg meleg . </s><s>	Igyekszem	addig	indefinite
igyekszik	doc#2890	, én pedig	igyekszem	nem túl	indefinite
igyekszik	doc#2890	kerestem . </s><s>	Igyekszem	mindent	indefinite
igyekszik	doc#2890	jólesik . </s><s>	Igyekszem	NA	indefinite
igyekszik	doc#2890	, és	igyekszem	minél több	indefinite
igyekszik	doc#2890	nem . </s><s>	Igyekszem	NA	indefinite
igyekszik	doc#2890	, ezért	igyekszem	nem	indefinite
étkezik	doc#2890	. </s><s> """" Ugyanúgy	étkezem	, mint	indefinite
igyekszik	doc#2890	munka :	igyekszem	megtalálni	indefinite
igyekszik	doc#2890	után . </s><s> """"	Igyekszem	profiként	indefinite
igyekszik	doc#2890	. """" </s><s> """"	Igyekszem	minden	indefinite
igyekszik	doc#2891	tornázok és	igyekszem	egészséges	indefinite
igyekszik	doc#2891	csak nagyon	igyekszem	figyelni ,	indefinite
igyekszik	doc#2892	kívül is	igyekszem	sokat	indefinite
igyekszik	doc#2892	eggyel , de	igyekszem	NA	indefinite
igyekszik	doc#2892	, de most	igyekszem	minden	indefinite
igyekszik	doc#2892	, és	igyekszem	NA	indefinite
igyekszik	doc#2892	magam előtt	igyekszem	NA	indefinite
igyekszik	doc#2892	hétben már	igyekszem	korán ágyba	indefinite
igyekszik	doc#2892	nehéz , de	igyekszem	humorral	indefinite
igyekszik	doc#2892	is	igyekszem	lerázni . """" </s>	indefinite
igyekszik	doc#2892	az illetőt . </s><s>	Igyekszem	a	indefinite
igyekszik	doc#2892	, és	igyekszem	nagyon	indefinite
alszik	doc#2892	annyit	alszom	, amennyit	indefinite
igyekszik	doc#2893	pont én , de	igyekszem	túllépni	indefinite
alszik	doc#2904	óta abban	alszom	) , mint	indefinite
igyekszik	doc#2906	, és	igyekszem	ebből	indefinite
igyekszik	doc#2906	hajlam ? </s><s> -	Igyekszem	. </s><s> Számomra a	indefinite
igyekszik	doc#2906	mindent ,	igyekszem	elképzelni	indefinite
törekszik	doc#2906	. </s><s>	Törekszem	a tiszta	indefinite
igyekszik	doc#2906	még mindig	igyekszem	Paul	indefinite
igyekszik	doc#2907	pedig	igyekszem	egy kicsit	indefinite
törekszik	doc#2907	is . </s><s> Arra	törekszem	, hogy	indefinite
igyekszik	doc#2907	alatt	igyekszem	mindig őket	indefinite
igyekszik	doc#2907	is	igyekszem	NA	indefinite
igyekszik	doc#2907	, ezért	igyekszem	is minden	indefinite
cselekszik	doc#2907	jut , és már	cselekszem	is . </s><s> Inkább	indefinite
törekszik	doc#2907	annyira	törekszem	a jóra , hogy	indefinite
igyekszik	doc#2907	ezért	igyekszem	jobban az	indefinite
igyekszik	doc#2907	érzéseket	igyekszem	generálni ,	indefinite
igyekszik	doc#2907	és mindezt	igyekszem	a zenémben	definite
törekszik	doc#2908	NA	törekszem	az éppen	indefinite
igyekszik	doc#2909	NA	igyekszem	tenni a	indefinite
alszik	doc#2909	? </s><s> - Amikor	alszom	. </s><s> Nagyon	indefinite
igyekszik	doc#2909	<s> De én nagyon	igyekszem	. </s><s> Milyen egy	indefinite
étkezik	doc#2911	NA	étkezem	. </s><s> Ismered a	indefinite
igyekszik	doc#2912	, de ezt	igyekszem	NA	definite
igyekszik	doc#2912	, mostantól	igyekszem	minél több	indefinite
igyekszik	doc#2912	is	igyekszem	minél több	indefinite
igyekszik	doc#2924	vonzalmat	igyekszem	a	indefinite
igyekszik	doc#2925	keresztül	igyekszem	láttatni	indefinite
cselekszik	doc#2925	NA	cselekszem	a térben :	indefinite
alszik	doc#2925	: eszem ,	alszom	, fát vágok	indefinite
alszik	doc#2925	közt	alszom	ma . </s>	indefinite
igyekszik	doc#2925	ugye ? </s><s> - Csak	igyekszem	. </s><s> És maga ? </s><s> -	indefinite
törekszik	doc#2925	NA	törekszem	 - mondta a	indefinite
igyekszik	doc#2925	valamit . </s><s> Én	igyekszem	érdekes	indefinite
úszik	doc#2926	, néha	úszom	és vákuumos	indefinite
igyekszik	doc#2926	. </s><s> Nagyon	igyekszem	csak a	indefinite
törekszik	doc#2928	ki , arra	törekszem	, hogy	indefinite
mozizik	doc#2929	albumukon (	Mozizom	- Cinema''C )	indefinite
igyekszik	doc#2929	, akkor	igyekszem	időt	indefinite
mozizik	doc#2930	a zenekar	Mozizom	című	indefinite
igyekszik	doc#2930	vagyok ,	igyekszem	meditációs	indefinite
alszik	doc#2936	jól	alszom	, álmodni	indefinite
törekszik	doc#2936	NA	törekszem	. </s><s> Ma száz	indefinite
igyekszik	doc#2936	, és	igyekszem	úgy	indefinite
igyekszik	doc#2936	meccsemen	igyekszem	jól	indefinite
törekszik	doc#2936	győzelemre	törekszem	, de ebben az	indefinite
igyekszik	doc#2936	NA	igyekszem	hasznosan	indefinite
igyekszik	doc#2936	? </s><s> -	Igyekszem	, de nem lesz	indefinite
igyekszik	doc#2936	NA	igyekszem	bepótolni . </s>	indefinite
igyekszik	doc#2936	szintjén	igyekszem	követni a	indefinite
igyekszik	doc#2938	tanulnom , s	igyekszem	is . </s><s> Főleg a	indefinite
alszik	doc#2938	rengeteget	alszom	, a délutáni	indefinite
igyekszik	doc#2938	. </s><s> A hibákat	igyekszem	NA	definite
igyekszik	doc#2939	a formámat	igyekszem	majd hozni	definite
törekszik	doc#2939	ezért arra	törekszem	, hogy	indefinite
igyekszik	doc#2939	, emellett	igyekszem	majd	indefinite
igyekszik	doc#2939	a szakaszok	igyekszem	az élre	indefinite
igyekszik	doc#2939	a Sturmban	igyekszem	majd úgy	indefinite
igyekszik	doc#2939	szintén	igyekszem	minden	indefinite
igyekszik	doc#2939	emberhez . </s><s>	Igyekszem	majd annyit	indefinite
igyekszik	doc#2939	elvárást ,	igyekszem	ennek	indefinite
törekszik	doc#2939	, nem	törekszem	a helyére ,	indefinite
igyekszik	doc#2940	előtt , s bár	igyekszem	felejteni ,	indefinite
igyekszik	doc#2940	, inkább	igyekszem	NA	indefinite
igyekszik	doc#2940	tust , majd	igyekszem	megőrizni a	indefinite
igyekszik	doc#2940	NA	igyekszem	taktikázni	indefinite
úszik	doc#2940	NA	úszom	is az	indefinite
igyekszik	doc#2940	történni . </s><s>	Igyekszem	mindent	indefinite
igyekszik	doc#2940	Mindkettő . </s><s>	Igyekszem	jó	indefinite
igyekszik	doc#2940	más hátra ,	igyekszem	a jövő évi	indefinite
alszik	doc#2940	. </s><s> """" Egy jót	alszom	, aztán este	indefinite
igyekszik	doc#2940	? </s><s> -	Igyekszem	. </s><s> Érdekes	indefinite
igyekszik	doc#2942	, és	igyekszem	elcserélni	indefinite
törekszik	doc#2942	. </s><s> """" Négy éve	törekszem	arra , hogy	indefinite
törekszik	doc#2942	győzelemre	törekszem	, nem	indefinite
igyekszik	doc#2942	döntőre ? </s><s> -	Igyekszem	elterelni a	indefinite
igyekszik	doc#2942	tudom , de	igyekszem	a lehető	indefinite
igyekszik	doc#2942	, így	igyekszem	hamar	indefinite
igyekszik	doc#2945	figyelmet	igyekszem	fordítani a	indefinite
igyekszik	doc#2945	, és én	igyekszem	boldog	indefinite
igyekszik	doc#2945	. </s><s> Én azért	igyekszem	, hogy	indefinite
igyekszik	doc#2945	,	igyekszem	alaposan	indefinite
úszik	doc#2945	örömből	úszom	Az athéni	indefinite
igyekszik	doc#2945	, majd	igyekszem	ezzel is	indefinite
igyekszik	doc#2945	,	igyekszem	a játékra	indefinite
igyekszik	doc#2945	belül	igyekszem	NA	indefinite
igyekszik	doc#2945	, és most	igyekszem	minél	indefinite
törekszik	doc#2945	is . </s><s> Arra	törekszem	majd , hogy a	indefinite
úszik	doc#2945	örömből	úszom	Pásztory	indefinite
igyekszik	doc#2945	. </s><s>	Igyekszem	az év minden	indefinite
igyekszik	doc#2949	,	igyekszem	minél jobb	indefinite
törekszik	doc#2949	a legjobbra	törekszem	, nagyon	indefinite
alszik	doc#2949	NA	alszom	 - reagált a	indefinite
úszik	doc#2949	. </s><s> Egerben	úszom	, Krajnyák	indefinite
igyekszik	doc#2949	csapatába ,	igyekszem	élni a	indefinite
igyekszik	doc#2949	idejét	igyekszem	fizikai	indefinite
igyekszik	doc#2949	lesz , de	igyekszem	ezt is	definite
törekszik	doc#2949	. </s><s> Arra	törekszem	, hogy	indefinite
törekszik	doc#2949	. </s><s> Nem	törekszem	arra , hogy	indefinite
törekszik	doc#2949	, de nem	törekszem	arra , hogy	indefinite
igyekszik	doc#2949	. </s><s> -	Igyekszem	NA	indefinite
igyekszik	doc#2949	,	igyekszem	a realitás	indefinite
úszik	doc#2949	Budapestig	úszom	a Dunában ,	indefinite
igyekszik	doc#2949	feladnak	igyekszem	NA	indefinite
igyekszik	doc#2951	a jövőben	igyekszem	nagyon	indefinite
alszik	doc#2951	, hogy még	alszom	rá néhányat	indefinite
alszik	doc#2951	, ezért még	alszom	rá egyet . </s>	indefinite
igyekszik	doc#2951	délután	igyekszem	elmenni ,	indefinite
úszik	doc#2951	azért így is	úszom	általában	indefinite
igyekszik	doc#2951	neki , s	igyekszem	NA	indefinite
igyekszik	doc#2952	aludni és	igyekszem	NA	indefinite
igyekszik	doc#2952	,	igyekszem	jól érezni	indefinite
törekszik	doc#2952	és én is arra	törekszem	, hogy a	indefinite
igyekszik	doc#2955	, és	igyekszem	a rutinomat	definite
törekszik	doc#2955	alatt ? </s><s> -	Törekszem	azt a	definite
alszik	doc#2955	<s> Két hete nem	alszom	, az jár a	indefinite
igyekszik	doc#2955	lesz , de	igyekszem	gyorsan	indefinite
igyekszik	doc#2955	NA	igyekszem	majd	indefinite
igyekszik	doc#2955	, és	igyekszem	őket	indefinite
úszik	doc#2955	, hogy	úszom	és úszom ,	indefinite
úszik	doc#2955	úszom és	úszom	, majd	indefinite
igyekszik	doc#2957	,	igyekszem	megtanulni	indefinite
igyekszik	doc#2957	óta . </s><s>	Igyekszem	mindenből	indefinite
törekszik	doc#2957	, arra	törekszem	, hogy	indefinite
igyekszik	doc#2957	lesz . </s><s> Most	igyekszem	megfelelni	indefinite
igyekszik	doc#2957	a jövőben is	igyekszem	szép	indefinite
igyekszik	doc#2957	. </s><s> Edzőként	igyekszem	minél	indefinite
cselekszik	doc#2957	ugyanígy	cselekszem	majd """" . </s><s> palj </s>	indefinite
igyekszik	doc#2957	téve . </s><s>	Igyekszem	azokat a	indefinite
igyekszik	doc#2957	. </s><s> Azóta is	igyekszem	sokat	indefinite
igyekszik	doc#2957	van , de	igyekszem	magam	indefinite
igyekszik	doc#2957	? </s><s> -	Igyekszem	nagyon jól	indefinite
igyekszik	doc#2957	,	igyekszem	minden	indefinite
törekszik	doc#2957	is arra	törekszem	, hogy a	indefinite
törekszik	doc#2957	, arra	törekszem	, hogy az Eb	indefinite
igyekszik	doc#2957	is	igyekszem	majd	indefinite
úszik	doc#2957	mellett	úszom	. </s><s> Az elején	indefinite
igyekszik	doc#2957	is	igyekszem	majd	indefinite
igyekszik	doc#2959	éppen ezért	igyekszem	mindig	indefinite
igyekszik	doc#2959	NA	igyekszem	NA	indefinite
igyekszik	doc#2959	NA	igyekszem	minél	indefinite
igyekszik	doc#2959	, és	igyekszem	idén is	indefinite
alszik	doc#2959	, arra még	alszom	vagy kettőt	indefinite
törekszik	doc#2959	rám , arra	törekszem	, hogy ezt a	indefinite
igyekszik	doc#2959	,	igyekszem	majd úgy	indefinite
igyekszik	doc#2959	azért	igyekszem	NA	indefinite
igyekszik	doc#2959	hobbijaim :	igyekszem	sok időt	indefinite
úszik	doc#2959	, milyen jól	úszom	a levegőben	indefinite
törekszik	doc#2961	, én is arra	törekszem	, hogy minél	indefinite
igyekszik	doc#2961	meccsen	igyekszem	kihozni	indefinite
igyekszik	doc#2961	haladni . </s><s> """"	Igyekszem	mindig az	indefinite
igyekszik	doc#2961	. </s><s> Persze	igyekszem	reálisan	indefinite
igyekszik	doc#2961	illeti , én	igyekszem	elkerülni ,	indefinite
igyekszik	doc#2961	általában	igyekszem	a saját	definite
igyekszik	doc#2962	,	igyekszem	a lehető	indefinite
igyekszik	doc#2962	. </s><s> Ám ezzel	igyekszem	nem	indefinite
igyekszik	doc#2962	döntőben is	igyekszem	majd a	indefinite
igyekszik	doc#2962	, de később	igyekszem	NA	indefinite
igyekszik	doc#2962	hátra , és	igyekszem	lépésről	indefinite
igyekszik	doc#2962	mindig	igyekszem	a maximumot	definite
igyekszik	doc#2963	pedig már	igyekszem	előre nézni	indefinite
igyekszik	doc#2963	rosszban	igyekszem	valami jót	indefinite
igyekszik	doc#2963	, de ezzel	igyekszem	nem	indefinite
igyekszik	doc#2963	, amivel	igyekszem	élni , és	indefinite
törekszik	doc#2963	, arra	törekszem	, hogy a	indefinite
igyekszik	doc#2963	erősítem ,	igyekszem	az	indefinite
úszik	doc#2963	mellet	úszom	, akkor már	indefinite
úszik	doc#2963	a pályán	úszom	, még egy	indefinite
alszik	doc#2964	<s> """" Nem nagyon	alszom	, csak	indefinite
igyekszik	doc#2964	számára . </s><s>	Igyekszem	majd	indefinite
úszik	doc#2964	nem	úszom	 - reagált	indefinite
igyekszik	doc#2965	mit akarok . </s><s>	Igyekszem	mindent	indefinite
igyekszik	doc#2965	volna . </s><s>	Igyekszem	a lehető	indefinite
igyekszik	doc#2965	megnőttek . </s><s>	Igyekszem	az ezekkel	indefinite
alszik	doc#2965	az ágyba , és	alszom	. </s><s> De	indefinite
igyekszik	doc#2965	, de így is	igyekszem	kedd estére	indefinite
alszik	doc#2965	,	alszom	egyet az	indefinite
igyekszik	doc#2965	adni , én meg	igyekszem	megfogadni	indefinite
törekszik	doc#2965	arra	törekszem	, hogy ez	indefinite
igyekszik	doc#2965	úszásaim . </s><s>	Igyekszem	reálisan	indefinite
igyekszik	doc#2965	persze	igyekszem	gyakorolni	indefinite
igyekszik	doc#2965	,	igyekszem	nem	indefinite
igyekszik	doc#2966	az életet ,	igyekszem	segíteni a	indefinite
alszik	doc#2966	. </s><s> """" Még	alszom	rá egyet , de	indefinite
igyekszik	doc#2966	is . </s><s>	Igyekszem	a legtöbbet	definite
igyekszik	doc#2966	még mindig	igyekszem	sok	indefinite
törekszik	doc#2966	. </s><s> Én sem arra	törekszem	, hogy	indefinite
igyekszik	doc#2966	az ügyre , de	igyekszem	magam	indefinite
igyekszik	doc#2966	ellenére	igyekszem	mindent	indefinite
igyekszik	doc#2966	, és én	igyekszem	a saját	definite
igyekszik	doc#2966	hétre	igyekszem	a legjobbat	definite
törekszik	doc#2968	NA	törekszem	. </s><s> Bízom	indefinite
igyekszik	doc#2968	szerint	igyekszem	megoldani """"	indefinite
úszik	doc#2968	nem tízszer	úszom	el , hanem	indefinite
alszik	doc#2968	kétszer	alszom	, hogy	indefinite
úszik	doc#2968	: biztos	úszom	vagy	indefinite
igyekszik	doc#2968	. </s><s>	Igyekszem	nagyon	indefinite
törekszik	doc#2968	majd . </s><s> """" Arra	törekszem	, hogy a	indefinite
igyekszik	doc#2968	, majd	igyekszem	utánozni . </s>	indefinite
úszik	doc#2968	számára """" Én	úszom	- Te	indefinite
igyekszik	doc#2968	. </s><s> Mindig	igyekszem	harmonikus	indefinite
úszik	doc#2968	a kétszázat	úszom	másodikra ,	definite
úszik	doc#2968	mellett	úszom	, a fenti	indefinite
igyekszik	doc#2968	rajtot , s	igyekszem	megtenni	indefinite
úszik	doc#2968	, mindennap	úszom	, s ez már az	indefinite
alszik	doc#2968	szinte csak	alszom	. </s><s> Azért a	indefinite
igyekszik	doc#2969	NA	igyekszem	pótolni . """" </s>	indefinite
cselekszik	doc#2969	ösztönösen	cselekszem	, de hogy ez	indefinite
igyekszik	doc#2969	, akkor	igyekszem	NA	indefinite
igyekszik	doc#2969	NA	igyekszem	a lehető	indefinite
igyekszik	doc#2969	, én	igyekszem	majd a	indefinite
igyekszik	doc#2969	lesz baj . </s><s>	Igyekszem	NA	indefinite
igyekszik	doc#2969	, minthogy	igyekszem	még jobban	indefinite
törekszik	doc#2969	NA	törekszem	. """" </s>	indefinite
igyekszik	doc#2969	. </s><s>	Igyekszem	minél előbb	indefinite
igyekszik	doc#2969	előtt ,	igyekszem	az	indefinite
úszik	doc#2969	ha együtt	úszom	NA	indefinite
úszik	doc#2969	harmadszor	úszom	a távot , már	definite
igyekszik	doc#2969	feladatra ,	igyekszem	minden	indefinite
igyekszik	doc#2969	,	igyekszem	minél	indefinite
úszik	doc#2969	kondizom ,	úszom	, futok	indefinite
igyekszik	doc#2969	: Majd	igyekszem	NA	indefinite
igyekszik	doc#2969	. </s><s> Majd	igyekszem	NA	indefinite
igyekszik	doc#2969	. </s><s> Én viszont	igyekszem	azt a	definite
igyekszik	doc#2971	élek , de	igyekszem	pontot	indefinite
igyekszik	doc#2971	harcból is	igyekszem	a	indefinite
igyekszik	doc#2971	, bár most is	igyekszem	segíteni ,	indefinite
igyekszik	doc#2971	megéri -e . </s><s>	Igyekszem	minél	indefinite
igyekszik	doc#2971	, és gyakran	igyekszem	a sorokat	definite
igyekszik	doc#2971	, hanem	igyekszem	NA	indefinite
igyekszik	doc#2971	jól leszek ,	igyekszem	majd	indefinite
alszik	doc#2971	is	alszom	, nagyon	indefinite
igyekszik	doc#2971	megkapom ,	igyekszem	majd élni	indefinite
igyekszik	doc#2971	szerint	igyekszem	még feljebb	indefinite
igyekszik	doc#2971	,	igyekszem	majd	indefinite
igyekszik	doc#2972	NA	igyekszem	meghálálni	indefinite
úszik	doc#2972	. </s><s> Azóta	úszom	, pihenek ,	indefinite
igyekszik	doc#2975	vagyok , és	igyekszem	NA	indefinite
igyekszik	doc#2975	, és	igyekszem	megmutatni	indefinite
igyekszik	doc#2975	sem törődve	igyekszem	a dolog	indefinite
igyekszik	doc#2975	, de ezt	igyekszem	kizárni a	definite
igyekszik	doc#2975	is , mert én	igyekszem	megszűrni	indefinite
úszik	doc#2975	a rák ellen ,	úszom	,	indefinite
igyekszik	doc#2975	adódik ,	igyekszem	gyorsan	indefinite
igyekszik	doc#2975	, és	igyekszem	meghálálni	indefinite
igyekszik	doc#2975	szóba ? </s><s>	Igyekszem	a	indefinite
igyekszik	doc#2975	egy meccs . </s><s>	Igyekszem	azóta is	indefinite
törekszik	doc#2976	a tökélyre	törekszem	. </s><s> Síelőként	indefinite
igyekszik	doc#2979	és a jövőben	igyekszem	jobban	indefinite
igyekszik	doc#2979	bennem ,	igyekszem	majd jóvá	indefinite
igyekszik	doc#2979	meg . </s><s> """"	Igyekszem	a	indefinite
igyekszik	doc#2979	érdekében	igyekszem	sokkal	indefinite
igyekszik	doc#2979	érjen el . </s><s> Én	igyekszem	elkerülni	indefinite
alszik	doc#2979	, de még	alszom	rá egyet """" . </s>	indefinite
igyekszik	doc#2979	,	igyekszem	tehát a	indefinite
igyekszik	doc#2979	<s> """" Tartok , de	igyekszem	NA	indefinite
úszik	doc#2979	és	úszom	. </s>	indefinite
törekszik	doc#2982	erre	törekszem	, azt hiszem	indefinite
igyekszik	doc#2986	jutott , és	igyekszem	milliónyi	indefinite
igyekszik	doc#2987	az árral . </s><s>	Igyekszem	minél	indefinite
alszik	doc#2987	eszem vagy	alszom	. </s><s> A különös ,	indefinite
törekszik	doc#2988	a maximumra	törekszem	, ami olykor	indefinite
igyekszik	doc#2990	2011 eleje . </s><s>	Igyekszem	, de ezzel	indefinite
igyekszik	doc#2990	<s> Elsősorban	igyekszem	NA	indefinite
igyekszik	doc#2990	NA	igyekszem	megragadni	indefinite
igyekszik	doc#2990	NA	igyekszem	úgy	indefinite
igyekszik	doc#2990	, ezért	igyekszem	megragadni	indefinite
igyekszik	doc#2990	hát nyilván	igyekszem	mindent	indefinite
igyekszik	doc#2990	rossz . </s><s> Én	igyekszem	bizonyos	indefinite
igyekszik	doc#2990	az őrt , és	igyekszem	nem	indefinite
úszik	doc#2990	, nem	úszom	meg	indefinite
törekszik	doc#2993	, de sose	törekszem	a marhahús	indefinite
törekszik	doc#2993	állagra	törekszem	, nem a pépre	indefinite
igyekszik	doc#2993	a csontot ,	igyekszem	minél több	indefinite
igyekszik	doc#2993	. </s><s>	Igyekszem	minél	indefinite
igyekszik	doc#2993	nyers , de	igyekszem	erre nem	indefinite
igyekszik	doc#2993	állítva	igyekszem	elhelyezni	indefinite
igyekszik	doc#2993	után	igyekszem	NA	indefinite
igyekszik	doc#2993	teszem . </s><s>	Igyekszem	elérni ,	indefinite
igyekszik	doc#2993	és	igyekszem	hasonlóra	indefinite
igyekszik	doc#2993	van , és	igyekszem	nem	indefinite
igyekszik	doc#2993	részbe	igyekszem	nem	indefinite
igyekszik	doc#2993	. </s><s> Mindenhol	igyekszem	hirdetni ,	indefinite
igyekszik	doc#2993	szemeket	igyekszem	NA	indefinite
igyekszik	doc#2993	, de majd	igyekszem	arra az öt és	indefinite
alszik	doc#2993	szomjasan	alszom	el . </s><s> Olyan	indefinite
alszik	doc#2993	el nem	alszom	közben . </s>	indefinite
alszik	doc#2993	napja nem	alszom	a	indefinite
igyekszik	doc#2994	szól , ezért	igyekszem	ráérezni	indefinite
törekszik	doc#2994	pedig	törekszem	arra , hogy	indefinite
törekszik	doc#3007	mindig arra	törekszem	, hogy az	indefinite
igyekszik	doc#3007	is	igyekszem	a heti	indefinite
alszik	doc#3007	otthon	alszom	,	indefinite
törekszik	doc#3008	a leginkább	törekszem	: a	indefinite
igyekszik	doc#3008	honlapom ,	igyekszem	mindig	indefinite
igyekszik	doc#3008	,	igyekszem	minden	indefinite
igyekszik	doc#3009	közben	igyekszem	jól	indefinite
igyekszik	doc#3010	új dolgokat	igyekszem	megfejteni	indefinite
igyekszik	doc#3010	, de	igyekszem	megmaradni	indefinite
igyekszik	doc#3010	akkor pedig	igyekszem	igazán	indefinite
törekszik	doc#3010	, csak nem	törekszem	mindig a	indefinite
igyekszik	doc#3010	vagyok ,	igyekszem	szó szerint	indefinite
igyekszik	doc#3010	, olyankor	igyekszem	szó szerint	indefinite
igyekszik	doc#3010	NA	igyekszem	átadni	indefinite
igyekszik	doc#3010	. </s><s> Emellett	igyekszem	klinikák ,	indefinite
igyekszik	doc#3010	. </s><s> Azaz	igyekszem	a kor	indefinite
igyekszik	doc#3012	kívűl , hogy	igyekszem	a	indefinite
igyekszik	doc#3012	szerint	igyekszem	elkerülni	indefinite
törekszik	doc#3025	én is arra	törekszem	, hogy	indefinite
igyekszik	doc#3027	játszom , és	igyekszem	eljutni új	indefinite
igyekszik	doc#3028	fel . </s><s> Én	igyekszem	a blokkok	indefinite
igyekszik	doc#3029	Máté . </s><s> - """"	Igyekszem	érdekes és	indefinite
igyekszik	doc#3031	NA	igyekszem	bátorítani	indefinite
igyekszik	doc#3031	is	igyekszem	aktív	indefinite
törekszik	doc#3032	arra	törekszem	, hogy	indefinite
alszik	doc#3032	Iván . </s><s> """" Nem	alszom	három napig	indefinite
alszik	doc#3032	füldugóval	alszom	hajnaltól ,	indefinite
igyekszik	doc#3033	NA	igyekszem	megnézni ,	indefinite
igyekszik	doc#3033	szerint	igyekszem	NA	indefinite
úszik	doc#3033	, hogy nem	úszom	meg a	indefinite
alszik	doc#3034	nyugodtan	alszom	. </s><s> Igen , a	indefinite
igyekszik	doc#3034	akkor is , ha	igyekszem	26-nál nem	indefinite
igyekszik	doc#3035	dolog , hogy	igyekszem	csak olyan	indefinite
törekszik	doc#3035	arra	törekszem	, hogy ne	indefinite
igyekszik	doc#3035	? </s><s> - Nem , mert	igyekszem	megóvni a	indefinite
igyekszik	doc#3035	, azt	igyekszem	nem	definite
igyekszik	doc#3035	a legjobbat	igyekszem	mindig	definite
igyekszik	doc#3035	egy kertet . </s><s>	Igyekszem	nem a sajtó	indefinite
igyekszik	doc#3035	. </s><s> Ennyi . </s><s> Én	igyekszem	nem	indefinite
alszik	doc#3035	aztán délig	alszom	, és még	indefinite
igyekszik	doc#3035	-ban	igyekszem	NA	indefinite
igyekszik	doc#3035	voltak , de	igyekszem	előre felé	indefinite
igyekszik	doc#3035	nagyon	igyekszem	kikerülni ,	indefinite
igyekszik	doc#3035	is kapok ,	igyekszem	NA	indefinite
igyekszik	doc#3035	semmi baj ,	igyekszem	a helyén	indefinite
törekszik	doc#3035	arra	törekszem	egyébként ,	indefinite
igyekszik	doc#3035	. </s><s> """"	Igyekszem	a dolgokat a	definite
igyekszik	doc#3036	, és mindig	igyekszem	NA	indefinite
igyekszik	doc#3036	,	igyekszem	kívül	indefinite
igyekszik	doc#3036	sem igaz , de	igyekszem	nem törődni	indefinite
alszik	doc#3036	kevesebbet	alszom	, mint eddig	indefinite
törekszik	doc#3036	, de nem is	törekszem	arra , hogy	indefinite
alszik	doc#3036	. </s><s> Jól	alszom	,	indefinite
úszik	doc#3036	, hogy csak	úszom	az árral ,	indefinite
igyekszik	doc#3036	,	igyekszem	őt	definite
igyekszik	doc#3036	van még ,	igyekszem	betartani	indefinite
igyekszik	doc#3036	pedig	igyekszem	NA	indefinite
alszik	doc#3036	, hogy lenn	alszom	, de ha	indefinite
alszik	doc#3036	a fiúval . </s><s>	Alszom	egy jót ,	indefinite
igyekszik	doc#3036	fogok adni ,	igyekszem	nem	indefinite
igyekszik	doc#3036	a nézőket . </s><s>	Igyekszem	megmutatni	indefinite
igyekszik	doc#3036	lenni . </s><s>	Igyekszem	nekik minél	indefinite
igyekszik	doc#3038	is , és	igyekszem	sokat	indefinite
igyekszik	doc#3038	- én	igyekszem	is ehhez	indefinite
igyekszik	doc#3038	. </s><s> És	igyekszem	, ahogy	indefinite
igyekszik	doc#3038	is írnak , de	igyekszem	ezeket nem	indefinite
igyekszik	doc#3038	ez a műsor ,	igyekszem	helyt állni	indefinite
igyekszik	doc#3038	. </s><s>	Igyekszem	olyan jó	indefinite
igyekszik	doc#3038	erőmmel	igyekszem	megfelelni	indefinite
igyekszik	doc#3038	, és	igyekszem	NA	indefinite
igyekszik	doc#3038	is	igyekszem	elnyerni ,	indefinite
igyekszik	doc#3038	tényleg	igyekszem	, hogy	indefinite
igyekszik	doc#3038	mindig	igyekszem	megnézni az	indefinite
igyekszik	doc#3039	sokat . </s><s>	Igyekszem	majd	indefinite
igyekszik	doc#3039	előtt , de	igyekszem	a	indefinite
igyekszik	doc#3039	. </s><s> Én	igyekszem	két spanyol	indefinite
igyekszik	doc#3039	az alapján	igyekszem	irányítani	indefinite
igyekszik	doc#3041	, azt	igyekszem	NA	definite
igyekszik	doc#3041	a betegség ,	igyekszem	majd a	indefinite
igyekszik	doc#3041	a kűr , s én	igyekszem	minden	indefinite
igyekszik	doc#3041	a kűrben	igyekszem	javítani ,	indefinite
igyekszik	doc#3052	azt	igyekszem	bemutatni ,	definite
igyekszik	doc#3057	-, úgyhogy	igyekszem	NA	indefinite
alszik	doc#3057	itt annyit	alszom	, hogy	indefinite
alszik	doc#3057	, hogy jól	alszom	. </s><s> Tegnap	indefinite
igyekszik	doc#3057	hozzájuk ,	igyekszem	NA	indefinite
igyekszik	doc#3057	. </s><s> Képeimmel	igyekszem	segíteni a	indefinite
alszik	doc#3058	-e , vagy	alszom	. </s><s> Bár soha a	indefinite
igyekszik	doc#3060	NA	igyekszem	minél	indefinite
igyekszik	doc#3060	. </s><s>	Igyekszem	mindig	indefinite
igyekszik	doc#3060	bele , én	igyekszem	, szeretném	indefinite
alszik	doc#3061	<s> Azonban nem	alszom	, hanem egy	indefinite
úszik	doc#3064	a rapzene . </s><s>	Úszom	is . </s>	indefinite
igyekszik	doc#3065	pénzt	igyekszem	szerezni	indefinite
igyekszik	doc#3072	nem várom . </s><s>	Igyekszem	- még ha	indefinite
igyekszik	doc#3077	, ezért	igyekszem	NA	indefinite
törekszik	doc#3078	, de nem is	törekszem	rá . </s><s> Nem	indefinite
igyekszik	doc#3078	érkezik , de	igyekszem	minél több	indefinite
igyekszik	doc#3079	és	igyekszem	NA	indefinite
igyekszik	doc#3080	. </s><s>	Igyekszem	minél	indefinite
igyekszik	doc#3080	utazásomon	igyekszem	részt venni	indefinite
alszik	doc#3080	, inkább	alszom	a kocsiban ,	indefinite
igyekszik	doc#3081	NA	igyekszem	mindig az	indefinite
igyekszik	doc#3081	, de	igyekszem	naponta	indefinite
igyekszik	doc#3081	hozzá ,	igyekszem	majd a	indefinite
igyekszik	doc#3085	ki , hogy	igyekszem	NA	indefinite
igyekszik	doc#3109	, de	igyekszem	megoldani ,	indefinite
alszik	doc#3110	. </s><s> - Én	alszom	kint -	indefinite
alszik	doc#3110	. </s><s> Egy ágyban	alszom	vele , de	indefinite
alszik	doc#3110	Ágicával	alszom	. </s><s> Most	indefinite
alszik	doc#3110	és egyedül	alszom	. </s><s> Nagyon	indefinite
alszik	doc#3110	között	alszom	, ez biztos	indefinite
igyekszik	doc#3110	elmondani . </s><s>	Igyekszem	NA	indefinite
igyekszik	doc#3110	. </s><s> Indián - De	igyekszem	, hogy hamar	indefinite
alszik	doc#3110	, mégsem	alszom	vele ! </s>	indefinite
alszik	doc#3110	a macival	alszom	, és	indefinite
igyekszik	doc#3110	NA	igyekszem	majd	indefinite
alszik	doc#3110	! </s><s> """" Ma veled	alszom	 A két	definite
alszik	doc#3110	 ma veled	alszom	 , de hogy	indefinite
cselekszik	doc#3110	mindig	cselekszem	, utána	indefinite
alszik	doc#3110	élt ! </s><s> Veled	alszom	el , s Veled	indefinite
alszik	doc#3110	is eszem és	alszom	, edzeni	indefinite
alszik	doc#3110	aztán ma nem	alszom	, holnap meg	indefinite
igyekszik	doc#3110	pedig	igyekszem	a	indefinite
alszik	doc#3110	meg	alszom	. </s><s> Nem én	indefinite
alszik	doc#3110	meg egyedül	alszom	... </s><s> - Egy hét	indefinite
igyekszik	doc#3110	kapni ,	igyekszem	majd a jót	indefinite
törekszik	doc#3113	. </s><s> Arra	törekszem	, hogy	indefinite
igyekszik	doc#3115	és	igyekszem	NA	indefinite
igyekszik	doc#3116	NA	igyekszem	betenni . </s><s> [	indefinite
igyekszik	doc#3116	. </s><s> Inkább	igyekszem	NA	indefinite
étkezik	doc#3116	, okosan	étkezem	. </s><s> Meg néha	indefinite
törekszik	doc#3116	arra	törekszem	. </s>	indefinite
törekszik	doc#3116	nem	törekszem	a	indefinite
igyekszik	doc#3117	, de	igyekszem	. </s><s> Van tartós	indefinite
törekszik	doc#3117	két éve erre	törekszem	, de ezúttal	indefinite
igyekszik	doc#3117	magam is	igyekszem	a	indefinite
igyekszik	doc#3117	László :	Igyekszem	a	indefinite
igyekszik	doc#3117	többség . </s><s>	Igyekszem	NA	indefinite
igyekszik	doc#3117	ellen	igyekszem	NA	indefinite
igyekszik	doc#3117	hagyom . </s><s>	Igyekszem	ezt a	definite
igyekszik	doc#3117	Wild :	Igyekszem	NA	indefinite
igyekszik	doc#3117	vagyok ,	igyekszem	figyelni a	indefinite
alszik	doc#3118	Kovács Ági :	Alszom	, szeretek	indefinite
törekszik	doc#3118	inkább arra	törekszem	, hogy 40	indefinite
alszik	doc#3118	? </s><s> Leandro :	Alszom	vagy	indefinite
törekszik	doc#3118	: Én arra	törekszem	, hogy a	indefinite
igyekszik	doc#3118	valamibe ,	igyekszem	végigvinni	indefinite
törekszik	doc#3118	tudatosan	törekszem	. </s>	indefinite
igyekszik	doc#3118	vele , de	igyekszem	; tegnap	indefinite
igyekszik	doc#3118	tetszik . </s><s> De	igyekszem	. </s><s> :)	indefinite
igyekszik	doc#3118	<s> Kulka :	Igyekszem	egy kevésbé	indefinite
igyekszik	doc#3118	: Nem volt ,	igyekszem	még egy	indefinite
igyekszik	doc#3118	János :	Igyekszem	nem nézni ,	indefinite
igyekszik	doc#3118	. </s><s> Én magam	igyekszem	kerülni a	indefinite
igyekszik	doc#3119	Erika :	Igyekszem	sportolni ,	indefinite
törekszik	doc#3119	. ( puj ) -	Törekszem	arra , hogy	indefinite
törekszik	doc#3119	is erre	törekszem	. </s><s> Mégsem	indefinite
igyekszik	doc#3119	veszem . </s><s>	Igyekszem	minden	indefinite
igyekszik	doc#3119	többi estén	igyekszem	a	indefinite
igyekszik	doc#3119	tűnik , de	igyekszem	NA	indefinite
igyekszik	doc#3119	? ( cool ) -	Igyekszem	NA	indefinite
igyekszik	doc#3119	lemezen	igyekszem	agyalni	indefinite
igyekszik	doc#3119	) -	Igyekszem	óvatosan	indefinite
alszik	doc#3119	óta nem	alszom	... </s><s> Ha	indefinite
igyekszik	doc#3119	önálló , és	igyekszem	a saját	definite
alszik	doc#3119	meztelenül	alszom	</s><s> Jut időd a	indefinite
alszik	doc#3119	de van , hogy	alszom	. </s><s> Leginkább	indefinite
alszik	doc#3119	<s> Ha egy ágyba	alszom	a macskával	indefinite
törekszik	doc#3119	sosem	törekszem	a csúcson	indefinite
igyekszik	doc#3119	néha , de	igyekszem	elolvasni . </s>	indefinite
igyekszik	doc#3119	) -	Igyekszem	betartani a	indefinite
igyekszik	doc#3119	segítek . </s><s> """"	Igyekszem	a dolgokat	definite
igyekszik	doc#3119	szerint . </s><s> Én	igyekszem	a dolgokat	definite
igyekszik	doc#3120	) -	Igyekszem	minden nap	indefinite
igyekszik	doc#3120	. </s><s>	Igyekszem	jól	indefinite
igyekszik	doc#3120	most	igyekszem	újra	indefinite
igyekszik	doc#3120	vagy ,	igyekszem	nem	indefinite
igyekszik	doc#3120	. </s><s>	Igyekszem	nem kifelé	indefinite
alszik	doc#3120	másfél órát	alszom	. </s><s> Reggel	indefinite
igyekszik	doc#3120	NA	igyekszem	elkerülni	indefinite
igyekszik	doc#3120	. </s><s> Sajnálom ,	igyekszem	NA	indefinite
alszik	doc#3120	3 napja nem	alszom	. </s><s> Köszönök	indefinite
igyekszik	doc#3120	) -	Igyekszem	jól	indefinite
törekszik	doc#3120	a mai napig	törekszem	, hogy még	indefinite
igyekszik	doc#3120	, akkor	igyekszem	kipucolni a	indefinite
igyekszik	doc#3120	rólam , de	igyekszem	NA	indefinite
alszik	doc#3120	inkább	alszom	és nem	indefinite
igyekszik	doc#3120	, abban én	igyekszem	segíteni . </s>	indefinite
igyekszik	doc#3120	színész , de	igyekszem	tanulni ezt	indefinite
igyekszik	doc#3120	, sajnos . </s><s> De	igyekszem	a	indefinite
alszik	doc#3120	, nehezen	alszom	el , ezáltal	indefinite
igyekszik	doc#3120	 belül	igyekszem	megtartani	indefinite
igyekszik	doc#3120	. </s><s> Pedig	igyekszem	! </s><s> Vagy	indefinite
igyekszik	doc#3120	, akkor is	igyekszem	jó képet	indefinite
igyekszik	doc#3120	kiderül . </s><s>	Igyekszem	nem	indefinite
igyekszik	doc#3120	van , de azt	igyekszem	a	definite
úszik	doc#3120	koromtól	úszom	NA	indefinite
igyekszik	doc#3120	) - Majd	igyekszem	! </s><s> - Nagyon	indefinite
igyekszik	doc#3120	, de	igyekszem	NA	indefinite
törekszik	doc#3120	) - Arra	törekszem	, hogy a	indefinite
igyekszik	doc#3120	is	igyekszem	majd	indefinite
igyekszik	doc#3120	a hajózást	igyekszem	úgy művelni	indefinite
úszik	doc#3120	Komjádiban	úszom	, de csak	indefinite
úszik	doc#3120	mondva	úszom	. </s><s> - A	indefinite
úszik	doc#3120	Edzésen nem	úszom	olyan	indefinite
úszik	doc#3120	örömből	úszom	</s><s> Az athéni	indefinite
alszik	doc#3120	csinálok :	alszom	vagy	indefinite
igyekszik	doc#3120	élek és	igyekszem	csak	indefinite
alszik	doc#3120	<s> Kevesebbet	alszom	, időnként	indefinite
törekszik	doc#3120	, én sem	törekszem	erre . </s><s> Be	indefinite
igyekszik	doc#3120	a sor , akkor	igyekszem	a politika	indefinite
igyekszik	doc#3120	, azt	igyekszem	minél	definite
igyekszik	doc#3121	kihívás , s	igyekszem	nem	indefinite
igyekszik	doc#3121	kihíztam . </s><s>	Igyekszem	nem	indefinite
igyekszik	doc#3121	kerül . </s><s>	Igyekszem	arra , hogy	indefinite
igyekszik	doc#3121	is , és	igyekszem	minél	indefinite
alszik	doc#3121	. </s><s> Ma is nála	alszom	, egy	indefinite
igyekszik	doc#3121	orvoshoz ,	igyekszem	NA	indefinite
igyekszik	doc#3121	is , és	igyekszem	az	indefinite
igyekszik	doc#3121	, de	igyekszem	erőmből ,	indefinite
igyekszik	doc#3121	NA	igyekszem	ezt	definite
igyekszik	doc#3121	a hangom , de	igyekszem	pihenni is ! </s>	indefinite
alszik	doc#3121	Vásárolok ,	alszom	,	indefinite
igyekszik	doc#3121	, és	igyekszem	válaszolni	indefinite
törekszik	doc#3121	, nem is	törekszem	arra , hogy	indefinite
igyekszik	doc#3121	örömmel	igyekszem	NA	indefinite
igyekszik	doc#3121	) -	Igyekszem	kikerülni	indefinite
igyekszik	doc#3121	, én is	igyekszem	most	indefinite
igyekszik	doc#3121	. </s><s>	Igyekszem	NA	indefinite
igyekszik	doc#3121	) </s><s>	Igyekszem	, de ígérem ,	indefinite
igyekszik	doc#3121	-	igyekszem	NA	indefinite
törekszik	doc#3121	? ( zuthua ) -	Törekszem	rá . </s><s> - Az	indefinite
törekszik	doc#3121	. </s><s> Arra	törekszem	, hogy ez az	indefinite
igyekszik	doc#3121	,	igyekszem	meghálálni	indefinite
igyekszik	doc#3121	évben	igyekszem	valami újat	indefinite
igyekszik	doc#3121	mond , én	igyekszem	a saját	definite
igyekszik	doc#3121	legalábbis	igyekszem	. </s><s> Boldog	indefinite
igyekszik	doc#3121	írnak . </s><s>	Igyekszem	NA	indefinite
igyekszik	doc#3121	! </s><s> De nagyon	igyekszem	NA	indefinite
úszik	doc#3121	RONI18 ) </s><s> - Én	úszom	, kedvenc	indefinite
alszik	doc#3122	napokig nem	alszom	. </s><s> Amikor a	indefinite
igyekszik	doc#3122	vagyok vagy	igyekszem	abban lenni	indefinite
igyekszik	doc#3122	Babyboy ] -	Igyekszem	ezt tenni ,	definite
igyekszik	doc#3122	<s> BigGirl ! ) </s><s> -	Igyekszem	követni , de	indefinite
igyekszik	doc#3122	. </s><s> Úgyhogy én	igyekszem	nem	indefinite
igyekszik	doc#3122	kevésbé . </s><s>	Igyekszem	. </s><s> Mit	indefinite
úszik	doc#3122	. </s><s> Mennyiből	úszom	meg	indefinite
alszik	doc#3122	minden nap	alszom	, de mint	indefinite
igyekszik	doc#3122	! </s><s> Valóban	igyekszem	mindent	indefinite
alszik	doc#3122	inkább	alszom	 Béres Deák	indefinite
igyekszik	doc#3122	kritikát . </s><s>	Igyekszem	is	indefinite
igyekszik	doc#3122	, de	igyekszem	lépést	indefinite
igyekszik	doc#3122	, az ősztől	igyekszem	NA	indefinite
igyekszik	doc#3122	? </s><s> [ EngZso ] -	Igyekszem	elkerülni	indefinite
igyekszik	doc#3122	kerültek . </s><s>	Igyekszem	NA	indefinite
igyekszik	doc#3122	a jófej ] -	Igyekszem	minél	indefinite
igyekszik	doc#3122	vagy nem . </s><s> """"	Igyekszem	leszűrni a	indefinite
igyekszik	doc#3122	van ,	igyekszem	leszűrni a	indefinite
igyekszik	doc#3122	NA	igyekszem	minél több	indefinite
igyekszik	doc#3122	ez a munka . </s><s>	Igyekszem	elegáns	indefinite
igyekszik	doc#3122	senkinél . </s><s>	Igyekszem	ugyanúgy	indefinite
igyekszik	doc#3122	, ezalatt	igyekszem	elintézni a	indefinite
úszik	doc#3122	edzőm , most	úszom	. </s><s> Nem vagyok	indefinite
igyekszik	doc#3122	, és	igyekszem	tanácsokat	indefinite
igyekszik	doc#3122	lenne . </s><s>	Igyekszem	NA	indefinite
igyekszik	doc#3122	eszem ,	igyekszem	7-8 órát	indefinite
alszik	doc#3122	] - Sokat	alszom	, igyekszem	indefinite
igyekszik	doc#3122	alszom ,	igyekszem	legkésőbb	indefinite
igyekszik	doc#3122	, úgyhogy	igyekszem	minél	indefinite
törekszik	doc#3123	. """" </s><s> Én is erre	törekszem	, remélem ,	indefinite
igyekszik	doc#3123	[ peputzi ] </s><s> -	Igyekszem	nem	indefinite
törekszik	doc#3123	. </s><s> Erre én is	törekszem	. </s><s> - Mi a	indefinite
alszik	doc#3123	akkor pedig	alszom	. </s><s> A	indefinite
igyekszik	doc#3123	leonidak ] -	Igyekszem	jó	indefinite
igyekszik	doc#3123	kérdéseket	igyekszem	csak ritkán	indefinite
igyekszik	doc#3123	órát	igyekszem	dolgozni ,	indefinite
cselekszik	doc#3123	ugyanúgy	cselekszem	, mint sok	indefinite
igyekszik	doc#3123	a családod ? </s><s>	Igyekszem	úgy	indefinite
igyekszik	doc#3123	félretéve ,	igyekszem	úgy élni ,	indefinite
igyekszik	doc#3123	, én	igyekszem	mindent úgy	indefinite
igyekszik	doc#3123	? [ hejgeri ]	Igyekszem	a lehető	indefinite
igyekszik	doc#3123	mindig , de	igyekszem	NA	indefinite
alszik	doc#3123	. </s><s> Keveset	alszom	, és akkor	indefinite
étkezik	doc#3123	: együtt	étkezem	bárkivel ,	indefinite
úszik	doc#3123	neki . </s><s> -	Úszom	,	indefinite
igyekszik	doc#3123	veszem , s	igyekszem	belőlük	indefinite
igyekszik	doc#3123	, de azért	igyekszem	. </s><s> Most is itt	indefinite
igyekszik	doc#3123	jelölnöm . </s><s>	Igyekszem	válaszolni	indefinite
igyekszik	doc#3123	közül	igyekszem	a lehető	indefinite
törekszik	doc#3123	nem	törekszem	. </s><s> Nem vagyok	indefinite
alszik	doc#3123	leginkább	alszom	. </s><s> Szeretsz	indefinite
úszik	doc#3123	NA	úszom	, lovaglom ,	indefinite
igyekszik	doc#3123	, de azért	igyekszem	rövidre	indefinite
alszik	doc#3123	után már	alszom	. </s><s> Sok	indefinite
törekszik	doc#3124	arra	törekszem	, hogy	indefinite
igyekszik	doc#3124	van . </s><s>	Igyekszem	úgy	indefinite
igyekszik	doc#3124	érkezik , és	igyekszem	mindre	indefinite
igyekszik	doc#3124	] -	Igyekszem	azonnal	indefinite
igyekszik	doc#3124	]	Igyekszem	elolvasni	indefinite
igyekszik	doc#3124	csak van ,	igyekszem	a	indefinite
igyekszik	doc#3124	mindenütt	igyekszem	az adott	indefinite
igyekszik	doc#3124	. </s><s>	Igyekszem	NA	indefinite
igyekszik	doc#3125	vagyok , és	igyekszem	nagyon jól	indefinite
igyekszik	doc#3125	. </s><s> Azon	igyekszem	, hogy a	indefinite
igyekszik	doc#3125	utazások ! </s><s>	Igyekszem	rengeteget	indefinite
igyekszik	doc#3125	jobban . </s><s>	Igyekszem	is	indefinite
alszik	doc#3125	NA	alszom	. </s>	indefinite
igyekszik	doc#3125	pedig	igyekszem	országot	indefinite
igyekszik	doc#3125	, és	igyekszem	hasonlóan	indefinite
igyekszik	doc#3125	engem , noha	igyekszem	kivenni a	indefinite
alszik	doc#3125	, aztán	alszom	. </s><s> A	indefinite
igyekszik	doc#3125	, de	igyekszem	felfedezni	indefinite
igyekszik	doc#3126	gyűjtesz ? </s><s>	Igyekszem	vigyázni a	indefinite
igyekszik	doc#3126	. </s><s> Azonban	igyekszem	nyitott	indefinite
igyekszik	doc#3126	, ezekből	igyekszem	a legtöbbet	definite
igyekszik	doc#3126	,	igyekszem	kirándulni	indefinite
törekszik	doc#3126	a maximumra	törekszem	. </s><s> Egy	indefinite
igyekszik	doc#3126	meglátjuk . </s><s>	Igyekszem	NA	indefinite
igyekszik	doc#3126	,	igyekszem	bejárni az	indefinite
igyekszik	doc#3126	igaz ,	igyekszem	félretenni	indefinite
igyekszik	doc#3126	gyűjtesz ? </s><s>	Igyekszem	olyan	indefinite
igyekszik	doc#3126	önmagamat ,	igyekszem	nem	indefinite
mozizik	doc#3126	leginkább	mozizom	és próbálok	indefinite
igyekszik	doc#3126	korukra ? </s><s>	Igyekszem	. </s><s> Úgy-ahogy	indefinite
igyekszik	doc#3126	, és én is	igyekszem	a fontos	indefinite
igyekszik	doc#3126	ápolok és	igyekszem	minél több	indefinite
igyekszik	doc#3126	szeretek és	igyekszem	bővíteni a	indefinite
alszik	doc#3126	néha hétfőn	alszom	délig , ha	indefinite
igyekszik	doc#3126	, és	igyekszem	félelmek	indefinite
igyekszik	doc#3126	is . </s><s> Na ,	igyekszem	tartani	indefinite
igyekszik	doc#3126	munkám , de	igyekszem	találni ,	indefinite
igyekszik	doc#3126	, akkor	igyekszem	NA	indefinite
alszik	doc#3126	, iszom ,	alszom	, és ingyen	indefinite
igyekszik	doc#3127	cél nélkül	igyekszem	NA	indefinite
törekszik	doc#3128	is arra	törekszem	, hogy a	indefinite
törekszik	doc#3128	, akkor arra	törekszem	. </s><s> Mindenki	indefinite
törekszik	doc#3129	el , arra	törekszem	, hogy	indefinite
igyekszik	doc#3129	, és	igyekszem	nem	indefinite
törekszik	doc#3129	edzek , és	törekszem	a fittségem	indefinite
alszik	doc#3129	nyugodtan	alszom	, bár többen	indefinite
törekszik	doc#3130	a leginkább	törekszem	 - Andrea	indefinite
igyekszik	doc#3132	egy számot ,	igyekszem	levenni a	indefinite
alszik	doc#3134	nem egyedül	alszom	egy	indefinite
igyekszik	doc#3134	, jómagam is	igyekszem	minél	indefinite
igyekszik	doc#3134	láttam , de	igyekszem	nyitott	indefinite
alszik	doc#3134	NA	alszom	. </s><s> Az eladott	indefinite
úszik	doc#3134	és mellette	úszom	. </s><s> Az ok nem az	indefinite
igyekszik	doc#3136	? </s><s> - Igen ,	igyekszem	minden	indefinite
igyekszik	doc#3136	viszont	igyekszem	mindennel	indefinite
igyekszik	doc#3137	nyelve . </s><s>	Igyekszem	követni a	indefinite
igyekszik	doc#3137	idők során . </s><s>	Igyekszem	olyan	indefinite
igyekszik	doc#3142	a világban ,	igyekszem	találkozni	indefinite
igyekszik	doc#3142	NA	igyekszem	majd	indefinite
igyekszik	doc#3142	több helyen	igyekszem	pénzt	indefinite
igyekszik	doc#3143	is	igyekszem	majd	indefinite
igyekszik	doc#3144	, de	igyekszem	házon belül	indefinite
igyekszik	doc#3145	is megvédi ? </s><s>	Igyekszem	. </s>	indefinite
alszik	doc#3145	. </s><s> """" Gyakran	alszom	vele vagy én	indefinite
igyekszik	doc#3145	bánni . </s><s>	Igyekszem	NA	indefinite
igyekszik	doc#3145	valamin ,	igyekszem	másra	indefinite
igyekszik	doc#3145	vagy tanár ,	igyekszem	megoldani a	indefinite
úszik	doc#3146	10 . </s><s> Én	úszom	, Te	indefinite
törekszik	doc#3146	NA	törekszem	. </s><s> Az a célom ,	indefinite
törekszik	doc#3148	NA	törekszem	arra , hogy	indefinite
igyekszik	doc#3149	NA	igyekszem	, nincs ! ) az	indefinite
igyekszik	doc#3151	alapján	igyekszem	röviden	indefinite
igyekszik	doc#3151	reakciókat	igyekszem	nemcsak a	indefinite
igyekszik	doc#3151	NA	igyekszem	összegezni	indefinite
igyekszik	doc#3152	NA	igyekszem	röviden	indefinite
törekszik	doc#3155	. </s><s> Nem	törekszem	arra , hogy	indefinite
igyekszik	doc#3155	azt	igyekszem	NA	definite
igyekszik	doc#3156	vagyok , és	igyekszem	a februári	indefinite
törekszik	doc#3156	NA	törekszem	. </s><s> Két éve	indefinite
törekszik	doc#3156	is arra	törekszem	, hogy az	indefinite
igyekszik	doc#3156	NA	igyekszem	adni ,	indefinite
alszik	doc#3156	. </s><s> Anyámnál	alszom	, a rövid	indefinite
alszik	doc#3156	rám a szoba </s><s>	alszom	</s><s> arcomon	indefinite
igyekszik	doc#3156	is	igyekszem	minden	indefinite
igyekszik	doc#3156	. </s><s> Ezért is	igyekszem	a	indefinite
törekszik	doc#3156	eredményre	törekszem	- mondta . </s>	indefinite
igyekszik	doc#3156	a témáról ,	igyekszem	röviden	indefinite
törekszik	doc#3156	, mire	törekszem	. </s><s> És persze ,	indefinite
igyekszik	doc#3157	. </s><s> - Mindig	igyekszem	a lehető	indefinite
igyekszik	doc#3157	változtat . </s><s>	Igyekszem	kivenni a	indefinite
cselekszik	doc#3157	: """" És	cselekszem	rajtok nagy	indefinite
igyekszik	doc#3158	ültem , haza	igyekszem	. </s><s> Bár sokan	indefinite
igyekszik	doc#3158	földi . </s><s>	Igyekszem	megragadni	indefinite
igyekszik	doc#3158	. </s><s>	Igyekszem	rövidesen	indefinite
igyekszik	doc#3158	és	igyekszem	NA	indefinite
igyekszik	doc#3158	megoldani ,	igyekszem	NA	indefinite
kotorászik	doc#3158	lesz , ha nem	kotorászom	a nagyok	indefinite
törekszik	doc#3159	. </s><s> Arra	törekszem	majd , hogy a	indefinite
igyekszik	doc#3159	, s épp ezért	igyekszem	NA	indefinite
alszik	doc#3159	<s> Látta , hogy	alszom	el , fáradt	indefinite
törekszik	doc#3160	s bármint is	törekszem	, az	indefinite
igyekszik	doc#3161	menni , de	igyekszem	. </s><s> Sok	indefinite
igyekszik	doc#3161	, bár	igyekszem	úgy	indefinite
igyekszik	doc#3161	mindig	igyekszem	NA	indefinite
törekszik	doc#3161	NA	törekszem	. </s><s> A	indefinite
igyekszik	doc#3161	NA	igyekszem	NA	indefinite
igyekszik	doc#3161	akarja . </s><s>	Igyekszem	támogatni a	indefinite
igyekszik	doc#3161	az irányban	igyekszem	elmozdulni	indefinite
igyekszik	doc#3161	okozni ,	igyekszem	kétórára	indefinite
igyekszik	doc#3161	magatokat ,	igyekszem	jó példát	indefinite
törekszik	doc#3161	NA	törekszem	: arra	indefinite
igyekszik	doc#3162	. </s><s>	Igyekszem	a lehető	indefinite
igyekszik	doc#3162	. </s><s> Türelmes ? </s><s>	Igyekszem	úgy	indefinite
igyekszik	doc#3162	keveredek ,	igyekszem	megvédeni	indefinite
törekszik	doc#3162	NA	törekszem	, arra , hogy	indefinite
igyekszik	doc#3162	de legalább	igyekszem	. </s><s> Mit csinál	indefinite
igyekszik	doc#3163	megmarad ? </s><s>	Igyekszem	majd	indefinite
igyekszik	doc#3163	vagyok ,	igyekszem	letudni a	indefinite
igyekszik	doc#3163	, ezekre	igyekszem	NA	indefinite
alszik	doc#3163	rosszul	alszom	, óránként	indefinite
igyekszik	doc#3163	hogy mindig	igyekszem	megragadni	indefinite
igyekszik	doc#3163	maradni ? </s><s>	Igyekszem	, hogy	indefinite
igyekszik	doc#3163	után	igyekszem	a suliba . </s>	indefinite
igyekszik	doc#3163	NA	igyekszem	ignorálni ,	indefinite
alszik	doc#3163	a jegyre még	alszom	egyet a	indefinite
igyekszik	doc#3163	nem azért	igyekszem	jól	indefinite
igyekszik	doc#3163	van szó ,	igyekszem	NA	indefinite
törekszik	doc#3164	mértékben	törekszem	NA	indefinite
igyekszik	doc#3164	. </s><s> Ezután	igyekszem	érdemet	indefinite
igyekszik	doc#3164	! </s><s> Mindig	igyekszem	NA	indefinite
törekszik	doc#3164	írtam : Arra	törekszem	, hogy	indefinite
törekszik	doc#3164	3,17 ) . </s><s> Arra	törekszem	, hogy	indefinite
igyekszik	doc#3164	. </s><s>	Igyekszem	átadni a	indefinite
igyekszik	doc#3164	, de	igyekszem	arra	indefinite
törekszik	doc#3164	érzés , arra	törekszem	, hogy	indefinite
igyekszik	doc#3164	, azt	igyekszem	megtanulni	definite
igyekszik	doc#3164	NA	igyekszem	tenni magam	indefinite
igyekszik	doc#3164	magam . </s><s>	Igyekszem	NA	indefinite
igyekszik	doc#3164	, ügyet	igyekszem	elintézni ,	indefinite
törekszik	doc#3164	s ezért arra	törekszem	, hogy	indefinite
igyekszik	doc#3164	NA	igyekszem	otthonosan	indefinite
igyekszik	doc#3164	végett	igyekszem	NA	indefinite
törekszik	doc#3165	vagyok ( és	törekszem	az lenni ) a	indefinite
igyekszik	doc#3165	is	igyekszem	a kérdést	indefinite
igyekszik	doc#3165	mértékében	igyekszem	ezentúl is ,	indefinite
igyekszik	doc#3165	mindenképp	igyekszem	majd	indefinite
alszik	doc#3165	. </s><s> Eh ,	alszom	rá egyet ,	indefinite
igyekszik	doc#3165	olvasunk . </s><s>	Igyekszem	igényesen	indefinite
igyekszik	doc#3165	– azóta is	igyekszem	szem előtt	indefinite
törekszik	doc#3165	, derűvel ! </s><s>	Törekszem	is rá . </s><s> Csak	indefinite
igyekszik	doc#3165	, és	igyekszem	mindig	indefinite
igyekszik	doc#3165	tanultam ,	igyekszem	jó és okos	indefinite
törekszik	doc#3165	, és nem is	törekszem	arra , hogy	indefinite
igyekszik	doc#3165	legyek . </s><s>	Igyekszem	NA	indefinite
igyekszik	doc#3165	időnként ,	igyekszem	segíteni	indefinite
törekszik	doc#3168	is erre	törekszem	. </s><s> - Milyen út	indefinite
igyekszik	doc#3168	? </s><s> -	Igyekszem	NA	indefinite
igyekszik	doc#3168	jut időd ? </s><s> -	Igyekszem	úgy	indefinite
igyekszik	doc#3168	előtt	igyekszem	erős ,	indefinite
igyekszik	doc#3169	szeretem és	igyekszem	az Úrhoz	indefinite
igyekszik	doc#3169	? </s><s> -	Igyekszem	a férjem	indefinite
törekszik	doc#3169	a bábokat . </s><s>	Törekszem	a művészeti	indefinite
igyekszik	doc#3169	továbbra is	igyekszem	megtenni	indefinite
igyekszik	doc#3171	NA	igyekszem	tudományos	indefinite
igyekszik	doc#3172	,	igyekszem	rávezetni a	indefinite
alszik	doc#3172	. </s><s> Úgy	alszom	el az este ,	indefinite
igyekszik	doc#3173	, s ezt	igyekszem	tükrözni	definite
igyekszik	doc#3173	NA	igyekszem	. </s><s> A	indefinite
igyekszik	doc#3173	NA	igyekszem	bizonyos	indefinite
igyekszik	doc#3173	miatt . </s><s>	Igyekszem	tanulni	indefinite
igyekszik	doc#3173	után	igyekszem	NA	indefinite
étkezik	doc#3173	, ott is	étkezem	. </s><s> Így csak	indefinite
törekszik	doc#3174	<s> Vagyis arra	törekszem	,	indefinite
igyekszik	doc#3174	tudok ,	igyekszem	válaszolni	indefinite
igyekszik	doc#3174	. </s><s> Ezeket	igyekszem	orvosolni ,	indefinite
igyekszik	doc#3174	, s ezt	igyekszem	bemutatni	definite
igyekszik	doc#3177	itt , Zentán	igyekszem	irányítani	indefinite
igyekszik	doc#3177	élményeket	igyekszem	NA	indefinite
törekszik	doc#3177	, és arra	törekszem	, hogy mind	indefinite
igyekszik	doc#3177	, én pedig	igyekszem	NA	indefinite
igyekszik	doc#3177	irányítom s	igyekszem	a termelést	indefinite
igyekszik	doc#3178	hímzés . </s><s>	Igyekszem	a	indefinite
igyekszik	doc#3178	sem fogok ! </s><s>	Igyekszem	egyedül	indefinite
igyekszik	doc#3179	szerint	igyekszem	NA	indefinite
igyekszik	doc#3179	össze . </s><s>	Igyekszem	a teret	definite
igyekszik	doc#3179	töltöm , és	igyekszem	minél több	indefinite
törekszik	doc#3179	így , nem	törekszem	mindenáron	indefinite
alszik	doc#3180	. </s><s> Nem	alszom	, nem eszem ,	indefinite
alszik	doc#3180	ma is így	alszom	. </s><s> Gulyás	indefinite
alszik	doc#3180	, amikor már	alszom	, és amikor	indefinite
alszik	doc#3180	hitte , hogy	alszom	, és kiment a	indefinite
igyekszik	doc#3180	. </s><s> Én viszont	igyekszem	úgy írni ,	indefinite
igyekszik	doc#3180	NA	igyekszem	kibontani . </s>	indefinite
igyekszik	doc#3181	áramkörei . </s><s>	Igyekszem	is húzni	indefinite
igyekszik	doc#3181	balról . </s><s> -	Igyekszem	. </s><s> De azért	indefinite
igyekszik	doc#3184	példámmal	igyekszem	majd elérni	indefinite
igyekszik	doc#3184	. </s><s>	Igyekszem	tiszta	indefinite
törekszik	doc#3185	most arra	törekszem	, és mivel	indefinite
törekszik	doc#3185	felé	törekszem	, amilyen az	indefinite
igyekszik	doc#3186	,	igyekszem	betartani	indefinite
alszik	doc#3186	bűn : Ritkán	alszom	napi nyolc	indefinite
igyekszik	doc#3186	László : -	Igyekszem	méltó	indefinite
törekszik	doc#3186	Mindig arra	törekszem	, hogy olyan	indefinite
törekszik	doc#3188	új dologra ,	törekszem	NA	indefinite
igyekszik	doc#3189	, most is	igyekszem	mindent	indefinite
igyekszik	doc#3189	pedig	igyekszem	a tanulók	indefinite
igyekszik	doc#3189	. </s><s>	Igyekszem	azért a	indefinite
igyekszik	doc#3189	, és	igyekszem	megtenni	indefinite
törekszik	doc#3194	élet után	törekszem	vágyakozni	indefinite
cselekszik	doc#3201	: így	cselekszem	, így élek . </s>	indefinite
törekszik	doc#3201	számon . </s><s> Nem	törekszem	sem	indefinite
cselekszik	doc#3201	mit	cselekszem	, sokkal	definite
igyekszik	doc#3201	helyzeten ,	igyekszem	a családdal	indefinite
igyekszik	doc#3201	azért	igyekszem	vagy	indefinite
igyekszik	doc#3202	, illetve	igyekszem	röviden	indefinite
igyekszik	doc#3202	,	igyekszem	hozzátenni	indefinite
igyekszik	doc#3203	? </s><s> Másrészt	igyekszem	az így	indefinite
igyekszik	doc#3204	<s> Látod , én is	igyekszem	óvatos	indefinite
igyekszik	doc#3206	érdekében	igyekszem	hozzátenni	indefinite
alszik	doc#3231	Nem	alszom	( codlaím =	indefinite
alszik	doc#3231	( codlaím =	alszom	) </s><s> Összetett	indefinite
alszik	doc#3239	, amelyben	alszom	'' ,	indefinite
törekszik	doc#3262	. </s><s> Arra	törekszem	, hogy a ... </s>	indefinite
cselekszik	doc#3270	NA	cselekszem	NA	indefinite
törekszik	doc#3276	NA	törekszem	. </s><s> Viszont ,	indefinite
mozizik	doc#3276	az ablakból	mozizom	, akkor egy	indefinite
igyekszik	doc#3288	. </s><s> Ezért	igyekszem	én új	indefinite
igyekszik	doc#3289	, és	igyekszem	NA	indefinite
törekszik	doc#3320	életem </s><s>	Törekszem	a	indefinite
cselekszik	doc#3321	jó dolgot	cselekszem	, mint	indefinite
igyekszik	doc#3336	hazámhoz . </s><s>	Igyekszem	NA	indefinite
mozizik	doc#3337	<s> mosósom </s><s>	mozizom	</s><s> nekiken </s>	indefinite
igyekszik	doc#3337	régóta úgy	igyekszem	NA	indefinite
törekszik	doc#3352	. </s><s> Arra	törekszem	, hogy az	indefinite
alszik	doc#3367	, alszok -	alszom	) . </s><s> Az	indefinite
igyekszik	doc#3391	NA	igyekszem	kifejezni	indefinite
törekszik	doc#3411	a jóra	törekszem	. </s><s> Ismerem a	indefinite
cselekszik	doc#3427	, akkor	cselekszem	én magam . </s><s> A	indefinite
cselekszik	doc#3427	nem azért	cselekszem	, mert	indefinite
cselekszik	doc#3427	, hanem úgy	cselekszem	, ahogyan én	indefinite
igyekszik	doc#3428	is ,	igyekszem	betartani a	indefinite
úszik	doc#3435	Town ( 2011 ) </s><s>	Úszom	az árral (	indefinite
igyekszik	doc#3436	szorulnak . </s><s>	Igyekszem	NA	indefinite
alszik	doc#3466	, ugye ,	alszom	... ) </s><s> - Mimì	indefinite
alszik	doc#3472	- miközben	alszom	vagy valami	indefinite
igyekszik	doc#3487	NA	igyekszem	megőrizni	indefinite
törekszik	doc#3487	. </s><s> 4.	Törekszem	a feladatok	indefinite
törekszik	doc#3487	iránt . </s><s> 7.	Törekszem	a Nemzeti	indefinite
törekszik	doc#3487	. </s><s> 11.	Törekszem	mindazon	indefinite
igyekszik	doc#3493	NA	igyekszem	egy új	indefinite
igyekszik	doc#3494	lépni . ,	Igyekszem	nem hibázni	indefinite
alszik	doc#3500	este azzal	alszom	el ( Mecseki	indefinite
alszik	doc#3501	dübörgésre	alszom	el , s	indefinite
alszik	doc#3507	... keveset	alszom	, nem oly	indefinite
alszik	doc#3535	, Rosszul	alszom	... , Egész	indefinite
igyekszik	doc#3541	és	igyekszem	kipróbálni	indefinite
igyekszik	doc#3553	Judit :	Igyekszem	mindig	indefinite
alszik	doc#3570	, 2001 ) </s><s> Amíg	alszom	, vigyázz	indefinite
törekszik	doc#3577	során arra	törekszem	, hogy a	indefinite
igyekszik	doc#3582	: """" Nem azt	igyekszem	keresni ,	definite
törekszik	doc#3593	valami felé	törekszem	stb. ) , pod (	indefinite
igyekszik	doc#3608	NA	igyekszem	úgy	indefinite
igyekszik	doc#3619	NA	igyekszem	a valóságot	definite
alszik	doc#3624	ő házukban	alszom	) </s><s> Olasz :	indefinite
alszik	doc#3637	: Képeddel	alszom	el ... és	indefinite
alszik	doc#3644	kíváncsian	alszom	el ( Farkas	indefinite
alszik	doc#3644	<s> Gyanú </s><s> Nem	alszom	el </s>	indefinite
törekszik	doc#3648	NA	törekszem	arra , hogy a	indefinite
igyekszik	doc#3649	közönség . </s><s>	Igyekszem	nyugodt	indefinite
alszik	doc#3653	szobában	alszom	vele , mint	indefinite
törekszik	doc#3657	NA	törekszem	, olyasmire	indefinite
cselekszik	doc#3674	van , ha én	cselekszem	, mozgok ,	indefinite
igyekszik	doc#3678	: """"	Igyekszem	jól	indefinite
igyekszik	doc#3680	keveset úgy	igyekszem	NA	indefinite
törekszik	doc#3684	rá . </s><s> """" Arra	törekszem	, hogy	indefinite
adakozik	doc#3686	( Miért	adakozom	NA	indefinite
étkezik	doc#3692	<s> Két kézzel	étkezem	</s><s> Brossz	indefinite
alszik	doc#3694	, a tudáson	alszom	. </s><s> R. : -	indefinite
alszik	doc#3694	ágyban	alszom	, mint ő , meg	indefinite
igyekszik	doc#3694	olimpiája . </s><s>	Igyekszem	valamilyen	indefinite
igyekszik	doc#3694	, úgyhogy	igyekszem	, amíg élek ,	indefinite
igyekszik	doc#3694	teremtek ,	igyekszem	, ő is ott van	indefinite
igyekszik	doc#3695	is	igyekszem	NA	indefinite
igyekszik	doc#3696	tartom és	igyekszem	bemutatni ,	indefinite
igyekszik	doc#3696	azért	igyekszem	. </s><s> Ami a	indefinite
igyekszik	doc#3696	<s> De mondjuk . </s><s>	Igyekszem	NA	indefinite
törekszik	doc#3696	. </s><s> Én magam is	törekszem	a saját	definite
igyekszik	doc#3696	én	igyekszem	ezekről a	indefinite
igyekszik	doc#3696	kapcsán is	igyekszem	minél több	indefinite
igyekszik	doc#3697	egészében	igyekszem	NA	indefinite
igyekszik	doc#3697	ezt	igyekszem	amennyire	definite
igyekszik	doc#3698	azt én	igyekszem	átadni ,	indefinite
törekszik	doc#3701	mindig	törekszem	arra hogy a	indefinite
igyekszik	doc#3701	és	igyekszem	az eddigiek	indefinite
alszik	doc#3701	keveset	alszom	. """" </s><s> Ri . </s><s> -	indefinite
igyekszik	doc#3701	vagyunk , de	igyekszem	magam ahhoz	indefinite
igyekszik	doc#3701	is , de hát	igyekszem	majd	indefinite
igyekszik	doc#3702	én azt	igyekszem	elvégezni . </s>	definite
igyekszik	doc#3703	ügyhöz . </s><s> Én	igyekszem	, tehát	indefinite
igyekszik	doc#3703	, én is	igyekszem	a magam	indefinite
igyekszik	doc#3704	mérten	igyekszem	feltárni	indefinite
alszik	doc#3705	, majd	alszom	egy kicsit	indefinite
cselekszik	doc#3705	a rosszat	cselekszem	. </s><s> - Azt	definite
cselekszik	doc#3705	a rosszat	cselekszem	-	definite
igyekszik	doc#3706	, én ugyan	igyekszem	a lakásban	indefinite
igyekszik	doc#3706	én itt azért	igyekszem	amennyit	indefinite
igyekszik	doc#3706	vagyok és	igyekszem	megtanulni	indefinite
igyekszik	doc#3706	, úgyhogy én	igyekszem	ezen belül ,	indefinite
úszik	doc#3706	én sem	úszom	meg , én is	indefinite
alszik	doc#3706	. </s><s> Nem nagyon	alszom	de azt	indefinite
igyekszik	doc#3706	Józsefné : -	Igyekszem	nem	indefinite
igyekszik	doc#3707	én	igyekszem	annak	indefinite
igyekszik	doc#3707	is	igyekszem	NA	indefinite
igyekszik	doc#3707	ideje	igyekszem	nyíltan	indefinite
igyekszik	doc#3707	NA	igyekszem	jóval	indefinite
alszik	doc#3707	van . </s><s> Én ott	alszom	ott a	indefinite
törekszik	doc#3707	van szó . </s><s> """"	Törekszem	arra , hogy	indefinite
úszik	doc#3707	egyszer	úszom	, szaunázok	indefinite
igyekszik	doc#3708	,	igyekszem	jelen lenni	indefinite
igyekszik	doc#3708	visz ,	igyekszem	minél több	indefinite
igyekszik	doc#3709	, örömöm ,	igyekszem	azt	definite
igyekszik	doc#3709	és	igyekszem	úgy	indefinite
igyekszik	doc#3711	szereplői ,	igyekszem	én magam	indefinite
igyekszik	doc#3711	, hogy	igyekszem	alaposan	indefinite
igyekszik	doc#3712	. : - Igen ,	igyekszem	eljutni ,	indefinite
alszik	doc#3712	túloldalon	alszom	, de azok a	indefinite
igyekszik	doc#3712	vagyok . </s><s>	Igyekszem	a korábbi	indefinite
törekszik	doc#3712	NA	törekszem	. </s><s> Hegedűs	indefinite
igyekszik	doc#3712	, és én is	igyekszem	ezt a	definite
úszik	doc#3712	úgy	úszom	végi ezt a	indefinite
törekszik	doc#3712	mindig arra	törekszem	, a	indefinite
igyekszik	doc#3712	, hosszút . </s><s>	Igyekszem	már előre	indefinite
igyekszik	doc#3712	idejönnek ,	igyekszem	kikérdezni	indefinite
igyekszik	doc#3712	azért egyet	igyekszem	elvállalni	indefinite
igyekszik	doc#3712	vagyok és	igyekszem	megtanulni	indefinite
törekszik	doc#3712	mindig arra	törekszem	, hogy a napi	indefinite
igyekszik	doc#3712	van és én	igyekszem	</s><s> úgy	indefinite
alszik	doc#3712	, nyugodtan	alszom	, kapom a	indefinite
igyekszik	doc#3713	tartani . </s><s>	Igyekszem	nekik	indefinite
alszik	doc#3713	, nem ott	alszom	, nem látnak	indefinite
igyekszik	doc#3713	tart ! </s><s>	Igyekszem	azért . </s><s> R. : -	indefinite
igyekszik	doc#3715	útravalót	igyekszem	jó szívvel	indefinite
törekszik	doc#3715	mindig	törekszem	NA	indefinite
igyekszik	doc#3717	, hogy	igyekszem	a határon	indefinite
törekszik	doc#3718	. </s><s> Most én is	törekszem	NA	indefinite
igyekszik	doc#3718	. </s><s> Ezért	igyekszem	NA	indefinite
törekszik	doc#3718	tudatosan	törekszem	arra , hogy	indefinite
törekszik	doc#3718	tudatosan	törekszem	arra , hogy	indefinite
igyekszik	doc#3718	. </s><s> Rip :-	Igyekszem	, igen . </s>	indefinite
igyekszik	doc#3718	építette . </s><s>	Igyekszem	minden fát	indefinite
igyekszik	doc#3718	, azért azt	igyekszem	NA	definite
igyekszik	doc#3718	, én	igyekszem	ezzel	indefinite
igyekszik	doc#3719	voltak . </s><s>	Igyekszem	azokat a	indefinite
igyekszik	doc#3719	? </s><s> """" Igen ,	igyekszem	. </s><s> Nálam	indefinite
igyekszik	doc#3719	, de	igyekszem	mindenféle	indefinite
igyekszik	doc#3719	a világot ,	igyekszem	, ha nem is	indefinite
igyekszik	doc#3719	velük vagy	igyekszem	az lenni ,	indefinite
igyekszik	doc#3719	, hogy	igyekszem	újra	indefinite
igyekszik	doc#3719	, és	igyekszem	a családdal	indefinite
alszik	doc#3722	nem	alszom	,	indefinite
igyekszik	doc#3722	Gábor : -	Igyekszem	majd ezek	indefinite
igyekszik	doc#3723	oldaláról	igyekszem	, és nagyon	indefinite
igyekszik	doc#3723	, de tényleg	igyekszem	. </s><s> Jóri	indefinite
alszik	doc#3723	nyugodtan	alszom	? </s><s> Ideges	indefinite
igyekszik	doc#3723	kívül még	igyekszem	nem	indefinite
igyekszik	doc#3723	. </s><s> Én	igyekszem	csinálni . </s>	indefinite
igyekszik	doc#3723	keresztül	igyekszem	elérni azt ,	indefinite
igyekszik	doc#3723	nagyon	igyekszem	. </s><s> Rajkai úr ,	indefinite
igyekszik	doc#3723	lehet , hogy	igyekszem	ezeket az	indefinite
igyekszik	doc#3723	nem , én	igyekszem	elég sokat	indefinite
igyekszik	doc#3723	lesz . </s><s> Azért	igyekszem	idén is	indefinite
igyekszik	doc#3723	ez . </s><s>	Igyekszem	minél	indefinite
igyekszik	doc#3723	utoljára ? </s><s> """"	Igyekszem	nem inni . """" </s>	indefinite
alszik	doc#3724	, aztán most	alszom	egyet , és	indefinite
úszik	doc#3724	, amikor	úszom	a Dunába ,	indefinite
úszik	doc#3724	Budapesten	úszom	jövő héten	indefinite
alszik	doc#3725	én ettől nem	alszom	nyugodtan ,	indefinite
alszik	doc#3726	én itt	alszom	, akkor	indefinite
igyekszik	doc#3726	irányzatot	igyekszem	minden	indefinite
úszik	doc#3726	önmagamért	úszom	és a legjobb	indefinite
alszik	doc#3726	egyszer itt	alszom	, mert már	indefinite
igyekszik	doc#3726	valóban . </s><s>	Igyekszem	olyan	indefinite
igyekszik	doc#3726	ezt	igyekszem	NA	definite
igyekszik	doc#3726	, és én	igyekszem	ezt a	definite
alszik	doc#3727	, én nem	alszom	együtt a	indefinite
igyekszik	doc#3727	kötéllel . </s><s>	Igyekszem	most már	indefinite
igyekszik	doc#3727	, akkor	igyekszem	minél	indefinite
igyekszik	doc#3727	és aztán	igyekszem	főként a	indefinite
igyekszik	doc#3727	beszélünk ,	igyekszem	minél	indefinite
igyekszik	doc#3727	? </s><s> Kiss Pál : -	Igyekszem	komoly	indefinite
úszik	doc#3727	<s> R: - Én ugyan	úszom	mindennap ,	indefinite
igyekszik	doc#3728	részt , meg	igyekszem	megbízható	indefinite
igyekszik	doc#3728	NA	igyekszem	, mert	indefinite
igyekszik	doc#3728	, meg	igyekszem	nagyjából	indefinite
alszik	doc#3728	úr én alig	alszom	éjszaka és	indefinite
alszik	doc#3728	NA	alszom	, de azért	indefinite
igyekszik	doc#3728	,	igyekszem	a legtöbb	indefinite
igyekszik	doc#3730	hát szóval	igyekszem	nem	indefinite
igyekszik	doc#3730	még , de	igyekszem	NA	indefinite
alszik	doc#3730	hazamegyek	alszom	és kezdődik	indefinite
igyekszik	doc#3730	telni . </s><s> Én	igyekszem	is így élni	indefinite
igyekszik	doc#3730	enni , én meg	igyekszem	nekik	indefinite
úszik	doc#3730	ezt se	úszom	meg . </s>	indefinite
igyekszik	doc#3730	NA	igyekszem	minden	indefinite
igyekszik	doc#3730	ehhez	igyekszem	segítséget	indefinite
igyekszik	doc#3731	. </s><s>	Igyekszem	nyugodt	indefinite
igyekszik	doc#3731	kérdez , de	igyekszem	magamnak	indefinite
alszik	doc#3731	akkor nem is	alszom	jól otthon	indefinite
igyekszik	doc#3731	óvatosan	igyekszem	fogalmazni	indefinite
igyekszik	doc#3731	, ezt	igyekszem	és próbálom	definite
étkezik	doc#3731	, amióta így	étkezem	, kevesebb	indefinite
törekszik	doc#3732	, én arra	törekszem	, hogy akkor	indefinite
úszik	doc#3732	? </s><s> R. : - Nem	úszom	meg	indefinite
törekszik	doc#3732	, én arra	törekszem	, hogy ha	indefinite
törekszik	doc#3732	, akkor arra	törekszem	, hogy	indefinite
igyekszik	doc#3732	Judit : -	Igyekszem	akkor ,	indefinite
igyekszik	doc#3732	és	igyekszem	ezeket	indefinite
igyekszik	doc#3732	hát én ennek	igyekszem	megfelelni	indefinite
igyekszik	doc#3732	. </s><s> Mindig	igyekszem	ott lenni . </s>	indefinite
alszik	doc#3732	. </s><s> Sokáig	alszom	, azzal	indefinite
igyekszik	doc#3732	. </s><s> Jókat	igyekszem	enni , azzal	indefinite
igyekszik	doc#3733	, de azért	igyekszem	neki	indefinite
igyekszik	doc#3733	, de azért	igyekszem	neki	indefinite
igyekszik	doc#3734	? </s><s> Még nincs . </s><s>	Igyekszem	NA	indefinite
igyekszik	doc#3734	? </s><s> Én	igyekszem	hirdetni ,	indefinite
törekszik	doc#3734	, hogy én	törekszem	, én	indefinite
igyekszik	doc#3734	tűnik és én	igyekszem	valahogyan	indefinite
igyekszik	doc#3734	én valahogy	igyekszem	beosztani . </s>	indefinite
cselekszik	doc#3735	ezzel jót	cselekszem	. </s><s> Úgy érzem ,	indefinite
igyekszik	doc#3735	. </s><s>	Igyekszem	ennek a	indefinite
igyekszik	doc#3735	, úgyhogy	igyekszem	úgy , úgy	indefinite
igyekszik	doc#3735	NA	igyekszem	lehajtani ,	indefinite
alszik	doc#3735	fekve	alszom	, akkor	indefinite
alszik	doc#3735	, hogy hogy	alszom	, éppen ,	indefinite
alszik	doc#3735	nagyon jól	alszom	, igen ,	indefinite
alszik	doc#3735	készen	alszom	, tehát míg	indefinite
alszik	doc#3735	régóta nem	alszom	jól , alig	indefinite
alszik	doc#3735	sört , úgy	alszom	, mint a	indefinite
alszik	doc#3735	, nehezen	alszom	, horkolok ,	indefinite
igyekszik	doc#3735	a férjem , és	igyekszem	mindig úgy	indefinite
igyekszik	doc#3735	? </s><s> """"	Igyekszem	, igyekszem	indefinite
igyekszik	doc#3735	Igyekszem ,	igyekszem	NA	indefinite
igyekszik	doc#3735	,	igyekszem	azt , hogy	definite
igyekszik	doc#3735	nagyon	igyekszem	, hogy minél	indefinite
igyekszik	doc#3735	, akkor	igyekszem	azt teljes	definite
igyekszik	doc#3735	és én ezeket	igyekszem	elkerülni . </s>	indefinite
igyekszik	doc#3735	és	igyekszem	, nekem van	indefinite
igyekszik	doc#3735	én	igyekszem	úgy	indefinite
igyekszik	doc#3735	NA	igyekszem	NA	indefinite
igyekszik	doc#3736	, és én ezt	igyekszem	szolgálni . </s>	definite
igyekszik	doc#3736	például azt	igyekszem	NA	definite
igyekszik	doc#3738	, és akkor	igyekszem	megnézni ,	indefinite
igyekszik	doc#3738	NA	igyekszem	NA	indefinite
igyekszik	doc#3739	? </s><s> MO . :	Igyekszem	. </s><s> Tehát	indefinite
igyekszik	doc#3739	NA	igyekszem	megőrizni	indefinite
igyekszik	doc#3740	és	igyekszem	itt is ezt	indefinite
törekszik	doc#3740	NA	törekszem	arra , hogy	indefinite
alszik	doc#3740	NA	alszom	, mert ilyen	indefinite
igyekszik	doc#3740	nagyon	igyekszem	, hogy minél	indefinite
igyekszik	doc#3740	valamit én	igyekszem	NA	indefinite
igyekszik	doc#3740	éve	igyekszem	hirdetés	indefinite
igyekszik	doc#3740	során	igyekszem	NA	indefinite
igyekszik	doc#3740	hogy ezzel	igyekszem	NA	indefinite
igyekszik	doc#3741	dolgozom és	igyekszem	úgy	indefinite
igyekszik	doc#3742	NA	igyekszem	a magyar	indefinite
igyekszik	doc#3743	azért	igyekszem	ily módon is	indefinite
igyekszik	doc#3744	ugye ? </s><s> -	Igyekszem	a régi	indefinite
alszik	doc#3744	és akkor	alszom	, mikor úgy	indefinite
törekszik	doc#3744	arra	törekszem	, hogy	indefinite
igyekszik	doc#3744	. </s><s> Én ezt	igyekszem	mindenhol	definite
igyekszik	doc#3745	NA	igyekszem	a magam	indefinite
igyekszik	doc#3745	benne , de	igyekszem	. </s><s> Tehát	indefinite
igyekszik	doc#3745	Konrád : -	Igyekszem	a	indefinite
törekszik	doc#3745	tanár arra	törekszem	, hogy	indefinite
igyekszik	doc#3745	tehát azért	igyekszem	NA	indefinite
igyekszik	doc#3746	, én	igyekszem	NA	indefinite
igyekszik	doc#3746	. </s><s>	Igyekszem	azért	indefinite
igyekszik	doc#3746	és ezért	igyekszem	megfelelni	indefinite
úszik	doc#3746	csapatban	úszom	és tényleg	indefinite
úszik	doc#3746	azért	úszom	, mert	indefinite
igyekszik	doc#3747	,	igyekszem	jól végezni	indefinite
igyekszik	doc#3747	Tibor : -	Igyekszem	, igen . </s><s> Mv : -	indefinite
alszik	doc#3747	, ott ülve	alszom	, pici kis	indefinite
alszik	doc#3747	, ott ülve	alszom	a konyhában	indefinite
úszik	doc#3747	, hogy	úszom	. </s><s> Rip : - Nem	indefinite
igyekszik	doc#3747	megvan , én	igyekszem	a leg - hogy	indefinite
igyekszik	doc#3747	, és	igyekszem	az Ön	indefinite
igyekszik	doc#3749	élni . </s><s>	Igyekszem	úgy élni ,	indefinite
igyekszik	doc#3749	amin én hát ,	igyekszem	végigmenni	indefinite
igyekszik	doc#3750	, és	igyekszem	NA	indefinite
törekszik	doc#3750	NA	törekszem	, hogy ne	indefinite
igyekszik	doc#3750	szedni , azt	igyekszem	NA	definite
igyekszik	doc#3751	szerintem ,	igyekszem	fejben	indefinite
igyekszik	doc#3751	és ebben	igyekszem	Szili	indefinite
törekszik	doc#3752	a maximumra	törekszem	, így ez	indefinite
alszik	doc#3753	óta nem	alszom	. </s><s> Irány	indefinite
törekszik	doc#3756	lapot adva ,	törekszem	arra , hogy	indefinite
törekszik	doc#3756	: - Nem erre	törekszem	és nem ez az	indefinite
törekszik	doc#3756	viszonyra	törekszem	, ezt várom	indefinite
törekszik	doc#3756	, de azért	törekszem	rá . </s><s> Bozsik	indefinite
igyekszik	doc#3757	részéről	igyekszem	nagyobb	indefinite
igyekszik	doc#3757	. </s><s> mv.- Én	igyekszem	felfogni ,	indefinite
törekszik	doc#3758	olcsóbbra	törekszem	, tehát	indefinite
igyekszik	doc#3759	, de	igyekszem	ennek a	indefinite
igyekszik	doc#3760	, és főleg	igyekszem	balról	indefinite
igyekszik	doc#3760	, hogy	igyekszem	, hogy	indefinite
igyekszik	doc#3760	és főleg	igyekszem	balról	indefinite
igyekszik	doc#3760	, hogy	igyekszem	nekik akár	indefinite
igyekszik	doc#3761	részéről	igyekszem	ebbe a	indefinite
igyekszik	doc#3763	: - Nos , hát	igyekszem	NA	indefinite
igyekszik	doc#3763	adni ,	igyekszem	továbbra is	indefinite
igyekszik	doc#3763	majd most	igyekszem	azért ennek	indefinite
igyekszik	doc#3763	hatása alól	igyekszem	kivonni	indefinite
törekszik	doc#3763	most is arra	törekszem	, hogy az	indefinite
igyekszik	doc#3765	okoz . </s><s> Én	igyekszem	elkerülni	indefinite
úszik	doc#3765	. </s><s> Szabad	úszom	mostanáig	indefinite
igyekszik	doc#3765	,	igyekszem	ezt	definite
igyekszik	doc#3765	elv , amit	igyekszem	NA	indefinite
igyekszik	doc#3766	, hogy	igyekszem	mindent	indefinite
törekszik	doc#3768	én erre	törekszem	. </s><s> Kádár Dóra	indefinite
úszik	doc#3768	NA	úszom	, hogy ha jól	indefinite
alszik	doc#3768	most alig	alszom	miatta , tíz	indefinite
törekszik	doc#3770	, amire én	törekszem	, hogy hát	indefinite
alszik	doc#3770	, és sokat	alszom	, nem igazán	indefinite
igyekszik	doc#3770	Lajos : - Én	igyekszem	azért	indefinite
igyekszik	doc#3770	órákra , így	igyekszem	legalább	indefinite
igyekszik	doc#3770	legyen ? </s><s>	Igyekszem	nemcsak	indefinite
igyekszik	doc#3771	optimumot	igyekszem	megtalálni	indefinite
úszik	doc#3771	ha ennyit	úszom	, akkor ez jó	indefinite
igyekszik	doc#3771	tartani ,	igyekszem	most is ,	indefinite
alszik	doc#3771	melegbe	alszom	. </s><s> Meg lehe	indefinite
alszik	doc#3771	nyugodtan	alszom	, semhogy	indefinite
igyekszik	doc#3773	miként . </s><s> """"	Igyekszem	majd	indefinite
igyekszik	doc#3774	szedek és	igyekszem	olyan	indefinite
igyekszik	doc#3775	, és ezeket	igyekszem	NA	indefinite
igyekszik	doc#3775	vallást	igyekszem	képviselni	indefinite
igyekszik	doc#3776	. </s><s> Úgyhogy én	igyekszem	itt is	indefinite
igyekszik	doc#3776	, és	igyekszem	megértetni	indefinite
cselekszik	doc#3777	alapján	cselekszem	. </s><s> Ezekben az	indefinite
igyekszik	doc#3781	és finom	igyekszem	étellé	indefinite
igyekszik	doc#3781	daloljak . </s><s>	Igyekszem	NA	indefinite
igyekszik	doc#3781	rendezni . </s><s>	Igyekszem	NA	indefinite
törekszik	doc#3781	, hogy arra	törekszem	-e ugye ,	indefinite
törekszik	doc#3781	. </s><s> Nem arra	törekszem	, hogy	indefinite
igyekszik	doc#3781	szerint	igyekszem	ehhez	indefinite
igyekszik	doc#3781	vagyok és	igyekszem	is minden	indefinite
igyekszik	doc#3781	, de	igyekszem	a lehető	indefinite
úszik	doc#3782	, hogy én jól	úszom	és akkor	indefinite
igyekszik	doc#3782	igen , és	igyekszem	meggyőzni	indefinite
igyekszik	doc#3782	és mindenre	igyekszem	megfelelni	indefinite
alszik	doc#3782	, hogy nem	alszom	el . </s><s> Virányi	indefinite
igyekszik	doc#3782	, akkor	igyekszem	minden	indefinite
igyekszik	doc#3782	NA	igyekszem	országos	indefinite
igyekszik	doc#3782	NA	igyekszem	azt a	definite
igyekszik	doc#3782	ezelőtt , én	igyekszem	nem ellógni	indefinite
igyekszik	doc#3782	: - Én azért	igyekszem	NA	indefinite
alszik	doc#3782	, én inkább	alszom	. </s><s> Tévéről	indefinite
igyekszik	doc#3782	: - Ehhez	igyekszem	a magam	indefinite
törekszik	doc#3783	arra	törekszem	, hogy olyan	indefinite
törekszik	doc#3783	arra	törekszem	, hogy ezt	indefinite
törekszik	doc#3786	arra	törekszem	, hogy olyan	indefinite
igyekszik	doc#3787	. </s><s>	Igyekszem	a jogot	definite
igyekszik	doc#3787	: - Én	igyekszem	egyik	indefinite
igyekszik	doc#3787	kívánok ! </s><s>	Igyekszem	úgy , hogy Ön	indefinite
igyekszik	doc#3787	meg , de	igyekszem	pótolni a	indefinite
igyekszik	doc#3787	: - HÁt	igyekszem	minden	indefinite
alszik	doc#3787	, hogy	alszom	, de attól	indefinite
úszik	doc#3787	is . </s><s> Ha én nem	úszom	NA	indefinite
úszik	doc#3787	. </s><s> Addig	úszom	, ameddig	indefinite
úszik	doc#3787	, ameddig	úszom	. </s><s> A kettő az	indefinite
igyekszik	doc#3787	, de	igyekszem	hátteret	indefinite
igyekszik	doc#3788	jó , azt	igyekszem	részben	definite
igyekszik	doc#3789	, amelyben	igyekszem	arról írni ,	indefinite
igyekszik	doc#3793	. </s><s> De aztán	igyekszem	mégiscsak	indefinite
igyekszik	doc#3793	azért	igyekszem	a	indefinite
igyekszik	doc#3793	. </s><s> Úgyhogy én	igyekszem	itt is	indefinite
igyekszik	doc#3794	nyilván én	igyekszem	a dolgokat	definite
igyekszik	doc#3794	térre	igyekszem	, ahol a	indefinite
igyekszik	doc#3798	vagyunk . </s><s>	Igyekszem	nekik	indefinite
alszik	doc#3799	, meg úgy	alszom	, hogy fél	indefinite
igyekszik	doc#3799	indul . </s><s> Én	igyekszem	mindig	indefinite
igyekszik	doc#3799	évben én	igyekszem	majd	indefinite
törekszik	doc#3799	hogy én arra	törekszem	, és	indefinite
igyekszik	doc#3799	és	igyekszem	megértetni	indefinite
igyekszik	doc#3799	, és	igyekszem	megértetni	indefinite
igyekszik	doc#3799	. : - Jó . </s><s>	Igyekszem	akkor	indefinite
úszik	doc#3800	? </s><s> """" Nem	úszom	, úgy ahogy	indefinite
úszik	doc#3800	elég lassan	úszom	, ezért most	indefinite
igyekszik	doc#3800	legalábbis	igyekszem	nagyon nem	indefinite
igyekszik	doc#3802	vagyok és	igyekszem	majd minél	indefinite
igyekszik	doc#3805	, akkor	igyekszem	ezt nem	definite
törekszik	doc#3805	, erre azért	törekszem	. </s><s> Vannak	indefinite
igyekszik	doc#3807	kérdésre	igyekszem	... </s><s> Mv . : -	indefinite
igyekszik	doc#3809	képviselő ,	igyekszem	fölhívni	indefinite
igyekszik	doc#3810	. hogy arra	igyekszem	és én hálás	indefinite
törekszik	doc#3811	. </s><s> Én arra	törekszem	, hogy minél	indefinite
igyekszik	doc#3811	Gábor . : -	Igyekszem	befejezni a	indefinite
úszik	doc#3811	számba nem	úszom	. </s><s> Szóval	indefinite
igyekszik	doc#3811	. </s><s> Rip.-	Igyekszem	nem	indefinite
úszik	doc#3812	, akkor is	úszom	egy nagyon	indefinite
úszik	doc#3813	és az , hogy	úszom	. </s><s> Rip : - Kiss	indefinite
igyekszik	doc#3814	dátum , és	igyekszem	minden	indefinite
igyekszik	doc#3816	. </s><s> Nagyon	igyekszem	óvatosan	indefinite
igyekszik	doc#3817	be , de	igyekszem	NA	indefinite
igyekszik	doc#3818	hogy	igyekszem	minél	indefinite
igyekszik	doc#3818	hogy	igyekszem	minél	indefinite
úszik	doc#3818	ha ennyit	úszom	, akkor ez jó	indefinite
mozizik	doc#3818	többet	mozizom	, de	indefinite
igyekszik	doc#3818	rosszabb ,	igyekszem	betartani	indefinite
törekszik	doc#3820	, én arra	törekszem	, hogy ez a	indefinite
igyekszik	doc#3820	én nagyon	igyekszem	elkerülni	indefinite
igyekszik	doc#3820	én nagyon	igyekszem	elkerülni	indefinite
igyekszik	doc#3821	magamnál és	igyekszem	kártyával	indefinite
igyekszik	doc#3821	vállalta ,	igyekszem	mindig	indefinite
igyekszik	doc#3821	vagyok ,	igyekszem	a	indefinite
igyekszik	doc#3825	Pál :-	Igyekszem	az ön	indefinite
igyekszik	doc#3826	András : -	Igyekszem	majd	indefinite
igyekszik	doc#3826	én	igyekszem	ezt	definite
igyekszik	doc#3829	, és	igyekszem	minden	indefinite
alszik	doc#3829	, meg nem	alszom	éjjel , mert	indefinite
alszik	doc#3829	: """" amikor	alszom	, valaki	indefinite
alszik	doc#3830	ugye eszem ,	alszom	, tehát	indefinite
igyekszik	doc#3830	mondtam ,	igyekszem	minél	indefinite
úszik	doc#3831	annyit	úszom	a	indefinite
igyekszik	doc#3831	: - Azért	igyekszem	válogatni ,	indefinite
törekszik	doc#3832	. </s><s> Én arra	törekszem	, hogy ez a	indefinite
törekszik	doc#3832	most is arra	törekszem	, hogy az	indefinite
igyekszik	doc#3832	. </s><s> A nyáron	igyekszem	ezt a	definite
alszik	doc#3832	kevesebbet	alszom	. </s><s> Az	indefinite
törekszik	doc#3833	mindig erre	törekszem	eddig ,	indefinite
igyekszik	doc#3833	. </s><s> Hát ,	igyekszem	. </s><s> Berek	indefinite
igyekszik	doc#3835	én is úgy	igyekszem	beszélni	indefinite
alszik	doc#3835	oda és ott	alszom	. """" </s><s> Volt ,	indefinite
igyekszik	doc#3836	: - Én magam	igyekszem	nyomon	indefinite
törekszik	doc#3837	is erre	törekszem	, hogy a	indefinite
igyekszik	doc#3837	hát hova	igyekszem	ilyen	indefinite
igyekszik	doc#3838	is	igyekszem	majd	indefinite
igyekszik	doc#3840	látom és	igyekszem	olyan	indefinite
úszik	doc#3842	járom ,	úszom	, télen	indefinite
igyekszik	doc#3843	, és	igyekszem	az Ön	indefinite
igyekszik	doc#3843	. </s><s> """"	Igyekszem	NA	indefinite
alszik	doc#3843	, ott ülve	alszom	, pici kis	indefinite
alszik	doc#3843	, ott ülve	alszom	a konyhában	indefinite
igyekszik	doc#3843	, én	igyekszem	mindenféle	indefinite
igyekszik	doc#3843	akkor én	igyekszem	előre	indefinite
igyekszik	doc#3845	: - Én nagyon	igyekszem	minden	indefinite
törekszik	doc#3845	: - Arra	törekszem	, hogy az IMF	indefinite
igyekszik	doc#3846	. </s><s>	Igyekszem	, akár a jövő	indefinite
igyekszik	doc#3846	, hát azokat	igyekszem	olyan	indefinite
igyekszik	doc#3847	éppen azon	igyekszem	, hogy a	indefinite
igyekszik	doc#3848	ki ? </s><s> Rip.- Én	igyekszem	új típusú	indefinite
igyekszik	doc#3848	Emese : -	Igyekszem	csak azt ,	definite
törekszik	doc#3848	. </s><s> """" Én arra	törekszem	, hogy	indefinite
igyekszik	doc#3849	, és	igyekszem	az Ön	indefinite
törekszik	doc#3849	nagyüzem ,	törekszem	rá , hogy ne	indefinite
alszik	doc#3849	, amikor	alszom	, de ébren	indefinite
igyekszik	doc#3849	NA	igyekszem	ezzel	indefinite
törekszik	doc#3850	. </s><s> Én arra	törekszem	, hogy ez a	indefinite
igyekszik	doc#3851	, akkor	igyekszem	, hogy gyors	indefinite
igyekszik	doc#3852	, magyarán	igyekszem	úgy élni ,	indefinite
igyekszik	doc#3852	naponta	igyekszem	betartani	indefinite
úszik	doc#3854	ha ennyit	úszom	, akkor ez jó	indefinite
úszik	doc#3854	ha egy jót	úszom	, akkor az jó	indefinite
igyekszik	doc#3854	Evelin : -	Igyekszem	, de azért	indefinite
igyekszik	doc#3855	, és	igyekszem	az Ön	indefinite
törekszik	doc#3857	: - Arra	törekszem	, hogy minél	indefinite
igyekszik	doc#3858	, hanem	igyekszem	azokat a	indefinite
törekszik	doc#3859	): - Arra	törekszem	, hogy az	indefinite
igyekszik	doc#3860	NA	igyekszem	NA	indefinite
igyekszik	doc#3860	és azért	igyekszem	, nagyjából	indefinite
alszik	doc#3860	, és akkor	alszom	tovább . </s>	indefinite
igyekszik	doc#3860	és ha azokat	igyekszem	NA	indefinite
étkezik	doc#3861	én úgy	étkezem	, hogy nem	indefinite
igyekszik	doc#3861	óra alatt	igyekszem	berúgni , na	indefinite
igyekszik	doc#3861	magam és	igyekszem	NA	indefinite
igyekszik	doc#3862	viszont	igyekszem	egyfajta	indefinite
törekszik	doc#3862	elpárolog . </s><s>	Törekszem	, hogy	indefinite
igyekszik	doc#3864	délután	igyekszem	szintén	indefinite
igyekszik	doc#3864	akárhogy is	igyekszem	reális	indefinite
igyekszik	doc#3864	során	igyekszem	majd az EVA	indefinite
alszik	doc#3864	. </s><s> Míg én	alszom	az ágyban	indefinite
igyekszik	doc#3865	mindent	igyekszem	megtenni . </s>	indefinite
igyekszik	doc#3865	, én is	igyekszem	a magamét a	definite
törekszik	doc#3865	amire	törekszem	. </s><s> R. : - Nagy	indefinite
igyekszik	doc#3865	én , hanem	igyekszem	NA	indefinite
törekszik	doc#3865	NA	törekszem	rá , hogy egy	indefinite
törekszik	doc#3865	. </s><s> Amire még	törekszem	, az egy	indefinite
igyekszik	doc#3865	: - HÁt	igyekszem	minden	indefinite
úszik	doc#3866	helyen	úszom	, de nagyon	indefinite
úszik	doc#3866	helyen	úszom	, de azt ,	indefinite
úszik	doc#3866	, hogy hol	úszom	, tehát úgy	indefinite
úszik	doc#3866	én mai napig	úszom	NA	indefinite
úszik	doc#3866	igen , én	úszom	továbbra is	indefinite
úszik	doc#3866	és mai napig	úszom	, járok	indefinite
igyekszik	doc#3866	kívánok ! </s><s>	Igyekszem	akkor	indefinite
igyekszik	doc#3866	mozogni . </s><s> Én	igyekszem	mindig	indefinite
igyekszik	doc#3866	. </s><s> Most	igyekszem	ezt a	definite
igyekszik	doc#3866	ezt az utat	igyekszem	követni . </s><s> Az	definite
törekszik	doc#3868	miatt . </s><s> Nem	törekszem	rá , de hát	indefinite
alszik	doc#3868	aztán , még	alszom	rá egyet , és	indefinite
igyekszik	doc#3869	, és én	igyekszem	ez majd	indefinite
igyekszik	doc#3870	, én	igyekszem	NA	indefinite
alszik	doc#3870	nyugodtan	alszom	még két órát	indefinite
igyekszik	doc#3871	és úgy	igyekszem	figyelni a	indefinite
alszik	doc#3872	maga . </s><s> """" Már	alszom	, délután	indefinite
igyekszik	doc#3874	azért	igyekszem	, illetve	indefinite
igyekszik	doc#3874	itt azokat	igyekszem	ebben a	indefinite
úszik	doc#3876	kilométert	úszom	egy-egy	indefinite
igyekszik	doc#3876	enni , én meg	igyekszem	nekik	indefinite
igyekszik	doc#3877	lenne . </s><s> """"	Igyekszem	, bizonyos	indefinite
alszik	doc#3877	. </s><s> Hogyha ott	alszom	a	indefinite
pakolászik	doc#3877	és	pakolászom	. </s><s> Rábai	indefinite
igyekszik	doc#3877	az , az , hogy	igyekszem	megtartani	indefinite
igyekszik	doc#3877	, tehát	igyekszem	mai modern	indefinite
alszik	doc#3879	hívni és én	alszom	. </s><s> Ugyan	indefinite
törekszik	doc#3882	felé most	törekszem	. </s><s> A	indefinite
igyekszik	doc#3882	talált és	igyekszem	a regényben	indefinite
igyekszik	doc#3883	László : -	Igyekszem	minden	indefinite
igyekszik	doc#3883	. </s><s>	Igyekszem	sokat	indefinite
alszik	doc#3883	és medve mód	alszom	. </s><s> NO meg	indefinite
alszik	doc#3883	. </s><s> """" Itt	alszom	. """" </s><s> Rip :-	indefinite
alszik	doc#3883	rám , amikor	alszom	. """" </s><s> Rip : -	indefinite
alszik	doc#3884	helyen	alszom	, nem tudom	indefinite
igyekszik	doc#3885	megvan , én	igyekszem	a leg - hogy	indefinite
törekszik	doc#3886	, és arra	törekszem	, hogy annak	indefinite
igyekszik	doc#3886	én is itt ,	igyekszem	NA	indefinite
igyekszik	doc#3886	Kis Tamás : -	Igyekszem	igen ,	indefinite
igyekszik	doc#3889	szokásait . </s><s>	Igyekszem	olyan	indefinite
igyekszik	doc#3889	<s> De hát azért	igyekszem	NA	indefinite
igyekszik	doc#3889	? </s><s> K.F.-né : -	Igyekszem	felkelteni	indefinite
igyekszik	doc#3890	a világot ,	igyekszem	, ha nem is	indefinite
úszik	doc#3890	futni ,	úszom	minden nap ,	indefinite
igyekszik	doc#3890	óránk . </s><s> De	igyekszem	. </s><s> És hát ,	indefinite
alszik	doc#3890	a ház . </s><s> Vagy	alszom	vagy nem ,	indefinite
igyekszik	doc#3891	. </s><s> Én	igyekszem	azért , - és a	indefinite
igyekszik	doc#3891	, úgy	igyekszem	betartani ,	indefinite
igyekszik	doc#3892	neki . </s><s>	Igyekszem	még élve	indefinite
igyekszik	doc#3892	András : -	Igyekszem	majd	indefinite
igyekszik	doc#3892	naptejet . </s><s>	Igyekszem	árnyékos	indefinite
igyekszik	doc#3892	,	igyekszem	bemutatni	indefinite
igyekszik	doc#3892	nekik . </s><s>	Igyekszem	oktatni ,	indefinite
igyekszik	doc#3892	, ebben én	igyekszem	minden	indefinite
igyekszik	doc#3893	vagyok ,	igyekszem	vidéki	indefinite
igyekszik	doc#3894	5 óra körül	igyekszem	otthagyni	indefinite
igyekszik	doc#3894	, de	igyekszem	ezeket	indefinite
igyekszik	doc#3895	esztendeje	igyekszem	ápolni és	indefinite
igyekszik	doc#3895	vakon , aki	igyekszem	a	indefinite
alszik	doc#3895	este itt	alszom	, holnap	indefinite
igyekszik	doc#3895	azért ezt	igyekszem	minden	definite
igyekszik	doc#3897	, és	igyekszem	az Ön	indefinite
igyekszik	doc#3897	. </s><s> És itt	igyekszem	, nagyon	indefinite
alszik	doc#3898	a földön	alszom	 -	indefinite
igyekszik	doc#3898	Zsuzsa . : -	Igyekszem	, igen , igen	indefinite
igyekszik	doc#3903	, úgyhogy	igyekszem	segíteni	indefinite
igyekszik	doc#3903	a termését	igyekszem	,	definite
igyekszik	doc#3904	, És	igyekszem	minden	indefinite
törekszik	doc#3904	. </s><s> De én azon	törekszem	, hogy a	indefinite
igyekszik	doc#3904	előadáson ,	igyekszem	ott lenni . </s>	indefinite
törekszik	doc#3904	NA	törekszem	arra , hogy	indefinite
törekszik	doc#3904	. </s><s> De amire én	törekszem	, általában	indefinite
törekszik	doc#3905	: - Arra	törekszem	, hogy minél	indefinite
igyekszik	doc#3905	Előd : -	Igyekszem	rátérni , de	indefinite
igyekszik	doc#3906	NA	igyekszem	őket úgy	indefinite
igyekszik	doc#3907	, hogy arra	igyekszem	az	indefinite
igyekszik	doc#3907	. </s><s> Egy szóval	igyekszem	NA	indefinite
igyekszik	doc#3908	, világos ,	igyekszem	NA	indefinite
igyekszik	doc#3908	-e ? </s><s> """"	Igyekszem	figyelni ,	indefinite
igyekszik	doc#3908	, akkor	igyekszem	a magyart	indefinite
igyekszik	doc#3908	, akkor	igyekszem	azt keresni	definite
igyekszik	doc#3908	Tibor : -	Igyekszem	. </s><s> Nem könnyű	indefinite
igyekszik	doc#3908	Tibor : -	Igyekszem	. </s><s> Nem könnyű	indefinite
igyekszik	doc#3909	járok . </s><s> De	igyekszem	majd én is ,	indefinite
igyekszik	doc#3909	,	igyekszem	, minden	indefinite
törekszik	doc#3909	én , erre nem	törekszem	. </s>	indefinite
törekszik	doc#3909	, erre	törekszem	. </s><s> Viszont ,	indefinite
igyekszik	doc#3909	NA	igyekszem	, egy kicsit	indefinite
igyekszik	doc#3910	. </s><s> Így	igyekszem	én is	indefinite
igyekszik	doc#3910	, és	igyekszem	támogatni ,	indefinite
igyekszik	doc#3910	is , és	igyekszem	NA	indefinite
igyekszik	doc#3910	NA	igyekszem	kijutni , de	indefinite
igyekszik	doc#3910	módon	igyekszem	megtalálni	indefinite
igyekszik	doc#3911	, amit	igyekszem	NA	indefinite
törekszik	doc#3913	, de	törekszem	rá ,	indefinite
igyekszik	doc#3913	. </s><s> Én	igyekszem	őket arra	indefinite
törekszik	doc#3915	a dolog . </s><s> És	törekszem	arra , hogy	indefinite
igyekszik	doc#3915	meg	igyekszem	informatív	indefinite
igyekszik	doc#3915	legtöbbet	igyekszem	tanulni	indefinite
törekszik	doc#3915	viszonyra	törekszem	, és a	indefinite
törekszik	doc#3915	NA	törekszem	. </s><s> Nincsenek	indefinite
törekszik	doc#3916	<s> A legjobbra	törekszem	, aztán	indefinite
igyekszik	doc#3916	is mindig	igyekszem	kiadni	indefinite
igyekszik	doc#3916	. </s><s> Katika . : -	Igyekszem	otthonról	indefinite
igyekszik	doc#3919	legalábbis	igyekszem	az lenni . </s>	indefinite
úszik	doc#3919	hogy ezt nem	úszom	meg . </s><s> R. : -	definite
alszik	doc#3919	alig	alszom	. """" </s><s> Ri . </s><s> - A	indefinite
igyekszik	doc#3919	volt ,	igyekszem	NA	indefinite
igyekszik	doc#3919	csavart	igyekszem	mindig	indefinite
igyekszik	doc#3919	kérdés , hát	igyekszem	NA	indefinite
igyekszik	doc#3920	? </s><s> """"	Igyekszem	, szerintem	indefinite
igyekszik	doc#3921	autózni ,	igyekszem	BKV-val	indefinite
törekszik	doc#3921	kitartásra	törekszem	, hogy jó	indefinite
igyekszik	doc#3921	, szóval én	igyekszem	járkálni ,	indefinite
igyekszik	doc#3921	. </s><s>	Igyekszem	behozni	indefinite
alszik	doc#3922	hiszem , még	alszom	rá egyet ,	indefinite
igyekszik	doc#3922	NA	igyekszem	, és	indefinite
igyekszik	doc#3923	, de azért	igyekszem	objektívan	indefinite
igyekszik	doc#3923	indulni ,	igyekszem	mindenki	indefinite
igyekszik	doc#3924	? </s><s> N.P. : -	Igyekszem	. </s><s> Az elmúlt	indefinite
igyekszik	doc#3925	annyi , úgy	igyekszem	azért	indefinite
igyekszik	doc#3925	, kicsit	igyekszem	. """" </s><s> Rip . </s><s> -	indefinite
igyekszik	doc#3925	, hogy	igyekszem	úgy	indefinite
törekszik	doc#3925	, és erre	törekszem	NA	indefinite
törekszik	doc#3926	mindig arra	törekszem	és arra	indefinite
igyekszik	doc#3926	erőt adni . </s><s>	Igyekszem	, hogy	indefinite
igyekszik	doc#3926	, hogy nem . </s><s>	Igyekszem	kerülni a	indefinite
igyekszik	doc#3926	viszonyom ,	igyekszem	távolságot	indefinite
alszik	doc#3927	, hogy ott	alszom	, ott	indefinite
étkezik	doc#3927	alszom , ott	étkezem	és ott	indefinite
igyekszik	doc#3927	NA	igyekszem	őket	indefinite
igyekszik	doc#3928	, de azért	igyekszem	ezzel nem	indefinite
igyekszik	doc#3928	hallottam . </s><s>	Igyekszem	olyan	indefinite
igyekszik	doc#3928	. </s><s> És én ,	igyekszem	meglátni a	indefinite
igyekszik	doc#3928	el , hogy	igyekszem	az új	indefinite
alszik	doc#3928	. </s><s> """" Igen , itt	alszom	, igen . """" </s><s> Nem	indefinite
igyekszik	doc#3929	közegben	igyekszem	magyarul	indefinite
igyekszik	doc#3929	időm van , de	igyekszem	,	indefinite
alszik	doc#3931	, ahol én	alszom	, és akinek	indefinite
törekszik	doc#3931	. : - Arra	törekszem	, hogy	indefinite
igyekszik	doc#3931	viszont	igyekszem	családi	indefinite
törekszik	doc#3932	. </s><s> Arra	törekszem	, hogy ez az	indefinite
igyekszik	doc#3933	István : -	Igyekszem	NA	indefinite
igyekszik	doc#3933	. """" </s><s> """"	Igyekszem	kerülni a	indefinite
igyekszik	doc#3934	. </s><s> Iskolákat	igyekszem	NA	indefinite
igyekszik	doc#3934	ülésen	igyekszem	részt venni	indefinite
igyekszik	doc#3934	. </s><s> Én	igyekszem	arra , hogy	indefinite
törekszik	doc#3934	és én erre	törekszem	, tehát én	indefinite
igyekszik	doc#3934	én ezért	igyekszem	minden , és a	indefinite
igyekszik	doc#3935	, és én pedig	igyekszem	mellé olyan	indefinite
igyekszik	doc#3935	ilyeneket	igyekszem	melléjük	indefinite
igyekszik	doc#3935	, de nagyon	igyekszem	őket úgy	indefinite
igyekszik	doc#3936	: - Hát	igyekszem	igen . </s><s> Mv . : -	indefinite
igyekszik	doc#3936	a rendre ? </s><s>	Igyekszem	persze . </s>	indefinite
törekszik	doc#3936	ezért arra	törekszem	, hogy a	indefinite
igyekszik	doc#3937	, úgyhogy	igyekszem	azért ,	indefinite
igyekszik	doc#3937	sok , nem	igyekszem	nagyon	indefinite
alszik	doc#3938	és én	alszom	. </s><s> R: - Hogy	indefinite
alszik	doc#3938	, mikor nem	alszom	, avval	indefinite
igyekszik	doc#3939	én is	igyekszem	meggyőzni	indefinite
igyekszik	doc#3939	, - én sem azt	igyekszem	itt	definite
igyekszik	doc#3939	ért . </s><s>	Igyekszem	belátni ,	indefinite
igyekszik	doc#3939	a dolog ,	igyekszem	megtalálni	indefinite
igyekszik	doc#3942	az életem ,	igyekszem	minél	indefinite
igyekszik	doc#3942	NA	igyekszem	nyilván az	indefinite
igyekszik	doc#3942	, ezeket	igyekszem	inkább	indefinite
igyekszik	doc#3943	NA	igyekszem	, nem bírom	indefinite
alszik	doc#3943	többet	alszom	. </s><s> Nem öt és	indefinite
alszik	doc#3943	fáradt hogy	alszom	. </s><s> Van amikor	indefinite
törekszik	doc#3943	és arra	törekszem	, hogy ezt	indefinite
igyekszik	doc#3943	is visel . </s><s> """"	Igyekszem	. """" </s><s> Rip . </s><s> -	indefinite
igyekszik	doc#3943	? </s><s> """" Nem , nem ,	igyekszem	nem többet . </s>	indefinite
igyekszik	doc#3943	, úgyhogy	igyekszem	normálisan	indefinite
igyekszik	doc#3943	rám , és	igyekszem	majd ott	indefinite
alszik	doc#3944	én keveset	alszom	, de	indefinite
alszik	doc#3944	jól	alszom	. </s><s> Rip : -	indefinite
igyekszik	doc#3944	, de	igyekszem	nem	indefinite
igyekszik	doc#3945	a család . </s><s>	Igyekszem	úgy	indefinite
igyekszik	doc#3945	, akkor	igyekszem	este	indefinite
igyekszik	doc#3945	muszáj . </s><s>	Igyekszem	ezt úgy	definite
alszik	doc#3945	éjszaka itt	alszom	. """" </s><s> Rip : - Önt	indefinite
igyekszik	doc#3945	az áll , hogy	igyekszem	megtartani	indefinite
igyekszik	doc#3946	keresztül	igyekszem	megoldani ,	indefinite
igyekszik	doc#3947	elnöke : -	Igyekszem	megtalálni	indefinite
alszik	doc#3947	nyugodtan	alszom	és a	indefinite
igyekszik	doc#3949	Zoltán : -	Igyekszem	úgy	indefinite
igyekszik	doc#3949	keresztül	igyekszem	nekik , amit	indefinite
igyekszik	doc#3949	nagyon	igyekszem	NA	indefinite
törekszik	doc#3950	. </s><s> Arra	törekszem	, hogy ez az	indefinite
igyekszik	doc#3951	a vonal ,	igyekszem	összerakni	indefinite
igyekszik	doc#3951	. </s><s> SzT . : -	Igyekszem	. </s><s> Rip . : - Már	indefinite
törekszik	doc#3952	. </s><s> Én arra	törekszem	, így a	indefinite
törekszik	doc#3952	és nem arra	törekszem	, hogy	indefinite
törekszik	doc#3952	hogy én arra	törekszem	, így a	indefinite
igyekszik	doc#3952	szálakat és	igyekszem	úgy	indefinite
igyekszik	doc#3953	szedek , és	igyekszem	olyan	indefinite
törekszik	doc#3954	várom . </s><s> Arra	törekszem	, hogy a	indefinite
alszik	doc#3954	magasan	alszom	, mivel	indefinite
igyekszik	doc#3954	,	igyekszem	ehhez az	indefinite
igyekszik	doc#3954	, és én is	igyekszem	megőrizni	indefinite
igyekszik	doc#3954	. </s><s>	Igyekszem	a baráti	indefinite
igyekszik	doc#3955	előtte . </s><s> De	igyekszem	úgy a kis	indefinite
úszik	doc#3955	a víz alatt	úszom	. </s><s> Két és fél	indefinite
törekszik	doc#3956	, arra	törekszem	, hogy olyan	indefinite
igyekszik	doc#3956	mondtam ,	igyekszem	minél	indefinite
igyekszik	doc#3957	. </s><s>	Igyekszem	NA	indefinite
törekszik	doc#3957	lenne , de	törekszem	arra , hogy	indefinite
igyekszik	doc#3957	,	igyekszem	NA	indefinite
alszik	doc#3957	már nem	alszom	jóformán ,	indefinite
igyekszik	doc#3957	, ahogy én	igyekszem	megtanulni	indefinite
törekszik	doc#3958	, én arra	törekszem	, hogy ez	indefinite
igyekszik	doc#3958	? </s><s> BB . : -	Igyekszem	minden	indefinite
igyekszik	doc#3958	küzdjenek ,	igyekszem	olyan	indefinite
úszik	doc#3961	nem	úszom	meg , de azt	indefinite
igyekszik	doc#3962	azon , hogy	igyekszem	NA	indefinite
törekszik	doc#3962	arra	törekszem	, hogy a	indefinite
igyekszik	doc#3962	Á . : - Nagyon	igyekszem	. </s><s> A stílusom	indefinite
igyekszik	doc#3962	. </s><s> H.O. : -	Igyekszem	fordítani	indefinite
igyekszik	doc#3962	kerültem . </s><s>	Igyekszem	NA	indefinite
igyekszik	doc#3962	azóta én is	igyekszem	NA	indefinite
alszik	doc#3962	ma együtt	alszom	veled	indefinite
igyekszik	doc#3963	. </s><s> Nagyon	igyekszem	NA	indefinite
igyekszik	doc#3964	arra , és	igyekszem	elkerülni	indefinite
igyekszik	doc#3964	felkért és	igyekszem	a legjobb	indefinite
igyekszik	doc#3964	nagyon	igyekszem	. """" </s>	indefinite
igyekszik	doc#3964	, és ő neki is	igyekszem	visszaadni	indefinite
igyekszik	doc#3964	a tájat	igyekszem	nem	definite
igyekszik	doc#3964	: - Igen ,	igyekszem	. </s><s> Kézműves	indefinite
igyekszik	doc#3965	vagyok , de	igyekszem	segíteni a	indefinite
igyekszik	doc#3967	NA	igyekszem	eljárni . </s><s> Az	indefinite
igyekszik	doc#3968	, és hát	igyekszem	az év más	indefinite
igyekszik	doc#3968	én gyorsan	igyekszem	például	indefinite
igyekszik	doc#3968	, és ahhoz	igyekszem	azonnal	indefinite
igyekszik	doc#3968	a részét ? </s><s> """"	Igyekszem	, mivel	indefinite
igyekszik	doc#3968	, tehát	igyekszem	mindenből	indefinite
igyekszik	doc#3968	akar , és én	igyekszem	ezért vele	indefinite
igyekszik	doc#3968	és én ezt	igyekszem	neki	definite
igyekszik	doc#3968	, és így	igyekszem	, hogy	indefinite
igyekszik	doc#3968	többet	igyekszem	mosolyogni	indefinite
igyekszik	doc#3968	most ezt így	igyekszem	NA	indefinite
úszik	doc#3968	óta	úszom	a jó időket . </s>	definite
úszik	doc#3968	óta	úszom	a jó időket ,	definite
igyekszik	doc#3968	azt	igyekszem	nem	definite
igyekszik	doc#3968	, de azért	igyekszem	arra	indefinite
cselekszik	doc#3968	helyesen	cselekszem	, amint	indefinite
igyekszik	doc#3969	. </s><s> Mindig	igyekszem	alaposan	indefinite
igyekszik	doc#3969	elé mindig	igyekszem	győzni . """" </s><s> A	indefinite
igyekszik	doc#3969	, hogy	igyekszem	betartani a	indefinite
igyekszik	doc#3969	. </s><s> PK : - Én	igyekszem	azért a	indefinite
igyekszik	doc#3969	, de	igyekszem	, azért kell	indefinite
igyekszik	doc#3970	is gyakran	igyekszem	élni ,	indefinite
igyekszik	doc#3970	így van , és	igyekszem	is embertől	indefinite
igyekszik	doc#3970	, én	igyekszem	az	indefinite
igyekszik	doc#3970	: - Én	igyekszem	NA	indefinite
törekszik	doc#3970	, én arra	törekszem	, hogy ne	indefinite
igyekszik	doc#3970	,	igyekszem	olyan	indefinite
igyekszik	doc#3974	? </s><s> P.Gy . : - Én	igyekszem	felmérni a	indefinite
igyekszik	doc#3974	, akkor	igyekszem	válaszolni	indefinite
igyekszik	doc#3974	táncait , és	igyekszem	minél	indefinite
igyekszik	doc#3974	, hanem	igyekszem	megtalálni	indefinite
úszik	doc#3975	a víz alatt	úszom	. </s><s> Két és fél	indefinite
igyekszik	doc#3975	a naplóban . </s><s>	Igyekszem	úgy élni ,	indefinite
igyekszik	doc#3975	és tanítok . </s><s>	Igyekszem	mindig a	indefinite
úszik	doc#3975	fazékban	úszom	, valakivel	indefinite
igyekszik	doc#3975	, és	igyekszem	NA	indefinite
törekszik	doc#3975	NA	törekszem	arra , hogy	indefinite
igyekszik	doc#3976	: - Meg hát	igyekszem	első	indefinite
igyekszik	doc#3976	voksolt . </s><s>	Igyekszem	kerülni a	indefinite
igyekszik	doc#3976	. </s><s>	Igyekszem	sokat	indefinite
igyekszik	doc#3976	, stb. ? </s><s> """" Én	igyekszem	, én magam	indefinite
igyekszik	doc#3978	tagjaival	igyekszem	egyeztetni	indefinite
igyekszik	doc#3978	dátum , és	igyekszem	minden	indefinite
törekszik	doc#3978	: - Mindig	törekszem	NA	indefinite
igyekszik	doc#3978	is	igyekszem	részt venni	indefinite
igyekszik	doc#3978	játszom ,	igyekszem	minden	indefinite
igyekszik	doc#3978	persze	igyekszem	kihozni	indefinite
igyekszik	doc#3978	másodperc . </s><s>	Igyekszem	mindig	indefinite
igyekszik	doc#3980	egyébként	igyekszem	őket	indefinite
igyekszik	doc#3980	a játék ,	igyekszem	a	indefinite
igyekszik	doc#3980	még nagyon	igyekszem	megtenni ,	indefinite
igyekszik	doc#3980	a klinikán	igyekszem	NA	indefinite
igyekszik	doc#3980	én sokat	igyekszem	vidékre	indefinite
igyekszik	doc#3980	vátozik , én	igyekszem	ezen	indefinite
igyekszik	doc#3980	is azért	igyekszem	NA	indefinite
igyekszik	doc#3981	NA	igyekszem	majd neki	indefinite
igyekszik	doc#3981	dolgokat	igyekszem	a vászonra	indefinite
alszik	doc#3981	nyugodtan	alszom	, és nekem ez	indefinite
igyekszik	doc#3981	Én még azért	igyekszem	a többieket	definite
igyekszik	doc#3981	? </s><s> B. J: -	Igyekszem	energiámat	indefinite
igyekszik	doc#3981	Gary . </s><s>	Igyekszem	egyfajta	indefinite
igyekszik	doc#3983	keresztül	igyekszem	utat	indefinite
igyekszik	doc#3984	a világban ,	igyekszem	NA	indefinite
törekszik	doc#3984	kaptam ,	törekszem	arra , hogy	indefinite
igyekszik	doc#3985	is . </s><s>	Igyekszem	NA	indefinite
igyekszik	doc#3986	, mindig	igyekszem	, hogy	indefinite
igyekszik	doc#3986	, vagy	igyekszem	terelni a	indefinite
igyekszik	doc#3986	napokból is	igyekszem	feléjük a	indefinite
igyekszik	doc#3986	, de	igyekszem	olyankor a	indefinite
igyekszik	doc#3986	ünnep . </s><s>	Igyekszem	hogy	indefinite
alszik	doc#3986	- Amíg el nem	alszom	, addig	indefinite
igyekszik	doc#3987	a jelenben	igyekszem	élni , és nem	indefinite
igyekszik	doc#3987	? </s><s> """"	Igyekszem	. """" </s><s> """" Azt ,	indefinite
alszik	doc#3987	, nem	alszom	NA	indefinite
törekszik	doc#3987	hogy én arra	törekszem	száz	indefinite
igyekszik	doc#3988	ennyi ,	igyekszem	végezni a	indefinite
törekszik	doc#3988	, arra	törekszem	, hogy azok ,	indefinite
alszik	doc#3988	, hogy én még	alszom	. </s><s> Ri . </s><s> -	indefinite
igyekszik	doc#3988	és ezt én így	igyekszem	meghálálni	indefinite
igyekszik	doc#3989	dolgozom . </s><s>	Igyekszem	reggel a	indefinite
igyekszik	doc#3991	is , én meg	igyekszem	azzal	indefinite
igyekszik	doc#3992	NA	igyekszem	NA	indefinite
igyekszik	doc#3992	véve	igyekszem	az	indefinite
igyekszik	doc#3992	? </s><s>	Igyekszem	őket olyan	indefinite
igyekszik	doc#3992	, akkor	igyekszem	valami	indefinite
igyekszik	doc#3992	, ezért	igyekszem	elengedni	indefinite
igyekszik	doc#3993	ezt	igyekszem	be is	definite
cselekszik	doc#3993	NA	cselekszem	majd , mint	indefinite
igyekszik	doc#3993	,	igyekszem	majd	indefinite
igyekszik	doc#3993	,	igyekszem	elkerülni	indefinite
igyekszik	doc#3993	, de azért	igyekszem	, hogy hátha	indefinite
igyekszik	doc#3993	Áron : -	Igyekszem	ugyanazt	definite
alszik	doc#3993	függ , hogy	alszom	, kinn	indefinite
törekszik	doc#3993	működik , de	törekszem	arra , hogy	indefinite
alszik	doc#3993	, ha nem	alszom	velük , vagy	indefinite
alszik	doc#3993	, állandóan	alszom	, mert	indefinite
igyekszik	doc#3994	<s> Telef : - Na ,	igyekszem	, megmondom	indefinite
igyekszik	doc#3994	őszintén	igyekszem	, de a lányom	indefinite
törekszik	doc#3994	erre	törekszem	. </s><s> Benkei	indefinite
igyekszik	doc#3994	. </s><s>	Igyekszem	figyelni ,	indefinite
igyekszik	doc#3995	. </s><s> Azért	igyekszem	, tudatos is	indefinite
igyekszik	doc#3995	,	igyekszem	NA	indefinite
igyekszik	doc#3995	és	igyekszem	a Magyar	indefinite
igyekszik	doc#3997	NA	igyekszem	eligazodni	indefinite
igyekszik	doc#3999	kibújni . </s><s>	Igyekszem	nem	indefinite
igyekszik	doc#3999	NA	igyekszem	nyújtani a	indefinite
igyekszik	doc#3999	mondatban	igyekszem	NA	indefinite
igyekszik	doc#3999	akkor én is	igyekszem	bárkinek	indefinite
igyekszik	doc#3999	, csak	igyekszem	egészen	indefinite
úszik	doc#3999	NA	úszom	idehaza is	indefinite
úszik	doc#3999	is mindíg	úszom	. </s><s> Nagyon	indefinite
igyekszik	doc#4000	. </s><s> Hát	igyekszem	tartani ezt	indefinite
igyekszik	doc#4000	, amit én	igyekszem	NA	indefinite
törekszik	doc#4000	, én mindig	törekszem	rá , hogy a	indefinite
igyekszik	doc#4000	szerint úgy	igyekszem	magam előtt	indefinite
alszik	doc#4000	, de soha nem	alszom	nyugodtan ,	indefinite
igyekszik	doc#4000	is	igyekszem	ezt	definite
igyekszik	doc#4000	újságíró : -	Igyekszem	jó	indefinite
igyekszik	doc#4000	. </s><s> Én	igyekszem	a lehető	indefinite
igyekszik	doc#4000	tenni . </s><s>	Igyekszem	minél	indefinite
törekszik	doc#4000	van . </s><s> Arra	törekszem	, hogy	indefinite
igyekszik	doc#4000	. </s><s> Én viszont	igyekszem	elvárni ,	indefinite
igyekszik	doc#4000	szülőt	igyekszem	erről	indefinite
igyekszik	doc#4000	keresztül ,	igyekszem	minden	indefinite
igyekszik	doc#4000	, és	igyekszem	őket	indefinite
igyekszik	doc#4000	példát is	igyekszem	mutatni a	indefinite
úszik	doc#4000	számba nem	úszom	. </s><s> Szóval	indefinite
törekszik	doc#4000	tudatosan	törekszem	, tehát	indefinite
igyekszik	doc#4000	sokfelé	igyekszem	kitágítani	indefinite
alszik	doc#4000	jobban	alszom	azóta ,	indefinite
igyekszik	doc#4000	úgy azóta	igyekszem	mindig . </s><s> R. :	indefinite
törekszik	doc#4001	. </s><s> """" Arra	törekszem	, hogy	indefinite
igyekszik	doc#4002	a területen	igyekszem	a tudomány	indefinite
alszik	doc#4003	? </s><s> """" Postán	alszom	, érzem a	indefinite
igyekszik	doc#4006	bármikor és	igyekszem	olyan	indefinite
igyekszik	doc#4006	,	igyekszem	a lehető	indefinite
igyekszik	doc#4006	, de	igyekszem	minél	indefinite
úszik	doc#4006	kilométert	úszom	egy-egy	indefinite
igyekszik	doc#4007	úgy , hogy én	igyekszem	itt is	indefinite
igyekszik	doc#4007	úgy , hogy én	igyekszem	itt is	indefinite
alszik	doc#4007	most nem	alszom	, de majd ha	indefinite
igyekszik	doc#4008	rá alkalom ,	igyekszem	még írni ,	indefinite
igyekszik	doc#4008	NA	igyekszem	NA	indefinite
igyekszik	doc#4008	. </s><s> Fné . : - És	igyekszem	úgy	indefinite
igyekszik	doc#4009	mind úgy	igyekszem	nevelni ,	indefinite
törekszik	doc#4009	NA	törekszem	erre akkor ,	indefinite
alszik	doc#4009	. </s><s> Én addig	alszom	nyugodtan	indefinite
igyekszik	doc#4010	azért arra	igyekszem	vigyázni ,	indefinite
törekszik	doc#4010	. </s><s> Arra	törekszem	, hogy	indefinite
igyekszik	doc#4011	, akkor	igyekszem	. </s><s> Hogy gyors	indefinite
igyekszik	doc#4015	épületei . </s><s>	Igyekszem	olyan	indefinite
igyekszik	doc#4015	. </s><s> Én magam is	igyekszem	, amikor	indefinite
igyekszik	doc#4015	NA	igyekszem	megosztani	indefinite
igyekszik	doc#4015	, amit	igyekszem	NA	indefinite
úszik	doc#4015	háromszor	úszom	. </s><s> Három	indefinite
igyekszik	doc#4015	. </s><s> Őrzöm ,	igyekszem	megőrizni . </s>	indefinite
igyekszik	doc#4017	is ,	igyekszem	a maximumot	definite
igyekszik	doc#4017	is ,	igyekszem	a maximumot	definite
igyekszik	doc#4017	is ,	igyekszem	a maximumot	definite
törekszik	doc#4017	: Arra	törekszem	, hogy az IMF	indefinite
alszik	doc#4017	nyugodtan	alszom	és a	indefinite
igyekszik	doc#4017	nekik , mert	igyekszem	úgy mondani	indefinite
alszik	doc#4017	akkor én nem	alszom	reggelig . </s><s> A	indefinite
törekszik	doc#4017	: Arra	törekszem	, hogy minél	indefinite
törekszik	doc#4017	: Arra	törekszem	, hogy minél	indefinite
igyekszik	doc#4017	is	igyekszem	ott lenni ,	indefinite
igyekszik	doc#4020	elég egy ,	igyekszem	egy két	indefinite
igyekszik	doc#4020	, akkor is	igyekszem	úgy	indefinite
igyekszik	doc#4020	mindenhol ,	igyekszem	azért	indefinite
úszik	doc#4020	bánattal	úszom	a labda után	indefinite
igyekszik	doc#4020	arra is	igyekszem	NA	indefinite
igyekszik	doc#4020	én még	igyekszem	mindent	indefinite
igyekszik	doc#4020	NA	igyekszem	eligazodni	indefinite
igyekszik	doc#4020	. </s><s> És	igyekszem	NA	indefinite
törekszik	doc#4020	különösen	törekszem	is rá , és	indefinite
igyekszik	doc#4020	Viktor :	Igyekszem	. </s><s> Mv : Fél	indefinite
cselekszik	doc#4020	hogy hogyan	cselekszem	és ott	indefinite
igyekszik	doc#4022	és	igyekszem	azokba a	indefinite
igyekszik	doc#4023	Én azon	igyekszem	nyilván és	indefinite
igyekszik	doc#4023	volt talán . </s><s>	Igyekszem	NA	indefinite
igyekszik	doc#4023	. </s><s>	Igyekszem	majd minden	indefinite
igyekszik	doc#4023	, arra	igyekszem	még , még	indefinite
igyekszik	doc#4023	? </s><s> L.K. : -	Igyekszem	úgy megírni	indefinite
igyekszik	doc#4023	. </s><s> Tehát én	igyekszem	őgy megérni	indefinite
igyekszik	doc#4023	helyzet . </s><s> Én	igyekszem	egy olyan	indefinite
igyekszik	doc#4023	volt talán ,	igyekszem	NA	indefinite
alszik	doc#4023	NA	alszom	így , hogy a	indefinite
igyekszik	doc#4023	részletet	igyekszem	megtudni . </s>	indefinite
úszik	doc#4023	, mindennap	úszom	. </s><s> Az úszás az	indefinite
igyekszik	doc#4023	vagyok ,	igyekszem	vidéki	indefinite
alszik	doc#4023	kevesebbet	alszom	, de kell a	indefinite
törekszik	doc#4025	szemnek . </s><s> Én	törekszem	arra , hogy	indefinite
úszik	doc#4025	, hogy én sem	úszom	meg , de az	indefinite
igyekszik	doc#4025	. </s><s> De én azért	igyekszem	a lényegre	indefinite
igyekszik	doc#4025	ezen a téren	igyekszem	megadni ,	indefinite
törekszik	doc#4025	, de	törekszem	, hogy ez	indefinite
alszik	doc#4026	tova , nem	alszom	el többé	indefinite
alszik	doc#4029	, nem is	alszom	. </s><s> De alszom ! </s>	indefinite
alszik	doc#4029	alszom . </s><s> De	alszom	! </s><s> Nem , nem	indefinite
alszik	doc#4029	! </s><s> Nem , nem	alszom	! </s><s> Akkor	indefinite
alszik	doc#4029	könyveken	alszom	. </s><s> Könyveken	indefinite
alszik	doc#4029	, én meg	alszom	. </s><s> - Bár úgy	indefinite
alszik	doc#4029	én is	alszom	. </s><s> A tévét	indefinite
alszik	doc#4030	alázatosan	alszom	egy kicsit	indefinite
dudorászik	doc#4034	tartok ... </s><s>	Dudorászom	közben : </s><s> ...	indefinite
dudorászik	doc#4034	zavaromban	dudorászom	ilyenkor	indefinite
igyekszik	doc#4051	, de még	igyekszem	megbújni	indefinite
igyekszik	doc#4054	vagyok és	igyekszem	olyasmivel	indefinite
cselekszik	doc#4054	, mit miért	cselekszem	miből	indefinite
alszik	doc#4073	napközben	alszom	lustán	indefinite
alszik	doc#4081	<s> az ágy alatt	alszom	, </s><s> rágni	indefinite
úszik	doc#4081	futok , </s><s>	úszom	is , ha	indefinite
igyekszik	doc#4081	<s> úszom is , ha	igyekszem	; </s><s> lusta	indefinite
alszik	doc#4084	akkor is ha	alszom	</s>	indefinite
alszik	doc#4084	, </s><s> fürdöm ,	alszom	magamtól . </s>	indefinite
alszik	doc#4086	NA	alszom	, és a	indefinite
alszik	doc#4086	NA	alszom	az	indefinite
igyekszik	doc#4088	gondolok ? </s><s> -	Igyekszem	, igyekszem	indefinite
igyekszik	doc#4088	Igyekszem ,	igyekszem	... -	indefinite
törekszik	doc#4088	nem arra	törekszem	, hanem arra	indefinite
alszik	doc#4089	, rosszul	alszom	, szédülök ,	indefinite
alszik	doc#4089	érdekel . </s><s>	Alszom	. </s><s> A	indefinite
igyekszik	doc#4089	fényét	igyekszem	NA	indefinite
igyekszik	doc#4089	alól . </s><s>	Igyekszem	magamra	indefinite
igyekszik	doc#4089	,	igyekszem	elfojtani	indefinite
alszik	doc#4090	, </s><s> fürdöm ,	alszom	magamtól . </s>	indefinite
alszik	doc#4091	többet	alszom	. </s><s> Az étel nem	indefinite
alszik	doc#4092	többet	alszom	. </s><s> Az étel nem	indefinite
alszik	doc#4099	szeret . </s><s>	Alszom	a fiút ,	definite
dudorászik	doc#4101	tartok ... </s><s>	Dudorászom	közben : </s><s> ...	indefinite
dudorászik	doc#4101	zavaromban	dudorászom	ilyenkor	indefinite
igyekszik	doc#4103	, ezért	igyekszem	lényegre	indefinite
alszik	doc#4103	vers ] </s><s> állva	alszom	fekve eszem	indefinite
alszik	doc#4103	eszem ülve	alszom	fekve	indefinite
alszik	doc#4103	<s> fekve	alszom	ülve eszem	indefinite
igyekszik	doc#4103	szabadulni	igyekszem	nézzetek	indefinite
alszik	doc#4103	NA	alszom	eszem	indefinite
igyekszik	doc#4103	leragad ,	igyekszem	ébren	indefinite
alszik	doc#4103	,	alszom	egy keveset	indefinite
alszik	doc#4103	, inkább	alszom	, hogy	indefinite
igyekszik	doc#4104	... </s><s> -	Igyekszem	. </s><s> A	indefinite
igyekszik	doc#4106	NA	igyekszem	tovább , de	indefinite
igyekszik	doc#4106	mozgással	igyekszem	magam	indefinite
igyekszik	doc#4106	. </s><s> Oda	igyekszem	, hogy a	indefinite
igyekszik	doc#4106	hiába	igyekszem	rejtőzködő	indefinite
igyekszik	doc#4106	terület . </s><s>	Igyekszem	ötvözni a	indefinite
igyekszik	doc#4107	nyílik rá -	igyekszem	egymásra	indefinite
alszik	doc#4109	otthon	alszom	, és azzal a	indefinite
igyekszik	doc#4109	kastélyába	igyekszem	. </s><s> Jó úton	indefinite
cselekszik	doc#4111	NA	cselekszem	ugyanezt ? </s>	indefinite
igyekszik	doc#4117	:	Igyekszem	... </s><s> NŐ : Vagy	indefinite
alszik	doc#4117	van , nem	alszom	 , mondta	indefinite
alszik	doc#4117	a konyhában	alszom	, a szoba	indefinite
törekszik	doc#4118	, arra nem	törekszem	, Jó ,	indefinite
alszik	doc#4118	NA	alszom	este el . </s><s> ( El	indefinite
alszik	doc#4123	s ha	alszom	, mindig	indefinite
alszik	doc#4126	? </s><s> És ha	alszom	egy	indefinite
igyekszik	doc#4134	 tüneteit	igyekszem	bemutatni ;	indefinite
alszik	doc#4134	amúgy is ott	alszom	ma . </s><s> - Ugyan ,	indefinite
étkezik	doc#4134	, diétásan	étkezem	- nagyanyám	indefinite
cselekszik	doc#4134	az , amit	cselekszem	. </s><s> Ugyan mit	definite
cselekszik	doc#4134	NA	cselekszem	, magamra	indefinite
igyekszik	doc#4134	, a Werkben	igyekszem	NA	indefinite
igyekszik	doc#4134	mégis	igyekszem	NA	indefinite
igyekszik	doc#4134	rengeteg . </s><s>	Igyekszem	a sok	indefinite
cselekszik	doc#4134	NA	cselekszem	, magamra	indefinite
alszik	doc#4134	az ülését : """"	Alszom	pár percet . </s>	indefinite
alszik	doc#4134	amúgy is ott	alszom	ma . </s><s> - Ugyan ,	indefinite
alszik	doc#4136	. </s><s> Keveset	alszom	. </s><s> Ha mégis	indefinite
alszik	doc#4139	<s> a falon	alszom	NA	indefinite
igyekszik	doc#4140	előtt ) , de	igyekszem	észben	indefinite
igyekszik	doc#4140	, de nem is	igyekszem	. </s><s> Most	indefinite
cselekszik	doc#4140	NA	cselekszem	ott helyben	indefinite
alszik	doc#4140	, - mondom ,	alszom	tovább . </s>	indefinite
alszik	doc#4140	: Nem	alszom	, hogy lehet	indefinite
igyekszik	doc#4140	azóta	igyekszem	elkerülni ,	indefinite
igyekszik	doc#4140	, de	igyekszem	NA	indefinite
igyekszik	doc#4140	évek óta	igyekszem	megfejteni	indefinite
igyekszik	doc#4140	,	igyekszem	némileg	indefinite
igyekszik	doc#4140	legalábbis	igyekszem	keveset	indefinite
alszik	doc#4140	, amikor	alszom	 hangzott a	indefinite
igyekszik	doc#4189	NA	igyekszem	lobbizni a	indefinite
igyekszik	doc#4191	,	igyekszem	eléggé	indefinite
igyekszik	doc#4191	NA	igyekszem	NA	indefinite
igyekszik	doc#4191	<s> Köszönöm ;	igyekszem	nem	indefinite
igyekszik	doc#4191	, hogy	igyekszem	rövid lenni	indefinite
igyekszik	doc#4191	szerint	igyekszem	majd ezt a	indefinite
igyekszik	doc#4191	szólok , és	igyekszem	rövid lenni	indefinite
igyekszik	doc#4191	vannak , és	igyekszem	nem reális	indefinite
igyekszik	doc#4191	. </s><s>	Igyekszem	tárgyszerű	indefinite
törekszik	doc#4191	, arra	törekszem	, hogy a	indefinite
igyekszik	doc#4191	jelleggel	igyekszem	röviden	indefinite
igyekszik	doc#4191	egymást . </s><s>	Igyekszem	röviden és	indefinite
igyekszik	doc#4191	János ): </s><s>	Igyekszem	azzal nem	indefinite
igyekszik	doc#4191	, ezért	igyekszem	rövid lenni	indefinite
igyekszik	doc#4191	keretet , én	igyekszem	nagyon	indefinite
igyekszik	doc#4191	,	igyekszem	két témára	indefinite
igyekszik	doc#4191	a szó . </s><s>	Igyekszem	rövid lenni	indefinite
törekszik	doc#4191	. </s><s> Én arra	törekszem	egyébként ,	indefinite
igyekszik	doc#4191	, hogy	igyekszem	ma több	indefinite
törekszik	doc#4191	arra	törekszem	, hogy ezt a	indefinite
törekszik	doc#4191	NA	törekszem	, mérsékelt	indefinite
törekszik	doc#4191	magam erre	törekszem	a metró	indefinite
igyekszik	doc#4191	NA	igyekszem	NA	indefinite
törekszik	doc#4191	NA	törekszem	arra , hogy	indefinite
igyekszik	doc#4191	. </s><s> ELŐADÓ : </s><s>	Igyekszem	rövid lenni	indefinite
igyekszik	doc#4191	viszont	igyekszem	NA	indefinite
igyekszik	doc#4191	. ) </s><s> ELŐADÓ : </s><s>	Igyekszem	rövid lenni	indefinite
igyekszik	doc#4191	kiindulva	igyekszem	a főváros	indefinite
igyekszik	doc#4191	. ) </s><s>	Igyekszem	nagyon	indefinite
igyekszik	doc#4191	kérek ,	igyekszem	NA	indefinite
igyekszik	doc#4191	! </s><s> Ismét	igyekszem	nagyon	indefinite
igyekszik	doc#4191	) </s><s>	Igyekszem	nem	indefinite
igyekszik	doc#4191	a szót . </s><s>	Igyekszem	nagyon	indefinite
igyekszik	doc#4191	asszony . </s><s>	Igyekszem	betartani a	indefinite
igyekszik	doc#4191	, hogy én	igyekszem	NA	indefinite
igyekszik	doc#4191	Közgyűlés ! </s><s>	Igyekszem	a késői	indefinite
igyekszik	doc#4191	teremben -,	igyekszem	NA	indefinite
igyekszik	doc#4191	: Halljuk ! ) </s><s>	Igyekszem	teljesen	indefinite
igyekszik	doc#4191	Tamás </s><s>	Igyekszem	tömör lenni	indefinite
igyekszik	doc#4191	tanácsnok : </s><s>	Igyekszem	sorrendben	indefinite
igyekszik	doc#4191	is nyilván	igyekszem	, hogy a	indefinite
igyekszik	doc#4191	szépen . </s><s>	Igyekszem	rövidre	indefinite
igyekszik	doc#4191	Mária ! </s><s>	Igyekszem	nagyon	indefinite
igyekszik	doc#4191	a szót . </s><s>	Igyekszem	rövid lenni	indefinite
törekszik	doc#4191	NA	törekszem	. </s>	indefinite
igyekszik	doc#4191	vagyok , és	igyekszem	az idén is ,	indefinite
igyekszik	doc#4191	öt percet ,	igyekszem	nem kihaszn	indefinite
törekszik	doc#4191	NA	törekszem	. </s><s> Ezzel a	indefinite
igyekszik	doc#4191	! </s><s>	Igyekszem	nagyon	indefinite
igyekszik	doc#4191	a szót . </s><s>	Igyekszem	rövid lenni	indefinite
igyekszik	doc#4191	is	igyekszem	segíteni az	indefinite
igyekszik	doc#4191	, hogy	igyekszem	megtartani	indefinite
igyekszik	doc#4191	- és	igyekszem	belül	indefinite
igyekszik	doc#4191	meg . </s><s>	Igyekszem	befejezni	indefinite
igyekszik	doc#4191	,	igyekszem	, hogy rövid	indefinite
igyekszik	doc#4191	tömör	igyekszem	lenni . </s>	indefinite
törekszik	doc#4191	arra	törekszem	, hogy a	indefinite
igyekszik	doc#4191	-	igyekszem	rövidre	indefinite
igyekszik	doc#4191	Közgyűlés ! </s><s>	Igyekszem	tömör lenni	indefinite
igyekszik	doc#4191	szépen . </s><s>	Igyekszem	- a	indefinite
igyekszik	doc#4191	az eskünek	igyekszem	megfelelni	indefinite
igyekszik	doc#4191	. </s><s> ELNÖK : </s><s>	Igyekszem	szakmai	indefinite
igyekszik	doc#4191	, úgyhogy	igyekszem	minden	indefinite
igyekszik	doc#4191	. </s><s> ( Taps . ) </s><s>	Igyekszem	egy	indefinite
igyekszik	doc#4191	a szót ,	igyekszem	gyorsan	indefinite
igyekszik	doc#4191	. </s><s>	Igyekszem	informálni	indefinite
igyekszik	doc#4191	, de most	igyekszem	NA	indefinite
igyekszik	doc#4191	NA	igyekszem	tömören és	indefinite
igyekszik	doc#4191	bizalmát ,	igyekszem	NA	indefinite
igyekszik	doc#4191	, de azért	igyekszem	. </s><s> Jelzem ,	indefinite
igyekszik	doc#4191	a szót ,	igyekszem	rövid és	indefinite
igyekszik	doc#4191	adjon . </s><s>	Igyekszem	nagyon	indefinite
igyekszik	doc#4191	és	igyekszem	NA	indefinite
igyekszik	doc#4191	van . </s><s> Én	igyekszem	a saját	definite
igyekszik	doc#4191	, de	igyekszem	NA	indefinite
igyekszik	doc#4191	( MDF ): </s><s>	Igyekszem	rövid lenni	indefinite
igyekszik	doc#4191	. </s><s> Erről	igyekszem	e rendelet	indefinite
igyekszik	doc#4191	Közgyűlés ! </s><s>	Igyekszem	rövid lenni	indefinite
igyekszik	doc#4191	szót , és	igyekszem	figyelembe	indefinite
törekszik	doc#4191	. </s><s> Tehát arra	törekszem	, hogy a	indefinite
igyekszik	doc#4191	. </s><s>	Igyekszem	NA	indefinite
igyekszik	doc#4191	az anyag . </s><s>	Igyekszem	nagyon	indefinite
igyekszik	doc#4191	- ezt	igyekszem	most már	definite
igyekszik	doc#4191	el nagyon ,	igyekszem	most már	indefinite
igyekszik	doc#4191	beszél . </s><s>	Igyekszem	, köszönöm	indefinite
igyekszik	doc#4191	Zoltán . </s><s>	Igyekszem	valóban	indefinite
igyekszik	doc#4191	jelentést . </s><s>	Igyekszem	nagyon	indefinite
igyekszik	doc#4191	alkalommal	igyekszem	szociális ,	indefinite
igyekszik	doc#4191	, hogy ezt	igyekszem	NA	definite
igyekszik	doc#4191	kérdéseire	igyekszem	válaszolni	indefinite
igyekszik	doc#4191	elmondani . </s><s>	Igyekszem	a	indefinite
igyekszik	doc#4191	<s> Főv.kgy.h . </s><s>	Igyekszem	rövid lenni	indefinite
igyekszik	doc#4191	levételét . </s><s>	Igyekszem	az öt percen	definite
igyekszik	doc#4191	fel -	igyekszem	ezeket	indefinite
cselekszik	doc#4191	, hogy mit	cselekszem	. </s><s> Így tehát	definite
igyekszik	doc#4191	mondom , és	igyekszem	ennek a	indefinite
igyekszik	doc#4191	. </s><s> Nagyon	igyekszem	tíz percen	indefinite
igyekszik	doc#4191	kockázat -	igyekszem	nagyjából	indefinite
igyekszik	doc#4191	,	igyekszem	méltó lenni	indefinite
igyekszik	doc#4208	. </s><s> Cserében	igyekszem	olyan	indefinite
igyekszik	doc#4208	aktív	igyekszem	lenni	indefinite
igyekszik	doc#4208	, és majd </s><s>	igyekszem	egy	indefinite
igyekszik	doc#4208	jó párszor , </s><s>	igyekszem	ismét	indefinite
igyekszik	doc#4208	,	igyekszem	többet nem	indefinite
cselekszik	doc#4208	, hogy előbb	cselekszem	, </s><s> helyesen	indefinite
igyekszik	doc#4208	NA	igyekszem	elmondani . </s>	indefinite
igyekszik	doc#4208	NA	igyekszem	NA	indefinite
igyekszik	doc#4208	, de	igyekszem	két percre a	indefinite
igyekszik	doc#4208	a kivetítő ,	igyekszem	betartani	indefinite
igyekszik	doc#4208	, de én	igyekszem	magam ehhez	indefinite
igyekszik	doc#4208	. </s><s>	Igyekszem	az	indefinite
igyekszik	doc#4208	, és	igyekszem	majd	indefinite
igyekszik	doc#4208	kaposvári -	igyekszem	érdeket	indefinite
igyekszik	doc#4209	<s>	igyekszem	ezzel	indefinite
igyekszik	doc#4209	, de </s><s>	igyekszem	ezt	definite
igyekszik	doc#4209	<s>	igyekszem	én is	indefinite
igyekszik	doc#4209	. </s><s> elnök úr . </s><s>	Igyekszem	képviselő	indefinite
igyekszik	doc#4209	( MDF ): Én is	igyekszem	ezt a tempót	definite
igyekszik	doc#4209	- én	igyekszem	ezt	definite
igyekszik	doc#4209	reálisan	igyekszem	NA	indefinite
igyekszik	doc#4209	úr , én </s><s>	igyekszem	nem	indefinite
igyekszik	doc#4209	szíves ezt </s><s>	Igyekszem	visszaadni	indefinite
igyekszik	doc#4209	,	igyekszem	</s><s> önöket a	indefinite
igyekszik	doc#4209	, és	igyekszem	lassan meg	indefinite
igyekszik	doc#4209	pedig	igyekszem	</s><s> magam	indefinite
igyekszik	doc#4209	, </s><s> s	igyekszem	meggyőzni	indefinite
igyekszik	doc#4209	,	igyekszem	a	indefinite
igyekszik	doc#4209	. </s><s>	Igyekszem	megtanulni	indefinite
igyekszik	doc#4209	<s> fogadásra	igyekszem	, hanem	indefinite
igyekszik	doc#4209	. </s><s>	Igyekszem	kíméletes	indefinite
törekszik	doc#4210	arra	törekszem	, hogy a	indefinite
igyekszik	doc#4210	! </s><s>	Igyekszem	konkrét	indefinite
igyekszik	doc#4210	, én is	igyekszem	a	indefinite
igyekszik	doc#4210	között	igyekszem	</s><s> válaszolni	indefinite
igyekszik	doc#4210	kérdéseire	igyekszem	a lehető	indefinite
igyekszik	doc#4210	... de azért	igyekszem	úgy	indefinite
igyekszik	doc#4210	NA	igyekszem	keresni is	indefinite
igyekszik	doc#4210	, amelyekre	igyekszem	ezután sem	indefinite
törekszik	doc#4210	már </s><s> nem arra	törekszem	, hogy	indefinite
törekszik	doc#4210	NA	törekszem	. </s><s> Abból meg	indefinite
igyekszik	doc#4210	,	igyekszem	szó </s><s> szerint	indefinite
igyekszik	doc#4210	. </s><s>	Igyekszem	megfogadni	indefinite
törekszik	doc#4210	NA	törekszem	. </s><s> Soha nem	indefinite
igyekszik	doc#4210	még inkább	igyekszem	megérteni	indefinite
igyekszik	doc#4210	rendszerbe	igyekszem	fogni </s><s> a	indefinite
igyekszik	doc#4211	( Fidesz ):	Igyekszem	az elnök úr	indefinite
igyekszik	doc#4211	alapján	igyekszem	megint </s>	indefinite
igyekszik	doc#4211	. </s><s> Hát ,	igyekszem	megfelelő	indefinite
igyekszik	doc#4211	! </s><s>	igyekszem	. </s><s> 2006	indefinite
igyekszik	doc#4211	szólt , én is	igyekszem	röviden	indefinite
igyekszik	doc#4211	<s> eltekintve	igyekszem	pontosan	indefinite
igyekszik	doc#4211	. </s><s> Mégis	igyekszem	röviden	indefinite
igyekszik	doc#4211	, de akkor	igyekszem	én is </s>	indefinite
igyekszik	doc#4211	igazodóan	igyekszem	röviden a	indefinite
igyekszik	doc#4211	( Fidesz ):	Igyekszem	betartani	indefinite
igyekszik	doc#4211	. </s><s> Én meg	igyekszem	ezt most	definite
igyekszik	doc#4211	,	igyekszem	a képviselő </s>	indefinite
igyekszik	doc#4211	NA	igyekszem	oly	indefinite
igyekszik	doc#4211	ezeket	igyekszem	pótolni . </s>	indefinite
igyekszik	doc#4211	, úgyhogy	igyekszem	a	indefinite
igyekszik	doc#4211	<s> volna . </s><s> Ház ! </s><s>	Igyekszem	ennél	indefinite
igyekszik	doc#4211	. </s><s>	Igyekszem	rövid lenni	indefinite
igyekszik	doc#4212	. </s><s> Úgyhogy	igyekszem	is majd még a </s>	indefinite
igyekszik	doc#4212	frakciója . </s><s>	Igyekszem	magam is ,	indefinite
igyekszik	doc#4212	<s> helyzetet . </s><s>	Igyekszem	a tényekre	indefinite
igyekszik	doc#4212	NA	igyekszem	</s>	indefinite
igyekszik	doc#4212	; most	igyekszem	röviden	indefinite
igyekszik	doc#4212	formájában	igyekszem	majd	indefinite
törekszik	doc#4212	is arra	törekszem	-, hogy	indefinite
igyekszik	doc#4212	, így	igyekszem	</s><s> ennek az	indefinite
törekszik	doc#4212	NA	törekszem	,	indefinite
igyekszik	doc#4212	során . </s><s> úr ,	igyekszem	nagyon	indefinite
igyekszik	doc#4212	, hogy én	igyekszem	NA	indefinite
törekszik	doc#4212	tudatosan	törekszem	arra , hogy	indefinite
igyekszik	doc#4212	van , akkor	igyekszem	, megvan a	indefinite
cselekszik	doc#4213	, és így is	cselekszem	. </s><s> Egyébként	indefinite
igyekszik	doc#4213	( Fidesz ):	Igyekszem	most	indefinite
igyekszik	doc#4213	. </s><s>	Igyekszem	a	indefinite
igyekszik	doc#4213	a KSH , de </s><s>	igyekszem	a lehető	indefinite
igyekszik	doc#4213	NA	igyekszem	megtenni	indefinite
igyekszik	doc#4213	ez a módja . </s><s>	Igyekszem	idézni	indefinite
igyekszik	doc#4213	NA	igyekszem	kiragadni	indefinite
igyekszik	doc#4213	, de	igyekszem	az érdemét	definite
igyekszik	doc#4213	, én is	igyekszem	ezt a rendet	definite
igyekszik	doc#4213	,	igyekszem	minél </s>	indefinite
igyekszik	doc#4213	tagja ,	igyekszem	mindig ezt a	definite
igyekszik	doc#4214	NA	igyekszem	</s><s> kevés	indefinite
igyekszik	doc#4214	kritikámat </s><s>	igyekszem	majd	indefinite
igyekszik	doc#4214	-e </s><s> úr ;	igyekszem	nem	indefinite
igyekszik	doc#4214	. </s><s> Viszont	igyekszem	felhívni a	indefinite
igyekszik	doc#4214	egyébként </s><s>	igyekszem	ezt azzal	definite
igyekszik	doc#4214	,	igyekszem	rövid lenni	indefinite
igyekszik	doc#4214	NA	igyekszem	több	indefinite
igyekszik	doc#4214	, és	igyekszem	a lényeget	definite
igyekszik	doc#4214	kérni sem . </s><s>	Igyekszem	a	indefinite
igyekszik	doc#4214	. </s><s>	Igyekszem	rövid lenni	indefinite
igyekszik	doc#4214	Erika : </s><s>	Igyekszem	. ) </s><s> Még egy	indefinite
igyekszik	doc#4215	<s> hosszan . </s><s>	Igyekszem	megtalálni	indefinite
igyekszik	doc#4216	mondatra	igyekszem	NA	indefinite
törekszik	doc#4216	NA	törekszem	. </s><s> Van	indefinite
igyekszik	doc#4216	; de azért	igyekszem	röviden ,	indefinite
törekszik	doc#4216	és ezért nem	törekszem	arra , hogy a	indefinite
törekszik	doc#4216	NA	törekszem	. </s><s> Ami ma	indefinite
igyekszik	doc#4216	továbbra is	igyekszem	türelmes	indefinite
igyekszik	doc#4216	itt vannak ,	igyekszem	rövid lenni	indefinite
igyekszik	doc#4216	korlátozni	igyekszem	minden	indefinite
igyekszik	doc#4216	, elnök úr . </s><s>	Igyekszem	NA	indefinite
igyekszik	doc#4216	, én	igyekszem	NA	indefinite
igyekszik	doc#4216	-	igyekszem	egészen	indefinite
igyekszik	doc#4216	60. -a . </s><s>	Igyekszem	más	indefinite
igyekszik	doc#4216	érveit és	igyekszem	is azokat	indefinite
igyekszik	doc#4216	részében	igyekszem	NA	indefinite
igyekszik	doc#4216	NA	igyekszem	precízebbé	indefinite
igyekszik	doc#4216	kívül , hogy	igyekszem	mindenre	indefinite
igyekszik	doc#4217	alapján	igyekszem	nagyon	indefinite
igyekszik	doc#4217	, elnök úr . </s><s>	Igyekszem	majd úgy	indefinite
igyekszik	doc#4218	- de	igyekszem	olyat	indefinite
igyekszik	doc#4218	én is	igyekszem	röviden	indefinite
igyekszik	doc#4218	hátra ,	igyekszem	valóban	indefinite
igyekszik	doc#4218	figyelmet ,	igyekszem	nagyon	indefinite
igyekszik	doc#4218	, de	igyekszem	. </s><s> Én valóban	indefinite
igyekszik	doc#4218	röviden	igyekszem	NA	indefinite
igyekszik	doc#4218	kapcsán	igyekszem	nagyon	indefinite
igyekszik	doc#4220	elmondok . </s><s>	Igyekszem	elkerülni a	indefinite
igyekszik	doc#4220	asszony . </s><s>	Igyekszem	nagyon	indefinite
igyekszik	doc#4220	, ha én nem	igyekszem	ebben a	indefinite
igyekszik	doc#4220	asszony . </s><s>	Igyekszem	NA	indefinite
igyekszik	doc#4220	szólok . </s><s>	Igyekszem	elkerülni a	indefinite
igyekszik	doc#4220	NA	igyekszem	három	indefinite
igyekszik	doc#4220	Úr ! </s><s>	Igyekszem	, amit a	indefinite
igyekszik	doc#4220	! </s><s>	Igyekszem	nem	indefinite
igyekszik	doc#4220	valóban	igyekszem	toleráns	indefinite
igyekszik	doc#4220	az első , aki	igyekszem	rávenni a	indefinite
igyekszik	doc#4220	, most	igyekszem	még inkább	indefinite
igyekszik	doc#4220	szólok ,	igyekszem	rövidre	indefinite
igyekszik	doc#4220	éveiben -	igyekszem	nagyon	indefinite
igyekszik	doc#4221	kérdésére	igyekszem	konkrétan	indefinite
igyekszik	doc#4221	ezekre is	igyekszem	kitérni . </s>	indefinite
igyekszik	doc#4221	NA	igyekszem	a két	definite
igyekszik	doc#4221	Úr ! </s><s>	Igyekszem	a	indefinite
igyekszik	doc#4221	majd akkor	igyekszem	, majd	indefinite
igyekszik	doc#4221	, hogy	igyekszem	sűríteni ,	indefinite
igyekszik	doc#4221	elnök úr , és	igyekszem	nagyon	indefinite
igyekszik	doc#4221	röviden	igyekszem	válaszolni	indefinite
igyekszik	doc#4221	hangot	igyekszem	ezzel	indefinite
igyekszik	doc#4221	... ) </s><s>	Igyekszem	akkor	indefinite
törekszik	doc#4221	én sem	törekszem	arra , vagy	indefinite
igyekszik	doc#4222	: Elnök Úr ! </s><s>	Igyekszem	az előző	indefinite
igyekszik	doc#4222	a szót , és én	igyekszem	ahhoz	indefinite
igyekszik	doc#4222	, elnök úr . </s><s>	Igyekszem	nem nagyon	indefinite
igyekszik	doc#4222	, elnök úr . </s><s>	Igyekszem	korlátozni	indefinite
igyekszik	doc#4222	NA	igyekszem	NA	indefinite
törekszik	doc#4222	, de	törekszem	arra , hogy	indefinite
igyekszik	doc#4222	túl	igyekszem	NA	indefinite
igyekszik	doc#4222	! </s><s> Én	igyekszem	tényleg	indefinite
igyekszik	doc#4222	szólunk . </s><s>	Igyekszem	NA	indefinite
igyekszik	doc#4222	Köszönöm ,	igyekszem	NA	indefinite
igyekszik	doc#4222	kérdésről	igyekszem	röviden	indefinite
igyekszik	doc#4222	és	igyekszem	ezért	indefinite
igyekszik	doc#4223	, elnök úr . </s><s>	Igyekszem	rövid lenni	indefinite
igyekszik	doc#4223	. </s><s>	Igyekszem	nagyon	indefinite
igyekszik	doc#4223	Úr ! </s><s>	Igyekszem	- ha lehet -	indefinite
igyekszik	doc#4223	azonban	igyekszem	NA	indefinite
törekszik	doc#4223	arra	törekszem	, hogy az ön	indefinite
igyekszik	doc#4223	. </s><s> ( Zaj . ) </s><s> Én	igyekszem	mindig	indefinite
igyekszik	doc#4223	. </s><s>	Igyekszem	mégiscsak	indefinite
igyekszik	doc#4223	NA	igyekszem	NA	indefinite
igyekszik	doc#4223	, ezért	igyekszem	rövidre	indefinite
igyekszik	doc#4223	, és	igyekszem	uralkodni	indefinite
igyekszik	doc#4223	asszony . </s><s>	Igyekszem	akceptálni	indefinite
igyekszik	doc#4223	mondani ,	igyekszem	röviden	indefinite
igyekszik	doc#4223	elnöknő , és	igyekszem	nagyon	indefinite
igyekszik	doc#4223	): Igen ,	igyekszem	: behozom az	indefinite
igyekszik	doc#4223	NA	igyekszem	röviden , de	indefinite
igyekszik	doc#4223	majd sor . </s><s>	Igyekszem	rövid lenni	indefinite
igyekszik	doc#4223	,	igyekszem	nagyon	indefinite
igyekszik	doc#4223	. </s><s> ( 19.20 ) </s><s>	Igyekszem	lassabban	indefinite
igyekszik	doc#4223	fontos ,	igyekszem	tartani	indefinite
igyekszik	doc#4223	;	igyekszem	nagyon	indefinite
igyekszik	doc#4223	, elnök úr . </s><s>	Igyekszem	rövid lenni	indefinite
igyekszik	doc#4224	, ezért	igyekszem	nagyon	indefinite
igyekszik	doc#4224	asszony . </s><s>	Igyekszem	, hogy	indefinite
törekszik	doc#4224	erre	törekszem	. </s><s> Tehát	indefinite
igyekszik	doc#4224	szépen . </s><s>	Igyekszem	egy percben	indefinite
igyekszik	doc#4224	vitában . </s><s>	Igyekszem	érvelni	indefinite
igyekszik	doc#4224	,	igyekszem	rövidre	indefinite
igyekszik	doc#4224	nevezett . </s><s>	Igyekszem	méltó lenni	indefinite
igyekszik	doc#4224	NA	igyekszem	nagyon	indefinite
igyekszik	doc#4224	is . </s><s> Én	igyekszem	a	indefinite
igyekszik	doc#4224	( Fidesz ):	Igyekszem	, elnök úr . </s>	indefinite
igyekszik	doc#4224	jó . </s><s> ( 13.10 ) </s><s>	Igyekszem	NA	indefinite
igyekszik	doc#4224	! </s><s> Most már	igyekszem	szó szerint	indefinite
igyekszik	doc#4224	NA	igyekszem	a szakszerű	indefinite
igyekszik	doc#4225	. </s><s> Végül - és	igyekszem	befejezni ,	indefinite
igyekszik	doc#4225	ellenére	igyekszem	az előre	indefinite
igyekszik	doc#4225	ma szót . </s><s>	Igyekszem	egészen	indefinite
igyekszik	doc#4225	,	igyekszem	elkerülni	indefinite
igyekszik	doc#4225	NA	igyekszem	a	indefinite
igyekszik	doc#4225	, így most	igyekszem	NA	indefinite
igyekszik	doc#4225	, elnök úr . </s><s>	Igyekszem	úgy	indefinite
igyekszik	doc#4225	ebből már	igyekszem	kimaradni ,	indefinite
igyekszik	doc#4225	jusson . </s><s>	Igyekszem	rövid lenni	indefinite
igyekszik	doc#4225	, hogy	igyekszem	tömören	indefinite
igyekszik	doc#4225	is ,	igyekszem	megoldani	indefinite
igyekszik	doc#4225	NA	igyekszem	vizsgálni ,	indefinite
igyekszik	doc#4225	, ezért	igyekszem	érvelni a	indefinite
igyekszik	doc#4225	is	igyekszem	ebben a	indefinite
igyekszik	doc#4225	NA	igyekszem	majd	indefinite
igyekszik	doc#4225	magam is	igyekszem	az e Házban	indefinite
igyekszik	doc#4225	Ház ! </s><s>	Igyekszem	nagyon	indefinite
igyekszik	doc#4225	. </s><s>	Igyekszem	megtalálni	indefinite
igyekszik	doc#4225	asszony . </s><s>	Igyekszem	intelmeit	indefinite
igyekszik	doc#4225	Ház ! </s><s>	Igyekszem	nagyon	indefinite
igyekszik	doc#4226	alkalommal	igyekszem	NA	indefinite
igyekszik	doc#4226	valaki ,	igyekszem	rövid lenni	indefinite
igyekszik	doc#4226	szépen . </s><s>	Igyekszem	még	indefinite
igyekszik	doc#4226	létszámát -	igyekszem	NA	indefinite
igyekszik	doc#4226	legyen , de	igyekszem	nem	indefinite
igyekszik	doc#4226	, de	igyekszem	nagyon	indefinite
igyekszik	doc#4226	a falakat ;	igyekszem	rámutatni	indefinite
igyekszik	doc#4226	a szót . </s><s>	Igyekszem	részben	indefinite
igyekszik	doc#4226	bár valóban	igyekszem	egy	indefinite
igyekszik	doc#4226	látva -	igyekszem	a	indefinite
igyekszik	doc#4226	NA	igyekszem	NA	indefinite
igyekszik	doc#4226	idő - mégis	igyekszem	röviden	indefinite
igyekszik	doc#4226	Ház ! </s><s> Azért	igyekszem	az	indefinite
igyekszik	doc#4226	népessége . </s><s>	Igyekszem	ezzel	indefinite
igyekszik	doc#4226	, és ezt	igyekszem	NA	definite
igyekszik	doc#4226	, hanem	igyekszem	kitérni	indefinite
igyekszik	doc#4226	, azt	igyekszem	elmondani a	definite
igyekszik	doc#4226	miatt is	igyekszem	nemcsak	indefinite
igyekszik	doc#4226	, hanem	igyekszem	ennél	indefinite
igyekszik	doc#4226	magam is	igyekszem	minden	indefinite
igyekszik	doc#4226	és Urak ! </s><s>	Igyekszem	a tőlem	indefinite
igyekszik	doc#4226	, de	igyekszem	NA	indefinite
törekszik	doc#4227	NA	törekszem	. </s>	indefinite
igyekszik	doc#4228	dolgokat	igyekszem	kitörölni	indefinite
igyekszik	doc#4228	Szigetre	igyekszem	, - így a	indefinite
igyekszik	doc#4228	érkezel ? </s><s> -	Igyekszem	pontosan	indefinite
cselekszik	doc#4228	NA	cselekszem	. </s><s> Egyik	indefinite
törekszik	doc#4228	. </s><s> Arra	törekszem	, hogy	indefinite
alszik	doc#4228	még , ha	alszom	is , zene	indefinite
igyekszik	doc#4228	? </s><s> -	Igyekszem	NA	indefinite
igyekszik	doc#4228	elő ! </s><s>	Igyekszem	meghálálni	indefinite
igyekszik	doc#4228	NA	igyekszem	megmutatni	indefinite
törekszik	doc#4228	szorult . </s><s> De	törekszem	arra , hogy a	indefinite
igyekszik	doc#4228	kell , de	igyekszem	ott lenni . </s>	indefinite
törekszik	doc#4228	hozza meg . </s><s>	Törekszem	arra , hogy	indefinite
igyekszik	doc#4228	teszik . </s><s>	Igyekszem	NA	indefinite
igyekszik	doc#4228	dönt erről . </s><s>	Igyekszem	úgy élni ,	indefinite
igyekszik	doc#4228	NA	igyekszem	NA	indefinite
igyekszik	doc#4228	szülhet ... </s><s>	Igyekszem	megállni a	indefinite
igyekszik	doc#4228	... </s><s> -	Igyekszem	minden	indefinite
igyekszik	doc#4228	embereké . </s><s>	Igyekszem	megtalálni	indefinite
igyekszik	doc#4228	angyal ? :	Igyekszem	minden nap	indefinite
igyekszik	doc#4229	NA	igyekszem	is élni	indefinite
igyekszik	doc#4229	<s> Ezt azzal is	igyekszem	NA	indefinite
igyekszik	doc#4230	- és ilyet	igyekszem	magam is	indefinite
igyekszik	doc#4230	NA	igyekszem	a	indefinite
igyekszik	doc#4230	meg	igyekszem	a	indefinite
igyekszik	doc#4230	, amiért	igyekszem	mindent	indefinite
törekszik	doc#4230	NA	törekszem	. </s><s> Elvégre	indefinite
törekszik	doc#4230	. </s><s> Nem	törekszem	diktátori	indefinite
igyekszik	doc#4230	. </s><s> Majd	igyekszem	... </s><s> - Jó az	indefinite
igyekszik	doc#4231	NA	igyekszem	felmérni	indefinite
alszik	doc#4231	óta nem	alszom	! </s><s> Előre is	indefinite
igyekszik	doc#4231	NA	igyekszem	, ami olyan ,	indefinite
igyekszik	doc#4231	, s ahonnan	igyekszem	majd vissza	indefinite
igyekszik	doc#4231	én mindent	igyekszem	is	indefinite
törekszik	doc#4231	. </s><s> De nem	törekszem	kanonizáló	indefinite
igyekszik	doc#4231	zsidók . </s><s>	Igyekszem	toleráns	indefinite
úszik	doc#4231	sportolok ,	úszom	és	indefinite
igyekszik	doc#4231	alapján	igyekszem	NA	indefinite
igyekszik	doc#4231	: """"	Igyekszem	NA	indefinite
alszik	doc#4231	. </s><s> """" Itt én	alszom	! </s><s> Fotó :	indefinite
igyekszik	doc#4231	<s> Olyasmit	igyekszem	főzni , ami	indefinite
alszik	doc#4231	emlékeddel	alszom	el . </s><s> Petya </s>	indefinite
igyekszik	doc#4231	neki , és	igyekszem	NA	indefinite
igyekszik	doc#4233	NA	igyekszem	bánni : a	indefinite
igyekszik	doc#4233	lányomhoz	igyekszem	NA	indefinite
igyekszik	doc#4240	NA	igyekszem	a figyelem	indefinite
igyekszik	doc#4242	, de	igyekszem	tömören	indefinite
igyekszik	doc#4242	, én azért	igyekszem	magyarul :	indefinite
igyekszik	doc#4242	keretre	igyekszem	felfűzni , a	indefinite
törekszik	doc#4242	inkább	törekszem	arra , hogy	indefinite
igyekszik	doc#4242	volt : </s><s> Én	igyekszem	igazságos	indefinite
törekszik	doc#4242	utat ( és nem	törekszem	NA	indefinite
igyekszik	doc#4242	NA	igyekszem	NA	indefinite
igyekszik	doc#4242	. </s><s> Azt	igyekszem	kideríteni	definite
igyekszik	doc#4242	közösség ,	igyekszem	inkább a	indefinite
igyekszik	doc#4242	,	igyekszem	inkább a	indefinite
törekszik	doc#4242	alapján	törekszem	feltárni a	indefinite
igyekszik	doc#4247	NA	igyekszem	NA	indefinite
igyekszik	doc#4249	alapján	igyekszem	kideríteni	indefinite
igyekszik	doc#4249	alapján	igyekszem	kideríteni	indefinite
igyekszik	doc#4249	NA	igyekszem	kideríteni	indefinite
igyekszik	doc#4253	, de	igyekszem	nem	indefinite
igyekszik	doc#4253	törni . </s><s> Így	igyekszem	az objektív	indefinite
igyekszik	doc#4253	): """"	Igyekszem	ritkán írni	indefinite
igyekszik	doc#4253	vagyok , és	igyekszem	eleget	indefinite
igyekszik	doc#4253	irányának . </s><s>	Igyekszem	megmutatni	indefinite
igyekszik	doc#4253	NA	igyekszem	közeledni ;	indefinite
igyekszik	doc#4253	NA	igyekszem	. </s><s> De hogy a	indefinite
törekszik	doc#4253	kizárására	törekszem	. </s><s> Az ilyen	indefinite
igyekszik	doc#4253	,	igyekszem	lebeszélni	indefinite
cselekszik	doc#4253	valamit	cselekszem	, és az	indefinite
alszik	doc#4253	: """" Majd	alszom	én ... """" </s><s> Mert	indefinite
alszik	doc#4253	nem	alszom	át az egész	indefinite
igyekszik	doc#4253	mozgását , s	igyekszem	feltárni a	indefinite
igyekszik	doc#4253	<s> Írásaimban	igyekszem	a	indefinite
igyekszik	doc#4253	esetekkel	igyekszem	igazolni ,	indefinite
alszik	doc#4253	többet	alszom	mint	indefinite
étkezik	doc#4253	, hogy nem	étkezem	önnel , de én	indefinite
cselekszik	doc#4254	NA	cselekszem	. </s><s> A hit sem	indefinite
igyekszik	doc#4254	dolognak	igyekszem	ebben a	indefinite
törekszik	doc#4254	más . </s><s> Arra	törekszem	, hogy a	indefinite
igyekszik	doc#4254	,	igyekszem	NA	indefinite
igyekszik	doc#4254	célját . """" </s><s>	Igyekszem	néhány szót	indefinite
igyekszik	doc#4254	előre . </s><s>	Igyekszem	NA	indefinite
igyekszik	doc#4254	erejét ,	igyekszem	tisztán	indefinite
igyekszik	doc#4254	, és	igyekszem	elkezdeni ,	indefinite
igyekszik	doc#4254	talán nem	igyekszem	ennyire	indefinite
igyekszik	doc#4254	NA	igyekszem	NA	indefinite
igyekszik	doc#4254	, inkább	igyekszem	 megúszni ""	indefinite
cselekszik	doc#4254	NA	cselekszem	, mindig	indefinite
igyekszik	doc#4254	, amelyeket	igyekszem	NA	indefinite
cselekszik	doc#4254	NA	cselekszem	. </s><s> Mitől	indefinite
törekszik	doc#4254	, csak	törekszem	felé , addig	indefinite
igyekszik	doc#4254	,	igyekszem	nem	indefinite
igyekszik	doc#4254	<s> Ezek között	igyekszem	 megfelelő	indefinite
igyekszik	doc#4254	benne , de	igyekszem	kereken	indefinite
cselekszik	doc#4254	, aztán	cselekszem	, illetve	indefinite
cselekszik	doc#4254	módon	cselekszem	, így	indefinite
igyekszik	doc#4254	hogy mindig	igyekszem	meglátni a	indefinite
cselekszik	doc#4254	, ugyanazt	cselekszem	, mint	definite
cselekszik	doc#4254	alapján	cselekszem	- tehát	indefinite
igyekszik	doc#4254	amit persze	igyekszem	jól	indefinite
igyekszik	doc#4254	NA	igyekszem	elérni a mai	indefinite
igyekszik	doc#4254	mindenkit	igyekszem	úgy	indefinite
igyekszik	doc#4254	és	igyekszem	megőrizni	indefinite
igyekszik	doc#4254	legalább	igyekszem	megnézni ,	indefinite
cselekszik	doc#4254	akkor	cselekszem	, ha közben	indefinite
törekszik	doc#4254	ha arra	törekszem	, hogy	indefinite
cselekszik	doc#4254	ÉN ÉLEK ,	cselekszem	és halok meg	indefinite
cselekszik	doc#4254	várva	cselekszem	, hogy én is	indefinite
igyekszik	doc#4254	. </s><s>	Igyekszem	megmaradni	indefinite
cselekszik	doc#4254	akkor	cselekszem	, ha	indefinite
igyekszik	doc#4254	leírni	igyekszem	: életem	indefinite
igyekszik	doc#4254	én szentnek	igyekszem	megtartani	indefinite
igyekszik	doc#4254	NA	igyekszem	NA	indefinite
igyekszik	doc#4254	szükségem ,	igyekszem	a lehető	indefinite
igyekszik	doc#4254	 ... </s><s>	Igyekszem	, hogy """"	indefinite
igyekszik	doc#4254	ki , s	igyekszem	ennek a	indefinite
cselekszik	doc#4254	, hogy	cselekszem	. </s><s> S a végén	indefinite
igyekszik	doc#4254	választom ,	igyekszem	mielőbb	indefinite
igyekszik	doc#4254	NA	igyekszem	az eddig már	indefinite
igyekszik	doc#4254	NA	igyekszem	minél	indefinite
igyekszik	doc#4254	NA	igyekszem	ezt	definite
törekszik	doc#4255	NA	törekszem	, nem	indefinite
úszik	doc#4255	nem lel . </s><s> """"	Úszom	az élet néma	definite
alszik	doc#4255	alatt	alszom	el """" . </s><s> Pedig	indefinite
alszik	doc#4255	szemmel	alszom	késsel az	indefinite
alszik	doc#4255	oldalamon /	alszom	és /	indefinite
igyekszik	doc#4256	) ( én	igyekszem	) / ( én ) /	indefinite
igyekszik	doc#4256	/ ( én ) / (	igyekszem	arra	indefinite
igyekszik	doc#4256	leírtam ,	igyekszem	NA	indefinite
igyekszik	doc#4256	mint más , és	igyekszem	ezek alól ,	indefinite
igyekszik	doc#4256	szemével	igyekszem	NA	indefinite
cselekszik	doc#4257	akkor sosem	cselekszem	NA	indefinite
cselekszik	doc#4257	. </s><s> Mindig azt	cselekszem	, amit	definite
igyekszik	doc#4257	, de	igyekszem	annyit írni	indefinite
igyekszik	doc#4257	lenne . </s><s>	Igyekszem	NA	indefinite
igyekszik	doc#4257	- most én	igyekszem	NA	indefinite
igyekszik	doc#4257	Kukutyimba	igyekszem	, íme a	indefinite
igyekszik	doc#4257	hangszínt	igyekszem	kikeverni	indefinite
cselekszik	doc#4257	bölcsebben	cselekszem	: ez így a jó	indefinite
igyekszik	doc#4257	probléma ,	igyekszem	hasznosan	indefinite
igyekszik	doc#4257	; </s><s> sőt ,	igyekszem	lassítani a	indefinite
igyekszik	doc#4257	, de majd	igyekszem	NA	indefinite
cselekszik	doc#4257	, hogy mit	cselekszem	. </s><s> - Fejedbe	definite
úszik	doc#4257	? </s><s> A víz . </s><s>	Úszom	, mint kacsa	indefinite
igyekszik	doc#4257	,	igyekszem	morálisan	indefinite
igyekszik	doc#4257	, és nem </s><s>	igyekszem	előrántani	indefinite
igyekszik	doc#4257	. </s><s>	Igyekszem	</s><s> minél több	indefinite
cselekszik	doc#4257	először	cselekszem	NA	indefinite
alszik	doc#4257	pont itt	alszom	, pont úgy . </s>	indefinite
cselekszik	doc#4257	miatt	cselekszem	. </s><s> Meg jó még	indefinite
igyekszik	doc#4257	. </s><s>	Igyekszem	kimutatni	indefinite
törekszik	doc#4258	NA	törekszem	, majd -	indefinite
igyekszik	doc#4259	mások , és	igyekszem	leírni a	indefinite
igyekszik	doc#4259	NA	igyekszem	megtalálni	indefinite
törekszik	doc#4259	, mert arra	törekszem	, hogy a	indefinite
igyekszik	doc#4259	a kérdést is	igyekszem	majd	indefinite
igyekszik	doc#4259	! </s><s>	Igyekszem	NA	indefinite
igyekszik	doc#4259	 . </s><s> Azt	igyekszem	NA	definite
igyekszik	doc#4259	születtek . </s><s>	Igyekszem	néhány	indefinite
igyekszik	doc#4259	eddig és	igyekszem	minél több	indefinite
igyekszik	doc#4260	NA	igyekszem	NA	indefinite
igyekszik	doc#4260	NA	igyekszem	</s><s> kiszűrni a	indefinite
igyekszik	doc#4260	helyzetét	igyekszem	leírni a	indefinite
igyekszik	doc#4260	mértékét	igyekszem	NA	indefinite
alszik	doc#4260	nyugágyban	alszom	egyet ,	indefinite
törekszik	doc#4260	és	törekszem	,	indefinite
igyekszik	doc#4260	NA	igyekszem	teljes	indefinite
igyekszik	doc#4260	NA	igyekszem	. . . </s><s> """" -	indefinite
törekszik	doc#4261	elemzésre	törekszem	. </s><s> Elméleti	indefinite
igyekszik	doc#4261	azt	igyekszem	NA	definite
igyekszik	doc#4261	fejezetben	igyekszem	a földrajzi	indefinite
igyekszik	doc#4261	NA	igyekszem	érvényre	indefinite
igyekszik	doc#4261	napjainkig	igyekszem	a	indefinite
igyekszik	doc#4261	dolgokat	igyekszem	számba	indefinite
igyekszik	doc#4261	tényezőket	igyekszem	most számba	indefinite
igyekszik	doc#4261	alkalommal	igyekszem	világosan	indefinite
igyekszik	doc#4261	a kérdésre	igyekszem	válaszolni	indefinite
igyekszik	doc#4261	azt	igyekszem	tisztázni ,	definite
igyekszik	doc#4261	erejével . </s><s>	Igyekszem	minél több	indefinite
igyekszik	doc#4261	szempontot	igyekszem	NA	indefinite
igyekszik	doc#4261	, amelyet	igyekszem	NA	indefinite
igyekszik	doc#4261	NA	igyekszem	minél több	indefinite
igyekszik	doc#4261	NA	igyekszem	NA	indefinite
igyekszik	doc#4261	is	igyekszem	huen	indefinite
igyekszik	doc#4261	tankönyvet	igyekszem	bemutatni ,	indefinite
törekszik	doc#4261	nem	törekszem	föltétlen	indefinite
igyekszik	doc#4261	típusokban	igyekszem	minden	indefinite
igyekszik	doc#4261	jegyeit	igyekszem	a	indefinite
igyekszik	doc#4261	magam is	igyekszem	viszonylag	indefinite
igyekszik	doc#4261	másutt	igyekszem	sort	indefinite
igyekszik	doc#4262	idejét	igyekszem	NA	indefinite
törekszik	doc#4262	NA	törekszem	az említett	indefinite
igyekszik	doc#4262	NA	igyekszem	érvényre	indefinite
igyekszik	doc#4262	. </s><s>	Igyekszem	jobban	indefinite
alszik	doc#4262	tudom . </s><s> Még	alszom	rá egyet ... </s>	indefinite
igyekszik	doc#4262	bízom és	igyekszem	az	indefinite
alszik	doc#4262	. </s><s> Nyugodtan	alszom	el , már	indefinite
igyekszik	doc#4262	önmagamat . </s><s>	Igyekszem	tisztelni	indefinite
alszik	doc#4262	hangjára	alszom	, medve	indefinite
igyekszik	doc#4263	borával	igyekszem	elbódítani	indefinite
igyekszik	doc#4263	Csak annyit	igyekszem	tudni ,	indefinite
igyekszik	doc#4263	NA	igyekszem	kidolgozni	indefinite
igyekszik	doc#4263	, ezért	igyekszem	nem a mi	indefinite
igyekszik	doc#4263	is ,	igyekszem	NA	indefinite
igyekszik	doc#4263	érti , hogy	igyekszem	a	indefinite
cselekszik	doc#4263	NA	cselekszem	, inkább	indefinite
igyekszik	doc#4264	, de	igyekszem	mindkét	indefinite
igyekszik	doc#4264	NA	igyekszem	röviden	indefinite
törekszik	doc#4264	inkább arra	törekszem	, hogy a	indefinite
igyekszik	doc#4264	NA	igyekszem	majd	indefinite
igyekszik	doc#4264	NA	igyekszem	NA	indefinite
törekszik	doc#4264	NA	törekszem	, ami nem	indefinite
cselekszik	doc#4264	állva	cselekszem	-e ? </s><s> Tehát	indefinite
igyekszik	doc#4264	szerint	igyekszem	elkerülni	indefinite
törekszik	doc#4264	, s nem	törekszem	valamilyen	indefinite
igyekszik	doc#4264	alapján	igyekszem	bemutatni	indefinite
törekszik	doc#4264	. </s><s> Arra	törekszem	, hogy	indefinite
igyekszik	doc#4265	jó vétel ,	igyekszem	is	indefinite
igyekszik	doc#4265	hozok ,	igyekszem	a	indefinite
igyekszik	doc#4265	NA	igyekszem	őszintén	indefinite
igyekszik	doc#4265	, és azóta	igyekszem	a KA9Q	indefinite
törekszik	doc#4266	. """" </s><s> """" Arra	törekszem	, hogy a	indefinite
igyekszik	doc#4266	NA	igyekszem	jobban	indefinite
igyekszik	doc#4266	kis lapomat	igyekszem	nyugodtan	indefinite
étkezik	doc#4266	NA	étkezem	, tudom ,	indefinite
alszik	doc#4266	10 órát	alszom	vagy töröm a	indefinite
igyekszik	doc#4266	? </s><s> Sietve	igyekszem	NA	indefinite
igyekszik	doc#4266	sikerrel	igyekszem	erőt venni ,	indefinite
alszik	doc#4266	és mindjárt	alszom	is . </s>	indefinite
igyekszik	doc#4266	, most	igyekszem	pótolni . </s>	indefinite
alszik	doc#4266	és jól	alszom	, hisz 4 éven	indefinite
úszik	doc#4266	felkelek ,	úszom	( néha	indefinite
igyekszik	doc#4266	téged és	igyekszem	kifejezni :	indefinite
törekszik	doc#4266	: Éppen erre	törekszem	. </s><s> Nem tudom ,	indefinite
igyekszik	doc#4266	. </s><s>	Igyekszem	magam	indefinite
igyekszik	doc#4266	röviden	igyekszem	a	indefinite
igyekszik	doc#4267	, és akkor	igyekszem	majd	indefinite
igyekszik	doc#4267	most már	igyekszem	nem	indefinite
törekszik	doc#4267	magam is	törekszem	, hogy	indefinite
cselekszik	doc#4267	NA	cselekszem	. </s><s> 23. Mert ha	indefinite
igyekszik	doc#4267	Lélekhez	igyekszem	, akiből a	indefinite
igyekszik	doc#4308	, helyzetet	igyekszem	bemutatni ,	indefinite
igyekszik	doc#4308	azt a képet	igyekszem	vázolni ,	definite
igyekszik	doc#4323	aszerint	igyekszem	NA	indefinite
igyekszik	doc#4342	részében	igyekszem	teljes	indefinite
